metric,parameter,mu,mu_star,sigma,mu_star_conf
actual_et,LM_min,0.5343363442562784,0.5359214035720611,0.32089615862358006,0.038642353375359914
actual_et,thetaS,0.5202256730771465,0.5202256730771465,0.26885029996168885,0.03194666292948171
actual_et,n,-0.4851018969642267,0.4890960519621182,0.3105319587311482,0.0359013390321755
actual_et,JuvenileLeaves,0.44629658841287356,0.44721927680997936,0.26117550535345574,0.030388806234570118
actual_et,StayGreen,0.19375199874412125,0.25563724068607063,0.285679524673341,0.027281140608614276
actual_et,Alfa,-0.24006083480000684,0.24054675009309642,0.12245955787037487,0.01467126159902158
actual_et,Rmax_LTAR,0.13747831980422984,0.2031881953377448,0.21712334820221948,0.018307234910099217
actual_et,thetaR,-0.10553600889748979,0.10663464508753123,0.08011898875858017,0.008781766480089038
actual_et,Ks,0.010812868119090747,0.03609512292039607,0.05057174275636162,0.004450204822759681
actual_et,Rmax_LTIR,0.007529829634247637,0.019659751933077212,0.032624171550412286,0.003189728490970024
actual_et,Diffx,0.0015584543229482757,0.012409252175147623,0.017613876317050504,0.0014782169585904482
actual_et,Diffz,-0.001394175170840789,0.012318224366575422,0.01946399055629915,0.0017754753041375683
actual_et,PhyllFrmTassel,0.004001248076308962,0.009942876233498581,0.014830459543986686,0.0013456318832291614
date_max_lai_doy,JuvenileLeaves,0.8468693532660623,0.8468693532660623,0.3386885201515359,0.04075892899137776
date_max_lai_doy,Rmax_LTAR,-0.7060580302163725,0.7079705545953341,0.3461061425841254,0.040872382738197856
date_max_lai_doy,StayGreen,0.04391257617254838,0.1326453017362788,0.20200209062308438,0.018519003074847672
date_max_lai_doy,LM_min,0.08405026797306897,0.1275863843200221,0.17338999002867628,0.017263503892215138
date_max_lai_doy,Rmax_LTIR,-0.0031830125726585853,0.07199592871494631,0.1304765160087377,0.012470203328869724
date_max_lai_doy,Alfa,-0.018379354764479525,0.061567670417340105,0.12469110928390253,0.012429359039074113
date_max_lai_doy,n,0.011371818526963232,0.05966286169640321,0.1223464147970937,0.012680553759205451
date_max_lai_doy,thetaS,-0.007434696430850257,0.05403076396139883,0.12508721909497916,0.013431044130793489
date_max_lai_doy,Ks,0.008462768706070264,0.052699205616944196,0.12489438040502084,0.013463614789387596
date_max_lai_doy,thetaR,-0.007923140098370432,0.04873846636068506,0.10995579831885462,0.011544616230644476
date_max_lai_doy,Diffx,-0.00264339892710619,0.029580368188610148,0.07153470990356885,0.007542974299758011
date_max_lai_doy,Diffz,0.006669004615600499,0.02179126262451695,0.05887555485651488,0.0065659556603592205
date_max_lai_doy,PhyllFrmTassel,0.0,0.0,0.0,0.0
drainage_rain_ratio,thetaS,-0.8311158842440928,0.8311158842440928,0.35902532266012555,0.04373040692365473
drainage_rain_ratio,JuvenileLeaves,0.4417980653036686,0.4417980653036686,0.2479642001189698,0.028912318293069235
drainage_rain_ratio,LM_min,0.4185408572802587,0.4185408572802587,0.23508381238309436,0.02845768281965362
drainage_rain_ratio,n,0.30050200500227275,0.3023287851200657,0.24284339293748752,0.028438468889108923
drainage_rain_ratio,thetaR,0.16358836966063137,0.1636292696225884,0.10666432638916964,0.012779239954166527
drainage_rain_ratio,Rmax_LTAR,0.10509700470655718,0.12038882152000499,0.1377426989390586,0.014526124204310273
drainage_rain_ratio,Ks,0.09294103661405409,0.09306802246353998,0.08308116730599133,0.00994119975219155
drainage_rain_ratio,StayGreen,0.07565529764772355,0.07586284784254971,0.09912023638622902,0.011833980031562448
drainage_rain_ratio,Alfa,0.03227399586803649,0.0636598400542894,0.09786339860270464,0.009740960224562013
drainage_rain_ratio,Rmax_LTIR,0.008814646976057093,0.014386836742193048,0.04169169018234316,0.0047704752863068555
drainage_rain_ratio,Diffz,0.005223086539885926,0.010731951756199865,0.0404660669613385,0.004654761292022271
drainage_rain_ratio,PhyllFrmTassel,0.008075879359556224,0.009969270665263335,0.03907529089565774,0.0044634998361633635
drainage_rain_ratio,Diffx,0.0014627917610288027,0.006603678878471987,0.027461239747346648,0.0031393332125672787
ear_shoot_ratio,JuvenileLeaves,-0.9339455436235597,0.9339455436235597,0.2589977620420816,0.03176716317264136
ear_shoot_ratio,Rmax_LTAR,0.4593072719515937,0.4593072719515937,0.20727389301167515,0.024450194574481984
ear_shoot_ratio,Rmax_LTIR,-0.011921919061223717,0.1134023500084276,0.18069173179080533,0.016034241895038014
ear_shoot_ratio,LM_min,-0.0035266807776772003,0.08681323237088895,0.11320479061868144,0.008840950835172971
ear_shoot_ratio,StayGreen,0.05368678592385122,0.0838471165348102,0.09833927648353594,0.008868795687003043
ear_shoot_ratio,thetaS,0.028959259883025647,0.034267724131676315,0.04078048335671999,0.0042772110960891995
ear_shoot_ratio,n,-0.02598247575670903,0.033979308662182,0.04193635997626167,0.004092553807651468
ear_shoot_ratio,Alfa,-0.0035464037172551616,0.014872165395798841,0.04287281544793148,0.004667906254638516
ear_shoot_ratio,Ks,-0.00053963852396834,0.01091916440642757,0.044262452762259,0.005202959746045446
ear_shoot_ratio,thetaR,-0.005234558315365016,0.010310075022297072,0.027883975314870416,0.003277270266152263
ear_shoot_ratio,PhyllFrmTassel,-0.0068108973384539105,0.006884263056855367,0.004530105730462143,0.0005031333385670269
ear_shoot_ratio,Diffz,-0.0008450971275107548,0.0032387763835058383,0.011217245668910027,0.001241614682917242
ear_shoot_ratio,Diffx,-0.00032624891586635466,0.0026417140287655684,0.0039241967966788275,0.00033410787057151537
emerged_flag,JuvenileLeaves,0.0,0.0,0.0,0.0
emerged_flag,Rmax_LTAR,0.0,0.0,0.0,0.0
emerged_flag,Rmax_LTIR,0.0,0.0,0.0,0.0
emerged_flag,PhyllFrmTassel,0.0,0.0,0.0,0.0
emerged_flag,StayGreen,0.0,0.0,0.0,0.0
emerged_flag,LM_min,0.0,0.0,0.0,0.0
emerged_flag,Diffx,0.0,0.0,0.0,0.0
emerged_flag,Diffz,0.0,0.0,0.0,0.0
emerged_flag,thetaR,0.0,0.0,0.0,0.0
emerged_flag,thetaS,0.0,0.0,0.0,0.0
emerged_flag,Alfa,0.0,0.0,0.0,0.0
emerged_flag,n,0.0,0.0,0.0,0.0
emerged_flag,Ks,0.0,0.0,0.0,0.0
emergence_doy_censored,Alfa,-0.018138181481707417,0.018138181481707417,0.15771257218653734,0.018424729846979397
emergence_doy_censored,Ks,0.009270777095911512,0.009270777095911512,0.10926582991146604,0.012636422016062852
emergence_doy_censored,thetaR,-0.006912006639068511,0.006912006639068511,0.11524618148307803,0.013084410153834491
emergence_doy_censored,thetaS,-0.003597122302158273,0.003597122302158273,0.059976014390406715,0.007148318091360486
emergence_doy_censored,JuvenileLeaves,0.0,0.0,0.0,0.0
emergence_doy_censored,Rmax_LTAR,0.0,0.0,0.0,0.0
emergence_doy_censored,Rmax_LTIR,0.0,0.0,0.0,0.0
emergence_doy_censored,PhyllFrmTassel,0.0,0.0,0.0,0.0
emergence_doy_censored,StayGreen,0.0,0.0,0.0,0.0
emergence_doy_censored,LM_min,0.0,0.0,0.0,0.0
emergence_doy_censored,Diffx,0.0,0.0,0.0,0.0
emergence_doy_censored,Diffz,0.0,0.0,0.0,0.0
emergence_doy_censored,n,0.0,0.0,0.0,0.0
emergence_to_silking_days,JuvenileLeaves,0.8772466218482493,0.8772466218482493,0.3574801663933935,0.04357692549231043
emergence_to_silking_days,Rmax_LTAR,-0.6788095583660798,0.6788095583660798,0.2978694143329373,0.03541163441942006
emergence_to_silking_days,PhyllFrmTassel,0.09665601002867463,0.09665601002867463,0.05129766475138912,0.005914252240000124
emergence_to_silking_days,Rmax_LTIR,-0.007227041513328861,0.08260151787624631,0.14740775700283731,0.014087058851695684
emergence_to_silking_days,Alfa,-0.0048881453241192705,0.008097447887472721,0.040424429038975834,0.004673997069432088
emergence_to_silking_days,thetaS,-0.0013745411420941198,0.006789472378712629,0.0355232262142666,0.004132881483468801
emergence_to_silking_days,n,0.0007489078090948507,0.00672431275130325,0.035389191005381154,0.003948911048122677
emergence_to_silking_days,Ks,-0.0012339016712680005,0.005136654731387172,0.037231291502919574,0.004492245524609
emergence_to_silking_days,thetaR,-0.0025694505806182406,0.00490795741030548,0.029273660425918436,0.003498765769113377
emergence_to_silking_days,LM_min,-0.001286796536583843,0.004200798649177305,0.030427223728021584,0.0036172360053145763
emergence_to_silking_days,StayGreen,0.001071616709864073,0.0020074211332853655,0.020515875893134413,0.0023676408787468234
emergence_to_silking_days,Diffz,0.00037382157892506824,0.00037382157892506824,0.006232851294381134,0.0007199930921380731
emergence_to_silking_days,Diffx,0.0,0.0,0.0,0.0
emergence_to_tasselinit_days,JuvenileLeaves,0.96570923577155,0.96570923577155,0.22550743340887294,0.02701840143764044
emergence_to_tasselinit_days,Rmax_LTIR,-0.3763082605799185,0.3763082605799185,0.21953679756978436,0.02593251930105598
emergence_to_tasselinit_days,Rmax_LTAR,0.030186287154074693,0.1039172053909631,0.14007860588285484,0.011609924797484414
emergence_to_tasselinit_days,Alfa,-0.010904558365831605,0.014788435530142642,0.05323314145268822,0.0060701097317571
emergence_to_tasselinit_days,thetaS,-0.007494230074516765,0.009801487340115886,0.04314690797264926,0.005102675696685082
emergence_to_tasselinit_days,n,0.007419778347902412,0.007419778347902412,0.036754352093234924,0.004035047538130129
emergence_to_tasselinit_days,Ks,0.003430523753268332,0.005887726356778125,0.03139225415327069,0.0038604608645449404
emergence_to_tasselinit_days,thetaR,-0.0025659664007471467,0.004304807984248962,0.02869336106053133,0.0033699822933197657
emergence_to_tasselinit_days,LM_min,-0.0013572740782616984,0.002222599628189268,0.019126098264018447,0.002220804083515838
emergence_to_tasselinit_days,Diffz,0.0005369016777283797,0.0012286346487329221,0.015827442921541812,0.0019123099660181572
emergence_to_tasselinit_days,Diffx,0.0007268798353106802,0.0007268798353106802,0.012119508818627769,0.001444277331868889
emergence_to_tasselinit_days,PhyllFrmTassel,0.0,0.0,0.0,0.0
emergence_to_tasselinit_days,StayGreen,0.0,0.0,0.0,0.0
et_deficit,LM_min,-0.696389589938736,0.696389589938736,0.28937412356044195,0.033711293068219184
et_deficit,JuvenileLeaves,-0.5261910490385657,0.5261910490385657,0.246052745944899,0.029373123383270958
et_deficit,n,0.4315175602030967,0.4315175602030967,0.2181612600387253,0.0252843775797989
et_deficit,thetaS,-0.37504188965037977,0.37504188965037977,0.19551252739427188,0.023757483075465574
et_deficit,StayGreen,-0.2760952123952241,0.2760952123952241,0.1383161551003964,0.016493311499727506
et_deficit,Alfa,0.27375161587805263,0.27375161587805263,0.12402124614543404,0.014650707057252419
et_deficit,Rmax_LTAR,-0.2288494699126254,0.2298462321592026,0.16999967169862654,0.01947769131940622
et_deficit,thetaR,0.1446001115063505,0.14470746444368587,0.09004957278858071,0.010263080107689164
et_deficit,Ks,-0.03816080097210017,0.04856341688167768,0.05163513340420274,0.005029570396099089
et_deficit,Rmax_LTIR,-0.01299265373151311,0.016760505225278718,0.023838058312664254,0.002442451959069411
et_deficit,Diffz,0.003174513356607934,0.009226297915845321,0.015399789337376466,0.0014722254239658917
et_deficit,Diffx,-0.0002293519147427631,0.009114908114251167,0.014121741697350823,0.0012726176825252878
et_deficit,PhyllFrmTassel,-0.0003403312033579794,0.005142279510770231,0.007656392201383773,0.0006445621942160834
et_supply_demand_ratio,n,0.8341903261110098,0.8387854084164655,0.4174438336305213,0.047201201795073436
et_supply_demand_ratio,JuvenileLeaves,-0.5655845650167657,0.5655845650167657,0.3409846799026862,0.03890301372075716
et_supply_demand_ratio,LM_min,-0.3323681122278928,0.3349841768379483,0.3320326345881433,0.03793598625461079
et_supply_demand_ratio,Alfa,0.17366059040719573,0.18471675236441162,0.15583645751684783,0.017083345183668327
et_supply_demand_ratio,thetaS,0.011366156272168713,0.15123365567419036,0.2443358975086844,0.022566775333467105
et_supply_demand_ratio,Rmax_LTAR,-0.046049954177148335,0.1136470436440447,0.17553746796074565,0.015818906085255408
et_supply_demand_ratio,StayGreen,-0.057164277975673146,0.08220026423563424,0.12656848990298822,0.013044621233900301
et_supply_demand_ratio,thetaR,-0.014633413006968556,0.07328032884498421,0.1196310510916145,0.011174896461400224
et_supply_demand_ratio,Rmax_LTIR,0.03356029474639958,0.07286080103978786,0.09554752517550812,0.008491926063232185
et_supply_demand_ratio,Ks,-0.041746154620186694,0.06947229804809242,0.08603345678611776,0.007826634392822888
et_supply_demand_ratio,Diffz,1.8080869511899286e-05,0.04398598552444204,0.07709154708139698,0.007512841392772346
et_supply_demand_ratio,Diffx,-0.0029874568369233005,0.03530894797349486,0.05577135682572449,0.0050824121834851495
et_supply_demand_ratio,PhyllFrmTassel,-0.001260037274071633,0.025303622053029395,0.043811442133828794,0.004198585457684368
final_CO2Conc_0_10,n,-0.7627017524532737,0.7627017524532737,0.3288355099486154,0.03669413398806903
final_CO2Conc_0_10,thetaS,-0.709145326441256,0.709145326441256,0.32345639710474405,0.0395962909312201
final_CO2Conc_0_10,JuvenileLeaves,0.2557624426774998,0.2583711659465047,0.1556739303308365,0.018391087119388177
final_CO2Conc_0_10,thetaR,0.1415095439404792,0.1415095439404792,0.07756899798494193,0.009082801144380715
final_CO2Conc_0_10,LM_min,-0.11332023244423027,0.1381595782971975,0.18176803901667196,0.019090898307597814
final_CO2Conc_0_10,Rmax_LTAR,-0.09536891851165061,0.13445236526225773,0.14262995123925426,0.012206816664065026
final_CO2Conc_0_10,StayGreen,-0.11111963165804192,0.12557483414344564,0.15535357480167744,0.01713757226111749
final_CO2Conc_0_10,Rmax_LTIR,-0.030469874986653697,0.04978620327493001,0.06294233710766582,0.005696959863913821
final_CO2Conc_0_10,Ks,-0.040250092794947574,0.04244047280525862,0.03393453440444531,0.0037004624870745845
final_CO2Conc_0_10,Alfa,-0.012698040097341464,0.03826287288362125,0.05255129160666263,0.004375306771600982
final_CO2Conc_0_10,PhyllFrmTassel,0.010974408650352537,0.01159299851664953,0.012183614670322288,0.001388637695454573
final_CO2Conc_0_10,Diffx,-0.0007321650482431891,0.006195837809194562,0.009993822505625995,0.0009402120079332873
final_CO2Conc_0_10,Diffz,1.2216546373320234e-05,0.00583142006507214,0.009435223953533224,0.0008656352347167858
final_CO2Conc_0_20,n,-0.7671770356728053,0.7671770356728053,0.3290794540568032,0.03677182389006145
final_CO2Conc_0_20,thetaS,-0.7029511881744986,0.7029511881744986,0.322890388467726,0.039503208723294776
final_CO2Conc_0_20,JuvenileLeaves,0.2549268644302525,0.2577600559404273,0.15793563178797324,0.01862370157235099
final_CO2Conc_0_20,LM_min,-0.11722081874714475,0.14202220166852458,0.18476916766463033,0.019416933490682933
final_CO2Conc_0_20,thetaR,0.14018571953474626,0.14018571953474626,0.07673526303834638,0.00895368883356811
final_CO2Conc_0_20,Rmax_LTAR,-0.0975015242018598,0.1365758161407289,0.14420950363994464,0.012392887426796012
final_CO2Conc_0_20,StayGreen,-0.11122272285706246,0.12683301960216475,0.15715168588940903,0.017245194409181788
final_CO2Conc_0_20,Rmax_LTIR,-0.03094365790512196,0.05016044434234131,0.06362745163328314,0.005798813114189286
final_CO2Conc_0_20,Ks,-0.03954157877919905,0.041819543655061256,0.034415199276508136,0.0037535338060086048
final_CO2Conc_0_20,Alfa,-0.01640660122261919,0.03901734034273984,0.05163513484496694,0.00434736661835353
final_CO2Conc_0_20,PhyllFrmTassel,0.011299815614863293,0.011909879921348454,0.011635465725655388,0.0012913804085804745
final_CO2Conc_0_20,Diffx,-0.0010078236651293768,0.006150494011697617,0.009158738294556087,0.0008051312882246984
final_CO2Conc_0_20,Diffz,-4.878283454134037e-05,0.0056858340889623105,0.00868420080102216,0.000770936693328637
final_CO2Conc_0_200,thetaS,-0.7864890240833315,0.7864890240833315,0.33406424067104806,0.04158337632713931
final_CO2Conc_0_200,n,-0.6234850403973524,0.6234850403973524,0.29399632443651247,0.03284064175844774
final_CO2Conc_0_200,JuvenileLeaves,0.3335669833246143,0.3356754384190462,0.18918929194915057,0.02265483548051887
final_CO2Conc_0_200,thetaR,0.15972920450270062,0.15972920450270062,0.08360404493676096,0.009761909792071907
final_CO2Conc_0_200,LM_min,-0.10737399933673009,0.15102704546600426,0.21698696672949103,0.02206154392818228
final_CO2Conc_0_200,StayGreen,-0.1268053107671562,0.15005445778129567,0.17964291557559153,0.0191563801107624
final_CO2Conc_0_200,Rmax_LTAR,-0.06193951502851238,0.1288232056361009,0.16918035293635647,0.01440009750765352
final_CO2Conc_0_200,Rmax_LTIR,-0.0422207037507401,0.059225830173002696,0.07111616617912354,0.006725972066031982
final_CO2Conc_0_200,Alfa,-0.0262567472622856,0.041018783005463896,0.04545546081255397,0.003883995872268894
final_CO2Conc_0_200,Ks,-0.014438004318175266,0.02131783877555569,0.024504464508442413,0.002270945092126648
final_CO2Conc_0_200,PhyllFrmTassel,0.010210137194998758,0.010504679482517765,0.009669898636854772,0.001099931230165657
final_CO2Conc_0_200,Diffx,-0.0010835335464311837,0.0058403818343151755,0.008004646104300024,0.0006455094785982364
final_CO2Conc_0_200,Diffz,0.0007555428039822326,0.005196732479235134,0.008309332684287268,0.000768696748011195
final_CO2Conc_10_20,n,-0.7678689231502264,0.7678689231502264,0.32910342196686154,0.036782598331664335
final_CO2Conc_10_20,thetaS,-0.7019508884682717,0.7019508884682717,0.3227975721516617,0.039488041315565214
final_CO2Conc_10_20,JuvenileLeaves,0.2547876769650989,0.25765622658310317,0.15832372244303283,0.018664303212920518
final_CO2Conc_10_20,LM_min,-0.11783555191383642,0.14263527534316728,0.18526144903603478,0.019470760402440446
final_CO2Conc_10_20,thetaR,0.13997234430763283,0.13997234430763283,0.076626220706129,0.008935966801472123
final_CO2Conc_10_20,Rmax_LTAR,-0.09783668144528859,0.13691398300938323,0.14447216961910272,0.012423858116646726
final_CO2Conc_10_20,StayGreen,-0.11123705720275713,0.12703018412290462,0.15744566987402084,0.01726350668599078
final_CO2Conc_10_20,Rmax_LTIR,-0.03101792651479457,0.05021800702650444,0.06375601653995615,0.005818307666403851
final_CO2Conc_10_20,Ks,-0.039428581218936734,0.04171998802459719,0.03455003617095774,0.003769935571356588
final_CO2Conc_10_20,Alfa,-0.016995045268311294,0.039168799092009,0.05153620814292182,0.004350204324447176
final_CO2Conc_10_20,PhyllFrmTassel,0.011350608987469642,0.011959452163910499,0.011682185582975563,0.001292982250995826
final_CO2Conc_10_20,Diffx,-0.0010513984908425511,0.006145727152628723,0.009209924928346025,0.0008147241411769092
final_CO2Conc_10_20,Diffz,-5.808267712891531e-05,0.005662159328345708,0.008677784426507714,0.0007743724814463651
final_CO2Conc_120_200,thetaS,-0.8161352377747606,0.8161352377747606,0.33192380784821557,0.04156672050626855
final_CO2Conc_120_200,n,-0.543352331469235,0.543352331469235,0.27206801263887703,0.03068738644124711
final_CO2Conc_120_200,JuvenileLeaves,0.3670582825927096,0.3714745988061744,0.2037637878599953,0.023869367137333362
final_CO2Conc_120_200,thetaR,0.16552052534199513,0.16552052534199513,0.08485799796949893,0.009887308786302274
final_CO2Conc_120_200,StayGreen,-0.13980778593633306,0.1631925288582472,0.1896669450450923,0.02030689930484751
final_CO2Conc_120_200,LM_min,-0.09830956879929922,0.1557717023542892,0.23336144241764079,0.02333608566294472
final_CO2Conc_120_200,Rmax_LTAR,-0.03307438524031782,0.12376006660329884,0.18591266928144512,0.01638884370877924
final_CO2Conc_120_200,Rmax_LTIR,-0.045976174580284024,0.06082456425756454,0.07044229309711264,0.006781863507833817
final_CO2Conc_120_200,Alfa,-0.016931240039777588,0.03623417153778344,0.04368881718141873,0.0035556059243017743
final_CO2Conc_120_200,Ks,-0.008768520111661505,0.017726133006728973,0.024735744603257538,0.0023459636825302246
final_CO2Conc_120_200,PhyllFrmTassel,0.009281346373613417,0.009609342799843124,0.009255164745643118,0.0010409466104797749
final_CO2Conc_120_200,Diffx,-0.0010640779635776398,0.00561250507789598,0.007785026854918828,0.000630832002483544
final_CO2Conc_120_200,Diffz,0.0009900121507607578,0.005060424001518964,0.008232039839783455,0.000760684067245618
final_CO2Conc_20_40,n,-0.7679677657083008,0.7679677657083008,0.32856973905133474,0.03668192153545557
final_CO2Conc_20_40,thetaS,-0.692644074818147,0.692644074818147,0.32225798302949377,0.03930765477175298
final_CO2Conc_20_40,JuvenileLeaves,0.2570810733836217,0.26065707341051203,0.16859418475453758,0.01974022738441829
final_CO2Conc_20_40,LM_min,-0.12787333943548645,0.15195398410274574,0.1904724297949075,0.019973743163571533
final_CO2Conc_20_40,Rmax_LTAR,-0.10271518086109524,0.14097480123427839,0.14778410639815948,0.01279443408677465
final_CO2Conc_20_40,thetaR,0.13974888178324296,0.13974888178324296,0.078477329725339,0.009163913524836018
final_CO2Conc_20_40,StayGreen,-0.11232626533708863,0.1301850645441448,0.16172653392668543,0.0175964139026622
final_CO2Conc_20_40,Rmax_LTIR,-0.03326242798306095,0.05225236431135722,0.06624805209581788,0.006107803331137102
final_CO2Conc_20_40,Alfa,-0.028938856114923518,0.045759748000200724,0.054340830613339275,0.004827897069856125
final_CO2Conc_20_40,Ks,-0.033868781689886475,0.03757061558693532,0.0336122329008359,0.0035129855537947615
final_CO2Conc_20_40,PhyllFrmTassel,0.011327971291771252,0.011932328718892736,0.011279176527781765,0.0012426283576226851
final_CO2Conc_20_40,Diffx,-0.0009729183869398623,0.006454790126943612,0.009148516614329288,0.0007560676896700741
final_CO2Conc_20_40,Diffz,0.00014634213579359898,0.005677515264772555,0.008586401287255444,0.0007517511450046198
final_CO2Conc_80_120,thetaS,-0.7739775546483506,0.7739775546483506,0.3333543274856992,0.0412693069363326
final_CO2Conc_80_120,n,-0.6554780732825264,0.6554780732825264,0.30453441062928654,0.03383096639750263
final_CO2Conc_80_120,JuvenileLeaves,0.31590544164775336,0.3170893208397533,0.18375435992585182,0.02222912845579332
final_CO2Conc_80_120,thetaR,0.15810688258176223,0.15810688258176223,0.08453461672649544,0.009884640481257489
final_CO2Conc_80_120,LM_min,-0.10704546781275916,0.14652555334571332,0.20338171072883016,0.02057496076270523
final_CO2Conc_80_120,StayGreen,-0.11392743796978615,0.1401827313284166,0.17353487547343174,0.01820698623479973
final_CO2Conc_80_120,Rmax_LTAR,-0.08333264192462597,0.1334050482830477,0.15660179535401764,0.013359772194750295
final_CO2Conc_80_120,Rmax_LTIR,-0.040458543882162246,0.059114881238214144,0.07272183853144328,0.006823849232194987
final_CO2Conc_80_120,Alfa,-0.03774575310988297,0.04864633613250294,0.04842388682945001,0.004411176191670208
final_CO2Conc_80_120,Ks,-0.012625658566356677,0.021178899285454824,0.025408484332643103,0.0022778222240641085
final_CO2Conc_80_120,PhyllFrmTassel,0.010820119208814417,0.011095182707768497,0.010787622587830987,0.0012529181084412178
final_CO2Conc_80_120,Diffx,-0.0011494456913861753,0.00596003222359929,0.00871858090948229,0.0007559439024421887
final_CO2Conc_80_120,Diffz,0.000715311281959798,0.005453893305379577,0.009054875439662323,0.0008823129480477457
final_Flux,JuvenileLeaves,0.0,0.0,0.0,0.0
final_Flux,Rmax_LTAR,0.0,0.0,0.0,0.0
final_Flux,Rmax_LTIR,0.0,0.0,0.0,0.0
final_Flux,PhyllFrmTassel,0.0,0.0,0.0,0.0
final_Flux,StayGreen,0.0,0.0,0.0,0.0
final_Flux,LM_min,0.0,0.0,0.0,0.0
final_Flux,Diffx,0.0,0.0,0.0,0.0
final_Flux,Diffz,0.0,0.0,0.0,0.0
final_Flux,thetaR,0.0,0.0,0.0,0.0
final_Flux,thetaS,0.0,0.0,0.0,0.0
final_Flux,Alfa,0.0,0.0,0.0,0.0
final_Flux,n,0.0,0.0,0.0,0.0
final_Flux,Ks,0.0,0.0,0.0,0.0
final_Humus_C,n,0.88997948770157,0.9039456117844031,0.3312664456449561,0.03398702127725424
final_Humus_C,thetaS,-0.2065104281063424,0.3511804550969495,0.3711723557883618,0.02852587992734045
final_Humus_C,Alfa,0.08879573484672533,0.1999029579563731,0.252020393677632,0.02047771030127299
final_Humus_C,Rmax_LTAR,0.15933376868837665,0.15933376868837665,0.10098230518161755,0.011973651547523343
final_Humus_C,JuvenileLeaves,0.12437234289864593,0.12576524749441814,0.1012731667006162,0.012317012313735089
final_Humus_C,LM_min,0.07617022372363952,0.11515151009860344,0.13750997316823024,0.012463683913491265
final_Humus_C,StayGreen,-0.07722174973595507,0.08203708585086639,0.09683062103002382,0.011001626185668951
final_Humus_C,thetaR,0.009559605035338545,0.0687468247060836,0.10892326838783058,0.009974350177692283
final_Humus_C,Ks,-0.011112452196389238,0.022225416376967587,0.028890509232900867,0.0025673492457646946
final_Humus_C,Rmax_LTIR,0.0050353837307007075,0.008603055537693595,0.011890481063728288,0.0011183560952384506
final_Humus_C,Diffx,0.0004701657643480437,0.004703550208381082,0.007391467733752447,0.0006526797266032478
final_Humus_C,Diffz,-3.558269328032152e-05,0.0041870547275111155,0.006319500203744045,0.000557037145720646
final_Humus_C,PhyllFrmTassel,0.0005865328286436498,0.0025033842724597366,0.005395890965447193,0.0005590788943755049
final_Humus_N,n,0.8912865110007783,0.904840656391005,0.32842184029176763,0.033792887432651096
final_Humus_N,thetaS,-0.20713445702445782,0.3512698385486826,0.3702415290298025,0.02840442539867709
final_Humus_N,Alfa,0.09061021574406956,0.19971921080408203,0.24898728413451116,0.02007031942801516
final_Humus_N,Rmax_LTAR,0.15762719740181225,0.15763948180415033,0.10087315068013186,0.011906706116139542
final_Humus_N,JuvenileLeaves,0.12186421749894959,0.12331474596195478,0.09996174603110124,0.012154460391039767
final_Humus_N,LM_min,0.07517663730065212,0.11416643539649693,0.13621573754981256,0.012321444758988224
final_Humus_N,StayGreen,-0.07572459607644587,0.08090551585441945,0.0965233420627375,0.010927141487511194
final_Humus_N,thetaR,0.00926963895982856,0.06803226231583909,0.10749621807364187,0.009821413926921006
final_Humus_N,Ks,-0.011661132985362423,0.022717843211840606,0.029353467901860945,0.002615064666927604
final_Humus_N,Rmax_LTIR,0.0049015698824720596,0.008867799440536474,0.012332953668330706,0.0011475625318518412
final_Humus_N,Diffx,0.00045349994596546086,0.004886844827296522,0.00773797855445247,0.0006837320197317988
final_Humus_N,Diffz,-0.00021652108853857283,0.00447768159184302,0.006968142895871443,0.0006131908704610076
final_Humus_N,PhyllFrmTassel,0.0006891032040613168,0.0026421299634402915,0.005619485406776834,0.0005788229023977846
final_Litter_C,JuvenileLeaves,0.0,0.0,0.0,0.0
final_Litter_C,Rmax_LTAR,0.0,0.0,0.0,0.0
final_Litter_C,Rmax_LTIR,0.0,0.0,0.0,0.0
final_Litter_C,PhyllFrmTassel,0.0,0.0,0.0,0.0
final_Litter_C,StayGreen,0.0,0.0,0.0,0.0
final_Litter_C,LM_min,0.0,0.0,0.0,0.0
final_Litter_C,Diffx,0.0,0.0,0.0,0.0
final_Litter_C,Diffz,0.0,0.0,0.0,0.0
final_Litter_C,thetaR,0.0,0.0,0.0,0.0
final_Litter_C,thetaS,0.0,0.0,0.0,0.0
final_Litter_C,Alfa,0.0,0.0,0.0,0.0
final_Litter_C,n,0.0,0.0,0.0,0.0
final_Litter_C,Ks,0.0,0.0,0.0,0.0
final_Litter_N,JuvenileLeaves,0.0,0.0,0.0,0.0
final_Litter_N,Rmax_LTAR,0.0,0.0,0.0,0.0
final_Litter_N,Rmax_LTIR,0.0,0.0,0.0,0.0
final_Litter_N,PhyllFrmTassel,0.0,0.0,0.0,0.0
final_Litter_N,StayGreen,0.0,0.0,0.0,0.0
final_Litter_N,LM_min,0.0,0.0,0.0,0.0
final_Litter_N,Diffx,0.0,0.0,0.0,0.0
final_Litter_N,Diffz,0.0,0.0,0.0,0.0
final_Litter_N,thetaR,0.0,0.0,0.0,0.0
final_Litter_N,thetaS,0.0,0.0,0.0,0.0
final_Litter_N,Alfa,0.0,0.0,0.0,0.0
final_Litter_N,n,0.0,0.0,0.0,0.0
final_Litter_N,Ks,0.0,0.0,0.0,0.0
final_Manure_C,JuvenileLeaves,0.0,0.0,0.0,0.0
final_Manure_C,Rmax_LTAR,0.0,0.0,0.0,0.0
final_Manure_C,Rmax_LTIR,0.0,0.0,0.0,0.0
final_Manure_C,PhyllFrmTassel,0.0,0.0,0.0,0.0
final_Manure_C,StayGreen,0.0,0.0,0.0,0.0
final_Manure_C,LM_min,0.0,0.0,0.0,0.0
final_Manure_C,Diffx,0.0,0.0,0.0,0.0
final_Manure_C,Diffz,0.0,0.0,0.0,0.0
final_Manure_C,thetaR,0.0,0.0,0.0,0.0
final_Manure_C,thetaS,0.0,0.0,0.0,0.0
final_Manure_C,Alfa,0.0,0.0,0.0,0.0
final_Manure_C,n,0.0,0.0,0.0,0.0
final_Manure_C,Ks,0.0,0.0,0.0,0.0
final_Manure_N,JuvenileLeaves,0.0,0.0,0.0,0.0
final_Manure_N,Rmax_LTAR,0.0,0.0,0.0,0.0
final_Manure_N,Rmax_LTIR,0.0,0.0,0.0,0.0
final_Manure_N,PhyllFrmTassel,0.0,0.0,0.0,0.0
final_Manure_N,StayGreen,0.0,0.0,0.0,0.0
final_Manure_N,LM_min,0.0,0.0,0.0,0.0
final_Manure_N,Diffx,0.0,0.0,0.0,0.0
final_Manure_N,Diffz,0.0,0.0,0.0,0.0
final_Manure_N,thetaR,0.0,0.0,0.0,0.0
final_Manure_N,thetaS,0.0,0.0,0.0,0.0
final_Manure_N,Alfa,0.0,0.0,0.0,0.0
final_Manure_N,n,0.0,0.0,0.0,0.0
final_Manure_N,Ks,0.0,0.0,0.0,0.0
final_N2OConc_0_10,thetaS,0.7245538409327014,0.7245538409327014,0.28883268280032015,0.03471791240371984
final_N2OConc_0_10,n,-0.7233089290764751,0.7233089290764751,0.2962464541142271,0.034669790049723904
final_N2OConc_0_10,JuvenileLeaves,-0.23020561085342542,0.24192688653309438,0.18818492048355429,0.02041333512597928
final_N2OConc_0_10,LM_min,-0.0365456771902223,0.23028071732999345,0.2923574686579431,0.021674109233388132
final_N2OConc_0_10,StayGreen,0.1254229975530122,0.22396926578501283,0.28307131206655145,0.02468912532296618
final_N2OConc_0_10,Ks,-0.1760031760333265,0.1760031760333265,0.07995426284873054,0.009084328806528713
final_N2OConc_0_10,thetaR,-0.14070866812733498,0.14070866812733498,0.07237552556484136,0.008319352619939619
final_N2OConc_0_10,Rmax_LTAR,-0.06713488099401503,0.13951774158071378,0.18635112622364552,0.015689436514341806
final_N2OConc_0_10,Alfa,0.08382698684561127,0.0982632040642257,0.09844191447886874,0.010001260639287692
final_N2OConc_0_10,Rmax_LTIR,-0.00485210570501161,0.013186786023531655,0.023581093635839736,0.002467595723332311
final_N2OConc_0_10,PhyllFrmTassel,-0.004956068222116535,0.006908358943506271,0.0093714859282044,0.0009710971281307864
final_N2OConc_0_10,Diffz,-0.005438454760020139,0.0069056396324430865,0.008868927034205856,0.0009408060865568925
final_N2OConc_0_10,Diffx,-0.0024248086550293048,0.005911578758186003,0.008155580861208215,0.0007055513159730702
final_N2OConc_0_20,thetaS,0.7339510713582058,0.7339510713582058,0.2929872376773209,0.03520424832052972
final_N2OConc_0_20,n,-0.7164942330842582,0.7164942330842582,0.2964549654741231,0.034710435677842065
final_N2OConc_0_20,JuvenileLeaves,-0.24721308618848561,0.2567004312622281,0.18898304049729184,0.0208387656616887
final_N2OConc_0_20,LM_min,-0.049941760907179854,0.22727849326410166,0.2852657803468156,0.021198752396481294
final_N2OConc_0_20,StayGreen,0.12396473271824691,0.2168901647769504,0.2759990024683634,0.024365833471907277
final_N2OConc_0_20,Ks,-0.16743260796162643,0.16743260796162643,0.07759544796026194,0.008810000173358281
final_N2OConc_0_20,thetaR,-0.14229266248243883,0.14229266248243883,0.0728588891842064,0.008375031547991104
final_N2OConc_0_20,Rmax_LTAR,-0.07229559478560109,0.1384675096534032,0.18371249855391195,0.01580697096807745
final_N2OConc_0_20,Alfa,0.06621705912950368,0.08881382778273922,0.09646299120219189,0.008984450272807261
final_N2OConc_0_20,Rmax_LTIR,-0.004764670828306946,0.013948532180164229,0.02521682583981232,0.0026716312418164833
final_N2OConc_0_20,PhyllFrmTassel,-0.005172440601393425,0.007018875870998492,0.010142324909903066,0.0010627542397125243
final_N2OConc_0_20,Diffz,-0.004528623805250316,0.006341978572600796,0.009266033895026999,0.0009616413882205491
final_N2OConc_0_20,Diffx,-0.0024865549647923703,0.005893490768024457,0.008858283878468064,0.0008253091036313052
final_N2OConc_0_200,thetaS,0.7334135505832665,0.7334135505832665,0.2985347787894351,0.03665974908170193
final_N2OConc_0_200,n,-0.49796791174477495,0.49796791174477495,0.26281122687575104,0.030250254047791185
final_N2OConc_0_200,StayGreen,0.22724770909887856,0.38418925473757815,0.456829319348199,0.03943925588091687
final_N2OConc_0_200,LM_min,0.02211580865224401,0.3790984726038141,0.47609240926214946,0.034894197078574316
final_N2OConc_0_200,JuvenileLeaves,-0.2927556875464839,0.311332104062444,0.23159266644889934,0.024355649683882732
final_N2OConc_0_200,Rmax_LTAR,-0.09196913555777404,0.2357868571218115,0.31464437292579894,0.025572917884794145
final_N2OConc_0_200,thetaR,-0.13973773061759603,0.13973773061759603,0.07173564362666655,0.008313693754473907
final_N2OConc_0_200,Ks,-0.09020378843447359,0.09058261797001634,0.057414678786480926,0.006586174032196095
final_N2OConc_0_200,Alfa,-0.05514092435447334,0.06779590366214092,0.07558526415971521,0.00780821778760407
final_N2OConc_0_200,Rmax_LTIR,-0.005399544759354976,0.015474351210296923,0.028883870310053007,0.0030307713571590057
final_N2OConc_0_200,PhyllFrmTassel,-0.006776073418094135,0.009514242009362687,0.016095452880600887,0.0016900965122065889
final_N2OConc_0_200,Diffz,-0.0023434274542499215,0.006662316996428875,0.012135331309821903,0.001243088553177351
final_N2OConc_0_200,Diffx,-0.0016413302664006083,0.00656626846600807,0.011999695096406488,0.001170392066108741
final_N2OConc_10_20,thetaS,0.7352648299220057,0.7352648299220057,0.2935861609958513,0.035273498374153126
final_N2OConc_10_20,n,-0.7153940943682292,0.7153940943682292,0.29645673867780636,0.03471338188840323
final_N2OConc_10_20,JuvenileLeaves,-0.2497288166370238,0.25894422009782186,0.18919057608274778,0.020905471354310336
final_N2OConc_10_20,LM_min,-0.051944870431532626,0.22691195395490904,0.2842243004729814,0.021135751155327908
final_N2OConc_10_20,StayGreen,0.12372495570573833,0.21580384091063487,0.27491271073969537,0.024314750069241612
final_N2OConc_10_20,Ks,-0.1661341656974668,0.1661341656974668,0.07729283761028849,0.008775327737318976
final_N2OConc_10_20,thetaR,-0.14251056139546592,0.14251056139546592,0.07298875050589282,0.008389783454422017
final_N2OConc_10_20,Rmax_LTAR,-0.07305488451867229,0.13832429327077247,0.1833425044365088,0.015827880872299777
final_N2OConc_10_20,Alfa,0.06358579612398646,0.08755295751794624,0.09625218233614814,0.008846431554991452
final_N2OConc_10_20,Rmax_LTIR,-0.00475157075671197,0.014062551859326268,0.025551069339520432,0.002713997051703218
final_N2OConc_10_20,PhyllFrmTassel,-0.005204770735818562,0.007035488459520333,0.010418803403030377,0.00109682646520441
final_N2OConc_10_20,Diffz,-0.004393440071169957,0.006258626916397234,0.009571390384876024,0.0009963813260413245
final_N2OConc_10_20,Diffx,-0.0024943340987817085,0.005892910052555302,0.009125409567208418,0.0008669377631800448
final_N2OConc_120_200,thetaS,0.6102714423737489,0.6102714423737489,0.3062446389777622,0.037640139427243036
final_N2OConc_120_200,StayGreen,0.2699139850676651,0.5219653541980483,0.593711395642788,0.04616659798933388
final_N2OConc_120_200,LM_min,0.08981599849217588,0.49862713960829713,0.6112715686718804,0.044338802032892734
final_N2OConc_120_200,n,-0.34496681765601594,0.35306200986125774,0.25950274951734303,0.028238442955832277
final_N2OConc_120_200,Rmax_LTAR,-0.06237917397434452,0.32424148535088454,0.4197919690012213,0.030845400316583487
final_N2OConc_120_200,JuvenileLeaves,-0.2700794260987323,0.3123233871905132,0.284715131941557,0.027753314542697895
final_N2OConc_120_200,Alfa,-0.1193841291607138,0.12014117822049539,0.08659838652834087,0.01044867753689769
final_N2OConc_120_200,thetaR,-0.11698456743894244,0.11706661843197963,0.07493199969512827,0.008790644956769974
final_N2OConc_120_200,Ks,-0.0341978803136634,0.04851645335222486,0.054171073649840834,0.005063539812486193
final_N2OConc_120_200,Rmax_LTIR,-0.005613288412105971,0.01637529875519025,0.03350722364560253,0.0035372049843444835
final_N2OConc_120_200,PhyllFrmTassel,-0.006728077504560552,0.009941967590986301,0.019037021176010565,0.0021005754712727183
final_N2OConc_120_200,Diffz,-0.0024342982419445947,0.007954776852744516,0.016007155461135274,0.0016662673824247977
final_N2OConc_120_200,Diffx,-0.0010734246704030218,0.0068423379741607395,0.015184667627738657,0.001613317254412743
final_N2OConc_20_40,thetaS,0.76994704319146,0.76994704319146,0.29796458624391675,0.03615666482693553
final_N2OConc_20_40,n,-0.6745168381117618,0.6745168381117618,0.28439568158626466,0.03308617535283503
final_N2OConc_20_40,JuvenileLeaves,-0.29724499990123987,0.30000397936985945,0.17747312066491222,0.020531844030853903
final_N2OConc_20_40,LM_min,-0.09039664187455082,0.22907072413872356,0.27038301471096193,0.020238359312296495
final_N2OConc_20_40,StayGreen,0.1253291272415641,0.20846192882838643,0.2658237174374351,0.02397121125479894
final_N2OConc_20_40,thetaR,-0.14706441130566866,0.14706441130566866,0.06845569690410301,0.007904315061945687
final_N2OConc_20_40,Ks,-0.13854044351304745,0.13854044351304745,0.06479530160291201,0.007328963978871745
final_N2OConc_20_40,Rmax_LTAR,-0.08453206549373221,0.1379469331846587,0.18237935028760272,0.01664057674157951
final_N2OConc_20_40,Alfa,0.011489896211819225,0.06637014829639787,0.08369219491291728,0.00614202813760211
final_N2OConc_20_40,Rmax_LTIR,-0.006472213099347878,0.014279390945605926,0.02675165126617672,0.0028627142861556336
final_N2OConc_20_40,PhyllFrmTassel,-0.005705339159780852,0.007649257651358585,0.010165080504686935,0.0010500933017280132
final_N2OConc_20_40,Diffx,-0.0028923549493712493,0.00632937705577129,0.009256258285457578,0.0008475736995572914
final_N2OConc_20_40,Diffz,-0.0036885184827873336,0.006010653258178565,0.008455778454965975,0.0008404482700530226
final_N2OConc_80_120,thetaS,0.7891813640257375,0.7891813640257375,0.3124911184445416,0.03845906117859524
final_N2OConc_80_120,n,-0.5081819760064932,0.5081819760064932,0.2634021925185286,0.030323788889466324
final_N2OConc_80_120,StayGreen,0.20221579986133925,0.32677465076436585,0.3973795102275876,0.03557553521521768
final_N2OConc_80_120,LM_min,-0.020412640313410762,0.3245411776591426,0.401149471301384,0.0284315111376216
final_N2OConc_80_120,JuvenileLeaves,-0.30327296172706136,0.3130521977909447,0.21175515737723677,0.023414697566306045
final_N2OConc_80_120,Rmax_LTAR,-0.09010196173651552,0.20186607877231794,0.2708687279785372,0.022625722940330995
final_N2OConc_80_120,thetaR,-0.14815306889019603,0.14815306889019603,0.07727914941172401,0.00903519154463735
final_N2OConc_80_120,Ks,-0.10552330110298867,0.10552330110298867,0.06684355702289843,0.0077731469142788496
final_N2OConc_80_120,Alfa,-0.04025027453264513,0.05948823840539173,0.07911728700359416,0.008019517095976517
final_N2OConc_80_120,Rmax_LTIR,-0.004869912577180213,0.01536879161183219,0.03179747988296333,0.0033873177273505196
final_N2OConc_80_120,PhyllFrmTassel,-0.007074899725846322,0.009601586826166728,0.02378468237826792,0.0025870789228838362
final_N2OConc_80_120,Diffx,-0.0013908315557412524,0.006529763054460856,0.01895229895815417,0.002105067122419002
final_N2OConc_80_120,Diffz,-0.0013452457719219282,0.0060092267615709785,0.01808359877314465,0.00201666214316005
final_NH4N_0_10,thetaS,0.6568745033572313,0.6722697880932366,0.3352710062696888,0.03699358652324423
final_NH4N_0_10,n,-0.6394101454023765,0.6487789990419063,0.32001706092134913,0.035263028323138254
final_NH4N_0_10,JuvenileLeaves,-0.46241187776723924,0.4698216425281519,0.256330256874249,0.02858529040485661
final_NH4N_0_10,LM_min,-0.432018856127846,0.4413362567359611,0.25523029018436555,0.027948129064448504
final_NH4N_0_10,Rmax_LTAR,-0.0713135860102088,0.1245465430740822,0.1565689775365651,0.013495453974757782
final_NH4N_0_10,thetaR,-0.09650440990241757,0.10845403479645063,0.0967731277795476,0.009846706743435536
final_NH4N_0_10,Alfa,-0.09242304660198007,0.10326120174411384,0.0986703496108334,0.010386897553010296
final_NH4N_0_10,StayGreen,-0.08795282722490204,0.09446436631395773,0.1006752447618124,0.01098086991887503
final_NH4N_0_10,Diffz,-0.08653923940094319,0.08682363469381771,0.05275155323447782,0.005980899465855885
final_NH4N_0_10,Ks,-0.056204205854056624,0.06950257045933121,0.0726574764040746,0.006876632264124275
final_NH4N_0_10,Rmax_LTIR,-0.012314725624043515,0.03362764813415482,0.06323571027404917,0.006700967463378206
final_NH4N_0_10,PhyllFrmTassel,-0.011638656853296226,0.021996194945479244,0.03541838451771739,0.003505008213341897
final_NH4N_0_10,Diffx,-0.004434397021244135,0.019773720947453964,0.029701059171889897,0.0027220750776960475
final_NH4N_0_20,thetaS,0.6220874718742492,0.6676964189354003,0.4137596017179181,0.040440987214343554
final_NH4N_0_20,n,-0.595688639186202,0.6234429888229669,0.37330974645959775,0.03858049118242031
final_NH4N_0_20,JuvenileLeaves,-0.48379639352837034,0.5112559109829592,0.329463672409169,0.03397334691108433
final_NH4N_0_20,LM_min,-0.4375939347959443,0.46040412969449795,0.31371176019357877,0.03247250154397794
final_NH4N_0_20,Rmax_LTAR,-0.04680638785322429,0.12842266614857856,0.1750507558749554,0.014662479632101509
final_NH4N_0_20,thetaR,-0.09504564625728751,0.12306216902652505,0.157508034258451,0.016068403260719157
final_NH4N_0_20,Alfa,-0.09561254891562782,0.11130180919352796,0.12310286147778177,0.012917697390936646
final_NH4N_0_20,StayGreen,-0.08931290227468547,0.09845581256539818,0.11204575549121983,0.012053711486041799
final_NH4N_0_20,Diffz,-0.07637888010546735,0.07735694990944851,0.058089403039575556,0.006409849271974236
final_NH4N_0_20,Ks,-0.04559702952355004,0.07450076334624167,0.10653884822700367,0.009924727078847008
final_NH4N_0_20,Rmax_LTIR,-0.013900234367568745,0.03766836601947604,0.06994832498297393,0.007359474231405065
final_NH4N_0_20,PhyllFrmTassel,-0.012970352776261476,0.02460151311064652,0.04032334866773601,0.00397575463452573
final_NH4N_0_20,Diffx,-0.005891316690709066,0.02232104192793728,0.036580920923501556,0.003505386297847331
final_NH4N_0_200,n,0.49582158158559053,0.7244390081292528,0.7036007067964022,0.052807661138904415
final_NH4N_0_200,JuvenileLeaves,0.050716403219624395,0.5455413680576543,0.6577255959159605,0.04382131013906667
final_NH4N_0_200,thetaS,-0.02554963343964155,0.5421623209980981,0.6613826132392775,0.04481242869247415
final_NH4N_0_200,LM_min,-0.1346165670713467,0.36830095602712376,0.46492007769430854,0.038247713833877296
final_NH4N_0_200,Rmax_LTAR,0.07519465991135532,0.1787472525768059,0.24414907430931967,0.021411663262120836
final_NH4N_0_200,Alfa,0.07243417141856962,0.1613521646587681,0.23481726932766075,0.020981016895233313
final_NH4N_0_200,thetaR,0.032992677310999106,0.14316949359301676,0.21104230359878443,0.018707692807033435
final_NH4N_0_200,StayGreen,-0.059925971328191024,0.09744021103348352,0.1438902672819981,0.014142133947038496
final_NH4N_0_200,Ks,-0.008799868428983884,0.06862783661501308,0.10545936848160116,0.009158173624635097
final_NH4N_0_200,Rmax_LTIR,-0.030483059073424263,0.06718690586821285,0.11953449904293417,0.01155999053538388
final_NH4N_0_200,Diffz,-0.039976356139387256,0.05913955414811867,0.07940590342235328,0.008184974505724162
final_NH4N_0_200,Diffx,-0.00032562173678689127,0.03746150858716065,0.08360966874693748,0.00904698532577493
final_NH4N_0_200,PhyllFrmTassel,-0.0040785219306962404,0.014756801976522403,0.026156631186382572,0.0025773446691310367
final_NH4N_10_20,thetaS,0.5282293169023713,0.6158962655255835,0.5119546579072446,0.04741300173552422
final_NH4N_10_20,JuvenileLeaves,-0.49978235414393607,0.5821142338215526,0.4874048433903889,0.04668093296959854
final_NH4N_10_20,n,-0.4563031173825658,0.5644167514930297,0.5080162732701513,0.04552880143777363
final_NH4N_10_20,LM_min,-0.4151887074912369,0.4835929864655198,0.44281386238873316,0.043057464384248414
final_NH4N_10_20,Rmax_LTAR,0.015193444787957854,0.15701158850935273,0.25352777224066786,0.023259984558698408
final_NH4N_10_20,thetaR,-0.08958067259866107,0.13925852746329623,0.20402885801118523,0.019867544512930973
final_NH4N_10_20,Alfa,-0.10262531103932264,0.13794754346305896,0.2064645891603653,0.021418073496602883
final_NH4N_10_20,StayGreen,-0.08540993942205705,0.10051854069151095,0.14303671752580807,0.015436911547393918
final_NH4N_10_20,Ks,-0.027318957384523702,0.08913706608449475,0.1445367040201724,0.01268471197137955
final_NH4N_10_20,Diffz,-0.044870625783682096,0.049490281758170294,0.06145794907350119,0.006493922557827784
final_NH4N_10_20,Rmax_LTIR,-0.016326506563279095,0.048600083454365235,0.10411985003989366,0.011162055412051359
final_NH4N_10_20,PhyllFrmTassel,-0.01747351722971554,0.03192100464985052,0.061439256892556256,0.006311176960116221
final_NH4N_10_20,Diffx,-0.006792630300184481,0.02645200593601234,0.04693038348095568,0.004668329888574736
final_NH4N_120_200,n,0.865136139468782,0.8702232879445826,0.33326150745007993,0.03785569934549126
final_NH4N_120_200,thetaS,-0.11502950119396296,0.29806862799904377,0.3619548010912237,0.02797007873420453
final_NH4N_120_200,JuvenileLeaves,0.03538996537498846,0.22440767546471715,0.2839255685097212,0.02041484850649994
final_NH4N_120_200,Alfa,0.08717562667535148,0.18090832969598744,0.2547395846228505,0.023677007925001225
final_NH4N_120_200,LM_min,-0.0732739236293358,0.16592950672031678,0.23799380124626368,0.021337300640580596
final_NH4N_120_200,Rmax_LTAR,0.025149852822340824,0.1303428323292316,0.18269069994021916,0.015143542541739743
final_NH4N_120_200,StayGreen,-0.1004847866475066,0.1259773666365267,0.18427448638529215,0.01948742406839303
final_NH4N_120_200,thetaR,0.021535641518834202,0.08903719938535748,0.1308846171658339,0.011808016724216394
final_NH4N_120_200,Ks,-0.013677526071065253,0.061547118989340115,0.09651267276299308,0.009059721744797269
final_NH4N_120_200,Rmax_LTIR,0.0027128516622481713,0.04569118874526492,0.07576497874520782,0.007115090402876248
final_NH4N_120_200,Diffz,-0.004360867587062741,0.023888490995925365,0.051528998205168014,0.005658346437350946
final_NH4N_120_200,Diffx,0.000773084396047468,0.022388103449514474,0.041744934505986486,0.0042453064357341735
final_NH4N_120_200,PhyllFrmTassel,-0.002556537296259777,0.005220226514968562,0.009381225387396198,0.0009412752766122463
final_NH4N_20_40,thetaS,-0.34309684145200947,0.5635272582759984,0.6671455052893869,0.056409992972963126
final_NH4N_20_40,n,0.2520496804013373,0.5522045615490144,0.7172677350963131,0.05948952729194296
final_NH4N_20_40,JuvenileLeaves,0.02884217173512904,0.5374801367199843,0.7176093933615132,0.05762090032816924
final_NH4N_20_40,Rmax_LTAR,0.28947025054001907,0.3287402417145186,0.3619690435920802,0.03805341353353152
final_NH4N_20_40,LM_min,0.10393038021900008,0.32003214931921087,0.4757843331133713,0.04298783636072863
final_NH4N_20_40,thetaR,0.1464231796390415,0.2160232422929866,0.33106277740468965,0.03252775598767042
final_NH4N_20_40,Alfa,0.04141009931081225,0.19086968223442077,0.3107686748526888,0.029236793582011606
final_NH4N_20_40,Ks,0.06058053252979158,0.13329633137507907,0.1985279504649073,0.018720113504164276
final_NH4N_20_40,Rmax_LTIR,-0.05419954214770312,0.1015394204129018,0.18636844796511048,0.01924536666471628
final_NH4N_20_40,StayGreen,-0.0015702193000576227,0.0710659267789255,0.12793630841227302,0.013346229618004407
final_NH4N_20_40,Diffx,-0.0070694040005637605,0.052476719250874215,0.1369906540729853,0.015023711417644121
final_NH4N_20_40,Diffz,0.021259236413023207,0.04678052992285025,0.10079585121551284,0.011023566807607067
final_NH4N_20_40,PhyllFrmTassel,-0.01204504858083103,0.019712546965691687,0.039887483316083897,0.00427692179545729
final_NH4N_80_120,n,0.8054885251828666,0.8156631225891681,0.49385390084911934,0.05673204826795446
final_NH4N_80_120,thetaS,-0.37753358451070784,0.4059514615521702,0.4188066665410416,0.04648710092157491
final_NH4N_80_120,JuvenileLeaves,0.3279448249803909,0.35122060558578644,0.38474079222385416,0.044113890641375594
final_NH4N_80_120,LM_min,0.14618349004839698,0.17730060999751904,0.25178353475361315,0.028192960152271622
final_NH4N_80_120,Alfa,0.10835182432608714,0.13549782605265515,0.18071492740802503,0.018520944997765135
final_NH4N_80_120,Rmax_LTAR,0.09155702930264607,0.12065232181118327,0.18724962605494647,0.019382073761157192
final_NH4N_80_120,thetaR,0.08138979778222515,0.11155085581416445,0.16400198253343426,0.01671986122957054
final_NH4N_80_120,Ks,0.019188033749569525,0.0515912315679438,0.09156714878755572,0.009014145337661194
final_NH4N_80_120,Rmax_LTIR,-0.010948908247110083,0.04214689904809477,0.08288371859764908,0.008210591165951511
final_NH4N_80_120,StayGreen,0.005962512319057682,0.03830907786238978,0.07819035483324815,0.007865612891407534
final_NH4N_80_120,Diffx,0.004295164251782803,0.022034347543261466,0.06103286894840418,0.006879888146223346
final_NH4N_80_120,Diffz,0.006041979531870364,0.021855093457245876,0.05445336133714081,0.005826059389481808
final_NH4N_80_120,PhyllFrmTassel,0.0010854885666159414,0.0029507307745466295,0.006995025244077362,0.0007525408979235318
final_NO3N_0_10,thetaS,0.5910084261625201,0.5910084261625201,0.3035135613317296,0.03602090073763733
final_NO3N_0_10,n,-0.5708540726155082,0.5770085099503293,0.33385466220657956,0.03792684333388289
final_NO3N_0_10,JuvenileLeaves,-0.5441854717764516,0.5441854717764516,0.2881987593619667,0.03418037408253212
final_NO3N_0_10,LM_min,-0.4799932172140942,0.48055169081983534,0.28115505034475813,0.03273914791323753
final_NO3N_0_10,Alfa,-0.17151697786494988,0.1800370773177632,0.14815690821826777,0.016546672897223832
final_NO3N_0_10,thetaR,-0.17096507919420628,0.1730803172519478,0.11610067199836162,0.013418025512526922
final_NO3N_0_10,Rmax_LTAR,-0.08597530478364783,0.14828913841134794,0.18724274440211458,0.016439824342535478
final_NO3N_0_10,Diffz,-0.12369107939642195,0.12416335187123916,0.07378560189140948,0.008521432665152357
final_NO3N_0_10,StayGreen,-0.08015481881609214,0.09643089391204017,0.11296623140144736,0.011267053812039098
final_NO3N_0_10,Ks,-0.031513171385271696,0.06662781685834392,0.08240121424642223,0.0066014017435389784
final_NO3N_0_10,Rmax_LTIR,-0.014865537764009468,0.04598333922869922,0.0859033192852977,0.00898393326986878
final_NO3N_0_10,PhyllFrmTassel,-0.015036973631452087,0.029894627458925745,0.04913788161451274,0.004872601658151601
final_NO3N_0_10,Diffx,-0.005083137015714248,0.02641843842608589,0.03972428424411646,0.003643667990102214
final_NO3N_0_20,thetaS,0.5845326098081391,0.5845326098081391,0.3236421581295229,0.03799353105664582
final_NO3N_0_20,JuvenileLeaves,-0.5797367916921844,0.5797367916921844,0.3140834954058818,0.03768313136601994
final_NO3N_0_20,n,-0.5542811684268301,0.554338628850593,0.3190739263992355,0.03757343970190339
final_NO3N_0_20,LM_min,-0.4859961851808556,0.48807877315868387,0.3101986328973687,0.035817073177436355
final_NO3N_0_20,Alfa,-0.1628459128599149,0.17444305154372888,0.16393482660745876,0.01779752004268198
final_NO3N_0_20,thetaR,-0.17085165873875632,0.17333112106626122,0.11886919172182307,0.013884594596469253
final_NO3N_0_20,Rmax_LTAR,-0.06491351935767048,0.1462396548351274,0.18916286812895508,0.01571710558241067
final_NO3N_0_20,Diffz,-0.10639227170685822,0.10698230662353006,0.07043763296854846,0.008024580543350738
final_NO3N_0_20,StayGreen,-0.07709309028115735,0.0960449656399896,0.11913246379901254,0.011809758636402254
final_NO3N_0_20,Ks,-0.03214364498351247,0.07180405867597871,0.09115132027643177,0.007394590922381352
final_NO3N_0_20,Rmax_LTIR,-0.013186121609376125,0.04803762656025949,0.0906131144206909,0.009559571742882989
final_NO3N_0_20,PhyllFrmTassel,-0.01689710656797236,0.032344704117104,0.05306814431737892,0.005250587045138149
final_NO3N_0_20,Diffx,-0.00612272694308175,0.027834446154883275,0.0429844551099427,0.004032880834240457
final_NO3N_0_200,JuvenileLeaves,-0.6191968071638831,0.6191968071638831,0.31123931808563093,0.03747451334243355
final_NO3N_0_200,n,-0.5635928416650494,0.5635928416650494,0.30513405105619584,0.03579991252134893
final_NO3N_0_200,thetaS,0.5597568594405703,0.5611856288692167,0.3029397314081812,0.035120620991616947
final_NO3N_0_200,LM_min,-0.4815871488179032,0.4821041109455759,0.2885115801180502,0.03395239814161397
final_NO3N_0_200,thetaR,-0.17662894726443246,0.18025647803099543,0.11798608833858652,0.013426203689905132
final_NO3N_0_200,Alfa,-0.13938912799753023,0.14922553287250767,0.13840928983905926,0.014656795942391025
final_NO3N_0_200,Rmax_LTAR,-0.03832474724586958,0.1378079519330209,0.1819957423669922,0.014348262858297545
final_NO3N_0_200,Diffz,-0.09338328372635624,0.09394743856616863,0.06181947237433931,0.007015198833069927
final_NO3N_0_200,StayGreen,-0.07299737914257547,0.09029209435934347,0.10771456563494276,0.010619920549945788
final_NO3N_0_200,Ks,-0.038546579344113235,0.06865084094565692,0.08530355109452943,0.0073438609907982965
final_NO3N_0_200,Rmax_LTIR,-0.013696407684156288,0.04857851780493754,0.09111860376297906,0.009584873615169095
final_NO3N_0_200,PhyllFrmTassel,-0.017642848890888924,0.03183548214325765,0.050272483745408866,0.004943982155362229
final_NO3N_0_200,Diffx,-0.007791818003090871,0.0272354979458911,0.04158437284279671,0.003913733226015039
final_NO3N_10_20,JuvenileLeaves,-0.6095655121356405,0.6178008898607298,0.4256405290515388,0.050803513570403164
final_NO3N_10_20,thetaS,0.49963370095072607,0.5272975436031124,0.4575572215120994,0.04950582370180884
final_NO3N_10_20,LM_min,-0.44913961906149974,0.4897063894684553,0.4364978673698586,0.04648104862859222
final_NO3N_10_20,n,-0.4299216012614422,0.4442855155136591,0.3812171467803324,0.043879440205584916
final_NO3N_10_20,Alfa,-0.1238538892026305,0.22948905680963932,0.3326752320819866,0.03119788215382034
final_NO3N_10_20,thetaR,-0.1638342848573463,0.1726744459639972,0.1666865334428515,0.0188119859329617
final_NO3N_10_20,Rmax_LTAR,-0.003765483569949432,0.16325597107184672,0.23763165084590115,0.02020238786691012
final_NO3N_10_20,Ks,-0.028276922526878,0.09995277542312113,0.17214131106037756,0.017270062892465552
final_NO3N_10_20,StayGreen,-0.05862648077513737,0.09548445632059475,0.15253062702571749,0.01510680599486226
final_NO3N_10_20,Diffz,-0.05449508309112187,0.05884486484190453,0.06467959386964911,0.006898853599663343
final_NO3N_10_20,Rmax_LTIR,-0.005200283584518563,0.053648171068778096,0.11455346787595502,0.012496178334676993
final_NO3N_10_20,PhyllFrmTassel,-0.021635405573270865,0.03862739369932188,0.06531686037535747,0.006546441374343886
final_NO3N_10_20,Diffx,-0.007321252767558144,0.032074702046515226,0.057932319030201435,0.005766714484668634
final_NO3N_120_200,JuvenileLeaves,-0.6744988931874225,0.6750915141530965,0.3325108184766766,0.040059458619715285
final_NO3N_120_200,n,0.03995623410788744,0.4672760737926875,0.5514167183359822,0.03497900892710286
final_NO3N_120_200,thetaS,-0.38318248839363334,0.4434468657549247,0.485033798295597,0.05225682345976847
final_NO3N_120_200,LM_min,-0.07739856985227885,0.2662875955490971,0.3397896038275638,0.02665698978011778
final_NO3N_120_200,Alfa,0.06418778663748585,0.22568564735650676,0.38374659842724185,0.036703657801450885
final_NO3N_120_200,Rmax_LTAR,0.16206332358915,0.2251645741374707,0.2458648870563876,0.022232990974784275
final_NO3N_120_200,StayGreen,0.057043265429098836,0.2201689367064651,0.32791852170130903,0.028199477355006778
final_NO3N_120_200,thetaR,-0.0882108003748941,0.1973463456529351,0.27196775892367225,0.024495400399920486
final_NO3N_120_200,Rmax_LTIR,0.07725733008288253,0.1014106885994946,0.13393804295780012,0.01336975359711081
final_NO3N_120_200,Ks,0.03723848226057395,0.08031152056103802,0.12990296493146386,0.012799576583261814
final_NO3N_120_200,Diffx,-0.006474364724392131,0.013267270374171657,0.02919569701199642,0.0031032973323748343
final_NO3N_120_200,Diffz,-0.0016886320994148915,0.011133927080998737,0.020868769062275538,0.00199133520353368
final_NO3N_120_200,PhyllFrmTassel,-0.007144352572720229,0.01004550886017201,0.019188931661673847,0.0021287987413438083
final_NO3N_20_40,n,-0.29428391127214776,0.6262863585714036,0.6440446698319386,0.03861319313919652
final_NO3N_20_40,thetaS,0.19925350694616817,0.5980870044973339,0.6486091413441847,0.03553423467831203
final_NO3N_20_40,JuvenileLeaves,-0.49740339089484237,0.5241244575818452,0.44272939033341824,0.047660920205917764
final_NO3N_20_40,LM_min,-0.16027727787808063,0.3350528358851929,0.4364313296541727,0.0390661931197255
final_NO3N_20_40,Rmax_LTAR,0.14813487937020445,0.21578381958374734,0.2486324220664201,0.022669672649378796
final_NO3N_20_40,thetaR,-0.13839776333577422,0.1864739086604241,0.20107755298287258,0.018393906226727316
final_NO3N_20_40,Alfa,0.007470390815481216,0.15497533703683777,0.27240404748907093,0.025860536918584552
final_NO3N_20_40,Ks,-0.03229319126504273,0.12285010907044104,0.2010927617935894,0.019532007542357423
final_NO3N_20_40,Rmax_LTIR,-0.020748863483982735,0.0574552948681314,0.10504025311921583,0.010699071790862222
final_NO3N_20_40,StayGreen,0.0007683794748137372,0.05722963960957007,0.0900721724946637,0.008475022820427927
final_NO3N_20_40,PhyllFrmTassel,-0.02186963207677158,0.028832691921214064,0.049454813722094634,0.005359972015715611
final_NO3N_20_40,Diffx,-0.013420974542156005,0.024253159803543443,0.05875692841628563,0.006330229434154562
final_NO3N_20_40,Diffz,0.009446683174716662,0.018770162915651284,0.0261867741086102,0.0023724746050684145
final_NO3N_80_120,n,-0.5898401655282409,0.6668449951491028,0.5734289739437591,0.055232171467585495
final_NO3N_80_120,thetaS,0.24285815758312346,0.4739648595507365,0.6463615679568596,0.05952536709333817
final_NO3N_80_120,JuvenileLeaves,-0.2052757064749768,0.3642419643086158,0.5147849488009575,0.049382604136929645
final_NO3N_80_120,LM_min,-0.22533954564866793,0.28505988063003324,0.40168373353137765,0.04274432053588661
final_NO3N_80_120,thetaR,-0.0877176356328988,0.1476871530828276,0.2868237877829661,0.029436841724370815
final_NO3N_80_120,Alfa,-0.11294049202549021,0.1344077868086039,0.28676116259068457,0.03100724308230693
final_NO3N_80_120,Ks,-0.0023786114042822163,0.10668551872818532,0.23086940256180516,0.024741501782487147
final_NO3N_80_120,StayGreen,-0.08748218005440651,0.09370813113841364,0.15324146858973253,0.017542913457330427
final_NO3N_80_120,Rmax_LTAR,0.01114194046300938,0.09349239443726688,0.19782133708985097,0.02075011851636735
final_NO3N_80_120,Rmax_LTIR,-0.0018152474747046075,0.021164038947814476,0.04796671461428242,0.00505194172184686
final_NO3N_80_120,Diffz,0.004965354287036664,0.017701655374060488,0.07076500232137764,0.00827959017288811
final_NO3N_80_120,PhyllFrmTassel,-0.009570209694367256,0.015449948522541166,0.042669970143716505,0.004902953656503935
final_NO3N_80_120,Diffx,-0.0011867771023132668,0.014482563896034892,0.03636214174120749,0.003713439113148726
final_O2Conc_0_10,thetaS,0.12393387787845951,0.12393387787845951,0.3677051664186231,0.04309887570631684
final_O2Conc_0_10,n,0.10479365025083932,0.10479365025083932,0.3555498431048388,0.04067861468264915
final_O2Conc_0_10,JuvenileLeaves,-0.07205582429999838,0.07205582429999838,0.26002322264573674,0.030107681877251526
final_O2Conc_0_10,thetaR,-0.04369204922180522,0.04369204922180522,0.22834872559837788,0.02694996435294785
final_O2Conc_0_10,LM_min,0.008152001972942923,0.04226913243527716,0.22631926333537067,0.025686141756900017
final_O2Conc_0_10,StayGreen,0.008297194622489188,0.036817322884808365,0.18100499544936033,0.020585182828357324
final_O2Conc_0_10,Rmax_LTAR,-0.015703761077639267,0.028945888090825427,0.19106247187697373,0.021939823395051235
final_O2Conc_0_10,Rmax_LTIR,0.025560412663112642,0.025560412663112642,0.18191910836251526,0.021915217264913425
final_O2Conc_0_10,Ks,-0.013641751713614909,0.018231887964319977,0.1579310210906936,0.01827066255445298
final_O2Conc_0_10,Alfa,0.008353737847369844,0.008353737847369844,0.09973414966542518,0.011755500392476958
final_O2Conc_0_10,PhyllFrmTassel,-0.005091195177337221,0.005091195177337221,0.06158437495538755,0.007289851868699016
final_O2Conc_0_10,Diffz,-0.003978261867922288,0.003978261867922288,0.04260625976707148,0.004793406105052737
final_O2Conc_0_10,Diffx,0.0,0.0,0.0,0.0
final_O2Conc_0_20,thetaS,0.6179418233779045,0.6179418233779045,0.4916562969947071,0.05868577111335766
final_O2Conc_0_20,JuvenileLeaves,-0.39413831517994596,0.39413831517994596,0.44814692039607684,0.05394516819307531
final_O2Conc_0_20,n,0.19918227336673014,0.20712067878822016,0.4103876208327599,0.04796581680748035
final_O2Conc_0_20,thetaR,-0.1246545180191597,0.1246545180191597,0.32394508363537833,0.03897621303967938
final_O2Conc_0_20,Rmax_LTAR,0.040938315996703854,0.10849443727371827,0.31875432614189764,0.03690750706003577
final_O2Conc_0_20,StayGreen,0.05739611110210674,0.10434808961133321,0.2952349787871108,0.034042183394173565
final_O2Conc_0_20,LM_min,-0.021553624491437065,0.10094664755474671,0.29724322633978556,0.03305163756129704
final_O2Conc_0_20,Rmax_LTIR,0.03866474866088598,0.06343447912687498,0.2380194302841222,0.02738316308193345
final_O2Conc_0_20,Ks,-0.0017121918633624478,0.045735471934194145,0.20712126157468516,0.02446747434497548
final_O2Conc_0_20,PhyllFrmTassel,-0.012859832875789432,0.01639297426927002,0.10366407192148538,0.011978110377372803
final_O2Conc_0_20,Alfa,0.005403825516642052,0.015943730729945555,0.10983648528257324,0.01245877936267672
final_O2Conc_0_20,Diffx,0.00342601858401342,0.006967994818136652,0.062348395082332426,0.007306626593324178
final_O2Conc_0_20,Diffz,-0.0013042440976449652,0.0019919466178110676,0.017305575560841835,0.001995076008169582
final_O2Conc_0_200,thetaS,0.8248037795044423,0.8248037795044423,0.34294241733881736,0.04366072822231268
final_O2Conc_0_200,JuvenileLeaves,-0.5152817038125544,0.521563404777142,0.28446087813852783,0.03334420619556101
final_O2Conc_0_200,n,0.3691502470946675,0.37094097469543047,0.24079156679658192,0.02748152175745148
final_O2Conc_0_200,LM_min,0.02897232373032122,0.1724153499531196,0.2900065072269913,0.027064551742548914
final_O2Conc_0_200,StayGreen,0.11709572407483718,0.16113634119831602,0.23031546963592425,0.02454261577648558
final_O2Conc_0_200,thetaR,-0.16102122497539764,0.16102122497539764,0.1200425131736068,0.014348569311644443
final_O2Conc_0_200,Rmax_LTAR,0.03547661559335363,0.14417770172875452,0.238457515413295,0.02262886843781487
final_O2Conc_0_200,Rmax_LTIR,0.04915893017035986,0.07190807205442139,0.10383753631952707,0.010854802551280388
final_O2Conc_0_200,Alfa,0.008881288424157368,0.03050690064499442,0.054253952404610804,0.005365008632544273
final_O2Conc_0_200,Ks,0.002259240262865657,0.02224834812125881,0.04501315639538059,0.004685158610117936
final_O2Conc_0_200,PhyllFrmTassel,-0.01227525794976702,0.01260332389900788,0.022428825160942675,0.0026396965449554696
final_O2Conc_0_200,Diffx,0.0010985914533382683,0.006168094369367712,0.016164428025492297,0.0017261124063982969
final_O2Conc_0_200,Diffz,-0.0007948138617431126,0.005255330897263887,0.014226054331688769,0.0015680805278289623
final_O2Conc_10_20,thetaS,0.6174389488118157,0.6174389488118157,0.4889483986613443,0.05843099550130637
final_O2Conc_10_20,JuvenileLeaves,-0.39862223937973884,0.39862223937973884,0.4514988468138824,0.0544138398065329
final_O2Conc_10_20,n,0.1944177606046575,0.20235616602614748,0.40115073171508775,0.04685534415313272
final_O2Conc_10_20,thetaR,-0.12227308734608106,0.12227308734608106,0.32686846033123695,0.0392781429964683
final_O2Conc_10_20,Rmax_LTAR,0.04263816341589711,0.10778452401951635,0.3202162857337844,0.03723991000992538
final_O2Conc_10_20,StayGreen,0.05928129853707327,0.10120508169513698,0.29532053515078016,0.03430135548494262
final_O2Conc_10_20,LM_min,-0.022383793540226515,0.0974659394773551,0.2880908350011069,0.03227391907628698
final_O2Conc_10_20,Rmax_LTIR,0.03861857727646392,0.06338830774245302,0.2390540188153139,0.027583558581436005
final_O2Conc_10_20,Ks,-0.000300151619559335,0.044602942046841815,0.2085788031358411,0.024628692685485492
final_O2Conc_10_20,PhyllFrmTassel,-0.011717502269433487,0.015250643662914213,0.10283640427986793,0.011925073558107428
final_O2Conc_10_20,Alfa,0.003608985525292182,0.014823230730802925,0.10515525287107301,0.011891218074454386
final_O2Conc_10_20,Diffx,0.0036301786839881547,0.00717215491811132,0.06317026499192925,0.0073874190954540085
final_O2Conc_10_20,Diffz,-0.000591826701314026,0.0012795292214801326,0.01664036896916593,0.0019349549705076812
final_O2Conc_120_200,thetaS,0.8181576174812106,0.8181576174812106,0.344052844691545,0.04357399371665001
final_O2Conc_120_200,JuvenileLeaves,-0.5050382001888378,0.5141040744088144,0.2784490249176627,0.03194621394236719
final_O2Conc_120_200,n,0.38265379249269893,0.38265379249269893,0.23389844473560623,0.02700562670379307
final_O2Conc_120_200,LM_min,0.0440444682966724,0.18036301336486055,0.30232698708111916,0.029042031344584898
final_O2Conc_120_200,StayGreen,0.14002205746619972,0.1761258296678232,0.23624199879036448,0.025656032338010153
final_O2Conc_120_200,thetaR,-0.1601489343443367,0.1601489343443367,0.11595943641498253,0.01371587590341744
final_O2Conc_120_200,Rmax_LTAR,0.02062496932093786,0.14690904108510494,0.250782047547624,0.023706675890743142
final_O2Conc_120_200,Rmax_LTIR,0.056190788415547595,0.07517795945105261,0.10899892783304985,0.01159816144112696
final_O2Conc_120_200,Alfa,0.005268797840770984,0.03131240743720278,0.05789156713206089,0.005819927712702848
final_O2Conc_120_200,Ks,0.00970562986279777,0.023330069158853262,0.04854784070135968,0.005011525255053612
final_O2Conc_120_200,PhyllFrmTassel,-0.011752687287512054,0.011932970492804928,0.02304784308838596,0.0026949571669741866
final_O2Conc_120_200,Diffx,0.002188146736422906,0.006499192788754937,0.016154216136619878,0.0017175753740415398
final_O2Conc_120_200,Diffz,-0.0001200958130651888,0.005103701537606983,0.012377347334998337,0.0012699808362307396
final_O2Conc_20_40,thetaS,0.7767760400527993,0.7767760400527993,0.35193984864301486,0.043952194905854544
final_O2Conc_20_40,JuvenileLeaves,-0.5136253362820953,0.5136253362820953,0.4019082455272856,0.04890957718824312
final_O2Conc_20_40,n,0.2740705798994975,0.2906680489008992,0.3432418463383028,0.038310888003524966
final_O2Conc_20_40,LM_min,-0.017260148458745683,0.15644203787479458,0.3387374419650326,0.03496114428295855
final_O2Conc_20_40,thetaR,-0.14574055302227973,0.14574055302227973,0.2731771520513952,0.031840135110188406
final_O2Conc_20_40,StayGreen,0.09171812332054548,0.12164501512838348,0.2663272390463646,0.03107325429342504
final_O2Conc_20_40,Rmax_LTAR,0.03281760144271943,0.11336213343082298,0.2706701306143668,0.029245926464223422
final_O2Conc_20_40,Rmax_LTIR,0.01748676071404553,0.05217239496978075,0.17217362361708888,0.01954127552153923
final_O2Conc_20_40,Ks,-0.00879788383248727,0.023966452183736307,0.09839591950506958,0.011395080261865082
final_O2Conc_20_40,Alfa,-0.005708883113771429,0.019660631073225757,0.10005171957801078,0.011278253185661597
final_O2Conc_20_40,PhyllFrmTassel,-0.015824962570056736,0.016480659858789277,0.07161226172826139,0.008778847901382348
final_O2Conc_20_40,Diffx,-0.0036049454323322477,0.007178751530912946,0.04406231161063508,0.005145954816135471
final_O2Conc_20_40,Diffz,-0.0038833753191636388,0.0064748787712687154,0.043680036218580985,0.005202525623399997
final_O2Conc_80_120,thetaS,0.8130845472716698,0.8130845472716698,0.34443492833585954,0.04381651858638954
final_O2Conc_80_120,JuvenileLeaves,-0.49962799714085093,0.5039789075959435,0.2829712167401396,0.0336568329640266
final_O2Conc_80_120,n,0.37857166745255316,0.37857166745255316,0.2657205951606594,0.030207810044577434
final_O2Conc_80_120,LM_min,0.027166538265881744,0.16201320787926854,0.2897429733069556,0.02731948042108242
final_O2Conc_80_120,thetaR,-0.15517807239915082,0.15517807239915082,0.1720706108684277,0.02056126523345806
final_O2Conc_80_120,StayGreen,0.09524656240472196,0.15099523882108437,0.2546783275359112,0.026804204304573385
final_O2Conc_80_120,Rmax_LTAR,0.051411173808924,0.1448380020041376,0.25951833353229864,0.025874083029575803
final_O2Conc_80_120,Rmax_LTIR,0.05133612629674372,0.06959448951450092,0.14060671139136297,0.015553196064775324
final_O2Conc_80_120,Alfa,0.019142030525725596,0.03365982972478492,0.09554075322633451,0.010552354341627946
final_O2Conc_80_120,Ks,-0.003594840582235284,0.017430690463036563,0.0659532599119269,0.007782098841030646
final_O2Conc_80_120,PhyllFrmTassel,-0.010679424253286902,0.010679424253286902,0.04530962268280745,0.005268217052278444
final_O2Conc_80_120,Diffz,-0.0007784141715324847,0.005098298754756139,0.028746846007092562,0.0033538183104006368
final_O2Conc_80_120,Diffx,0.0012640342793961911,0.004829980962657173,0.027412938250402804,0.0031849401894026557
final_PARInt,JuvenileLeaves,0.0,0.0,0.0,0.0
final_PARInt,Rmax_LTAR,0.0,0.0,0.0,0.0
final_PARInt,Rmax_LTIR,0.0,0.0,0.0,0.0
final_PARInt,PhyllFrmTassel,0.0,0.0,0.0,0.0
final_PARInt,StayGreen,0.0,0.0,0.0,0.0
final_PARInt,LM_min,0.0,0.0,0.0,0.0
final_PARInt,Diffx,0.0,0.0,0.0,0.0
final_PARInt,Diffz,0.0,0.0,0.0,0.0
final_PARInt,thetaR,0.0,0.0,0.0,0.0
final_PARInt,thetaS,0.0,0.0,0.0,0.0
final_PARInt,Alfa,0.0,0.0,0.0,0.0
final_PARInt,n,0.0,0.0,0.0,0.0
final_PARInt,Ks,0.0,0.0,0.0,0.0
final_RADInt,JuvenileLeaves,0.0,0.0,0.0,0.0
final_RADInt,Rmax_LTAR,0.0,0.0,0.0,0.0
final_RADInt,Rmax_LTIR,0.0,0.0,0.0,0.0
final_RADInt,PhyllFrmTassel,0.0,0.0,0.0,0.0
final_RADInt,StayGreen,0.0,0.0,0.0,0.0
final_RADInt,LM_min,0.0,0.0,0.0,0.0
final_RADInt,Diffx,0.0,0.0,0.0,0.0
final_RADInt,Diffz,0.0,0.0,0.0,0.0
final_RADInt,thetaR,0.0,0.0,0.0,0.0
final_RADInt,thetaS,0.0,0.0,0.0,0.0
final_RADInt,Alfa,0.0,0.0,0.0,0.0
final_RADInt,n,0.0,0.0,0.0,0.0
final_RADInt,Ks,0.0,0.0,0.0,0.0
final_RNC,JuvenileLeaves,0.0,0.0,0.0,0.0
final_RNC,Rmax_LTAR,0.0,0.0,0.0,0.0
final_RNC,Rmax_LTIR,0.0,0.0,0.0,0.0
final_RNC,PhyllFrmTassel,0.0,0.0,0.0,0.0
final_RNC,StayGreen,0.0,0.0,0.0,0.0
final_RNC,LM_min,0.0,0.0,0.0,0.0
final_RNC,Diffx,0.0,0.0,0.0,0.0
final_RNC,Diffz,0.0,0.0,0.0,0.0
final_RNC,thetaR,0.0,0.0,0.0,0.0
final_RNC,thetaS,0.0,0.0,0.0,0.0
final_RNC,Alfa,0.0,0.0,0.0,0.0
final_RNC,n,0.0,0.0,0.0,0.0
final_RNC,Ks,0.0,0.0,0.0,0.0
final_RNS,JuvenileLeaves,0.0,0.0,0.0,0.0
final_RNS,Rmax_LTAR,0.0,0.0,0.0,0.0
final_RNS,Rmax_LTIR,0.0,0.0,0.0,0.0
final_RNS,PhyllFrmTassel,0.0,0.0,0.0,0.0
final_RNS,StayGreen,0.0,0.0,0.0,0.0
final_RNS,LM_min,0.0,0.0,0.0,0.0
final_RNS,Diffx,0.0,0.0,0.0,0.0
final_RNS,Diffz,0.0,0.0,0.0,0.0
final_RNS,thetaR,0.0,0.0,0.0,0.0
final_RNS,thetaS,0.0,0.0,0.0,0.0
final_RNS,Alfa,0.0,0.0,0.0,0.0
final_RNS,n,0.0,0.0,0.0,0.0
final_RNS,Ks,0.0,0.0,0.0,0.0
final_Root_C,JuvenileLeaves,0.8478668151232233,0.8478668151232233,0.31848768191833204,0.03807839759027317
final_Root_C,n,0.6068298988528428,0.6068298988528428,0.2531258254070441,0.029454904580491922
final_Root_C,LM_min,0.36998025437921733,0.36998025437921733,0.18454538189659944,0.02185505974338328
final_Root_C,Alfa,0.19156377463552193,0.19156377463552193,0.0898043529224442,0.0103383647528351
final_Root_C,Rmax_LTAR,0.09895211556168913,0.13899066617128814,0.1623668232230148,0.015736548429864286
final_Root_C,thetaS,-0.043860734210497035,0.08452878012256333,0.09885184017916256,0.00795102491268551
final_Root_C,Rmax_LTIR,-0.057776742750870864,0.07994757110031349,0.09744150663010484,0.009228973906213167
final_Root_C,Ks,-0.04438254458036228,0.04809482876706949,0.04105343400677209,0.004375690715662196
final_Root_C,thetaR,-0.018877208472658426,0.03574138098852548,0.04482910933987106,0.0037730784068515295
final_Root_C,StayGreen,0.0293257226242954,0.03341604709160321,0.036093495122086844,0.003940184935314653
final_Root_C,PhyllFrmTassel,0.025133838033269035,0.026834299467595794,0.026248883297591192,0.0029527297506806117
final_Root_C,Diffz,0.02222612859860938,0.022944506526819387,0.02097055844826497,0.002359516180938503
final_Root_C,Diffx,-0.0070722439667351405,0.012956042193674695,0.015491433700853466,0.0012641090394763554
final_Root_N,JuvenileLeaves,0.8622542598137295,0.8622542598137295,0.30417018712241145,0.03591011593578819
final_Root_N,n,0.6103502659632546,0.6103502659632546,0.2680664470137125,0.030969463317178484
final_Root_N,LM_min,0.2582418255564116,0.2691538494031417,0.2010333750047381,0.021196082564495143
final_Root_N,thetaS,-0.17838798213330614,0.19545814084623478,0.1554010647921641,0.016182905446293177
final_Root_N,Alfa,0.17247648132107,0.17256526518990895,0.09351799891487944,0.010617256204308319
final_Root_N,Rmax_LTAR,0.016542058518807065,0.12404790934074568,0.16349245487860348,0.012653012089493395
final_Root_N,StayGreen,-0.10391463149822036,0.10861016811201507,0.10366049613713911,0.01177422838195923
final_Root_N,Rmax_LTIR,-0.048341008727558664,0.07316627008488727,0.10008434203027587,0.009621445055294815
final_Root_N,thetaR,0.008579096174414436,0.05061838350961795,0.06585497281367159,0.004785770646428356
final_Root_N,Ks,-0.025987609245085922,0.04265723120868158,0.05289251299714156,0.005053530629977823
final_Root_N,PhyllFrmTassel,0.03407492610445612,0.037517300565211416,0.036353178650609996,0.003885019343223666
final_Root_N,Diffx,-0.0027310717562107397,0.014865517446076134,0.02017276855601514,0.0015816160810090461
final_Root_N,Diffz,0.00417251229785142,0.014461855450585209,0.022130828265340727,0.0019980783868255594
final_SoilEA,StayGreen,-0.2940945433834519,0.6483756121994129,0.7256891549725847,0.05127728323299768
final_SoilEA,LM_min,-0.2109596142275649,0.6294726727591683,0.7434101472895344,0.052490410698014446
final_SoilEA,Rmax_LTAR,-0.12457552879740984,0.4253396409896733,0.563845238564429,0.04715169847697402
final_SoilEA,JuvenileLeaves,0.09391362492221206,0.3124427203969813,0.4493311681734444,0.04014246145192461
final_SoilEA,n,-0.24839281139515937,0.2958863125217039,0.33221098750724376,0.034494736092498916
final_SoilEA,thetaS,0.11667027944770027,0.14370412517880124,0.1792291113304528,0.018538417974298206
final_SoilEA,Alfa,-0.07512968520494269,0.11956482809551335,0.17226555225360177,0.01714009922746345
final_SoilEA,thetaR,-0.02768891852729297,0.050878137839964775,0.09890148934994664,0.010401674523020897
final_SoilEA,Ks,0.014479330292142496,0.048913244034966524,0.13587351732917238,0.015101047412182985
final_SoilEA,Rmax_LTIR,0.005018810695935821,0.022922879580328816,0.06651381077890878,0.0075970596745241065
final_SoilEA,Diffz,0.002373947033754604,0.015055795112647404,0.05281102821014344,0.005900589257858391
final_SoilEA,Diffx,0.00044179736723033003,0.013887359261696765,0.03743319132919176,0.004053413679452166
final_SoilEA,PhyllFrmTassel,0.001619345122221568,0.011929138978813777,0.03442815995391862,0.0037899240141568186
final_Temp_0_10,JuvenileLeaves,-0.031064512718690495,0.031064512718690495,0.2169647961717759,0.026613778419647103
final_Temp_0_10,LM_min,-0.02952324147472299,0.02952324147472299,0.2058109168338017,0.02458260473084558
final_Temp_0_10,thetaR,0.022421720016739675,0.022421720016739675,0.17888567194740435,0.021477967356484523
final_Temp_0_10,StayGreen,-0.021753354566961258,0.021753354566961258,0.1640316012490729,0.01919486545465025
final_Temp_0_10,Rmax_LTAR,0.01474388640433493,0.01474388640433493,0.13356390632455156,0.015274314297334288
final_Temp_0_10,thetaS,-0.006562028027131634,0.006562028027131634,0.08822669459289706,0.010274508906434155
final_Temp_0_10,n,-0.003815324358920221,0.003815324358920221,0.06361416972599784,0.007293106442331726
final_Temp_0_10,Ks,0.00046238713734625425,0.00046238713734625425,0.007709534253750179,0.0009138757773603922
final_Temp_0_10,Rmax_LTIR,0.0,0.0,0.0,0.0
final_Temp_0_10,PhyllFrmTassel,0.0,0.0,0.0,0.0
final_Temp_0_10,Diffx,0.0,0.0,0.0,0.0
final_Temp_0_10,Diffz,0.0,0.0,0.0,0.0
final_Temp_0_10,Alfa,0.0,0.0,0.0,0.0
final_Temp_0_20,LM_min,-0.5363477145308125,0.5363477145308125,0.4659027639845521,0.05414562131633922
final_Temp_0_20,StayGreen,-0.4719596257988337,0.4719596257988337,0.4770296916957851,0.05518608298119187
final_Temp_0_20,JuvenileLeaves,-0.25496582706370086,0.25496582706370086,0.4009228226725819,0.04840477723457474
final_Temp_0_20,Rmax_LTAR,0.22779533109314604,0.22779533109314604,0.396175100088587,0.046837738771762394
final_Temp_0_20,thetaS,-0.05777985344825366,0.07366797174745425,0.26480036028020093,0.031198753071994073
final_Temp_0_20,n,0.030424727778484293,0.03460192502904046,0.17520811849043047,0.019593171686133354
final_Temp_0_20,Alfa,0.02142305358870318,0.0315972518791571,0.1699146829044572,0.020488476498444447
final_Temp_0_20,thetaR,0.01156634182619871,0.021684958318392938,0.12693332416273626,0.015436876248854205
final_Temp_0_20,Ks,-0.012857558188039664,0.013915707519939985,0.10782519287627783,0.012374255746839983
final_Temp_0_20,Rmax_LTIR,-0.008604198369730282,0.008604198369730282,0.08861326220961324,0.01022427619901855
final_Temp_0_20,Diffx,9.3396222412545e-05,0.003154617081605677,0.03233662283026535,0.0037240624637903236
final_Temp_0_20,Diffz,-0.0017127165631161381,0.0028240347513132226,0.03897205742331889,0.004619772252065526
final_Temp_0_20,PhyllFrmTassel,0.00010562194962153567,0.00247759699682159,0.025003287358994493,0.0028661450399512737
final_Temp_0_200,StayGreen,-0.2801555572802195,0.8446623398383093,0.8891769104665747,0.045296719453194995
final_Temp_0_200,LM_min,-0.2654531541635946,0.7318593026694118,0.802331218598556,0.048615511046428306
final_Temp_0_200,Rmax_LTAR,0.09500624014733972,0.3469122936484343,0.4517848564170981,0.036412292429306756
final_Temp_0_200,JuvenileLeaves,-0.07818175888780925,0.27434799987368463,0.366171653440685,0.029867464508186642
final_Temp_0_200,n,0.012342678400216434,0.06128248945464518,0.13923916375102818,0.015270571712242616
final_Temp_0_200,Alfa,0.025985142293670327,0.041325345679511974,0.11270306391525449,0.012781695007563112
final_Temp_0_200,thetaS,-0.016596121880811027,0.03764697345895207,0.09280519274147012,0.010103788535808048
final_Temp_0_200,thetaR,0.024400055155929176,0.036490484412886603,0.08019529019484566,0.008532404717140866
final_Temp_0_200,Ks,-0.008564834594618433,0.02004209909264321,0.06995883080993756,0.008187816171855197
final_Temp_0_200,Rmax_LTIR,0.006222006886447626,0.015188634698878203,0.08618850738392349,0.009784016586463003
final_Temp_0_200,Diffz,-0.001373117172818398,0.006386074591007967,0.02677042724245876,0.002942226873389475
final_Temp_0_200,Diffx,-0.0008138412395727494,0.004705524556938464,0.009151336356009456,0.0009309229411355006
final_Temp_0_200,PhyllFrmTassel,0.0005164691343972587,0.00384231143670025,0.00961206872938109,0.0010770938072618738
final_Temp_10_20,LM_min,-0.5364220017712583,0.5364220017712583,0.4641084214245894,0.05401106405569044
final_Temp_10_20,StayGreen,-0.4716656478023183,0.4716656478023183,0.47529923184994316,0.05499239490262634
final_Temp_10_20,JuvenileLeaves,-0.2527577400967938,0.2527577400967938,0.39844162339494227,0.04806424402978564
final_Temp_10_20,Rmax_LTAR,0.22619591050243612,0.22619591050243612,0.3947006296925755,0.04671280719161383
final_Temp_10_20,thetaS,-0.057092953760225204,0.07298107205942546,0.2649609706321998,0.031229884963026453
final_Temp_10_20,n,0.03111320779802552,0.034019758331241365,0.174889532671255,0.019561753803051026
final_Temp_10_20,Alfa,0.021479434741752373,0.031653633032206294,0.17004237180850085,0.020505574214680078
final_Temp_10_20,thetaR,0.009076939659356634,0.019195556151551427,0.1261428348808732,0.015417690818258594
final_Temp_10_20,Ks,-0.012923585145077816,0.013849680562901735,0.10781162966183058,0.012371488528692005
final_Temp_10_20,Rmax_LTIR,-0.008604198369730405,0.008604198369730405,0.08861326220961373,0.010224276199018608
final_Temp_10_20,Diffx,9.339622241312048e-05,0.0031546170816059587,0.03233662283026659,0.003724062463790474
final_Temp_10_20,Diffz,-0.001712716563115889,0.002824034751313271,0.038972057423317864,0.004619772252065424
final_Temp_10_20,PhyllFrmTassel,0.00010562194962181133,0.0024775969968220107,0.025003287358997966,0.002866145039951686
final_Temp_120_200,StayGreen,-0.2200788597096616,0.8379056414265148,0.9078247846090262,0.04785680373791001
final_Temp_120_200,LM_min,-0.12222442266669512,0.646476944837769,0.7847124892710883,0.05395300184389436
final_Temp_120_200,Rmax_LTAR,0.00028786088030419876,0.33139233154441416,0.47330446823079314,0.039479705131716725
final_Temp_120_200,JuvenileLeaves,0.046960008989144576,0.2686711390677343,0.3865213204670476,0.03422731200241004
final_Temp_120_200,n,0.01748700355625919,0.0663422636473821,0.16668750898995952,0.017956748437119543
final_Temp_120_200,Alfa,0.024662315935632628,0.04120952422418129,0.13418669725481513,0.01540294948464207
final_Temp_120_200,thetaR,0.021708078294193453,0.03305024806366838,0.08446826809019543,0.009052086735031752
final_Temp_120_200,thetaS,-0.014138918272082645,0.03214079875802847,0.09436037339528737,0.010425264901499533
final_Temp_120_200,Rmax_LTIR,0.006165146349742978,0.01763682403241598,0.10424097944906059,0.011925315250579584
final_Temp_120_200,Ks,-0.005726295907434143,0.01760576774925705,0.06133375460248331,0.007169939261655836
final_Temp_120_200,Diffz,-0.0014109765807372278,0.006043983724976978,0.024759090401852573,0.002743764220324224
final_Temp_120_200,Diffx,-0.0005769818627385748,0.0040305809832700806,0.00818086527957672,0.0008519333796668396
final_Temp_120_200,PhyllFrmTassel,-1.3045312877377631e-05,0.0030274796923952215,0.007605974902830175,0.0008503463030706351
final_Temp_20_40,LM_min,-0.7013295797092635,0.7013295797092635,0.36738132946456237,0.0426084965262211
final_Temp_20_40,StayGreen,-0.5805880544763748,0.5805880544763748,0.41871951594253604,0.04920064753600821
final_Temp_20_40,JuvenileLeaves,-0.34399952805160794,0.34399952805160794,0.35628937059153837,0.04433938129114384
final_Temp_20_40,Rmax_LTAR,0.2815860110203894,0.2815860110203894,0.3632930424449496,0.04224170328675201
final_Temp_20_40,thetaS,-0.010098532007698094,0.04234898537511836,0.16355028077800948,0.019129799983029504
final_Temp_20_40,n,0.037154257671599626,0.037154257671599626,0.13948734055611034,0.015762277894637324
final_Temp_20_40,Alfa,0.02758674973024376,0.03690902744177139,0.1664416933199108,0.019745048003182688
final_Temp_20_40,thetaR,0.002206564511319957,0.01479274371977318,0.09593145464662152,0.011395362374768835
final_Temp_20_40,Ks,-0.003559329413755949,0.006950296626702755,0.07015915501664091,0.008030008111943801
final_Temp_20_40,Rmax_LTIR,-0.005404538203990991,0.006030904901764317,0.07602639417963426,0.009065804349685803
final_Temp_20_40,Diffx,-0.0004896551815842765,0.0019364628383503385,0.017045701920513176,0.0018987319192903674
final_Temp_20_40,PhyllFrmTassel,0.00039385780131475945,0.00039385780131475945,0.006566921882320974,0.0007717767020776822
final_Temp_20_40,Diffz,-0.00023239718132743212,0.00023239718132743212,0.0038748353602603594,0.0004642234655201645
final_Temp_80_120,LM_min,-0.7191572481100834,0.7191572481100834,0.3735119728768086,0.04354975860623071
final_Temp_80_120,JuvenileLeaves,-0.546149475818474,0.546149475818474,0.33587734162859606,0.03832165906494793
final_Temp_80_120,StayGreen,-0.47305249627853097,0.48008108683863004,0.34830791412241424,0.04023600306223595
final_Temp_80_120,Rmax_LTAR,0.4045950899663901,0.41673109043990436,0.3032744982484428,0.03383644309643857
final_Temp_80_120,n,-0.014415828913624154,0.0447327535159295,0.12688311682333708,0.01389134648741141
final_Temp_80_120,thetaR,0.02526657171313496,0.03992599863204223,0.1143594489462476,0.012720474057630103
final_Temp_80_120,thetaS,-0.011705625600638774,0.03544021798672477,0.10474563701148329,0.011200715517478713
final_Temp_80_120,Alfa,0.005531039679485103,0.03379639308820171,0.1108266217765943,0.012332128312746621
final_Temp_80_120,Ks,-0.006653997675216637,0.01679524912322075,0.07470023896955551,0.008681806347646164
final_Temp_80_120,Rmax_LTIR,-0.0065033775167255125,0.009409177840995136,0.062482718903061014,0.007508765903265771
final_Temp_80_120,PhyllFrmTassel,0.0023437364289604465,0.006687163445053656,0.04190076377454912,0.004932593955580341
final_Temp_80_120,Diffx,-0.0003814666561570017,0.004964210860784724,0.026557985743935714,0.003034719008223809
final_Temp_80_120,Diffz,0.0019890145027163255,0.004368857411563732,0.028630442812973205,0.0032083998175292147
final_WATACT,StayGreen,0.2840693641429688,0.7541389899714771,0.8015606597175501,0.04614463749764851
final_WATACT,LM_min,0.1479681490453625,0.5592767386313333,0.6909972440705489,0.05134889357310681
final_WATACT,JuvenileLeaves,-0.17274585735498516,0.3850393365026102,0.5586986268937728,0.052464882747471256
final_WATACT,Rmax_LTAR,0.07667716839972562,0.3751230699357446,0.6053662717977749,0.057166331623540755
final_WATACT,n,-0.03656618051039669,0.07201827921176879,0.2651117310035074,0.03023358716614596
final_WATACT,Alfa,-0.010913270731658547,0.027513066658454897,0.1519590549168082,0.018028717581598276
final_WATACT,thetaS,0.006458016115396089,0.020689790418947834,0.12450862681526186,0.014287717987805355
final_WATACT,Rmax_LTIR,0.0033759295181126697,0.010313974552850345,0.0934927403576766,0.011091494851566321
final_WATACT,thetaR,-0.006945575021081179,0.010179354045945822,0.07874027572351326,0.009022831888157737
final_WATACT,Ks,0.004750639986534121,0.007860995858956393,0.05222476852431858,0.006193343990665237
final_WATACT,Diffz,0.0016171820414681787,0.002966913875328572,0.03915526677413862,0.004625385563678959
final_WATACT,PhyllFrmTassel,0.0,0.0,0.0,0.0
final_WATACT,Diffx,0.0,0.0,0.0,0.0
final_WATPOT,StayGreen,-0.8096598852093435,0.8096598852093435,0.39109516869000277,0.04645735170047598
final_WATPOT,LM_min,-0.55578131124383,0.55578131124383,0.3801741286812213,0.04626373639807305
final_WATPOT,Rmax_LTAR,0.16897769839448523,0.2261056619318435,0.3353014148260112,0.035082262917442306
final_WATPOT,JuvenileLeaves,0.13264395450598804,0.21345716236419887,0.2910722801983921,0.028728529545751495
final_WATPOT,n,0.03736872045639975,0.03853581922776055,0.13185303887458105,0.015141489899180682
final_WATPOT,Alfa,0.01844151283327735,0.01844151283327735,0.10083297989512306,0.011672875633536674
final_WATPOT,thetaS,-0.01338479538394278,0.014828592583368345,0.09002283445722856,0.010239672801006645
final_WATPOT,thetaR,0.004975938175316123,0.008024102902034954,0.060707206187614965,0.006717630647586244
final_WATPOT,Ks,-0.00242059495634781,0.008016562279841972,0.06061945743990733,0.0071477932337026375
final_WATPOT,Rmax_LTIR,0.003309359818527511,0.00759122782650996,0.06159081651605054,0.007285907758452723
final_WATPOT,Diffz,0.00045532499950965707,0.0007749160531474301,0.007950619089880867,0.0008890882981953964
final_WATPOT,PhyllFrmTassel,0.0,0.0,0.0,0.0
final_WATPOT,Diffx,0.0,0.0,0.0,0.0
final_WATRAT,StayGreen,0.3433879525011929,0.7465735089824305,0.7735769248910627,0.04710740423746824
final_WATRAT,LM_min,0.18967701713493101,0.5502725435736,0.6781820780070714,0.05212931877969628
final_WATRAT,JuvenileLeaves,-0.1725753088913957,0.382160917491473,0.5571615988285654,0.05271017573311806
final_WATRAT,Rmax_LTAR,0.0636922644943469,0.3691543271403604,0.5996262307176968,0.056377063576471445
final_WATRAT,n,-0.03839327519425759,0.0693395325613635,0.2577807478901791,0.02946949532946172
final_WATRAT,Alfa,-0.012450383234864545,0.026633297212474576,0.1474976393329835,0.017564470840513817
final_WATRAT,thetaS,0.007507041756282679,0.020403753902493015,0.125349368414701,0.014390086586309886
final_WATRAT,Rmax_LTIR,0.0030318376777546193,0.009796251525894839,0.09074647510598145,0.010741679642691564
final_WATRAT,thetaR,-0.006849411316855309,0.009539145442524138,0.07583751114605226,0.008708777552355421
final_WATRAT,Ks,0.0042726103103857375,0.007570415509743429,0.04954716731501324,0.0058817183497735055
final_WATRAT,Diffz,0.0014600338475259794,0.0029584437202008493,0.03810160182733983,0.004490339175744927
final_WATRAT,PhyllFrmTassel,0.0,0.0,0.0,0.0
final_WATRAT,Diffx,0.0,0.0,0.0,0.0
final_WATTSM,JuvenileLeaves,0.0,0.0,0.0,0.0
final_WATTSM,Rmax_LTAR,0.0,0.0,0.0,0.0
final_WATTSM,Rmax_LTIR,0.0,0.0,0.0,0.0
final_WATTSM,PhyllFrmTassel,0.0,0.0,0.0,0.0
final_WATTSM,StayGreen,0.0,0.0,0.0,0.0
final_WATTSM,LM_min,0.0,0.0,0.0,0.0
final_WATTSM,Diffx,0.0,0.0,0.0,0.0
final_WATTSM,Diffz,0.0,0.0,0.0,0.0
final_WATTSM,thetaR,0.0,0.0,0.0,0.0
final_WATTSM,thetaS,0.0,0.0,0.0,0.0
final_WATTSM,Alfa,0.0,0.0,0.0,0.0
final_WATTSM,n,0.0,0.0,0.0,0.0
final_WATTSM,Ks,0.0,0.0,0.0,0.0
final_drainage,thetaS,-0.8324350729844222,0.8324350729844222,0.35876982209105635,0.04374011163284844
final_drainage,JuvenileLeaves,0.43980917809819753,0.43980917809819753,0.24665834431073758,0.028725086234586313
final_drainage,LM_min,0.41734406577144767,0.41734406577144767,0.23431194152344903,0.028402240822523257
final_drainage,n,0.30161884581692355,0.30328623001890587,0.24269961440862672,0.02843796048653281
final_drainage,thetaR,0.16326592175638363,0.16326592175638363,0.10639556046326742,0.012747668611110227
final_drainage,Rmax_LTAR,0.1062496851570636,0.11978379087494491,0.1370832976468321,0.014618185186987346
final_drainage,Ks,0.0930851275520691,0.0930851275520691,0.08285407948687633,0.009927977848870135
final_drainage,StayGreen,0.07470706600699446,0.07470706600699446,0.09799107150044237,0.011756583848946487
final_drainage,Alfa,0.03211507166333862,0.06330757711555375,0.09815972942807921,0.009809006505358464
final_drainage,Rmax_LTIR,0.008787152197662108,0.014149436945653612,0.04168913665602092,0.004779785685825502
final_drainage,Diffz,0.005288440797358869,0.01038873948303846,0.040496600082765996,0.004671538974456724
final_drainage,PhyllFrmTassel,0.008022182311472972,0.009803225151626285,0.03905594218078577,0.004465760219386475
final_drainage,Diffx,0.001499498237785682,0.00614897959347378,0.027567298921273662,0.0031665100304800737
final_dropped_leaf_dm,JuvenileLeaves,0.9534068301538088,0.9534068301538088,0.2083069673452867,0.024807547015593928
final_dropped_leaf_dm,Rmax_LTAR,-0.1823933797942055,0.24880399105034318,0.23940764687299937,0.01941392240356886
final_dropped_leaf_dm,LM_min,0.0884914228413054,0.2079842864879247,0.23376133570679147,0.016422550371600637
final_dropped_leaf_dm,StayGreen,-0.035272731252148345,0.1602470073905339,0.25761538063824624,0.02395254471096669
final_dropped_leaf_dm,Rmax_LTIR,-0.0832621682900048,0.13319624371819713,0.1637827516151483,0.014352715270945726
final_dropped_leaf_dm,n,-0.009240660141002706,0.022565736480585685,0.06349513906134523,0.006725904661062532
final_dropped_leaf_dm,Alfa,-0.0013915108195666,0.015806908129710005,0.04983953378048761,0.005476718248311255
final_dropped_leaf_dm,thetaS,0.005245706640654622,0.011923958094493205,0.03270536023311964,0.0036378710587978836
final_dropped_leaf_dm,thetaR,-0.0007728547687212447,0.010775338937806023,0.043707936701603556,0.004962871833287263
final_dropped_leaf_dm,Ks,-0.0019436792484417563,0.010514914005352694,0.04252161210415308,0.0052290425136284156
final_dropped_leaf_dm,Diffz,-0.00041969704707044885,0.0027816146184431855,0.012976414007151832,0.0014711010733538359
final_dropped_leaf_dm,Diffx,-0.0004960999995765287,0.0026715027343633493,0.013960383689736929,0.0016324119032661655
final_dropped_leaf_dm,PhyllFrmTassel,0.0,0.0,0.0,0.0
final_dropped_leaves,JuvenileLeaves,0.9574874321609647,0.9574874321609647,0.18069627324660162,0.021108096617617644
final_dropped_leaves,Rmax_LTAR,-0.06058406982488458,0.188121107368297,0.23931721560760524,0.018738032313232775
final_dropped_leaves,StayGreen,-0.0433581270362777,0.15323258166087123,0.24727919444948537,0.02345860638841243
final_dropped_leaves,LM_min,-0.06368088709428071,0.13917433605569726,0.22776650641930676,0.023250364319564284
final_dropped_leaves,Rmax_LTIR,-0.00959770036862201,0.10545533380658328,0.18365485354589522,0.01722266377974671
final_dropped_leaves,n,-0.004618352695680107,0.013956701585377568,0.06143919244509001,0.006734002309101413
final_dropped_leaves,Alfa,-0.004160165906517491,0.011575176830193185,0.05672496425867284,0.006410531428179621
final_dropped_leaves,Ks,-0.0021412373579545504,0.008860249507481412,0.05072404303969156,0.006331636886909905
final_dropped_leaves,thetaR,0.0015958795864825898,0.006408592283128229,0.042446554770248404,0.005056550794418813
final_dropped_leaves,thetaS,0.0002965793418276307,0.005962319651186512,0.036242716104990406,0.004279695926971307
final_dropped_leaves,Diffz,-0.00019219016410878468,0.0011297947863405467,0.01353443305882916,0.0015497118835382147
final_dropped_leaves,Diffx,-0.0007079333576087812,0.0007079333576087812,0.011803607905663312,0.0014082027882809816
final_dropped_leaves,PhyllFrmTassel,0.0,0.0,0.0,0.0
final_ear_dm,JuvenileLeaves,-0.6994778759542325,0.6999607018464711,0.3409418719411909,0.04173965624123096
final_ear_dm,Rmax_LTAR,0.5529100280684249,0.5529100280684249,0.28820164276983634,0.033594686397040205
final_ear_dm,LM_min,0.4132677756006917,0.4357721825516732,0.37059778337801524,0.040084994827787705
final_ear_dm,StayGreen,0.17601333149433004,0.2476513966980576,0.2752683598967358,0.025654305809873695
final_ear_dm,Rmax_LTIR,0.030219809657979067,0.12634733420574745,0.20468742236660473,0.01858382748963489
final_ear_dm,thetaS,0.12499616019428854,0.12533593801793863,0.0889709284619116,0.009942591280535085
final_ear_dm,n,-0.12028831283765573,0.12433559514129346,0.09006416536630223,0.009862825433199603
final_ear_dm,thetaR,-0.026675913269595328,0.028440446957571502,0.028044878924130056,0.0031893057523583283
final_ear_dm,Alfa,-0.02148437299701475,0.028146458487034207,0.038992729126761445,0.003964917292938523
final_ear_dm,Ks,-0.00767672644219269,0.016179194638224502,0.04656539168969715,0.005415752839408155
final_ear_dm,PhyllFrmTassel,-0.0031464457574653182,0.0071455394162615975,0.008528434315652181,0.000640639618111333
final_ear_dm,Diffz,-0.0007217426714870986,0.003927706412740982,0.012641536184681211,0.0013741522425163206
final_ear_dm,Diffx,7.07686959145683e-05,0.0035562013042508157,0.005077270387341227,0.00041819251388063196
final_hNew_0_10,thetaS,0.8686945186071339,0.8686945186071339,0.39369110180090333,0.04667599620286661
final_hNew_0_10,JuvenileLeaves,-0.4279877136314531,0.4279877136314531,0.2917687291255,0.03585975898480824
final_hNew_0_10,LM_min,-0.3815663567145323,0.3815663567145323,0.25068206453822195,0.03058422735021664
final_hNew_0_10,Alfa,0.23902622459326847,0.24657207947052587,0.1682184382357978,0.019123564826450366
final_hNew_0_10,n,0.11155179650126285,0.21609637112093114,0.26242894482035906,0.021936089017133013
final_hNew_0_10,Ks,-0.18570790287262287,0.18570790287262287,0.10989004394785548,0.012864574241977468
final_hNew_0_10,thetaR,-0.18388662513447376,0.18388662513447376,0.13479316343045916,0.015790785670657666
final_hNew_0_10,Rmax_LTAR,-0.13070832420200912,0.14110816247786373,0.143103659218634,0.014936975342759078
final_hNew_0_10,StayGreen,-0.06438637811586104,0.06453483144745918,0.0580839665139013,0.006802644929050919
final_hNew_0_10,Rmax_LTIR,-0.009323445763059001,0.02046920739889035,0.04520250850834671,0.00506438623491315
final_hNew_0_10,PhyllFrmTassel,-0.006848274324411036,0.009203557944090843,0.01517471149558924,0.0016829702262198157
final_hNew_0_10,Diffz,-0.004596429237894598,0.007807161954920187,0.01284211950759424,0.0013333152696508417
final_hNew_0_10,Diffx,-0.00286761931680725,0.007763579741382882,0.012365385261455933,0.0011904239932402458
final_hNew_0_20,thetaS,0.8641228888175867,0.8641228888175867,0.42051835835403134,0.049379762885701374
final_hNew_0_20,JuvenileLeaves,-0.43896891646700686,0.43896891646700686,0.318649716101835,0.03889698437987656
final_hNew_0_20,LM_min,-0.38220563539082486,0.38220563539082486,0.27218636219175835,0.03307520468016868
final_hNew_0_20,n,0.0072190056151247295,0.21008959190582832,0.3015503935203504,0.025150836175073292
final_hNew_0_20,Alfa,0.17670745527367768,0.1905022368277353,0.16202343338015704,0.01765664902397011
final_hNew_0_20,thetaR,-0.18559239256558638,0.18559239256558638,0.14447580153388712,0.016980867425692193
final_hNew_0_20,Ks,-0.17054959101375392,0.17054959101375392,0.1104851977256993,0.012905653818230741
final_hNew_0_20,Rmax_LTAR,-0.1408913885663302,0.15192176417751385,0.16192464552124794,0.017118591163153573
final_hNew_0_20,StayGreen,-0.05694152070917017,0.05711787461519521,0.05407335020587951,0.006279763587704578
final_hNew_0_20,Rmax_LTIR,-0.009955019557985369,0.022042934442841937,0.04981862560113311,0.005590820835261148
final_hNew_0_20,PhyllFrmTassel,-0.006961104252974247,0.009322884557702239,0.015956545906331783,0.001796136713325513
final_hNew_0_20,Diffx,-0.002969478972796395,0.008175716808929938,0.014139137794730425,0.0014095723518173058
final_hNew_0_20,Diffz,-0.003915544558094937,0.007789420269330661,0.014068976697541487,0.0014798125663411407
final_hNew_0_200,thetaS,0.5456273561789489,0.6525444953714254,0.5208908081561652,0.04517125040780447
final_hNew_0_200,JuvenileLeaves,-0.47260098006431006,0.47260098006431006,0.3369270142265163,0.03936070216037075
final_hNew_0_200,LM_min,-0.4650144688032183,0.4650144688032183,0.29187090167092794,0.03508489443721175
final_hNew_0_200,n,-0.3816821862237634,0.4380968458329699,0.43961261117907124,0.044347177902366655
final_hNew_0_200,Rmax_LTAR,-0.1447778092682359,0.1646957561854351,0.18847155371939153,0.019263365962303526
final_hNew_0_200,Alfa,-0.14168008354282707,0.15243249074992915,0.1801561440076231,0.019756370819530238
final_hNew_0_200,thetaR,-0.11106937838458682,0.14163208491541937,0.15333847161303352,0.015008574396898311
final_hNew_0_200,StayGreen,-0.10195827078853303,0.10933152584569625,0.09277803977819947,0.010009994295110371
final_hNew_0_200,Ks,0.015458337255859626,0.09290692256857798,0.13681687225039255,0.011818100708012178
final_hNew_0_200,Rmax_LTIR,-0.008200072253799092,0.01845107501340393,0.03477081213051759,0.003715572536459261
final_hNew_0_200,PhyllFrmTassel,-0.005119221570726401,0.009383144756631283,0.018078770171486427,0.001893976651337532
final_hNew_0_200,Diffx,-0.0023179060498946143,0.00858239640654853,0.014779012883349452,0.0014672953810691601
final_hNew_0_200,Diffz,0.00220540903503745,0.007918821338376729,0.01287595407796021,0.0012407798052580697
final_hNew_10_20,thetaS,0.8614222511901098,0.8614222511901098,0.4298880707077131,0.0503507813645691
final_hNew_10_20,JuvenileLeaves,-0.4429966588152314,0.4429966588152314,0.32874103222036255,0.04002386752644956
final_hNew_10_20,LM_min,-0.3821958925697592,0.3821958925697592,0.28099480658928194,0.03408166059253528
final_hNew_10_20,n,-0.03472492053434959,0.2107113365975232,0.31260855644412117,0.026671728038927242
final_hNew_10_20,thetaR,-0.18613687340269347,0.18613687340269347,0.1496779440246504,0.017598684536772925
final_hNew_10_20,Alfa,0.15124964947626793,0.17090219396212383,0.15935425016161914,0.016652821474186476
final_hNew_10_20,Ks,-0.16393937801250125,0.16393937801250125,0.11137379176076574,0.012982228051531769
final_hNew_10_20,Rmax_LTAR,-0.1443088337321112,0.15566726953388488,0.16928035328565966,0.017974982852694932
final_hNew_10_20,StayGreen,-0.05383279245875998,0.05402939946929952,0.05245345538571293,0.006071898672276123
final_hNew_10_20,Rmax_LTIR,-0.010299973385837035,0.02266255861230362,0.05173360862371415,0.005813054553388627
final_hNew_10_20,PhyllFrmTassel,-0.007013417290701219,0.009384566687114218,0.01644501185494793,0.0018596711874721771
final_hNew_10_20,Diffx,-0.002980332246545603,0.008339807463938857,0.014846865016575212,0.00149469721872421
final_hNew_10_20,Diffz,-0.003659007596770323,0.00783139548828543,0.01456610621135402,0.0015347831316704183
final_hNew_120_200,n,0.8617689025266245,0.8617689025266245,0.2859849329244816,0.03416734214298829
final_hNew_120_200,LM_min,-0.38429400704973843,0.38589650673331766,0.2475045333292647,0.03015155922269309
final_hNew_120_200,StayGreen,-0.3529345914612641,0.35562030365501557,0.22857762142204227,0.0259040675356463
final_hNew_120_200,thetaS,-0.27332711092949075,0.27332711092949075,0.15231046499312828,0.018637083814674604
final_hNew_120_200,JuvenileLeaves,-0.09211171269252949,0.16851354848736055,0.20409197819339048,0.017564716300369508
final_hNew_120_200,Rmax_LTAR,0.02237929053656548,0.1091716219893781,0.13921943717024463,0.010641796416040511
final_hNew_120_200,Alfa,0.0772082324832529,0.09893276704602161,0.09740314731855813,0.0084529372378001
final_hNew_120_200,Ks,0.08001189840608049,0.08164682344300189,0.07192904052099572,0.008143846946134242
final_hNew_120_200,thetaR,0.04758140469479403,0.05221768660583088,0.04823237090885582,0.005063055654898222
final_hNew_120_200,Rmax_LTIR,0.00037282922198926045,0.014439836845714637,0.02530525264929443,0.002426539212333595
final_hNew_120_200,Diffx,0.0008020699422911111,0.008645959371684199,0.018953191278965383,0.002005766351927315
final_hNew_120_200,Diffz,0.0011570077231757192,0.007604429257569544,0.016512868379567648,0.0016962168165669575
final_hNew_120_200,PhyllFrmTassel,0.002860905771312959,0.007595171755399247,0.014402468357978218,0.0015061611060188157
final_hNew_20_40,thetaS,0.8407429295967257,0.8407429295967257,0.40718211220647904,0.047544804495302614
final_hNew_20_40,JuvenileLeaves,-0.44856239911723134,0.44856239911723134,0.34083998128667176,0.041225068919059055
final_hNew_20_40,LM_min,-0.3715234813570934,0.3715234813570934,0.2888756884875332,0.03458508448126248
final_hNew_20_40,n,-0.2954421603289183,0.30417366637139437,0.3023653836869433,0.034243509163801415
final_hNew_20_40,thetaR,-0.1755231087662845,0.1755231087662845,0.13625766493270616,0.01602399141652342
final_hNew_20_40,Rmax_LTAR,-0.1252358228178121,0.1383926110340981,0.13766360075253115,0.014296752536603102
final_hNew_20_40,Ks,-0.10795701087556174,0.10795701087556174,0.08020490463848114,0.008888553672197087
final_hNew_20_40,Alfa,0.0032725147697484744,0.07513110528307607,0.10346180328928724,0.008116458719616516
final_hNew_20_40,StayGreen,-0.0314416101653102,0.03231468262103152,0.033450931584861225,0.003846916461152987
final_hNew_20_40,Rmax_LTIR,-0.01422743710069066,0.023067414941320502,0.05596530138747005,0.006466863098234742
final_hNew_20_40,PhyllFrmTassel,-0.006425236545126433,0.009397885514958498,0.018116518591028887,0.0020137253767008403
final_hNew_20_40,Diffx,-0.002902545794353147,0.007741095239769643,0.0135288127613248,0.0013413256744431237
final_hNew_20_40,Diffz,-0.0015765800737837302,0.007333801387833491,0.0128973667381995,0.0013006801676145926
final_hNew_80_120,thetaS,0.4784644056773777,0.6798370290754615,0.6168110668248308,0.045878143353861166
final_hNew_80_120,n,-0.46138289412489336,0.5544855142401605,0.5038276063497145,0.04603046037091162
final_hNew_80_120,JuvenileLeaves,-0.40577158549120396,0.41196155621892827,0.3334665368231652,0.03829767802486021
final_hNew_80_120,LM_min,-0.37603647476091195,0.38117018738385766,0.2791314452557291,0.03217272398849752
final_hNew_80_120,Alfa,-0.1747512882518021,0.17778877666051507,0.18441869646789763,0.02098800711711003
final_hNew_80_120,thetaR,-0.08485286000694674,0.15714761247476375,0.18055363384911935,0.014582072188633333
final_hNew_80_120,Rmax_LTAR,-0.13862819973903995,0.1556594270687422,0.18524911298885421,0.019596480272632458
final_hNew_80_120,Ks,0.03293646335944507,0.11697970454452195,0.16420893148618737,0.014422396047477947
final_hNew_80_120,StayGreen,-0.055176429697605785,0.06536860933271384,0.07802323992334971,0.008059946648332124
final_hNew_80_120,Rmax_LTIR,-0.006654080375192878,0.016115696018660183,0.03082805512693027,0.0032608876928877247
final_hNew_80_120,PhyllFrmTassel,-0.004346793225027966,0.008720998538633496,0.017103371121656566,0.001790887359410227
final_hNew_80_120,Diffx,-0.0016214101533393237,0.008023225176059684,0.01398545931619309,0.001390695975461987
final_hNew_80_120,Diffz,0.002721423624986403,0.006956555562574455,0.010863889854848484,0.0010567999548202736
final_la_dead,JuvenileLeaves,0.9469648989346818,0.9469648989346818,0.3312287198061663,0.04028122534387364
final_la_dead,LM_min,0.5836427147550347,0.5836427147550347,0.2702594313674191,0.03221430173358016
final_la_dead,StayGreen,-0.08986971425997566,0.09131603914303871,0.16975418154527652,0.019632895085388558
final_la_dead,Rmax_LTAR,-0.04198435792841111,0.0650369759746432,0.06680308743957605,0.005289875534949874
final_la_dead,n,0.012925446767224095,0.014890230877046377,0.02051525408359794,0.0021775423886902807
final_la_dead,Rmax_LTIR,0.008331470360365249,0.014056302802062985,0.02514882658635826,0.0026809588518103256
final_la_dead,Alfa,0.003833841862494954,0.008195385754702243,0.015263275595471878,0.0015658384125067973
final_la_dead,thetaS,-0.0018230966151714645,0.007859704106768695,0.018551751826101047,0.0019176850158622754
final_la_dead,thetaR,-0.0015764620879565885,0.005492788013763047,0.010081142806715175,0.0010172165896323053
final_la_dead,Ks,-0.00016292037507451755,0.005142084002459467,0.014960090566875969,0.0016417284749138446
final_la_dead,Diffz,0.0002818416540838123,0.002111173976487094,0.008351457238556353,0.0009450350402849843
final_la_dead,Diffx,-0.0001428110403506169,0.0016979215185083923,0.003301691452234034,0.00034487610245847084
final_la_dead,PhyllFrmTassel,-2.3940040405978572e-05,9.077202785061521e-05,0.0003572802051196989,4.1747254073820155e-05
final_lai,LM_min,0.5611777343774299,0.5611777343774299,0.5222349100847657,0.06312719293150774
final_lai,JuvenileLeaves,0.22231970715764998,0.5361517991438686,0.6482955331201998,0.04831415011713755
final_lai,StayGreen,0.4016149613656488,0.46216870776842406,0.602563895798195,0.06522995383594163
final_lai,Rmax_LTAR,-0.14507610875931679,0.14607481823738783,0.3113350822182275,0.037252343120742194
final_lai,n,-0.0207245019014737,0.06156626696203329,0.17413023905388997,0.01896528488127762
final_lai,thetaS,0.01314368934082378,0.04115252626900374,0.16221221937387836,0.018135758116373933
final_lai,Alfa,0.0005752352407559021,0.03816848445996433,0.15505257332220798,0.017586158776057646
final_lai,Ks,0.020252845678807193,0.028226281872837343,0.13948041724299576,0.015855149137873507
final_lai,thetaR,-0.006884218773148994,0.024661054955699726,0.11012505860920087,0.01256545164997825
final_lai,Rmax_LTIR,0.005001046875693935,0.020296051430024453,0.11052632897311,0.012823690782381719
final_lai,Diffx,-0.0034591006631739044,0.012469527439591623,0.0870215401796272,0.009846627336834021
final_lai,Diffz,-0.0023592908648873987,0.004609958454434871,0.031647978585351816,0.0035268397674427143
final_lai,PhyllFrmTassel,0.00011221420893880578,0.00011221420893880578,0.0018709847608138943,0.00022559626840995079
final_leaf_dm,JuvenileLeaves,0.9839379759578284,0.9839379759578284,0.15962150222832883,0.019735623349438944
final_leaf_dm,LM_min,0.17013616253431546,0.17035833939634074,0.07495950817237412,0.008894229271801985
final_leaf_dm,Rmax_LTAR,-0.15368981877480292,0.15947060163597582,0.11344101160809418,0.012270475389414658
final_leaf_dm,Rmax_LTIR,-0.08780500641235722,0.14331454080240902,0.17286197049922097,0.014725094139281317
final_leaf_dm,n,-0.004637563940650425,0.013645243267085027,0.024702136862503433,0.0023269466430500155
final_leaf_dm,StayGreen,0.0116705490485126,0.011768395467915789,0.011815324313152943,0.001380263403151368
final_leaf_dm,thetaS,0.006169988479386924,0.010309651929474752,0.022356294221782303,0.002471283598762504
final_leaf_dm,Alfa,-9.836515562160776e-05,0.009837767730817147,0.026954047897198515,0.0029408848010451117
final_leaf_dm,Ks,-0.0016474755770842597,0.006747193310798004,0.025906840277488484,0.0030233402211667796
final_leaf_dm,thetaR,-0.003002657138102441,0.006490921166267496,0.019085007696496497,0.002218180622419847
final_leaf_dm,Diffz,0.0003571729684454358,0.002380523100239399,0.008083700827811846,0.000902091163146904
final_leaf_dm,Diffx,0.00037591957967207656,0.0021081475536977633,0.003348800479868619,0.00031314518688402754
final_leaf_dm,PhyllFrmTassel,-1.5207613430539327e-06,1.5207613430539327e-06,2.535615876631479e-05,3.0055125389905184e-06
final_leaf_n,StayGreen,-0.39315817286829247,0.39315817286829247,0.534650664184599,0.06187334290105036
final_leaf_n,LM_min,-0.3696004204167129,0.3696004204167129,0.5257078385365046,0.06366591967911478
final_leaf_n,Rmax_LTAR,0.24103290277241832,0.24103290277241832,0.4178208161045983,0.04837926807796847
final_leaf_n,JuvenileLeaves,-0.011848604686829474,0.09761789529169508,0.27962981322199393,0.030755077177690503
final_leaf_n,n,0.0064880489758830096,0.012003872454241433,0.05281476951700154,0.00607048351047241
final_leaf_n,Rmax_LTIR,0.007137479481846214,0.008486111471353149,0.10579187448025429,0.012306288004396756
final_leaf_n,thetaR,-0.008155005608889196,0.008300611316509008,0.06104746391126362,0.006927852108282769
final_leaf_n,Ks,-0.0020934786481618187,0.004330143189670964,0.03167888738721595,0.003747557219399675
final_leaf_n,Alfa,-0.00237783369587138,0.0038657430515473415,0.013635827479864306,0.0015270000615922818
final_leaf_n,thetaS,0.0027492438864655305,0.0035547491227750933,0.009850729466261091,0.0011397588192820175
final_leaf_n,Diffx,-0.00029473827391092114,0.0013088620119259653,0.006467740746931481,0.000753731457891096
final_leaf_n,Diffz,-0.0003285949075103775,0.0008889855561964584,0.004294951735246357,0.0005202755141533353
final_leaf_n,PhyllFrmTassel,1.7299931244561025e-06,4.2381571843776466e-05,0.0002939731034149187,3.385048652095219e-05
final_leaves,JuvenileLeaves,0.9881163624402443,0.9881163624402443,0.10087601886096266,0.011776629544416706
final_leaves,Rmax_LTIR,-0.003254688521359329,0.10487755581246076,0.1804182265796028,0.01659721630555574
final_leaves,Rmax_LTAR,-0.04100652748727308,0.05999170470367077,0.12487018911143777,0.01419253251943881
final_leaves,Alfa,-0.0035490844445645636,0.004700638258841488,0.036759509361400315,0.004300597394295962
final_leaves,Ks,-0.00043013739083667545,0.004051800317897551,0.03464651809114179,0.0041689823378932645
final_leaves,n,-0.0009767342107846414,0.0039975336624576,0.029921822005639434,0.0033200633925335402
final_leaves,thetaS,0.0007193721638618574,0.003773840615483828,0.02923975007927778,0.0034463391763748354
final_leaves,LM_min,6.977623967554101e-05,0.003023796291142918,0.03121048260502614,0.0037324145657883765
final_leaves,thetaR,-0.00038070998397944156,0.002158035902434249,0.02587953712578334,0.003188377845735182
final_leaves,StayGreen,0.001326205686825466,0.001326205686825466,0.015951899667446295,0.0018689121028812369
final_leaves,Diffz,0.000573251131575249,0.000573251131575249,0.009558006436435389,0.0011041012024542464
final_leaves,PhyllFrmTassel,0.0,0.0,0.0,0.0
final_leaves,Diffx,0.0,0.0,0.0,0.0
final_massbl_All_C,n,0.9227927956538112,0.925148790085012,0.2920101928428468,0.034153414995592754
final_massbl_All_C,thetaS,-0.39655005845042546,0.41357262090680047,0.25979257132668043,0.028803959007268332
final_massbl_All_C,JuvenileLeaves,0.22998395719493642,0.230320075975049,0.14213602016559265,0.016884132964766846
final_massbl_All_C,LM_min,0.14680251438860592,0.16419788548132555,0.14183224718652898,0.013668879390596717
final_massbl_All_C,Alfa,0.12795982648704604,0.15812616089642312,0.14617024366835543,0.013463643010954068
final_massbl_All_C,Rmax_LTAR,0.13387487436702003,0.13387487436702003,0.09322217232901844,0.011020297851527647
final_massbl_All_C,thetaR,0.053653436956372015,0.07430426301259947,0.10849657644529119,0.011361102235251986
final_massbl_All_C,StayGreen,-0.06327550221771373,0.06632513339368326,0.08589412551991142,0.00986291037752442
final_massbl_All_C,Ks,0.0035071078550905905,0.02422910965795083,0.04239386489587599,0.004012178190462721
final_massbl_All_C,Rmax_LTIR,0.004146588011850442,0.0076105395424071465,0.013435289068753908,0.0014318067222433752
final_massbl_All_C,Diffx,0.0009011643846666585,0.003776718788033329,0.008207129410442032,0.0008620078005118317
final_massbl_All_C,Diffz,-0.0013593154213723093,0.0032419916029502874,0.004839378422559994,0.00046501764602188396
final_massbl_All_C,PhyllFrmTassel,0.001363170351525124,0.0030759501228341556,0.005815651691395222,0.0005926415241589342
final_massbl_All_N,n,0.9278591190586429,0.9311808519486433,0.28034039825987117,0.032501459408424
final_massbl_All_N,thetaS,-0.32507540460832196,0.35183689355111386,0.25835800240285167,0.027548395786560657
final_massbl_All_N,JuvenileLeaves,0.15365170757143942,0.19349452602462092,0.19497207068118683,0.01840739554005644
final_massbl_All_N,Alfa,0.13243011566212307,0.1659164481844666,0.1623332123303354,0.015185480726637597
final_massbl_All_N,LM_min,0.07129242898285222,0.15447223838738047,0.19005000222700433,0.015208340470396977
final_massbl_All_N,Rmax_LTAR,0.14027696983133783,0.14185613323007465,0.1056615180312558,0.01228889956969201
final_massbl_All_N,StayGreen,-0.08529850550649243,0.08958579480655109,0.12138948631422049,0.013908782233888193
final_massbl_All_N,thetaR,0.0410495792702501,0.06753531937436971,0.10786497361389424,0.011084589124297715
final_massbl_All_N,Ks,-0.008695770268006275,0.03301641220182759,0.05029762331826187,0.0044214018055530714
final_massbl_All_N,Diffz,-0.01693978454064966,0.018201140792598956,0.014587778133530153,0.0015408679884697837
final_massbl_All_N,Rmax_LTIR,0.0007729830420897108,0.011575980097946007,0.019387291572729958,0.0017869890137162004
final_massbl_All_N,Diffx,-0.00015386974304809804,0.0068704484031358055,0.01113260122270031,0.0010258969469835507
final_massbl_All_N,PhyllFrmTassel,-0.0011978310572773282,0.005441545640085804,0.008693394361855466,0.0008063304636226624
final_massbl_CFlux,Alfa,0.9378436986852773,0.9378436986852773,0.2688542605883841,0.030573831540529322
final_massbl_CFlux,n,-0.31837663991410464,0.3520638416239631,0.3060984219960872,0.03142304935850084
final_massbl_CFlux,Ks,-0.29891899900029567,0.29891899900029567,0.12186528577103412,0.013659035535526165
final_massbl_CFlux,thetaR,0.11889085375950392,0.11889085375950392,0.05157762330246736,0.006093682622280049
final_massbl_CFlux,thetaS,0.1082444809265162,0.1082444809265162,0.05196561371649996,0.006395031818657699
final_massbl_CFlux,LM_min,0.09719711048855367,0.09719711048855367,0.04974490845736289,0.005816030589857024
final_massbl_CFlux,JuvenileLeaves,0.0906272431448228,0.0906272431448228,0.046447514768901736,0.0054342864414202415
final_massbl_CFlux,Rmax_LTAR,0.0773271215589265,0.0773271215589265,0.037207112881438,0.004388812257715076
final_massbl_CFlux,StayGreen,0.0026975579945015403,0.004329158991036582,0.005592294599659435,0.0005030630698660873
final_massbl_CFlux,Diffz,0.0028724178257495017,0.00342004637372242,0.003284081960184374,0.00032146329131117524
final_massbl_CFlux,Rmax_LTIR,0.0017994956312856923,0.003114654305715392,0.005218809016808039,0.0005324806175486132
final_massbl_CFlux,Diffx,0.0006702195550928316,0.0021636053427324404,0.0031214100272474754,0.0002818484673162252
final_massbl_CFlux,PhyllFrmTassel,0.0007229286444220289,0.0009810039357353128,0.0015818709503029932,0.00017306537338725557
final_massbl_Denitr,JuvenileLeaves,0.0,0.0,0.0,0.0
final_massbl_Denitr,Rmax_LTAR,0.0,0.0,0.0,0.0
final_massbl_Denitr,Rmax_LTIR,0.0,0.0,0.0,0.0
final_massbl_Denitr,PhyllFrmTassel,0.0,0.0,0.0,0.0
final_massbl_Denitr,StayGreen,0.0,0.0,0.0,0.0
final_massbl_Denitr,LM_min,0.0,0.0,0.0,0.0
final_massbl_Denitr,Diffx,0.0,0.0,0.0,0.0
final_massbl_Denitr,Diffz,0.0,0.0,0.0,0.0
final_massbl_Denitr,thetaR,0.0,0.0,0.0,0.0
final_massbl_Denitr,thetaS,0.0,0.0,0.0,0.0
final_massbl_Denitr,Alfa,0.0,0.0,0.0,0.0
final_massbl_Denitr,n,0.0,0.0,0.0,0.0
final_massbl_Denitr,Ks,0.0,0.0,0.0,0.0
final_massbl_Humus_C,n,0.9219962893459204,0.9243553248667913,0.29259677833366293,0.03422574594804001
final_massbl_Humus_C,thetaS,-0.397073185231047,0.4142072017400278,0.2609761798091007,0.028937290052844407
final_massbl_Humus_C,JuvenileLeaves,0.23144241897380716,0.2317800726941855,0.14330064057509762,0.017025017426899457
final_massbl_Humus_C,LM_min,0.14855313986666197,0.1658646757839058,0.1430077817528481,0.013822059531188858
final_massbl_Humus_C,Alfa,0.12690064247193275,0.15769043735512192,0.14656255936637555,0.01345087153745921
final_massbl_Humus_C,Rmax_LTAR,0.13333236944971089,0.13334064617054586,0.09336747095653486,0.011035158440706362
final_massbl_Humus_C,thetaR,0.0538415893265473,0.07462476607269357,0.1090645543650134,0.011415684038722708
final_massbl_Humus_C,StayGreen,-0.06186769962597183,0.06558467091852847,0.08684204491023594,0.00990746334089722
final_massbl_Humus_C,Ks,0.003768491334315529,0.0245222484411282,0.04279101572077007,0.004044386576611902
final_massbl_Humus_C,Rmax_LTIR,0.004124579850273581,0.007621526837528062,0.013498642380858412,0.001439499297283306
final_massbl_Humus_C,Diffx,0.0009437508774266683,0.0038090178210988643,0.008339481772349193,0.00087825182239184
final_massbl_Humus_C,Diffz,-0.0013526680321828935,0.003245874426327452,0.004817049667791161,0.00046115238728228734
final_massbl_Humus_C,PhyllFrmTassel,0.0013834658975316438,0.0031082989665869886,0.005908555559485089,0.0006016872632228071
final_massbl_Humus_N,n,0.9234590740515313,0.925655475258718,0.2920286643841066,0.03426909375221932
final_massbl_Humus_N,thetaS,-0.39501899753473496,0.41272960115481205,0.26139734381904195,0.02893029334910473
final_massbl_Humus_N,JuvenileLeaves,0.2261744709622166,0.2263338693724939,0.14073280119016707,0.016798311977926264
final_massbl_Humus_N,LM_min,0.14635779748852243,0.1629745002025428,0.1403439506402332,0.013681490717543165
final_massbl_Humus_N,Alfa,0.12961556049793996,0.1593920115408843,0.1460874103507943,0.013312327840991829
final_massbl_Humus_N,Rmax_LTAR,0.13107380982389719,0.13107380982389719,0.09096800468242557,0.010734970180603164
final_massbl_Humus_N,thetaR,0.052085549722830304,0.07313757290203464,0.107476221819843,0.011163908276188975
final_massbl_Humus_N,StayGreen,-0.060654553998395505,0.06462857726976087,0.08603627921494329,0.009808279793406859
final_massbl_Humus_N,Ks,0.0022750068614881443,0.02424363329029376,0.040506437796352664,0.0037085476385755925
final_massbl_Humus_N,Rmax_LTIR,0.004020196359271548,0.007812059694522624,0.013461674820239163,0.0014064785952778954
final_massbl_Humus_N,Diffx,0.0008520569866877152,0.003933957269950873,0.008723892081233985,0.0009295452973244584
final_massbl_Humus_N,Diffz,-0.0013798831681044476,0.003356613973288106,0.0049313094129721635,0.0004681929437444509
final_massbl_Humus_N,PhyllFrmTassel,0.0014130925837882642,0.003124021004847709,0.005954598922100569,0.0006042261458259673
final_massbl_Litter_C,JuvenileLeaves,0.0,0.0,0.0,0.0
final_massbl_Litter_C,Rmax_LTAR,0.0,0.0,0.0,0.0
final_massbl_Litter_C,Rmax_LTIR,0.0,0.0,0.0,0.0
final_massbl_Litter_C,PhyllFrmTassel,0.0,0.0,0.0,0.0
final_massbl_Litter_C,StayGreen,0.0,0.0,0.0,0.0
final_massbl_Litter_C,LM_min,0.0,0.0,0.0,0.0
final_massbl_Litter_C,Diffx,0.0,0.0,0.0,0.0
final_massbl_Litter_C,Diffz,0.0,0.0,0.0,0.0
final_massbl_Litter_C,thetaR,0.0,0.0,0.0,0.0
final_massbl_Litter_C,thetaS,0.0,0.0,0.0,0.0
final_massbl_Litter_C,Alfa,0.0,0.0,0.0,0.0
final_massbl_Litter_C,n,0.0,0.0,0.0,0.0
final_massbl_Litter_C,Ks,0.0,0.0,0.0,0.0
final_massbl_Litter_N,JuvenileLeaves,0.0,0.0,0.0,0.0
final_massbl_Litter_N,Rmax_LTAR,0.0,0.0,0.0,0.0
final_massbl_Litter_N,Rmax_LTIR,0.0,0.0,0.0,0.0
final_massbl_Litter_N,PhyllFrmTassel,0.0,0.0,0.0,0.0
final_massbl_Litter_N,StayGreen,0.0,0.0,0.0,0.0
final_massbl_Litter_N,LM_min,0.0,0.0,0.0,0.0
final_massbl_Litter_N,Diffx,0.0,0.0,0.0,0.0
final_massbl_Litter_N,Diffz,0.0,0.0,0.0,0.0
final_massbl_Litter_N,thetaR,0.0,0.0,0.0,0.0
final_massbl_Litter_N,thetaS,0.0,0.0,0.0,0.0
final_massbl_Litter_N,Alfa,0.0,0.0,0.0,0.0
final_massbl_Litter_N,n,0.0,0.0,0.0,0.0
final_massbl_Litter_N,Ks,0.0,0.0,0.0,0.0
final_massbl_Min_N,n,-0.6649701975440412,0.6649701975440412,0.31171940291442185,0.03682010702891727
final_massbl_Min_N,thetaS,0.6240556601328866,0.6243038815541267,0.3124829265856953,0.037230380870945205
final_massbl_Min_N,JuvenileLeaves,-0.5202738679737922,0.5202738679737922,0.2745361292951336,0.03329060685102786
final_massbl_Min_N,LM_min,-0.42407303452455647,0.42413692905091777,0.2553732419613432,0.03004344284389997
final_massbl_Min_N,Alfa,-0.1120725476517674,0.11736587920850856,0.11211364012414787,0.012267616642195991
final_massbl_Min_N,Rmax_LTAR,-0.04815154050630071,0.11493476869881902,0.15073576776012404,0.01244867850664598
final_massbl_Min_N,thetaR,-0.10312249038438191,0.10737698399851994,0.08433226086821353,0.009273130799710625
final_massbl_Min_N,StayGreen,-0.06649715274231598,0.077148326910333,0.0923799067033361,0.009609760538714778
final_massbl_Min_N,Diffz,-0.07200039809239596,0.0724087958230114,0.05035865015254974,0.005707683320718806
final_massbl_Min_N,Ks,-0.049265144543962,0.06140667559204345,0.06350532145061222,0.005848724924686105
final_massbl_Min_N,Rmax_LTIR,-0.009733978024527766,0.03599114414781045,0.0679387420673443,0.007159106838403158
final_massbl_Min_N,PhyllFrmTassel,-0.013682724013936118,0.02447316346302236,0.03877268573863321,0.003813878756582183
final_massbl_Min_N,Diffx,-0.0057639598696521115,0.02077982317804852,0.03195871659522346,0.003018418335051506
final_massbl_OM_CO2_C,n,-0.7816820633440604,0.7842013381735038,0.37438933587775924,0.04347413419574524
final_massbl_OM_CO2_C,thetaS,0.4186396284126645,0.47480010809123735,0.3743665421599661,0.03695113738665758
final_massbl_OM_CO2_C,JuvenileLeaves,-0.3357266715568763,0.33740616499594533,0.261857046662675,0.031245004062337465
final_massbl_OM_CO2_C,LM_min,-0.2855023985904281,0.33135204856176165,0.29355042867663017,0.028124794799119716
final_massbl_OM_CO2_C,StayGreen,-0.07124412469843455,0.21578324598075363,0.25548919861352015,0.017749305460574807
final_massbl_OM_CO2_C,Alfa,-0.02740332718191428,0.17111158370388244,0.22714197477637404,0.017523910472813438
final_massbl_OM_CO2_C,Rmax_LTAR,-0.07054381581237229,0.134949423065697,0.19081627404185328,0.018079143284336616
final_massbl_OM_CO2_C,thetaR,-0.06948783301826296,0.11677711888184633,0.15867715390084433,0.014998822167578767
final_massbl_OM_CO2_C,Ks,-0.025346375136548423,0.06068865004257589,0.10282854871366376,0.01013575460528732
final_massbl_OM_CO2_C,Rmax_LTIR,-0.002126550728251098,0.016306786780508422,0.03390770029250132,0.003548890091636497
final_massbl_OM_CO2_C,Diffx,-0.004560536514328706,0.011389605463984551,0.030824945773944082,0.00334794027455896
final_massbl_OM_CO2_C,PhyllFrmTassel,-0.00330919956728705,0.010034137471248957,0.025257359521739298,0.002588624514056077
final_massbl_OM_CO2_C,Diffz,0.0012836687490576895,0.00849897678408627,0.018623487029849284,0.0018959137715493868
final_massbl_Root_CO2_C,JuvenileLeaves,0.9283124387238567,0.9283124387238567,0.24593890243016397,0.029694762769182637
final_massbl_Root_CO2_C,LM_min,0.2723618023477021,0.2815657023550084,0.24953938248380597,0.028823438202544505
final_massbl_Root_CO2_C,n,0.24197348243524072,0.24396715947968012,0.15035823081853264,0.016985629538427
final_massbl_Root_CO2_C,StayGreen,-0.04583559933151069,0.2317176685553523,0.27468539341741516,0.01854095152379258
final_massbl_Root_CO2_C,thetaS,-0.17936349552542197,0.1799347043109272,0.0991087098667792,0.011913879264323534
final_massbl_Root_CO2_C,Rmax_LTAR,-0.020279944250097593,0.1438198831273717,0.1906259700037361,0.015287946189787944
final_massbl_Root_CO2_C,Rmax_LTIR,-0.08132680792696508,0.12070728676007678,0.14706595859925034,0.01318757120002075
final_massbl_Root_CO2_C,Alfa,0.050496942311184186,0.06151835993870453,0.07309364531672952,0.007767421888304238
final_massbl_Root_CO2_C,thetaR,0.0359590147400817,0.042891115641449803,0.04327695252907826,0.004235488033421533
final_massbl_Root_CO2_C,Ks,0.010810449113627555,0.030426367728258605,0.04389959337632911,0.004031575822198576
final_massbl_Root_CO2_C,PhyllFrmTassel,0.023394276313822134,0.025281913617617568,0.02182731934275294,0.002284095313520706
final_massbl_Root_CO2_C,Diffz,-0.00034707948173107845,0.013074313024884794,0.021971132510011145,0.002059994093453173
final_massbl_Root_CO2_C,Diffx,-0.0006711634085266961,0.012564510883693574,0.018554675524092304,0.0015703642916637627
final_massbl_water,n,-0.9005221570187985,0.9005221570187985,0.3070974663774593,0.037356393820437914
final_massbl_water,thetaS,0.5115676483497839,0.5115676483497839,0.22364677635954336,0.028125251259816957
final_massbl_water,LM_min,-0.23533448941137963,0.2358402563414827,0.17477209591418885,0.02040890040158151
final_massbl_water,thetaR,0.2130567516781017,0.2130567516781017,0.10875213489919343,0.012912449448088177
final_massbl_water,JuvenileLeaves,-0.18932609082383692,0.18932609082383692,0.1162042676280811,0.013731611263952488
final_massbl_water,StayGreen,-0.08068760095647426,0.10763437779311075,0.12476287579311406,0.01176718017825904
final_massbl_water,Rmax_LTAR,-0.046629931156741265,0.0772221496885126,0.09062514714801527,0.007479508123327601
final_massbl_water,Alfa,-0.06935902417417847,0.06935902417417847,0.039215189222268465,0.004755306118104916
final_massbl_water,Ks,-0.02848143122361227,0.02904343085596819,0.01906803353367943,0.0021532689501389726
final_massbl_water,Rmax_LTIR,-0.002588023276187086,0.005337610502159013,0.009000058825399568,0.000934685802177937
final_massbl_water,PhyllFrmTassel,-0.001670261936751638,0.0032736116533901003,0.004848550301863621,0.00045519350325204285
final_massbl_water,Diffx,-0.0008187681549675753,0.0027825092065706485,0.0042657028397894555,0.0003987761420384402
final_massbl_water,Diffz,0.0001468046639529215,0.002334299021021606,0.0034913899512404797,0.000309072321964757
final_mature_leaves,JuvenileLeaves,0.9881163624402443,0.9881163624402443,0.10087601886096266,0.011776629544416706
final_mature_leaves,Rmax_LTIR,-0.003254688521359329,0.10487755581246076,0.1804182265796028,0.01659721630555574
final_mature_leaves,Rmax_LTAR,-0.04100652748727308,0.05999170470367077,0.12487018911143777,0.01419253251943881
final_mature_leaves,Alfa,-0.0035490844445645636,0.004700638258841488,0.036759509361400315,0.004300597394295962
final_mature_leaves,Ks,-0.00043013739083667545,0.004051800317897551,0.03464651809114179,0.0041689823378932645
final_mature_leaves,n,-0.0009767342107846414,0.0039975336624576,0.029921822005639434,0.0033200633925335402
final_mature_leaves,thetaS,0.0007193721638618574,0.003773840615483828,0.02923975007927778,0.0034463391763748354
final_mature_leaves,LM_min,6.977623967554101e-05,0.003023796291142918,0.03121048260502614,0.0037324145657883765
final_mature_leaves,thetaR,-0.00038070998397944156,0.002158035902434249,0.02587953712578334,0.003188377845735182
final_mature_leaves,StayGreen,0.001326205686825466,0.001326205686825466,0.015951899667446295,0.0018689121028812369
final_mature_leaves,Diffz,0.000573251131575249,0.000573251131575249,0.009558006436435389,0.0011041012024542464
final_mature_leaves,PhyllFrmTassel,0.0,0.0,0.0,0.0
final_mature_leaves,Diffx,0.0,0.0,0.0,0.0
final_n_demand,LM_min,0.7914642482159792,0.7914642482159792,0.35231081617791,0.041797082005191354
final_n_demand,JuvenileLeaves,0.584702999429148,0.5866300725637204,0.32863852311976316,0.03807931180970501
final_n_demand,StayGreen,0.2132743324300947,0.31590872957423666,0.3255544411022679,0.026741707784272525
final_n_demand,Rmax_LTAR,0.24661284435969474,0.2781816686398553,0.30122024957547916,0.03234779079880103
final_n_demand,thetaS,0.15928372048039963,0.15928372048039963,0.1399370306611029,0.016402239417049356
final_n_demand,n,-0.15504646240648326,0.15504646240648326,0.14007288188137376,0.016488321109048215
final_n_demand,PhyllFrmTassel,0.04157919780917618,0.04157919780917618,0.03106076775364463,0.00356998580732797
final_n_demand,thetaR,-0.03960539205233201,0.0408747200450922,0.046008790715572935,0.005398446448853793
final_n_demand,Rmax_LTIR,0.029171569350506885,0.040668934560907595,0.04884625349049672,0.00459034980189747
final_n_demand,Alfa,-0.025072551752842294,0.0306033707306267,0.03898258097313134,0.004201989739996421
final_n_demand,Ks,-0.014021766867332816,0.01730599500863366,0.020669104819388537,0.0020863651340877407
final_n_demand,Diffx,0.0012261245644580154,0.006709005953994468,0.010405210076414984,0.0009500749589121044
final_n_demand,Diffz,2.6503695918757634e-06,0.005550362348359581,0.009091014110010363,0.0008539316874065289
final_n_leach,thetaS,-0.7486754777529805,0.7486754777529805,0.4156887053052698,0.050079995921731735
final_n_leach,JuvenileLeaves,0.4890832422960501,0.4890832422960501,0.3239149276237253,0.038869825932171836
final_n_leach,LM_min,0.46772554574485575,0.46772554574485575,0.3150065152278415,0.03784135996564026
final_n_leach,n,0.3502007088135803,0.35438055561898185,0.3127589118217578,0.036403332679224715
final_n_leach,thetaR,0.16359655603724785,0.16359655603724785,0.12265191180123218,0.01429056720673468
final_n_leach,Rmax_LTAR,0.1029778443930453,0.12371034680614278,0.15764097382800205,0.016464181643244178
final_n_leach,StayGreen,0.08974014523123887,0.0918626146023351,0.11397209400106259,0.013252620947733837
final_n_leach,Alfa,0.06421360112152294,0.07592741505964844,0.10585529561412582,0.01130387297234031
final_n_leach,Ks,0.07331716423304807,0.07331716423304807,0.06504370277312611,0.0073364273027298685
final_n_leach,Diffz,0.047213397116369266,0.04774370382474181,0.04381931700599043,0.004929613174313522
final_n_leach,Rmax_LTIR,0.006767201332562834,0.020959909064992375,0.04207244005633505,0.004414177057189816
final_n_leach,PhyllFrmTassel,0.01092300359945241,0.0159903246040756,0.031635554726842256,0.0033572923610191673
final_n_leach,Diffx,0.0027440295352000733,0.01141491667264525,0.023259676260151213,0.0024357418089150378
final_n_uptake,n,-0.7800545735335195,0.8217626763815511,0.42957081403611547,0.0410916606991334
final_n_uptake,thetaS,0.3696299188638702,0.4237549872652104,0.3374296098767571,0.03180776334884798
final_n_uptake,JuvenileLeaves,-0.11984466653238672,0.24444003629069894,0.3350620757900426,0.03056493429627787
final_n_uptake,LM_min,-0.03325246708502017,0.21178812883567763,0.294207682383847,0.023921692508961957
final_n_uptake,Alfa,0.10869707019218634,0.19877416605098136,0.27382416068827076,0.02497330369538682
final_n_uptake,Rmax_LTAR,-0.003615522700856162,0.15091167168736253,0.20574872492335117,0.016592292481269
final_n_uptake,StayGreen,0.08526082544644936,0.11829499052962233,0.15605082765232586,0.01571167642082582
final_n_uptake,Ks,-0.06114331986589695,0.0979981233354155,0.12077295879766661,0.010648048298246709
final_n_uptake,thetaR,0.02263716714592312,0.08979882430572171,0.15404534955002502,0.014552531271161717
final_n_uptake,Rmax_LTIR,-0.014028277050987678,0.07045047336134588,0.1086878547578517,0.010065155812785694
final_n_uptake,Diffz,-0.0035182080703323386,0.05715171441427965,0.1044019626759766,0.010425458932433856
final_n_uptake,Diffx,-0.0014416039598399296,0.04538013913387033,0.07052620176257283,0.006358509237758969
final_n_uptake,PhyllFrmTassel,0.0011541190801819263,0.007248474442604838,0.013125538811680867,0.0013065355525788687
final_root_depth_d95,JuvenileLeaves,0.0,0.0,0.0,0.0
final_root_depth_d95,Rmax_LTAR,0.0,0.0,0.0,0.0
final_root_depth_d95,Rmax_LTIR,0.0,0.0,0.0,0.0
final_root_depth_d95,PhyllFrmTassel,0.0,0.0,0.0,0.0
final_root_depth_d95,StayGreen,0.0,0.0,0.0,0.0
final_root_depth_d95,LM_min,0.0,0.0,0.0,0.0
final_root_depth_d95,Diffx,0.0,0.0,0.0,0.0
final_root_depth_d95,Diffz,0.0,0.0,0.0,0.0
final_root_depth_d95,thetaR,0.0,0.0,0.0,0.0
final_root_depth_d95,thetaS,0.0,0.0,0.0,0.0
final_root_depth_d95,Alfa,0.0,0.0,0.0,0.0
final_root_depth_d95,n,0.0,0.0,0.0,0.0
final_root_depth_d95,Ks,0.0,0.0,0.0,0.0
final_root_depth_max,JuvenileLeaves,0.0,0.0,0.0,0.0
final_root_depth_max,Rmax_LTAR,0.0,0.0,0.0,0.0
final_root_depth_max,Rmax_LTIR,0.0,0.0,0.0,0.0
final_root_depth_max,PhyllFrmTassel,0.0,0.0,0.0,0.0
final_root_depth_max,StayGreen,0.0,0.0,0.0,0.0
final_root_depth_max,LM_min,0.0,0.0,0.0,0.0
final_root_depth_max,Diffx,0.0,0.0,0.0,0.0
final_root_depth_max,Diffz,0.0,0.0,0.0,0.0
final_root_depth_max,thetaR,0.0,0.0,0.0,0.0
final_root_depth_max,thetaS,0.0,0.0,0.0,0.0
final_root_depth_max,Alfa,0.0,0.0,0.0,0.0
final_root_depth_max,n,0.0,0.0,0.0,0.0
final_root_depth_max,Ks,0.0,0.0,0.0,0.0
final_root_dm,JuvenileLeaves,0.971258249270281,0.971258249270281,0.23376318613260547,0.028702790041940787
final_root_dm,LM_min,0.30718850834622596,0.30718850834622596,0.1300830396662363,0.015482613576129433
final_root_dm,n,0.21825453551564966,0.21825556333001606,0.13439435536218813,0.015782775545707624
final_root_dm,thetaS,-0.179301268932043,0.179301268932043,0.08890060941322045,0.010810144905576738
final_root_dm,Rmax_LTIR,-0.09196386250652167,0.12829080372198332,0.14827997791571412,0.013644669557602691
final_root_dm,Rmax_LTAR,-0.026608818696881212,0.08709269458704069,0.11919626378795255,0.010137942954283921
final_root_dm,Alfa,0.035115912816460745,0.04933869063816215,0.0586118660590671,0.005536767592394795
final_root_dm,thetaR,0.03126472940336745,0.03584669243899573,0.0337659506577127,0.003320823765315783
final_root_dm,Ks,0.015473454282156768,0.026168779630603215,0.03446356043663679,0.003219040351441239
final_root_dm,PhyllFrmTassel,0.023660659265811776,0.023909108726197264,0.016022625663505066,0.0018553225923450822
final_root_dm,StayGreen,0.01510293653493318,0.022288594736895664,0.02592499444751529,0.0023083906954191264
final_root_dm,Diffx,-0.0004465879172303389,0.010409964350135853,0.014389281097087378,0.0011584274828937964
final_root_dm,Diffz,0.00014460613335148554,0.009541487757446605,0.01530550881625179,0.001400174310891006
final_runoff,JuvenileLeaves,0.0,0.0,0.0,0.0
final_runoff,Rmax_LTAR,0.0,0.0,0.0,0.0
final_runoff,Rmax_LTIR,0.0,0.0,0.0,0.0
final_runoff,PhyllFrmTassel,0.0,0.0,0.0,0.0
final_runoff,StayGreen,0.0,0.0,0.0,0.0
final_runoff,LM_min,0.0,0.0,0.0,0.0
final_runoff,Diffx,0.0,0.0,0.0,0.0
final_runoff,Diffz,0.0,0.0,0.0,0.0
final_runoff,thetaR,0.0,0.0,0.0,0.0
final_runoff,thetaS,0.0,0.0,0.0,0.0
final_runoff,Alfa,0.0,0.0,0.0,0.0
final_runoff,n,0.0,0.0,0.0,0.0
final_runoff,Ks,0.0,0.0,0.0,0.0
final_shoot_dm,LM_min,0.7880278514772963,0.789138391919541,0.35877122270366235,0.04260130657091447
final_shoot_dm,JuvenileLeaves,0.43619502923292264,0.48203138975494947,0.3544590923225814,0.033931787191610344
final_shoot_dm,StayGreen,0.19217474177250227,0.3315078127394533,0.35369237989502783,0.027256472173020584
final_shoot_dm,Rmax_LTAR,0.2590356630481413,0.28992902267158677,0.30781683648778696,0.032728458585089375
final_shoot_dm,thetaS,0.22983699939815455,0.22983699939815455,0.18688477695754388,0.021792997102389706
final_shoot_dm,n,-0.2282493134605015,0.2282493134605015,0.1873221434956645,0.022134675960833426
final_shoot_dm,Rmax_LTIR,0.0759203108437764,0.08001601306089157,0.07503976306817546,0.008226351337221945
final_shoot_dm,thetaR,-0.05269084134590022,0.05272571811030087,0.05063434402349465,0.006003367607099398
final_shoot_dm,Alfa,-0.03966038874573133,0.04320086475777666,0.054109779317684584,0.006207935668780726
final_shoot_dm,Ks,-0.01924398758057627,0.02141802809979264,0.02486553152470749,0.0027022216015486896
final_shoot_dm,PhyllFrmTassel,0.008775461249436055,0.011085229797357826,0.013512460847665005,0.0013838966559129395
final_shoot_dm,Diffx,0.0012488744191948265,0.006477327148712185,0.009463745094397218,0.0008284880640123781
final_shoot_dm,Diffz,5.544951754089072e-06,0.005192879028671476,0.008720483404424094,0.0008123637814016689
final_soil_root_dm,JuvenileLeaves,0.970789089399955,0.970789089399955,0.23432459119791757,0.02876808461914063
final_soil_root_dm,LM_min,0.3076174433107247,0.3076174433107247,0.13011446077106642,0.015502887664419736
final_soil_root_dm,n,0.22099452630648975,0.22099452630648975,0.1348693124181316,0.015845927030804407
final_soil_root_dm,thetaS,-0.18051506166232434,0.18051506166232434,0.08972263096317944,0.010916797837187553
final_soil_root_dm,Rmax_LTIR,-0.09160975995829584,0.12782648086064455,0.14779038723108293,0.01360210899404849
final_soil_root_dm,Rmax_LTAR,-0.030151447978895938,0.08719632706220755,0.11852971746342474,0.010106838461061604
final_soil_root_dm,Alfa,0.03599258812807774,0.04993988846068502,0.05893791289943094,0.005591235663930411
final_soil_root_dm,thetaR,0.031512753816615266,0.03603922595213582,0.03396078160934504,0.0033499114227501224
final_soil_root_dm,Ks,0.015475860212119375,0.026254198085074225,0.034563506580333046,0.003227755603363295
final_soil_root_dm,PhyllFrmTassel,0.023520005917828803,0.02378489458450624,0.016044107263373505,0.0018512682594376839
final_soil_root_dm,StayGreen,0.015325997879512951,0.02234288904350985,0.025893124420412944,0.0023219350471135516
final_soil_root_dm,Diffx,-0.0009972768895301833,0.010458325120502696,0.014412018178316449,0.001159227693511858
final_soil_root_dm,Diffz,0.0002348723303685574,0.009557424137819069,0.015357706260000858,0.0014070912620578247
final_soluble_c,StayGreen,-0.516659200450835,0.5285115006073402,0.5395515715954091,0.061942197819723696
final_soluble_c,LM_min,-0.3496593355979854,0.4279128212052317,0.5419711411377234,0.05694553273773238
final_soluble_c,Rmax_LTAR,0.2256628989577299,0.31248718936433767,0.47872360443550793,0.050542452828623234
final_soluble_c,JuvenileLeaves,0.16261436185951103,0.25965649063907653,0.43697766669096033,0.04709788534973724
final_soluble_c,n,-0.004653421111725507,0.09441247051386359,0.22500973464113072,0.024364737883048767
final_soluble_c,thetaS,-0.007626359834475316,0.04167260230603709,0.13651553657091212,0.015561183669658857
final_soluble_c,Alfa,0.002972637205650723,0.037103359573765086,0.10574324711840644,0.011369220472222417
final_soluble_c,thetaR,-0.006431844154086388,0.029830110359337636,0.0978447945523661,0.011261566360817502
final_soluble_c,Ks,0.001308955777612312,0.02970757103485217,0.08642879594828817,0.009768206790431864
final_soluble_c,Rmax_LTIR,0.0051753191967226445,0.021782084394603957,0.0729439225428333,0.008060695347870805
final_soluble_c,Diffx,0.0005314720425878023,0.01428646184501865,0.0641442415143209,0.00720060224635926
final_soluble_c,Diffz,0.0025089794785125995,0.008866320343404743,0.0463623372294267,0.005201534869057825
final_soluble_c,PhyllFrmTassel,7.831291314798792e-05,0.00037653947453095116,0.0045418321029981204,0.0005320562464898687
final_stem_dm,JuvenileLeaves,0.9035267262442648,0.9035267262442648,0.31581242012483285,0.03854017098107017
final_stem_dm,Rmax_LTAR,-0.5566939270752522,0.5566939270752522,0.24004572771682361,0.028379630144447405
final_stem_dm,LM_min,0.20431057948004308,0.20575437351576523,0.10824415885695081,0.012914491342098117
final_stem_dm,Rmax_LTIR,0.14019649990259025,0.1501874929221046,0.15231748691518102,0.01681259661899504
final_stem_dm,n,-0.03984961938744528,0.04774128573824793,0.06266298132111536,0.006612147044644311
final_stem_dm,thetaS,0.03054706262916251,0.035071188659824074,0.05001578405515487,0.005675138071741564
final_stem_dm,Alfa,-0.007844998741813384,0.020703848730967717,0.05384698694861427,0.005820445759252732
final_stem_dm,Ks,-0.0041763856749350865,0.015396336812150238,0.05671016473485764,0.00660825519878136
final_stem_dm,PhyllFrmTassel,0.014667089519259787,0.014667089519259787,0.007599849690536551,0.0008582314590712636
final_stem_dm,thetaR,-0.007582043266977044,0.013845572766172263,0.034915277820279644,0.0040316195810983675
final_stem_dm,StayGreen,0.0025713107485385717,0.007363303696146952,0.02165729090893224,0.0024203185118873427
final_stem_dm,Diffz,0.0014576246780315058,0.004250598125647204,0.012979682795763175,0.0014329123913994388
final_stem_dm,Diffx,0.0005918004141440378,0.0041012033550407246,0.006440033759854477,0.0005731984483119286
final_sum_GasSink_0_10,thetaS,-0.6308745376844194,0.7451910708467199,0.5144672245738078,0.039678350503399976
final_sum_GasSink_0_10,n,-0.6465214534207345,0.6603266158334212,0.3863462702122577,0.04077694900914885
final_sum_GasSink_0_10,Alfa,-0.09431198810138035,0.25674704294390993,0.36661463812227,0.03353277147012633
final_sum_GasSink_0_10,JuvenileLeaves,0.08502605615540708,0.21446663309179959,0.351089383816701,0.03434409923921184
final_sum_GasSink_0_10,thetaR,0.13215552939597944,0.17233163163133572,0.1891656872945874,0.01742749365648222
final_sum_GasSink_0_10,LM_min,0.04564535461535195,0.1539048775544785,0.28224517370207347,0.028233967565534108
final_sum_GasSink_0_10,Rmax_LTAR,-0.01600024589852709,0.09344011157945577,0.2568513155462516,0.027421176158946015
final_sum_GasSink_0_10,Ks,-0.01999341718497437,0.07646490206089633,0.22372951611097525,0.02464295982831929
final_sum_GasSink_0_10,Diffz,0.02897988337085661,0.030608036930212596,0.02323112495974434,0.002459113395602167
final_sum_GasSink_0_10,StayGreen,-0.006380047710985755,0.0200847157805637,0.05192705510827892,0.005654505368574214
final_sum_GasSink_0_10,Rmax_LTIR,0.0023518029731178828,0.014537080464988094,0.034257878319446225,0.0037548866998880766
final_sum_GasSink_0_10,PhyllFrmTassel,0.0014458181429308982,0.01111004739230162,0.03735850439678679,0.004384480473539585
final_sum_GasSink_0_10,Diffx,0.0008617728561001799,0.007700245325451443,0.020005564255975408,0.002232733436430449
final_sum_GasSink_0_20,thetaS,-0.7461618417032397,0.8007275882197682,0.45554485186566157,0.04177595469560569
final_sum_GasSink_0_20,n,-0.5307383511805225,0.5521431098574002,0.37020031049680935,0.03761431498771134
final_sum_GasSink_0_20,JuvenileLeaves,0.1950831833150697,0.27500871332083293,0.30665939051661023,0.028859654347759705
final_sum_GasSink_0_20,Alfa,-0.03179099634151048,0.25324692042572344,0.3579943429738014,0.03119916352667428
final_sum_GasSink_0_20,thetaR,0.15353210318542906,0.18838477730871322,0.1793854082042384,0.01662780500101683
final_sum_GasSink_0_20,LM_min,0.08280038070807846,0.17998322432084357,0.22505732250035426,0.01865253447525999
final_sum_GasSink_0_20,Rmax_LTAR,-0.03552579148911752,0.11561919346668038,0.20634887659231005,0.020127349135865013
final_sum_GasSink_0_20,Ks,-0.013523550384121069,0.09519209797405082,0.21531864922817565,0.02273288571121567
final_sum_GasSink_0_20,StayGreen,-0.018742401459083805,0.035394233385241766,0.08851868224271846,0.01029959203636782
final_sum_GasSink_0_20,Rmax_LTIR,0.004025902956019361,0.028449018850111613,0.06542199585484317,0.007318957855660235
final_sum_GasSink_0_20,Diffz,0.02042474677216338,0.02518024689679084,0.029606795225012063,0.003061397649664264
final_sum_GasSink_0_20,PhyllFrmTassel,0.007694599704290384,0.019216183838695357,0.03886819605462159,0.004140637320913966
final_sum_GasSink_0_20,Diffx,-0.0002059229424524806,0.014588648813051037,0.03317151680067835,0.0035319514632827995
final_sum_GasSink_0_200,JuvenileLeaves,0.7318109187952869,0.740737223248548,0.3254527535375131,0.03635911426061328
final_sum_GasSink_0_200,StayGreen,-0.31131056073133473,0.4855036800068669,0.49726919006189935,0.039405932056171586
final_sum_GasSink_0_200,thetaS,-0.39691033481678073,0.39838788876586195,0.18092953059638564,0.02150770132126471
final_sum_GasSink_0_200,LM_min,0.07654848282200667,0.3131982170286553,0.41378445669981473,0.0332429649997231
final_sum_GasSink_0_200,n,0.230245562728796,0.24119941860852204,0.18908382658856404,0.019815661241280758
final_sum_GasSink_0_200,Rmax_LTAR,0.053682719361494595,0.20190884385329325,0.30468711779947455,0.027421965933928323
final_sum_GasSink_0_200,Alfa,0.14611873474086584,0.14711984668791434,0.09440760917793999,0.010706139121183365
final_sum_GasSink_0_200,thetaR,0.06840819489654308,0.07018086210425224,0.0783391178268941,0.00900063233463
final_sum_GasSink_0_200,Rmax_LTIR,-0.04754063220130807,0.0673057176073183,0.08516398093841776,0.00822953773440729
final_sum_GasSink_0_200,Ks,-0.041142849834162935,0.04912913281630031,0.06578798295637854,0.007309385030327714
final_sum_GasSink_0_200,PhyllFrmTassel,0.01996172703069585,0.021034784499823156,0.020182316159064292,0.002272498966345808
final_sum_GasSink_0_200,Diffz,0.013308631846178637,0.014732629850732384,0.015681594375737053,0.0017011240258708977
final_sum_GasSink_0_200,Diffx,-0.005488878408521442,0.011334248293082421,0.014446353483083756,0.0012528069941412868
final_sum_GasSink_10_20,thetaS,-0.8067413240021526,0.8189771743069241,0.4003021167036572,0.044095025649246264
final_sum_GasSink_10_20,n,-0.3247923400102456,0.40879660053192823,0.3945712081441707,0.033692136526047065
final_sum_GasSink_10_20,JuvenileLeaves,0.3071560735744541,0.3832849990093809,0.3443167534485816,0.03130145264848163
final_sum_GasSink_10_20,LM_min,0.12626326117914258,0.268097459107495,0.3482963991741865,0.03042652280907065
final_sum_GasSink_10_20,Alfa,0.0019720795797349058,0.2131520832843489,0.35780180188975236,0.033292901170110016
final_sum_GasSink_10_20,thetaR,0.17146305303229112,0.2102693394061297,0.20527827773664115,0.019739642437025945
final_sum_GasSink_10_20,Rmax_LTAR,-0.024157833708146153,0.14020270325881276,0.23402043782966842,0.022507360655954413
final_sum_GasSink_10_20,Ks,0.02366345291849109,0.10398785109540568,0.21572092483907832,0.023447573245408297
final_sum_GasSink_10_20,StayGreen,-0.02845176852926113,0.04956974659977561,0.13103218487078136,0.015342870691774731
final_sum_GasSink_10_20,Rmax_LTIR,0.006475709398487198,0.04184805933611274,0.09460286629963208,0.010433264858271491
final_sum_GasSink_10_20,PhyllFrmTassel,0.013154118880602158,0.026789527767806756,0.05584767990098785,0.006005545017830477
final_sum_GasSink_10_20,Diffz,0.008200280436657752,0.021467228810055944,0.05207389411173555,0.005690377380823752
final_sum_GasSink_10_20,Diffx,-0.0006951286592789805,0.02100671701695879,0.05534268156872644,0.006004680445230816
final_sum_GasSink_120_200,JuvenileLeaves,0.7260407819958695,0.735004491362708,0.32645920883210156,0.0364294995445365
final_sum_GasSink_120_200,StayGreen,-0.3129777124853199,0.4890130231444142,0.5002859117115732,0.03951875285509104
final_sum_GasSink_120_200,thetaS,-0.38935442038509777,0.3909226712826426,0.17899435537276842,0.02118802218905012
final_sum_GasSink_120_200,LM_min,0.07564540313893998,0.315648599465037,0.4172868649464337,0.0335070252295104
final_sum_GasSink_120_200,n,0.24588420845738232,0.2555512195291787,0.1905084129034631,0.020090620023973254
final_sum_GasSink_120_200,Rmax_LTAR,0.0589011948394735,0.20452022742269005,0.30639744560643034,0.027578753057755253
final_sum_GasSink_120_200,Alfa,0.14845916618425267,0.14944768909628806,0.09502278255019077,0.01076300595498048
final_sum_GasSink_120_200,thetaR,0.0666029064326902,0.06864988686304604,0.07838272225961664,0.008973188587167483
final_sum_GasSink_120_200,Rmax_LTIR,-0.047905171949443395,0.06711695060569377,0.08498982320602817,0.008265653531093422
final_sum_GasSink_120_200,Ks,-0.04131188637206834,0.04925994643190217,0.06573849974291202,0.007308656465041432
final_sum_GasSink_120_200,PhyllFrmTassel,0.0196334138417021,0.020876304544876635,0.020512996902894026,0.002291541008917653
final_sum_GasSink_120_200,Diffz,0.013301896113898093,0.01474159026914612,0.01576752866618787,0.0017067648162716227
final_sum_GasSink_120_200,Diffx,-0.005457884685840209,0.011306056374075073,0.014438600368071586,0.0012551812785042533
final_sum_GasSink_20_40,n,-0.5373201099449219,0.567486436796485,0.38997268836771953,0.0404495085609185
final_sum_GasSink_20_40,JuvenileLeaves,0.5167172462825759,0.5566999410955353,0.4062913009596485,0.041896133953733566
final_sum_GasSink_20_40,thetaS,-0.43513356082307214,0.49878798384025463,0.43867202390409693,0.04258360469425742
final_sum_GasSink_20_40,LM_min,0.06859161241483364,0.29008956339972064,0.3742896286737905,0.02887915786405708
final_sum_GasSink_20_40,Rmax_LTAR,-0.24575474444330192,0.26626342597119224,0.2689731984820628,0.027841181200327976
final_sum_GasSink_20_40,Alfa,-0.021899197113913492,0.13767974111634407,0.2263462720364312,0.02140405397027802
final_sum_GasSink_20_40,thetaR,0.1000349205586998,0.12781790550787636,0.1451068196172188,0.013679846393089844
final_sum_GasSink_20_40,Ks,0.00043169127740475726,0.08286742101984555,0.1472344492554511,0.01455453520576608
final_sum_GasSink_20_40,StayGreen,-0.0537525511898752,0.07384806645695698,0.10280950259950013,0.010978012578120616
final_sum_GasSink_20_40,Rmax_LTIR,-0.0034657673398170094,0.06634831731688715,0.11655949309906204,0.011671803642059914
final_sum_GasSink_20_40,PhyllFrmTassel,0.026886134014092088,0.036796961519835754,0.057223740871972205,0.005944729671539642
final_sum_GasSink_20_40,Diffx,-0.0044078657220373565,0.029816495401871996,0.053001544702497495,0.005121024713118197
final_sum_GasSink_20_40,Diffz,-0.004477740845434496,0.01795974256142658,0.025089747315439434,0.0020497466784748226
final_sum_GasSink_80_120,JuvenileLeaves,0.7433269269773448,0.7433269269773448,0.34824882446936567,0.040684888187308914
final_sum_GasSink_80_120,n,-0.5447487053131798,0.5464217444797602,0.27878935834369134,0.03268417444480854
final_sum_GasSink_80_120,Rmax_LTAR,-0.31304541600354097,0.3230987385492207,0.25005030945937157,0.02705021866002933
final_sum_GasSink_80_120,LM_min,0.08602659318420977,0.2162426253989101,0.3010432062713617,0.027218308066593314
final_sum_GasSink_80_120,thetaS,-0.16412023002264772,0.19727945421442802,0.22038722056888027,0.023681040482641857
final_sum_GasSink_80_120,Alfa,-0.0745704576935887,0.08524289833566397,0.08720002238511414,0.00885755857703259
final_sum_GasSink_80_120,StayGreen,-0.056062440953662036,0.08181899334276879,0.12125215566513947,0.01270469499980574
final_sum_GasSink_80_120,thetaR,0.0433336546818401,0.07830355419686454,0.10227102796734337,0.009071925212746789
final_sum_GasSink_80_120,Rmax_LTIR,-0.01212139345702622,0.07661494897377523,0.1264613807726265,0.012060519051093984
final_sum_GasSink_80_120,Ks,-0.004680310005445551,0.05332947987317716,0.07452205208094223,0.006344694863829156
final_sum_GasSink_80_120,PhyllFrmTassel,0.02559508291264278,0.028478501413700102,0.03435723400518629,0.0039361777895177115
final_sum_GasSink_80_120,Diffx,-0.002864798683803488,0.02383149754656447,0.033992569118519333,0.002859472361190424
final_sum_GasSink_80_120,Diffz,0.0006225987249181415,0.014495328560502067,0.021408947028692955,0.0019245183950005382
final_sum_NitSink_0_10,thetaS,0.5057255213857701,0.7624480392961003,0.6802960631007698,0.04178537703387893
final_sum_NitSink_0_10,JuvenileLeaves,-0.15071375470451928,0.5007726454132229,0.5768568598292237,0.037332960102252455
final_sum_NitSink_0_10,LM_min,-0.22111891415492813,0.48453257683651274,0.5296056008954644,0.03679874375126549
final_sum_NitSink_0_10,n,0.03379531576181316,0.4538819673782956,0.5672603476010241,0.03924007429016719
final_sum_NitSink_0_10,Alfa,0.23044127239176165,0.27413513551564445,0.2713030441477469,0.025624249307614838
final_sum_NitSink_0_10,StayGreen,-0.16302483136782978,0.1879267971794235,0.1883310086506442,0.018647259528875252
final_sum_NitSink_0_10,Rmax_LTAR,-0.009556083149169484,0.17498839415821368,0.24283165411468885,0.01938095120055999
final_sum_NitSink_0_10,Ks,-0.12907002632685213,0.15194252622890805,0.13830009575245236,0.013229921467992505
final_sum_NitSink_0_10,thetaR,-0.031085783675270817,0.12387829843292707,0.16849931550521668,0.013636288494948277
final_sum_NitSink_0_10,Diffz,0.07567681759300508,0.11085525208142864,0.1404965993635116,0.013642046192694449
final_sum_NitSink_0_10,Rmax_LTIR,-0.018316656731438584,0.04215300666927621,0.07430264973410065,0.007809728978625665
final_sum_NitSink_0_10,PhyllFrmTassel,-0.0052527771430525986,0.023875681908769753,0.03892773242771792,0.0037319440210446483
final_sum_NitSink_0_10,Diffx,-0.00024539405333010337,0.022457306107123758,0.03246469488111813,0.002753772022568149
final_sum_NitSink_0_20,thetaS,0.6824222780837843,0.7181986635076341,0.42980490596507875,0.04395834428246366
final_sum_NitSink_0_20,LM_min,-0.4454786696636106,0.46603165626483856,0.34044101899489415,0.03848453436802534
final_sum_NitSink_0_20,JuvenileLeaves,-0.37384958649022165,0.4322975830829673,0.36273442910724285,0.033258847504195395
final_sum_NitSink_0_20,n,-0.2062707046513312,0.3391746477493077,0.3691710491734208,0.030391557612030284
final_sum_NitSink_0_20,StayGreen,-0.21738199544734527,0.21861047186891186,0.2051302606347008,0.023710339298303858
final_sum_NitSink_0_20,Alfa,0.17346809343099018,0.21358140991037397,0.21043568966297177,0.019613371548269854
final_sum_NitSink_0_20,Rmax_LTAR,-0.027757277546413706,0.1571799758667679,0.21096230566303015,0.01657818644724709
final_sum_NitSink_0_20,Ks,-0.13854029702701245,0.1439311716171618,0.1231719485766691,0.01375738491903124
final_sum_NitSink_0_20,thetaR,-0.06392073541011863,0.10312538978031707,0.12982872155407063,0.011760748599992432
final_sum_NitSink_0_20,Diffz,0.0375486167963092,0.08078968069738962,0.12304285348407314,0.011680917616067482
final_sum_NitSink_0_20,Rmax_LTIR,-0.019744747120033622,0.039714971183792906,0.06869852204913167,0.00711448975694593
final_sum_NitSink_0_20,Diffx,-0.005216555322872197,0.020041104753530773,0.029921132225191743,0.0026616356278701477
final_sum_NitSink_0_20,PhyllFrmTassel,-0.009923575294463775,0.01919869290342604,0.030485568036800085,0.0029937291995393144
final_sum_NitSink_0_200,StayGreen,-0.22196255416434021,0.5380698076571729,0.623921137445463,0.04567923089602331
final_sum_NitSink_0_200,LM_min,-0.237924685847346,0.521465518690842,0.5846379816126981,0.04197386961666138
final_sum_NitSink_0_200,n,-0.3358178554459239,0.4562433321514152,0.4753938180555626,0.041218229999412624
final_sum_NitSink_0_200,JuvenileLeaves,-0.1010901084625119,0.39493030237840365,0.5273218270490375,0.04333673948134449
final_sum_NitSink_0_200,Rmax_LTAR,-0.058101722687690406,0.39332773075754296,0.5252506340975599,0.039052593612762955
final_sum_NitSink_0_200,thetaS,0.19194232686171467,0.36487272417268984,0.4503201558370648,0.038459829134552787
final_sum_NitSink_0_200,Alfa,0.05046483134179901,0.2885146996005578,0.42193524775552355,0.03716687654277554
final_sum_NitSink_0_200,Ks,-0.08375555449909479,0.26450694412402853,0.4105558062055776,0.03796491826060417
final_sum_NitSink_0_200,thetaR,-0.0149296581330167,0.23884033571508043,0.39212934906052604,0.03692077195595858
final_sum_NitSink_0_200,Diffz,-0.031517431283493595,0.23092908491078415,0.3950138659815708,0.03828376784336518
final_sum_NitSink_0_200,Rmax_LTIR,-0.03653817424931659,0.1990718980517011,0.35433822341694216,0.03453551365187198
final_sum_NitSink_0_200,Diffx,-0.013406405339182416,0.18919889628387446,0.3545587574277657,0.035212238356339874
final_sum_NitSink_0_200,PhyllFrmTassel,-0.04025163981611371,0.168408060228099,0.3345470340329217,0.03368387693186972
final_sum_NitSink_10_20,thetaS,0.43002966469416404,0.6006623057314481,0.598944864459602,0.049303550544950454
final_sum_NitSink_10_20,JuvenileLeaves,-0.3937791433118248,0.5250110303201205,0.5159563142575312,0.04693592016957275
final_sum_NitSink_10_20,LM_min,-0.40768944506769605,0.5128993075430116,0.5030709503664035,0.04648912678828819
final_sum_NitSink_10_20,n,-0.4264050477690862,0.493628520695041,0.47019194853510154,0.04775460454871256
final_sum_NitSink_10_20,Alfa,-0.061738256686306746,0.26806358778952993,0.4247757716476111,0.039541434810833435
final_sum_NitSink_10_20,Rmax_LTAR,-0.025931145649762923,0.16337090894943926,0.26478655592709893,0.0244846040108048
final_sum_NitSink_10_20,Ks,-0.03545811426405726,0.13874901853323063,0.25910403415207567,0.02665074621995218
final_sum_NitSink_10_20,thetaR,-0.07091514235056795,0.13085258672261083,0.20420183216754934,0.020240285218848665
final_sum_NitSink_10_20,StayGreen,-0.11375660427128315,0.1288580279996953,0.19201110023146126,0.020581705995848857
final_sum_NitSink_10_20,Diffz,-0.058094898860633536,0.05985887409733158,0.06428468782681517,0.007134584458176616
final_sum_NitSink_10_20,Rmax_LTIR,-0.0029746643332326074,0.04289523134562484,0.11146229369099177,0.01223672775069698
final_sum_NitSink_10_20,Diffx,-0.009414974882737145,0.030684175549779993,0.0717262756622551,0.007790502184130216
final_sum_NitSink_10_20,PhyllFrmTassel,-0.016018842154176566,0.029194106438107572,0.07393392137217508,0.008165265759503418
final_sum_NitSink_120_200,StayGreen,-0.2000614225039512,0.5638533351613015,0.6591510131072361,0.046812016582416016
final_sum_NitSink_120_200,LM_min,-0.14874379995276255,0.5219600640736056,0.6206793434847583,0.04395297426812049
final_sum_NitSink_120_200,n,-0.24187141247877417,0.41514970199309525,0.4901549550408453,0.04020155856840657
final_sum_NitSink_120_200,JuvenileLeaves,0.0003429783955305609,0.4095307516281372,0.5559680560162579,0.044999231986286935
final_sum_NitSink_120_200,Rmax_LTAR,-0.04402122925124261,0.4058550276234946,0.5435591682816876,0.03986256403496899
final_sum_NitSink_120_200,thetaS,0.005376170841201446,0.3322624737310049,0.4562651899136534,0.03675401321911464
final_sum_NitSink_120_200,Alfa,0.024342896359552522,0.3031512281104368,0.44478418817887766,0.03853601792325734
final_sum_NitSink_120_200,Ks,-0.05212842637208908,0.2700489098129052,0.4419484903738812,0.04084393327284375
final_sum_NitSink_120_200,thetaR,0.0036223521351720156,0.24122433635858134,0.40430464592574344,0.038241236655663625
final_sum_NitSink_120_200,Diffz,-0.039455952884511744,0.23891825743658343,0.41191038164120986,0.040383953418827445
final_sum_NitSink_120_200,Rmax_LTIR,-0.04024873196699055,0.21102838940173205,0.37795262543705366,0.0367586350207701
final_sum_NitSink_120_200,Diffx,-0.010611670083228152,0.2003916917248419,0.37670027473021356,0.03731056040337533
final_sum_NitSink_120_200,PhyllFrmTassel,-0.04460099453030093,0.17670698313401043,0.3573623073276788,0.035896830664326876
final_sum_NitSink_20_40,n,-0.4431251935598865,0.6782249923686776,0.6403260226116979,0.04443370640861848
final_sum_NitSink_20_40,thetaS,0.44518717337400726,0.6545822631513605,0.6121875817003747,0.04539956675660866
final_sum_NitSink_20_40,JuvenileLeaves,-0.24326256774048285,0.45446418581861614,0.5326916675730329,0.04271235938600454
final_sum_NitSink_20_40,LM_min,-0.17440957969369414,0.411248905121937,0.5169150487605938,0.042699742412510615
final_sum_NitSink_20_40,thetaR,-0.07489421878957699,0.15617408554959988,0.20774149145464615,0.01832970905805673
final_sum_NitSink_20_40,Rmax_LTAR,-0.04883885409971293,0.13454757454736682,0.20721185969704753,0.01876526693939072
final_sum_NitSink_20_40,Alfa,0.016356016083381993,0.1335452617613514,0.24705630983451776,0.024201440421875726
final_sum_NitSink_20_40,Ks,-0.05402091331551725,0.11956092570736702,0.19429154042606478,0.019563257569797755
final_sum_NitSink_20_40,StayGreen,-0.01469798735114037,0.05462836862622157,0.0941581312993159,0.009407309111177427
final_sum_NitSink_20_40,Rmax_LTIR,-0.009202001664229579,0.02586169935072571,0.0737596386171169,0.008237487723837306
final_sum_NitSink_20_40,Diffx,-0.00879679140087196,0.019002978537444395,0.07993601136332008,0.009102265141110144
final_sum_NitSink_20_40,Diffz,0.006935114272613944,0.011999321882508893,0.01973161316507838,0.0020458890395178486
final_sum_NitSink_20_40,PhyllFrmTassel,-0.002445645305751442,0.010286885725001834,0.027526011650359707,0.002971409762524726
final_sum_NitSink_80_120,n,-0.565728861555803,0.6480375553908515,0.5866010552320469,0.05651619356474523
final_sum_NitSink_80_120,thetaS,0.24647866485802888,0.5027962209481882,0.6770684930242035,0.06138538076319892
final_sum_NitSink_80_120,JuvenileLeaves,-0.13420021649121153,0.31133699203594273,0.4751580992595073,0.044694577290165786
final_sum_NitSink_80_120,LM_min,-0.21558878274455645,0.27028746795903996,0.3992523394852192,0.04348047519172766
final_sum_NitSink_80_120,thetaR,-0.07607793230425251,0.140545581358418,0.2857793760581827,0.029616123632746325
final_sum_NitSink_80_120,Alfa,-0.11016047952553196,0.12379003394867528,0.2624277574425946,0.028428377625319624
final_sum_NitSink_80_120,Ks,0.006848590085137259,0.10828469188665414,0.25289310221353206,0.027002655278741593
final_sum_NitSink_80_120,StayGreen,-0.0839249204040363,0.08776961924917674,0.14878749610732786,0.01693466426484459
final_sum_NitSink_80_120,Rmax_LTAR,-0.031737903187332876,0.07853243747843487,0.17559124019740507,0.01836218844884185
final_sum_NitSink_80_120,PhyllFrmTassel,-0.014671897544853273,0.018920114251285893,0.10675799076636822,0.012381497177145442
final_sum_NitSink_80_120,Diffz,0.002116971127717356,0.015661761315697815,0.07370813029301794,0.008543634432132446
final_sum_NitSink_80_120,Diffx,-0.0015025035625327557,0.014120937772290378,0.05933630538773712,0.006708186534043333
final_sum_NitSink_80_120,Rmax_LTIR,-0.006269174135954505,0.011894169483145358,0.030374948681292414,0.003411517353823162
final_sum_RDenM_0_10,thetaS,-0.7242248795553315,0.7242248795553315,0.4138591057231435,0.04865913762956717
final_sum_RDenM_0_10,n,0.6053056834340594,0.6053056834340594,0.3662435361326994,0.04295860545805111
final_sum_RDenM_0_10,JuvenileLeaves,0.4936130979970025,0.4936130979970025,0.34128140828903447,0.04070067913683808
final_sum_RDenM_0_10,LM_min,0.37383934273588737,0.37383934273588737,0.27257291824741886,0.03168785649379142
final_sum_RDenM_0_10,thetaR,0.15766962377244859,0.15984482840352626,0.14553244598293888,0.01612511359168504
final_sum_RDenM_0_10,Rmax_LTAR,0.10835594210644159,0.14104133988087567,0.17196985433780684,0.016445247949940508
final_sum_RDenM_0_10,Alfa,0.12498098014135788,0.1289056937943197,0.12533224544684055,0.014280490354143574
final_sum_RDenM_0_10,Diffz,0.09674340325999466,0.0972700138040848,0.06921151701769401,0.008101501861968122
final_sum_RDenM_0_10,Ks,0.07568993575360099,0.08246636333234267,0.10026893731021569,0.011339238721277246
final_sum_RDenM_0_10,StayGreen,0.040214791352591914,0.0605725798351595,0.08142648838882076,0.007455453266785526
final_sum_RDenM_0_10,Rmax_LTIR,0.00784145317955422,0.03993377517273306,0.08344232303469626,0.00897753972045906
final_sum_RDenM_0_10,PhyllFrmTassel,0.01238019515274094,0.023448277787437265,0.03791653896996485,0.003912118179850098
final_sum_RDenM_0_10,Diffx,0.004008163739009917,0.02109211470910556,0.03454298968232318,0.0032807266624961234
final_sum_RDenM_0_20,thetaS,-0.7580479611233527,0.7580479611233527,0.40179567443967573,0.04755919281403313
final_sum_RDenM_0_20,JuvenileLeaves,0.5589452330405938,0.5589452330405938,0.3636673153366713,0.04331786407515652
final_sum_RDenM_0_20,n,0.486206319100069,0.486206319100069,0.3038375977616536,0.035143684449801586
final_sum_RDenM_0_20,LM_min,0.3730143675112999,0.3730143675112999,0.25994718964982894,0.030405118433528
final_sum_RDenM_0_20,thetaR,0.16156507109750406,0.16243541709483117,0.1360763993636444,0.015309349058383964
final_sum_RDenM_0_20,Rmax_LTAR,0.05142563368111721,0.12729666964416544,0.16737375794744405,0.013481034060906871
final_sum_RDenM_0_20,Ks,0.09034087957487,0.09189271753182307,0.08951168836714044,0.010434619722867714
final_sum_RDenM_0_20,Alfa,0.059114424643269076,0.08500241442539233,0.11341803357642889,0.011128504002101938
final_sum_RDenM_0_20,StayGreen,0.03448246471008905,0.05230592711290019,0.06896365558069453,0.006350510373875389
final_sum_RDenM_0_20,Rmax_LTIR,0.009772199383306151,0.04342900724062869,0.0933971793054036,0.010326438994130063
final_sum_RDenM_0_20,Diffz,0.03668127246995609,0.03882462560937852,0.03761627208148451,0.004201112525514483
final_sum_RDenM_0_20,PhyllFrmTassel,0.016553514076338934,0.025582391229101373,0.0401088863490578,0.004255118164548894
final_sum_RDenM_0_20,Diffx,0.004654421767296746,0.020463771968971794,0.0330847546716963,0.003134241027102166
final_sum_RDenM_0_200,JuvenileLeaves,0.8418520941786652,0.8418520941786652,0.3208098570496882,0.03837497493788056
final_sum_RDenM_0_200,n,0.6033915457025291,0.6033915457025291,0.2501096615032151,0.02917313282133458
final_sum_RDenM_0_200,LM_min,0.38328839798842684,0.38328839798842684,0.18845444262029817,0.02244006954158509
final_sum_RDenM_0_200,Alfa,0.19334529871394726,0.19334529871394726,0.08984425758684995,0.010368355340483254
final_sum_RDenM_0_200,Rmax_LTAR,0.10969854169499593,0.14439029547350327,0.16507994714917762,0.016511970115861353
final_sum_RDenM_0_200,Rmax_LTIR,-0.058774896465141065,0.08081343223481198,0.09695212171184354,0.009130649974993158
final_sum_RDenM_0_200,thetaS,-0.025275567704258456,0.07361430135885841,0.09329094937848141,0.007390409170157072
final_sum_RDenM_0_200,Ks,-0.04656361571752637,0.04965446962977238,0.04006260378999686,0.004294849112192569
final_sum_RDenM_0_200,StayGreen,0.047807865140965695,0.0488303337805282,0.04319782897955924,0.005124177420692469
final_sum_RDenM_0_200,thetaR,-0.022677988423509526,0.035775622766581916,0.04283661255741104,0.00376464113979391
final_sum_RDenM_0_200,PhyllFrmTassel,0.023765061673577847,0.025249521493325072,0.025196157156337846,0.002857165612734718
final_sum_RDenM_0_200,Diffz,0.024603729842740316,0.02514016420517599,0.021240800242832966,0.0024050424630552834
final_sum_RDenM_0_200,Diffx,-0.007645589338321721,0.0130096376153779,0.015331906165478519,0.0012688389507595893
final_sum_RDenM_10_20,thetaS,-0.761846848294262,0.761846848294262,0.3944447680810499,0.046767711902055475
final_sum_RDenM_10_20,JuvenileLeaves,0.5778051287980123,0.5778051287980123,0.36830722848469666,0.04391911087358766
final_sum_RDenM_10_20,n,0.43999614862103387,0.43999614862103387,0.283114882620361,0.03254980295841233
final_sum_RDenM_10_20,LM_min,0.36954398935781096,0.36954398935781096,0.2548224165605367,0.02987131183278547
final_sum_RDenM_10_20,thetaR,0.16115750490491287,0.1618402437678559,0.13258004233633972,0.015013769962683799
final_sum_RDenM_10_20,Rmax_LTAR,0.030105853843277085,0.12409559840250683,0.17012105143929582,0.013595707400617874
final_sum_RDenM_10_20,Ks,0.09424795589053811,0.09527263201321043,0.08617762798046993,0.01008957531854287
final_sum_RDenM_10_20,Alfa,0.03480402398861415,0.07788990678314946,0.11070797343021425,0.009931228900643463
final_sum_RDenM_10_20,StayGreen,0.03207857550354244,0.04933260759155956,0.06512475144486424,0.00602792640469925
final_sum_RDenM_10_20,Rmax_LTIR,0.010482460773081247,0.04473115873591381,0.09688160842695404,0.010783392231711503
final_sum_RDenM_10_20,PhyllFrmTassel,0.017771776122998517,0.026371664036189346,0.041458835452584955,0.004433044863826014
final_sum_RDenM_10_20,Diffz,0.014498751800252568,0.022117658465061737,0.029871924372618135,0.0029528684372673074
final_sum_RDenM_10_20,Diffx,0.004791199176902795,0.020287520275552057,0.03254094352501618,0.003070244955490624
final_sum_RDenM_120_200,JuvenileLeaves,0.8367110144212385,0.8367110144212385,0.32128616499642837,0.03831384319201087
final_sum_RDenM_120_200,n,0.6101017722109432,0.6101017722109432,0.25310311027270616,0.029530666189729143
final_sum_RDenM_120_200,LM_min,0.38148086307166873,0.38148086307166873,0.1894243419315065,0.02254996277666869
final_sum_RDenM_120_200,Alfa,0.1972074275037064,0.1972074275037064,0.09165859916015622,0.010592555768742353
final_sum_RDenM_120_200,Rmax_LTAR,0.11677693066894294,0.15069696448498732,0.16942907587477957,0.01702475104399902
final_sum_RDenM_120_200,Rmax_LTIR,-0.05985980354106852,0.08136578799334172,0.09715646173505824,0.009182929347775225
final_sum_RDenM_120_200,thetaS,-0.016145875740568215,0.07387220353413934,0.09721284541985238,0.007722940459500712
final_sum_RDenM_120_200,Ks,-0.04902814229579093,0.05177614427872233,0.04128559949834272,0.004486656666000143
final_sum_RDenM_120_200,StayGreen,0.0475386411019416,0.04874958902354878,0.043292883875206155,0.005110174656515148
final_sum_RDenM_120_200,thetaR,-0.025125575372319093,0.03711966297090475,0.04395262789352488,0.0039717042708634995
final_sum_RDenM_120_200,Diffz,0.02495755833215001,0.025499480772459983,0.021583090919969686,0.0024444454627381277
final_sum_RDenM_120_200,PhyllFrmTassel,0.023530264597227353,0.025310707882806358,0.02589703952650407,0.0029064936513179813
final_sum_RDenM_120_200,Diffx,-0.007783372007699658,0.013170354774216702,0.015458964486948909,0.0012743908710646256
final_sum_RDenM_20_40,JuvenileLeaves,0.7995361860894995,0.7995361860894995,0.3576649666263009,0.04322533708472489
final_sum_RDenM_20_40,thetaS,-0.5502953936586821,0.5502953936586821,0.29366396296416264,0.035667730397427364
final_sum_RDenM_20_40,LM_min,0.3706881455440147,0.37317341292596395,0.24385054554429275,0.029011226883516726
final_sum_RDenM_20_40,n,0.287297414690187,0.28795615826012416,0.20461023571332487,0.022819781823032338
final_sum_RDenM_20_40,Rmax_LTAR,-0.15112903303323372,0.1912086599601212,0.23129632467448508,0.02250446661037932
final_sum_RDenM_20_40,thetaR,0.11078632995021635,0.11500749076250835,0.09865714660467369,0.011004459940787012
final_sum_RDenM_20_40,Ks,0.07142784682417946,0.07593823904434732,0.0737865229257209,0.008183242670534555
final_sum_RDenM_20_40,Alfa,0.0057636783108922195,0.06615024212279216,0.09567933092306377,0.008052414703651515
final_sum_RDenM_20_40,Rmax_LTIR,0.014868874544426324,0.0638855910612746,0.12603971724412294,0.01362623709524822
final_sum_RDenM_20_40,StayGreen,0.04119982622704651,0.055164116239253096,0.07221474341471164,0.007161465386395313
final_sum_RDenM_20_40,PhyllFrmTassel,0.027719890659891926,0.034045529926356115,0.04986503110355453,0.0055373991307627185
final_sum_RDenM_20_40,Diffx,0.002508271058682533,0.024359121410936158,0.03481109320535878,0.002924033305200465
final_sum_RDenM_20_40,Diffz,-0.002308968741105195,0.01621908796429545,0.023330426494498343,0.0019694429660560312
final_sum_RDenM_80_120,JuvenileLeaves,0.869478393927774,0.869478393927774,0.3044207897619781,0.036869596773911856
final_sum_RDenM_80_120,LM_min,0.29521822859125707,0.32255556352781534,0.3082752150403788,0.03392813153380586
final_sum_RDenM_80_120,Rmax_LTAR,-0.29562538144941414,0.3085454670539881,0.25567212606867484,0.02789564636781047
final_sum_RDenM_80_120,thetaS,-0.002848590336734128,0.18239580715755532,0.23356124808930537,0.016789986827782332
final_sum_RDenM_80_120,n,-0.004952502249170669,0.14133651495103125,0.19576059167554727,0.01586801625003392
final_sum_RDenM_80_120,Rmax_LTIR,-0.00758375009069783,0.07800034150720289,0.12828704630885443,0.012112539403635516
final_sum_RDenM_80_120,thetaR,0.0006791442453611251,0.07235867211296626,0.10358975186842255,0.00859409498695354
final_sum_RDenM_80_120,StayGreen,0.04876669252318256,0.05677392860472396,0.09697580929093126,0.01057162828079012
final_sum_RDenM_80_120,Alfa,-0.01677108815019352,0.05603282025902572,0.07804375966099272,0.006673341925382466
final_sum_RDenM_80_120,Ks,0.011325052228053726,0.05278429805351772,0.07485552524470646,0.00665230477062198
final_sum_RDenM_80_120,PhyllFrmTassel,0.02351244422686803,0.027006046528461777,0.03544926750827365,0.003954526592296959
final_sum_RDenM_80_120,Diffx,-0.002200014102001296,0.02351162130605973,0.032149465963216294,0.00257210428972956
final_sum_RDenM_80_120,Diffz,0.0006540774941502549,0.013422144813069371,0.01935143131272239,0.0016656712751397654
final_sum_RDenY_0_10,n,0.7711405626440321,0.7711405626440321,0.390573360760438,0.046065800302744854
final_sum_RDenY_0_10,thetaS,-0.5072163190869664,0.5111226800332491,0.39720045530625214,0.045324768282004144
final_sum_RDenY_0_10,JuvenileLeaves,0.4708579995427567,0.4715242078684273,0.3454563755858573,0.04036683920936765
final_sum_RDenY_0_10,LM_min,0.19795846236641054,0.2590529540994951,0.3053677294767954,0.029773822274465667
final_sum_RDenY_0_10,Alfa,0.2398937204022827,0.24195053089083396,0.18255572145287594,0.021564402515543573
final_sum_RDenY_0_10,Rmax_LTAR,0.07727800032265242,0.15179393601963864,0.21265635366149632,0.019356030902721193
final_sum_RDenY_0_10,thetaR,0.1255869360533131,0.1409479370612497,0.16753347809962185,0.01773180200762598
final_sum_RDenY_0_10,StayGreen,-0.10566897070513703,0.11472952941943469,0.14144377441478362,0.015540731234358
final_sum_RDenY_0_10,Diffz,0.11186080840386307,0.11262868255238928,0.07680476659162658,0.008915974557043415
final_sum_RDenY_0_10,Ks,0.02087434386520805,0.08350162764283474,0.12853606338489448,0.011767982874911905
final_sum_RDenY_0_10,Rmax_LTIR,0.0012556026550156662,0.0463212934706175,0.08365028388892344,0.00848116054957036
final_sum_RDenY_0_10,PhyllFrmTassel,0.015366406186961255,0.030502658310715303,0.05068039486056117,0.005217195444432767
final_sum_RDenY_0_10,Diffx,0.002805366309916499,0.02489323534415299,0.03915711446629434,0.003589457875698232
final_sum_RDenY_0_20,thetaS,-0.703227962829683,0.703227962829683,0.38924089368697895,0.045956085493506334
final_sum_RDenY_0_20,n,0.5822740999137568,0.5822740999137568,0.3223280599106031,0.03760982572257023
final_sum_RDenY_0_20,JuvenileLeaves,0.5643436182369457,0.5643436182369457,0.35298328265967915,0.04200338055582478
final_sum_RDenY_0_20,LM_min,0.24336420256676813,0.26452960147511173,0.2523234811964567,0.026452531036083693
final_sum_RDenY_0_20,thetaR,0.1553588785437608,0.15916461504442087,0.1453677391243676,0.016006682212699533
final_sum_RDenY_0_20,Rmax_LTAR,0.057386635746717325,0.1442091479538931,0.18966173387926605,0.015533428626052653
final_sum_RDenY_0_20,Alfa,0.11517966164008385,0.12843411199888408,0.13717872149072768,0.014877272973192216
final_sum_RDenY_0_20,StayGreen,-0.1021490201871459,0.10746292408982298,0.12879079045761743,0.014549970908532729
final_sum_RDenY_0_20,Ks,0.068379623733632,0.08002051481514537,0.09447575655707544,0.01022371790141832
final_sum_RDenY_0_20,Diffz,0.04686329777022506,0.050234597626754376,0.049804953360330036,0.005412228219299035
final_sum_RDenY_0_20,Rmax_LTIR,0.007607675499325073,0.04912418434175904,0.09519253313857313,0.010035116725070682
final_sum_RDenY_0_20,PhyllFrmTassel,0.017808678932245525,0.031156563479073515,0.04934828783701562,0.0051215217202229815
final_sum_RDenY_0_20,Diffx,0.004139891625309558,0.024289290143415358,0.03903908636266504,0.0036672959612213383
final_sum_RDenY_0_200,JuvenileLeaves,0.8236718174874132,0.8236718174874132,0.3037761841204037,0.035783773999335806
final_sum_RDenY_0_200,n,0.5746512207311898,0.5746512207311898,0.26635365151704177,0.030874825305405983
final_sum_RDenY_0_200,thetaS,-0.30334628400205477,0.31476881165894177,0.21087066057178985,0.023851662255001575
final_sum_RDenY_0_200,StayGreen,-0.22828866258593236,0.2293465527288808,0.1809496126729064,0.02119911698366437
final_sum_RDenY_0_200,LM_min,0.12923298049366327,0.21549632854045286,0.25592324638251573,0.021304367898110597
final_sum_RDenY_0_200,Rmax_LTAR,-0.07449736358689192,0.1643494123404553,0.1965779947787203,0.015283000743504907
final_sum_RDenY_0_200,Alfa,0.13911755491609942,0.14128845877402998,0.0978134919864729,0.01093950081966693
final_sum_RDenY_0_200,thetaR,0.03830083017110698,0.07339497346434903,0.08884234320514114,0.007168819983346196
final_sum_RDenY_0_200,Rmax_LTIR,-0.03585451865876506,0.06526248590928288,0.1004169449751457,0.009826728383650538
final_sum_RDenY_0_200,Ks,-0.008014295588309971,0.04802091314197269,0.06537997486146335,0.00565459407217124
final_sum_RDenY_0_200,PhyllFrmTassel,0.04155630969550572,0.04676381203564699,0.048294346745436076,0.005021583388392904
final_sum_RDenY_0_200,Diffz,-0.014765135980103246,0.022586386109503774,0.028215899295847672,0.002611591497688265
final_sum_RDenY_0_200,Diffx,0.0018027725177251809,0.01925913695818057,0.02738609219084532,0.0022422502655332997
final_sum_RDenY_10_20,thetaS,-0.7575221218371975,0.7575221218371975,0.39312049195961807,0.04675062214931998
final_sum_RDenY_10_20,JuvenileLeaves,0.5817703184346095,0.5817703184346095,0.3685360181593152,0.044008723879933605
final_sum_RDenY_10_20,n,0.4709796473488274,0.4709796473488274,0.2919504335421501,0.03360891462124365
final_sum_RDenY_10_20,LM_min,0.25612076853981347,0.26695636227069847,0.24021342392909786,0.025980250888334788
final_sum_RDenY_10_20,thetaR,0.1641106575154314,0.16562404563788716,0.14307470884287346,0.016073547419632857
final_sum_RDenY_10_20,Rmax_LTAR,0.04655177926392746,0.14038339935992789,0.1877153437497586,0.01524047584923851
final_sum_RDenY_10_20,StayGreen,-0.09646114521522722,0.10050463887848426,0.12243705687216222,0.014011158269469848
final_sum_RDenY_10_20,Ks,0.08795763779732424,0.09165656995479177,0.0896566489431772,0.01044012362097791
final_sum_RDenY_10_20,Alfa,0.05162770721552187,0.08976552441028911,0.12150659923813567,0.011285204182689345
final_sum_RDenY_10_20,Rmax_LTIR,0.010560593487251722,0.048684042706459714,0.09643208265786904,0.010250306607017897
final_sum_RDenY_10_20,PhyllFrmTassel,0.018113708506111957,0.03010942985615229,0.047781706206715575,0.00500222304452675
final_sum_RDenY_10_20,Diffz,0.012231018468030395,0.025489176122670792,0.03780027358368612,0.003548552607941526
final_sum_RDenY_10_20,Diffx,0.004600548610026384,0.023321585255740667,0.03824540707501333,0.0036622298565379794
final_sum_RDenY_120_200,JuvenileLeaves,0.8172867637933633,0.8172867637933633,0.30396409891121023,0.03579301944180766
final_sum_RDenY_120_200,n,0.58242072143811,0.58242072143811,0.27127901194464,0.031446372413332147
final_sum_RDenY_120_200,thetaS,-0.2966674224468012,0.31164857165250365,0.21743537853714368,0.024034117260020322
final_sum_RDenY_120_200,StayGreen,-0.22797237096721545,0.22916994209997307,0.18099271380964452,0.021163723208687292
final_sum_RDenY_120_200,LM_min,0.12780136014737528,0.217199851713067,0.2609450558925023,0.021756166309509054
final_sum_RDenY_120_200,Rmax_LTAR,-0.06969279543318775,0.1648641341561088,0.1997898055389967,0.01545702629332011
final_sum_RDenY_120_200,Alfa,0.14216093522102058,0.14451905455171926,0.10013769416989055,0.011161604708404648
final_sum_RDenY_120_200,thetaR,0.03554527554174358,0.0753243917348679,0.09231109832770647,0.007252636812096934
final_sum_RDenY_120_200,Rmax_LTIR,-0.03690981301850031,0.06590519710751214,0.1014922214510157,0.009985932087114567
final_sum_RDenY_120_200,Ks,-0.010528280647379231,0.049792443692945075,0.06769823431675717,0.005895107948859542
final_sum_RDenY_120_200,PhyllFrmTassel,0.04158817805257337,0.04750128405864832,0.05012913766834324,0.005161417563018373
final_sum_RDenY_120_200,Diffz,-0.015670335737566585,0.023465363115157026,0.029147055392231114,0.0027203046751121543
final_sum_RDenY_120_200,Diffx,0.0018744415798148018,0.019608900069297403,0.027844841795027563,0.002271183961786492
final_sum_RDenY_20_40,JuvenileLeaves,0.7800161216082986,0.7800161216082986,0.35535374858663094,0.042254534672576095
final_sum_RDenY_20_40,thetaS,-0.5950652611485795,0.5950652611485795,0.31839490074987625,0.038553429244435826
final_sum_RDenY_20_40,n,0.32363563987564076,0.32621931622026434,0.22713192050869346,0.024721267013733974
final_sum_RDenY_20_40,LM_min,0.18419964742285574,0.2475031971041118,0.26007839890286105,0.023439813152985267
final_sum_RDenY_20_40,Rmax_LTAR,-0.1165822002540968,0.2099835188238711,0.2665434716598178,0.023723169965991785
final_sum_RDenY_20_40,StayGreen,-0.17173993255583875,0.1738046514676527,0.16328682681171094,0.019139007591247762
final_sum_RDenY_20_40,thetaR,0.12823018871007782,0.13353580856527297,0.12081903081455203,0.013580262334764075
final_sum_RDenY_20_40,Ks,0.06982672493410204,0.08134324835276653,0.08530755993992045,0.008769360113115578
final_sum_RDenY_20_40,Alfa,0.02090585211544779,0.08044644306171168,0.11394397164754856,0.009584462898100023
final_sum_RDenY_20_40,Rmax_LTIR,0.012407511916941491,0.07143836358930591,0.13125736184753944,0.01348135252796064
final_sum_RDenY_20_40,PhyllFrmTassel,0.030921821117115347,0.04295043841070538,0.06373808917790898,0.006867353635109564
final_sum_RDenY_20_40,Diffx,0.0029160448470813213,0.029098864909992903,0.04198030323506952,0.0035541192427819943
final_sum_RDenY_20_40,Diffz,-0.004271761664436805,0.02333966330984902,0.03434032266547883,0.003017177404611652
final_sum_RDenY_80_120,JuvenileLeaves,0.7860736451349546,0.7861993091297272,0.31640340659526284,0.03712076046104396
final_sum_RDenY_80_120,Rmax_LTAR,-0.3563823581058989,0.38575415738080127,0.30465161301525695,0.031377861353328526
final_sum_RDenY_80_120,thetaS,0.27332242791993694,0.30899768181676185,0.2900701698054892,0.030747655147865583
final_sum_RDenY_80_120,StayGreen,-0.2723526039551616,0.2784626807730566,0.24123325285121955,0.02801123123023403
final_sum_RDenY_80_120,LM_min,-0.07808310137853594,0.2614395923355284,0.34946712710078703,0.028520899590318997
final_sum_RDenY_80_120,n,-0.12967578546776243,0.19777959919726087,0.2376262637505006,0.022357129356356545
final_sum_RDenY_80_120,thetaR,-0.03324108115241698,0.09679500015798986,0.13009064691969655,0.01070746660330111
final_sum_RDenY_80_120,Rmax_LTIR,-0.006273680194885786,0.07822511159822187,0.13208703725511822,0.012350502110186316
final_sum_RDenY_80_120,Alfa,-0.014981868839271639,0.07125620282428968,0.099271024651967,0.00820225725892372
final_sum_RDenY_80_120,Ks,-0.024138532872384516,0.06818302573538777,0.09146433196032562,0.007852699288956586
final_sum_RDenY_80_120,PhyllFrmTassel,0.032615052270264525,0.03984022919606846,0.04558167887298503,0.00472976129473733
final_sum_RDenY_80_120,Diffx,-0.004199350261482291,0.031304654435385076,0.04384540095810392,0.003571598454116429
final_sum_RDenY_80_120,Diffz,-8.224939981814947e-05,0.021784992964825146,0.03105592955479965,0.002522671027545039
final_sum_RMassM_0_10,thetaS,-0.7242886519364119,0.7242886519364119,0.41383046540196633,0.04865346467700976
final_sum_RMassM_0_10,n,0.6053570814646143,0.6053570814646143,0.36623378852366967,0.042956066335767575
final_sum_RMassM_0_10,JuvenileLeaves,0.49359258680137774,0.49359258680137774,0.3412368045025135,0.040694328705654884
final_sum_RMassM_0_10,LM_min,0.37387593285889165,0.37387593285889165,0.2726493246822617,0.03169207295062028
final_sum_RMassM_0_10,thetaR,0.15768684394843555,0.15988698434224247,0.14554328876084138,0.016124691441060775
final_sum_RMassM_0_10,Rmax_LTAR,0.10837750405005754,0.14105649095339004,0.17196842764773407,0.016444216467874386
final_sum_RMassM_0_10,Alfa,0.12497085878740528,0.12887938465188725,0.12533706533664693,0.014279501152098525
final_sum_RMassM_0_10,Diffz,0.09672198671591058,0.09724568348999219,0.06917980545762509,0.008096427820071892
final_sum_RMassM_0_10,Ks,0.07557385718213397,0.08237470694672444,0.10020394816570506,0.011334898865982644
final_sum_RMassM_0_10,StayGreen,0.04017494596203715,0.06055340310383605,0.0814424806365992,0.007453147550569889
final_sum_RMassM_0_10,Rmax_LTIR,0.00787829705185863,0.03991723992327786,0.08336210386674323,0.008972258505655051
final_sum_RMassM_0_10,PhyllFrmTassel,0.012335096279693777,0.023452327313037206,0.03787584842516404,0.0039037356018434377
final_sum_RMassM_0_10,Diffx,0.003914721050433125,0.021129582664847324,0.0345127644582316,0.003267452615063927
final_sum_RMassM_0_20,thetaS,-0.7580361930065511,0.7580361930065511,0.40175424777404756,0.04755196319350863
final_sum_RMassM_0_20,JuvenileLeaves,0.5589662089073006,0.5589662089073006,0.36365142944710915,0.04331778235645015
final_sum_RMassM_0_20,n,0.4861983552760335,0.4861983552760335,0.303804808177148,0.03513934168734198
final_sum_RMassM_0_20,LM_min,0.37296867422719904,0.37296867422719904,0.2599350002733759,0.03040716342339646
final_sum_RMassM_0_20,thetaR,0.1615690076577304,0.16246899065997386,0.13608180245523252,0.015308709970781353
final_sum_RMassM_0_20,Rmax_LTAR,0.0514295192260962,0.1273125239221458,0.16737800399138875,0.01347972156238324
final_sum_RMassM_0_20,Ks,0.09034674175745123,0.09187858595299475,0.08944744795248759,0.010428373157668983
final_sum_RMassM_0_20,Alfa,0.05907068902863951,0.08490442462908568,0.11334309119519324,0.011128384933159402
final_sum_RMassM_0_20,StayGreen,0.03446092327190872,0.05236148243742188,0.06901743957852897,0.006350409288430473
final_sum_RMassM_0_20,Rmax_LTIR,0.009719228129652441,0.04341838144068204,0.09329302395361269,0.010324494149964477
final_sum_RMassM_0_20,Diffz,0.036641155921342976,0.03880468591904121,0.03758343208622389,0.004195672808981697
final_sum_RMassM_0_20,PhyllFrmTassel,0.016544312461319224,0.025554592608425873,0.040015486423886894,0.00424255683647305
final_sum_RMassM_0_20,Diffx,0.004662965226336642,0.020525562451159857,0.03314271951576174,0.003136935309329232
final_sum_RMassM_0_200,JuvenileLeaves,0.8418878851673129,0.8418878851673129,0.3207754336471936,0.038376347195275926
final_sum_RMassM_0_200,n,0.6032642001712092,0.6032642001712092,0.2500431817183759,0.029169978112587664
final_sum_RMassM_0_200,LM_min,0.38329785602510535,0.38329785602510535,0.18850623800463184,0.022441816054141722
final_sum_RMassM_0_200,Alfa,0.19343630695290956,0.19343630695290956,0.08984974708592817,0.010367367456763494
final_sum_RMassM_0_200,Rmax_LTAR,0.10969807632246864,0.1443173490936089,0.16499835789616085,0.0165145798413725
final_sum_RMassM_0_200,Rmax_LTIR,-0.058784410197880825,0.08083477170273938,0.09703121195655573,0.009142049215133742
final_sum_RMassM_0_200,thetaS,-0.025181657732109147,0.07362725666473652,0.09340695947009396,0.007406469736554349
final_sum_RMassM_0_200,Ks,-0.0465294585244172,0.04968274629618531,0.040110684939481875,0.004284177343541839
final_sum_RMassM_0_200,StayGreen,0.04772781286320606,0.048725957355930674,0.043315539511712034,0.0051412863244433985
final_sum_RMassM_0_200,thetaR,-0.02262948370778741,0.035846776235054556,0.042898685014384395,0.0037659513644677325
final_sum_RMassM_0_200,PhyllFrmTassel,0.023805390208531656,0.025273219386299763,0.025229383278318238,0.0028664885516670366
final_sum_RMassM_0_200,Diffz,0.024567061326388952,0.025088108868486544,0.021165199138848224,0.0023971800353573556
final_sum_RMassM_0_200,Diffx,-0.007633355038839188,0.013023013484699817,0.015301246877529769,0.0012662177732496952
final_sum_RMassM_10_20,thetaS,-0.7618189135889523,0.7618189135889523,0.39440830707422336,0.04676199905204404
final_sum_RMassM_10_20,JuvenileLeaves,0.5778444163245278,0.5778444163245278,0.3683034154310109,0.04392062699019384
final_sum_RMassM_10_20,n,0.43997182521889994,0.43997182521889994,0.2830825028136674,0.032545058735585386
final_sum_RMassM_10_20,LM_min,0.369474875581539,0.369474875581539,0.2547710112534653,0.02987241488308859
final_sum_RMassM_10_20,thetaR,0.1611484893664202,0.1618664751532938,0.13257758638837294,0.01501222963612461
final_sum_RMassM_10_20,Rmax_LTAR,0.03012242202785835,0.12410945453364043,0.170129341955282,0.013598840964522046
final_sum_RMassM_10_20,Ks,0.09429106158001928,0.09528694463359359,0.0861086636211013,0.010082754489627952
final_sum_RMassM_10_20,Alfa,0.034751257230638107,0.07778138042548512,0.11057967097346731,0.009922614531042701
final_sum_RMassM_10_20,StayGreen,0.0320681823054412,0.049412324929975125,0.06517231446279984,0.00602730518113993
final_sum_RMassM_10_20,Rmax_LTIR,0.010403936675203606,0.04472112459325132,0.09677180830337576,0.01078370922955256
final_sum_RMassM_10_20,PhyllFrmTassel,0.017782637163550236,0.026321539444749298,0.04136373010026901,0.004421619338262041
final_sum_RMassM_10_20,Diffz,0.014449785357251716,0.022111470861740406,0.0298461524742114,0.0029490127741663
final_sum_RMassM_10_20,Diffx,0.004839522116231342,0.020357280226719315,0.032620928858245996,0.003076840237885041
final_sum_RMassM_120_200,JuvenileLeaves,0.8367493826049692,0.8367493826049692,0.32124351360653836,0.03831441716597694
final_sum_RMassM_120_200,n,0.6099736723114723,0.6099736723114723,0.25304112254428857,0.029527899611984335
final_sum_RMassM_120_200,LM_min,0.3814913041019725,0.3814913041019725,0.18948243446468963,0.022552348793422113
final_sum_RMassM_120_200,Alfa,0.1973014898335228,0.1973014898335228,0.09166942861176565,0.010591868218508663
final_sum_RMassM_120_200,Rmax_LTAR,0.11677592788288733,0.1506143940237899,0.16934243230413248,0.017027934599803275
final_sum_RMassM_120_200,Rmax_LTIR,-0.059865523299903974,0.08138326728702756,0.0972321341106359,0.00919419166778285
final_sum_RMassM_120_200,thetaS,-0.016050558972863147,0.07387197469358513,0.0973300921227555,0.007743358369700129
final_sum_RMassM_120_200,Ks,-0.04898982568541092,0.05179747778341433,0.0413355737981998,0.00447647042875467
final_sum_RMassM_120_200,StayGreen,0.04745429403865357,0.04866376986102079,0.04341797398530753,0.00512552528976723
final_sum_RMassM_120_200,thetaR,-0.025075253311130367,0.037203719500355975,0.0440195705833861,0.003971690160360698
final_sum_RMassM_120_200,Diffz,0.024921488335294815,0.02544791466484812,0.021505960932163563,0.0024360676552648668
final_sum_RMassM_120_200,PhyllFrmTassel,0.023568152943999728,0.025338211566836636,0.025929274216975624,0.0029147689425066447
final_sum_RMassM_120_200,Diffx,-0.007774412632549974,0.013174498308188254,0.015431831678665985,0.0012735934847558086
final_sum_RMassM_20_40,JuvenileLeaves,0.7996322417667248,0.7996322417667248,0.35783414473781017,0.04324981080622331
final_sum_RMassM_20_40,thetaS,-0.5502693263090912,0.5502693263090912,0.29359510903745384,0.03566788073880085
final_sum_RMassM_20_40,LM_min,0.3705762711404773,0.37308145432236683,0.24369726905383615,0.028983553361636438
final_sum_RMassM_20_40,n,0.28741600327154626,0.28808320233271184,0.2047739775961266,0.02283538987778614
final_sum_RMassM_20_40,Rmax_LTAR,-0.15112537226852027,0.19107116986078398,0.23128199734484578,0.022517169181757835
final_sum_RMassM_20_40,thetaR,0.11089556419201495,0.1151152720816651,0.09875560155416273,0.011012200784739351
final_sum_RMassM_20_40,Ks,0.07126946953032393,0.07577026643551683,0.07371780593229064,0.008172917676330244
final_sum_RMassM_20_40,Alfa,0.005682583900831033,0.06610803339910501,0.095548611017822,0.008029792420257396
final_sum_RMassM_20_40,Rmax_LTIR,0.014781799552489797,0.06388494763083093,0.1260360358786374,0.013624584014882401
final_sum_RMassM_20_40,StayGreen,0.041208998028671236,0.05526264570580689,0.07224247737135209,0.007156638126382053
final_sum_RMassM_20_40,PhyllFrmTassel,0.02779194281899165,0.03413657761074809,0.04990315408804922,0.005540139456790238
final_sum_RMassM_20_40,Diffx,0.002501440908135508,0.024256201337298666,0.0347480273423243,0.0029217542734422276
final_sum_RMassM_20_40,Diffz,-0.0022874526675152763,0.016077136132496728,0.02319568301941328,0.001967818576215818
final_sum_RMassM_80_120,JuvenileLeaves,0.8691926325800016,0.8691926325800016,0.3044018313404063,0.03686622188320586
final_sum_RMassM_80_120,LM_min,0.2953219208117222,0.3226377354926622,0.30825282892788775,0.033942600585840206
final_sum_RMassM_80_120,Rmax_LTAR,-0.2954719377292263,0.3082402714983622,0.2554290193746302,0.027873043208447686
final_sum_RMassM_80_120,thetaS,-0.002866093439418205,0.18213104192734106,0.2332687712361381,0.016765147344988116
final_sum_RMassM_80_120,n,-0.0051450781771760785,0.14136156063484348,0.19597867700232316,0.01588932575168664
final_sum_RMassM_80_120,Rmax_LTIR,-0.007788063680674442,0.07824703045070384,0.12870152874870458,0.01214319457927888
final_sum_RMassM_80_120,thetaR,0.0003409167392480643,0.07235609082288066,0.10397624531468211,0.008671394536711053
final_sum_RMassM_80_120,StayGreen,0.049014332826349684,0.05692840538781446,0.0971564845625448,0.0105901184048634
final_sum_RMassM_80_120,Alfa,-0.016859981879389037,0.055739697883160126,0.07767176529261319,0.006657021981661303
final_sum_RMassM_80_120,Ks,0.011186597693479345,0.05263436821006616,0.07472789130753679,0.006651301133595955
final_sum_RMassM_80_120,PhyllFrmTassel,0.02367885904680044,0.02709979897450951,0.03535996301226518,0.003941496897383585
final_sum_RMassM_80_120,Diffx,-0.0020270751219142917,0.02348812874041178,0.03192110070626101,0.0025307088132236356
final_sum_RMassM_80_120,Diffz,0.000418295904457285,0.013508545092230474,0.019571843826513,0.0017070460417826776
final_sum_RMassY_0_10,n,0.7712204221202383,0.7712204221202383,0.39062454653193374,0.0460798326977867
final_sum_RMassY_0_10,thetaS,-0.5072230866695185,0.5111311128251376,0.39724761704805606,0.045322137773814074
final_sum_RMassY_0_10,JuvenileLeaves,0.47086320439582824,0.47153526643850957,0.3455039776304908,0.04038151861074738
final_sum_RMassY_0_10,LM_min,0.1978591223289809,0.2589731982270991,0.30533257828026666,0.029771931129491697
final_sum_RMassY_0_10,Alfa,0.23983528585989822,0.24189398796234515,0.1825565313383528,0.021557726495441205
final_sum_RMassY_0_10,Rmax_LTAR,0.07715173952732333,0.15175368687162286,0.21262216901340789,0.019344637500076128
final_sum_RMassY_0_10,thetaR,0.1257093206283518,0.14107643282738683,0.16752049286824622,0.01772053970402874
final_sum_RMassY_0_10,StayGreen,-0.10569611144861116,0.11481220702012959,0.14147819252914434,0.015528075250826983
final_sum_RMassY_0_10,Diffz,0.11187427427856515,0.11263046098650786,0.07676686143541132,0.00891060307222325
final_sum_RMassY_0_10,Ks,0.020890510014562543,0.08333409964617787,0.1283426677230987,0.011758975707636489
final_sum_RMassY_0_10,Rmax_LTIR,0.0013929382605051889,0.04624323299435948,0.08363515008789925,0.00848769321275414
final_sum_RMassY_0_10,PhyllFrmTassel,0.015315247588246542,0.03046664039009584,0.05060000968620525,0.005210314068762489
final_sum_RMassY_0_10,Diffx,0.0027844115046909293,0.024970120953020182,0.03930379527121674,0.003606703281757841
final_sum_RMassY_0_20,thetaS,-0.7033259211860381,0.7033259211860381,0.38924107206569675,0.04595749674669839
final_sum_RMassY_0_20,n,0.5823293405551793,0.5823293405551793,0.32227138021634055,0.03760184929320433
final_sum_RMassY_0_20,JuvenileLeaves,0.5642460355942674,0.5642460355942674,0.3529509330769546,0.04200690966083273
final_sum_RMassY_0_20,LM_min,0.2433377047915011,0.26455784358397527,0.2524080601662352,0.026460465378984957
final_sum_RMassY_0_20,thetaR,0.15537224094887914,0.1591700174006381,0.14533336734707317,0.01600051466024526
final_sum_RMassY_0_20,Rmax_LTAR,0.05737452884992872,0.1441965179416862,0.18976815384405077,0.015546286195360144
final_sum_RMassY_0_20,Alfa,0.11525803270127792,0.12851342268663288,0.13719594644184704,0.014874813049771786
final_sum_RMassY_0_20,StayGreen,-0.10217453868236209,0.10754204607460015,0.1287950177251475,0.01454317385216584
final_sum_RMassY_0_20,Ks,0.06841380859798153,0.08002009719595815,0.09436912777229574,0.01021634729158706
final_sum_RMassY_0_20,Diffz,0.046781475979706055,0.050202158323072864,0.049843433779616704,0.005412993002024665
final_sum_RMassY_0_20,Rmax_LTIR,0.00768743309384382,0.04911991752206001,0.09518015601209485,0.01003814015650364
final_sum_RMassY_0_20,PhyllFrmTassel,0.017751366551457867,0.031193456942310294,0.04939605008053681,0.005120985317462969
final_sum_RMassY_0_20,Diffx,0.004083091010478551,0.02425787978015991,0.039031389393458966,0.0036679171121419664
final_sum_RMassY_0_200,JuvenileLeaves,0.8236541364010527,0.8236541364010527,0.3037829430969821,0.035785252485051225
final_sum_RMassY_0_200,n,0.5746960150461414,0.5746960150461414,0.26640005063219757,0.030884512077452197
final_sum_RMassY_0_200,thetaS,-0.3033999589314037,0.31482545074015655,0.21092713328892398,0.023865098466955
final_sum_RMassY_0_200,StayGreen,-0.22829598323351222,0.22934917570246482,0.18098233205861125,0.021202413500467473
final_sum_RMassY_0_200,LM_min,0.12926856628337563,0.21553673389833955,0.2559950510148755,0.021311318633364062
final_sum_RMassY_0_200,Rmax_LTAR,-0.07453544235611091,0.16446172056523914,0.19664210980915947,0.015288045534168758
final_sum_RMassY_0_200,Alfa,0.13911464406623786,0.1413088638529815,0.0977626484734225,0.01092753058717491
final_sum_RMassY_0_200,thetaR,0.03825988389753358,0.07329604208269312,0.08880605231526754,0.007172090794804473
final_sum_RMassY_0_200,Rmax_LTIR,-0.03580326773296516,0.06518209501489818,0.10038477479204716,0.009825733353389007
final_sum_RMassY_0_200,Ks,-0.007977415324693033,0.048046971082767544,0.06535561786684407,0.005650148177506256
final_sum_RMassY_0_200,PhyllFrmTassel,0.041556305007895214,0.046764935911744215,0.048259130697454376,0.005017800929714866
final_sum_RMassY_0_200,Diffz,-0.014744589007408604,0.022574805189457904,0.0282708854013659,0.002615403242247962
final_sum_RMassY_0_200,Diffx,0.0017876080665531113,0.019274290692120867,0.027420834949130484,0.0022468762348621433
final_sum_RMassY_10_20,thetaS,-0.7576905180725988,0.7576905180725988,0.3931326626898672,0.04675708049999606
final_sum_RMassY_10_20,JuvenileLeaves,0.5816080200975478,0.5816080200975478,0.36845666927751575,0.04400323050835587
final_sum_RMassY_10_20,n,0.4710182377964235,0.4710182377964235,0.2919596649427399,0.03360178548671933
final_sum_RMassY_10_20,LM_min,0.25611772373388364,0.2669952656043463,0.24027166546299158,0.02598621450127002
final_sum_RMassY_10_20,thetaR,0.16405629829017584,0.1655449684124159,0.14298819063412888,0.016065704777178485
final_sum_RMassY_10_20,Rmax_LTAR,0.04660872407021289,0.14042373613546147,0.18790063596113402,0.015261893376979927
final_sum_RMassY_10_20,StayGreen,-0.09651834922775723,0.10059872618899943,0.12253110073632502,0.014018259526853327
final_sum_RMassY_10_20,Ks,0.0880376963350451,0.09169698412293166,0.08961741776935891,0.01044156005295528
final_sum_RMassY_10_20,Alfa,0.05176375317470991,0.0898121222770661,0.12150667796542486,0.011284138095146928
final_sum_RMassY_10_20,Rmax_LTIR,0.010616393755818809,0.048697645585023694,0.09638233124692899,0.010248689060021103
final_sum_RMassY_10_20,PhyllFrmTassel,0.018062741322128262,0.030146395873624016,0.047880999622348396,0.005004978438173545
final_sum_RMassY_10_20,Diffz,0.012127460948596283,0.025426589695308376,0.037927763004080184,0.0035671095070843144
final_sum_RMassY_10_20,Diffx,0.0045244054731364055,0.023231266445623903,0.038153951886010416,0.003652516469394852
final_sum_RMassY_120_200,JuvenileLeaves,0.8172674196771657,0.8172674196771657,0.3039654665998032,0.03579392533545405
final_sum_RMassY_120_200,n,0.5824634254261715,0.5824634254261715,0.27132631405785873,0.03145634984084419
final_sum_RMassY_120_200,thetaS,-0.29672526552911477,0.31172922916485035,0.2175138521286084,0.024047493365952802
final_sum_RMassY_120_200,StayGreen,-0.22797210347619457,0.2291647377167048,0.1810215916612629,0.021166007792521698
final_sum_RMassY_120_200,LM_min,0.1278418799924754,0.21724926616211349,0.26101748065095176,0.02176253373093625
final_sum_RMassY_120_200,Rmax_LTAR,-0.06972953352586525,0.16497599906192204,0.1998587925487557,0.015462391335372588
final_sum_RMassY_120_200,Alfa,0.1421593967990042,0.1445414543363188,0.10009166850061392,0.011150204206408597
final_sum_RMassY_120_200,thetaR,0.03550179299334469,0.07523463032960467,0.09228471690272967,0.007258299509801803
final_sum_RMassY_120_200,Rmax_LTIR,-0.036858477768412744,0.06582433891693644,0.10145571164438985,0.009984319455915736
final_sum_RMassY_120_200,Ks,-0.010487791829086683,0.04981558617394594,0.06766353555748107,0.0058896851206957455
final_sum_RMassY_120_200,PhyllFrmTassel,0.041585785033551606,0.04750736517650429,0.050090626372635505,0.0051561376019693276
final_sum_RMassY_120_200,Diffz,-0.0156513970820531,0.02345143053163467,0.029189636881555302,0.0027228695128534526
final_sum_RMassY_120_200,Diffx,0.0018592564346582017,0.019629904995993916,0.027889965416810956,0.0022767230686442366
final_sum_RMassY_20_40,JuvenileLeaves,0.7801930092760161,0.7801930092760161,0.3553520656697789,0.04225954956899882
final_sum_RMassY_20_40,thetaS,-0.5948834921500985,0.5948834921500985,0.31831183143477615,0.038538013222342224
final_sum_RMassY_20_40,n,0.3236147893014781,0.3261101930141101,0.2269076943889616,0.024712383025437875
final_sum_RMassY_20_40,LM_min,0.18430106597236726,0.2475603338864662,0.2601866630849147,0.023456258755645134
final_sum_RMassY_20_40,Rmax_LTAR,-0.11654574574807396,0.21006296676597286,0.26642061370124825,0.023686592111808066
final_sum_RMassY_20_40,StayGreen,-0.1720491456526795,0.1741031692510519,0.16327859821837326,0.019150646372420376
final_sum_RMassY_20_40,thetaR,0.12828126695591852,0.13355655301249766,0.12097124137074927,0.013608224051039994
final_sum_RMassY_20_40,Ks,0.06971703211367546,0.08121039353461344,0.08507687807080781,0.008729794393942641
final_sum_RMassY_20_40,Alfa,0.020918227290904177,0.08041897831640867,0.11393855286393453,0.009573909119853995
final_sum_RMassY_20_40,Rmax_LTIR,0.012422241005012852,0.07159291402240107,0.13139241841825205,0.013502601235846177
final_sum_RMassY_20_40,PhyllFrmTassel,0.030999680892400464,0.04297144694058084,0.06362029317160738,0.0068593266961360965
final_sum_RMassY_20_40,Diffx,0.0029012588085243806,0.029033243995727646,0.04179050160266933,0.003546323924386595
final_sum_RMassY_20_40,Diffz,-0.004258504372049283,0.023377156083006848,0.03439580533734028,0.003013507638896546
final_sum_RMassY_80_120,JuvenileLeaves,0.7861005968339773,0.786235480481473,0.31642908674919834,0.03713451186537491
final_sum_RMassY_80_120,Rmax_LTAR,-0.3564892855736726,0.3857807101838507,0.30468522534503906,0.031397449043980265
final_sum_RMassY_80_120,thetaS,0.27336115373900116,0.30918633556897374,0.29037468197758787,0.030762471068786705
final_sum_RMassY_80_120,StayGreen,-0.2724447309132265,0.2785729886847092,0.24131698965850143,0.028027258360705326
final_sum_RMassY_80_120,LM_min,-0.0783620382613946,0.2612781583627694,0.34946462594019584,0.02854882965043283
final_sum_RMassY_80_120,n,-0.1292744822587316,0.19801727156912552,0.23805774087787912,0.02237857543073909
final_sum_RMassY_80_120,thetaR,-0.03325466832452757,0.09657055555862962,0.12974040426193795,0.010691036050521989
final_sum_RMassY_80_120,Rmax_LTIR,-0.006136175548712348,0.0781632328336828,0.1320158804966707,0.012344863537269683
final_sum_RMassY_80_120,Alfa,-0.015021902019817127,0.071452808425842,0.09972562561423383,0.008269094084883886
final_sum_RMassY_80_120,Ks,-0.024151115395943827,0.06807381888879216,0.09101836601109209,0.00778630587950679
final_sum_RMassY_80_120,PhyllFrmTassel,0.03280617801474742,0.04015534217569334,0.04577534591857966,0.004732168078447855
final_sum_RMassY_80_120,Diffx,-0.004363632945829057,0.031413807410147106,0.04365871384540172,0.003534183755625494
final_sum_RMassY_80_120,Diffz,0.0002033506979166845,0.021736296509145974,0.031014780651302306,0.002529384223510707
final_sum_WaterSink_0_10,n,-0.06503711341768868,0.0784221567186824,0.3329508392504492,0.038984804725060905
final_sum_WaterSink_0_10,LM_min,0.023023906725077984,0.06819534412766445,0.29533887324956715,0.033952033988559824
final_sum_WaterSink_0_10,thetaS,0.0031309288360622215,0.043455155671457774,0.23677872772557707,0.028437364433126226
final_sum_WaterSink_0_10,StayGreen,-0.02171138640625711,0.03939647909739475,0.22578900913884986,0.026720278246331518
final_sum_WaterSink_0_10,thetaR,-0.005190475925112072,0.03320184808086436,0.2029292739991852,0.02409286407160284
final_sum_WaterSink_0_10,Rmax_LTAR,0.02833460548851263,0.02833460548851263,0.1836188994173463,0.021948674151847695
final_sum_WaterSink_0_10,JuvenileLeaves,-0.01530663206610367,0.026858613790425038,0.16685115520926116,0.019958769287220877
final_sum_WaterSink_0_10,Alfa,-0.018408250167356973,0.02287550763997924,0.1807297848856048,0.02155704470706003
final_sum_WaterSink_0_10,Ks,0.011767559975107181,0.02125379302430907,0.1789312164551714,0.02089872925864972
final_sum_WaterSink_0_10,Diffz,0.004061447191933768,0.004061447191933768,0.04295315886925067,0.004851551570426428
final_sum_WaterSink_0_10,Rmax_LTIR,0.003278985400928264,0.003732859354650255,0.04180481194910381,0.004546068661942451
final_sum_WaterSink_0_10,Diffx,0.0019569251993184784,0.0023513993798512777,0.026607571094104675,0.0030282296679215196
final_sum_WaterSink_0_10,PhyllFrmTassel,-0.0005785152196809626,0.0006696101178571124,0.008403793815892107,0.000968985182478925
final_sum_WaterSink_0_20,LM_min,-0.05201813059152525,0.1416342224960102,0.44825828667472567,0.05097003962451821
final_sum_WaterSink_0_20,n,-0.07604458285970318,0.09984062415375239,0.37145948754750385,0.04334581110641892
final_sum_WaterSink_0_20,thetaS,-0.03931178980516107,0.0865769437461866,0.34925899267189375,0.03982572406251488
final_sum_WaterSink_0_20,Rmax_LTAR,0.03622103806434218,0.07985018878273152,0.3250332485436071,0.03755261954176969
final_sum_WaterSink_0_20,StayGreen,-0.051433819682391774,0.0691180736672596,0.2865391763451239,0.03431887381857018
final_sum_WaterSink_0_20,JuvenileLeaves,-0.02543853342384989,0.06152160093823838,0.2739174040239559,0.03231955188163275
final_sum_WaterSink_0_20,Alfa,-0.021396734408120923,0.04091430308694118,0.236796145790977,0.027574463313785276
final_sum_WaterSink_0_20,Ks,0.017634993135114276,0.025696573745795148,0.20844675233231147,0.023489337477440822
final_sum_WaterSink_0_20,thetaR,-0.008522214667359881,0.018848295724729704,0.12455554307795837,0.014929946311691809
final_sum_WaterSink_0_20,Rmax_LTIR,0.00789098626079756,0.009904283169860624,0.08082744494978976,0.00936062443086058
final_sum_WaterSink_0_20,Diffz,-0.0007770163622011149,0.00949008654389341,0.08399435661292846,0.009652285912334567
final_sum_WaterSink_0_20,Diffx,0.0008158189519070475,0.005946779658763481,0.05018022558889782,0.005964870720565656
final_sum_WaterSink_0_20,PhyllFrmTassel,0.002494933378446546,0.005646231491193822,0.06565607569160922,0.007780655483419605
final_sum_WaterSink_0_200,LM_min,0.043819293031313156,0.6386479209181294,0.8386193800807125,0.06491322917753319
final_sum_WaterSink_0_200,JuvenileLeaves,-0.1403519850816416,0.5160832219342998,0.7246022605581859,0.0624103298348924
final_sum_WaterSink_0_200,StayGreen,0.1400763797641071,0.4952833886781795,0.6800951298670528,0.05642063800615664
final_sum_WaterSink_0_200,Rmax_LTAR,0.036418721379279546,0.3821842468095175,0.5901007094676022,0.050969751903511815
final_sum_WaterSink_0_200,n,-0.0876794464132141,0.2858160611725101,0.516619888027773,0.052847809441543735
final_sum_WaterSink_0_200,Alfa,-0.07224236258466508,0.14784114213534447,0.3216358533711385,0.03510974892784509
final_sum_WaterSink_0_200,thetaS,-0.02076358688251761,0.13278048108441015,0.32614521092851123,0.03503122546626993
final_sum_WaterSink_0_200,thetaR,-0.009640043130287929,0.07895720727564093,0.23547710215470713,0.02612813911878416
final_sum_WaterSink_0_200,Ks,-0.004205844744948799,0.07124846734460143,0.22101378012283734,0.025103275259025754
final_sum_WaterSink_0_200,Rmax_LTIR,0.008539785128172177,0.042497752141543076,0.19625958217063796,0.02287912973607418
final_sum_WaterSink_0_200,Diffx,-0.0033873860253680324,0.017997716878496346,0.09117908749611987,0.010429294879697706
final_sum_WaterSink_0_200,Diffz,0.00570881817220428,0.016511321201518856,0.08969562249280486,0.01033787572116295
final_sum_WaterSink_0_200,PhyllFrmTassel,-0.005947225539038872,0.011051328295397607,0.1139060670689638,0.013432041460412698
final_sum_WaterSink_10_20,LM_min,-0.07262316659109211,0.12196181457534659,0.4219346461434735,0.047508564829659934
final_sum_WaterSink_10_20,thetaS,-0.03653562100948514,0.08024814211095888,0.3492001028442353,0.03924723557614347
final_sum_WaterSink_10_20,n,-0.06158391492895448,0.07199491292200993,0.32322507480171925,0.03833149292681996
final_sum_WaterSink_10_20,StayGreen,-0.05451988407955254,0.07097722502714471,0.2996410213824385,0.035338842729836166
final_sum_WaterSink_10_20,Rmax_LTAR,0.024743611194750936,0.06837276191314029,0.30937637137465435,0.03613482370188574
final_sum_WaterSink_10_20,JuvenileLeaves,-0.029249485597716018,0.05506242768467414,0.2660610142383206,0.0315551370808629
final_sum_WaterSink_10_20,Alfa,-0.012196782923583931,0.029854436618727668,0.2010031979566972,0.02349450711943052
final_sum_WaterSink_10_20,Ks,0.02402075571083715,0.0289977585134293,0.2186350924616772,0.02511244039633121
final_sum_WaterSink_10_20,thetaR,-0.012440990264720174,0.012440990264720174,0.13008480041901557,0.015537350938150283
final_sum_WaterSink_10_20,Diffx,0.0002305262772383205,0.010402388141057414,0.10083162642680954,0.012076878985956833
final_sum_WaterSink_10_20,Diffz,-0.0028512224746553233,0.010321363964615438,0.08710767058165066,0.009928746199988518
final_sum_WaterSink_10_20,Rmax_LTIR,0.005910123339226427,0.010031228307656266,0.0800882848692846,0.009436896661752238
final_sum_WaterSink_10_20,PhyllFrmTassel,0.0031702139418679416,0.00546139906725323,0.06550056304118487,0.007709722654917203
final_sum_WaterSink_120_200,LM_min,0.06287963471982466,0.6282172825484046,0.8316201205778601,0.06455755497712685
final_sum_WaterSink_120_200,JuvenileLeaves,-0.11003490916754102,0.5108273801758214,0.7262030358773096,0.06285758572170119
final_sum_WaterSink_120_200,StayGreen,0.14680010403493385,0.498413728375326,0.6771381480516887,0.05578118097106975
final_sum_WaterSink_120_200,Rmax_LTAR,0.01398059710101706,0.3943097670707674,0.605336500688125,0.05184812655717539
final_sum_WaterSink_120_200,n,-0.0502065289113266,0.27536070836592486,0.5078971096319672,0.05154296893914784
final_sum_WaterSink_120_200,Alfa,-0.06036995076430409,0.14420518143189331,0.3149938914266813,0.03431792329101915
final_sum_WaterSink_120_200,thetaS,-0.015529597265170149,0.12208802228103537,0.3205868672137813,0.03471435321249979
final_sum_WaterSink_120_200,thetaR,-0.001922216813880166,0.08714331429462935,0.26574741585713196,0.029711996536175893
final_sum_WaterSink_120_200,Ks,-0.005915585077426985,0.06287383308046729,0.2033430525113465,0.022928438514350953
final_sum_WaterSink_120_200,Rmax_LTIR,0.004707070116997737,0.038708244903937,0.18921751616618127,0.022038548938530793
final_sum_WaterSink_120_200,Diffx,-0.0026503922993528313,0.017274183802031412,0.08969190859028306,0.010229946577589792
final_sum_WaterSink_120_200,Diffz,0.0048621272885726865,0.015112317077317538,0.08874267096117354,0.010187707825091439
final_sum_WaterSink_120_200,PhyllFrmTassel,-0.0053225336453687445,0.012289222805714218,0.12099187097757887,0.014196752759291076
final_sum_WaterSink_20_40,LM_min,-0.05151632790275325,0.0766698688109385,0.30863872836386713,0.034883546634836504
final_sum_WaterSink_20_40,thetaS,0.06090355716982336,0.06116995095925386,0.2732740944559414,0.031993641356529004
final_sum_WaterSink_20_40,JuvenileLeaves,-0.051161879435650794,0.06043690344249919,0.2775023096664531,0.031949748538606104
final_sum_WaterSink_20_40,Rmax_LTAR,0.019127319641692862,0.05641382130313416,0.26234964238218733,0.02875125010504252
final_sum_WaterSink_20_40,StayGreen,-0.03775194346512122,0.04971496592223303,0.24721888015314666,0.028838840360688907
final_sum_WaterSink_20_40,n,-0.029598554539056528,0.030274244524903536,0.19784483506561093,0.02289806272575459
final_sum_WaterSink_20_40,Alfa,-0.0005944185519208525,0.025287234021940056,0.17638775059398074,0.020899629785563485
final_sum_WaterSink_20_40,Ks,-0.001965302049207993,0.009645845216219986,0.08575418463333723,0.01001549348877845
final_sum_WaterSink_20_40,Diffz,9.999019214953154e-05,0.009462832789285608,0.0940652316543688,0.010872493705443255
final_sum_WaterSink_20_40,Diffx,-0.006230301452449848,0.008011658669836115,0.08263638016941674,0.009984803977301211
final_sum_WaterSink_20_40,PhyllFrmTassel,-0.006281350190958066,0.006560779372970184,0.0916499344011397,0.010764917649217939
final_sum_WaterSink_20_40,Rmax_LTIR,-0.0012474050600159183,0.0015322491993615887,0.02263951119432198,0.0027377235733128075
final_sum_WaterSink_20_40,thetaR,0.0002065164677605978,0.0005653995882574102,0.004748983917225236,0.0005566867827409197
final_sum_WaterSink_80_120,JuvenileLeaves,0.0,0.0,0.0,0.0
final_sum_WaterSink_80_120,Rmax_LTAR,0.0,0.0,0.0,0.0
final_sum_WaterSink_80_120,Rmax_LTIR,0.0,0.0,0.0,0.0
final_sum_WaterSink_80_120,PhyllFrmTassel,0.0,0.0,0.0,0.0
final_sum_WaterSink_80_120,StayGreen,0.0,0.0,0.0,0.0
final_sum_WaterSink_80_120,LM_min,0.0,0.0,0.0,0.0
final_sum_WaterSink_80_120,Diffx,0.0,0.0,0.0,0.0
final_sum_WaterSink_80_120,Diffz,0.0,0.0,0.0,0.0
final_sum_WaterSink_80_120,thetaR,0.0,0.0,0.0,0.0
final_sum_WaterSink_80_120,thetaS,0.0,0.0,0.0,0.0
final_sum_WaterSink_80_120,Alfa,0.0,0.0,0.0,0.0
final_sum_WaterSink_80_120,n,0.0,0.0,0.0,0.0
final_sum_WaterSink_80_120,Ks,0.0,0.0,0.0,0.0
final_thNew_0_10,n,-0.8660231864470895,0.8660231864470895,0.3430986758269803,0.04149956163705798
final_thNew_0_10,thetaS,0.7077643946429735,0.7077643946429735,0.30214657838625536,0.037500778895406275
final_thNew_0_10,JuvenileLeaves,-0.2075425344686948,0.2075425344686948,0.10145038239857819,0.012072842906196032
final_thNew_0_10,LM_min,-0.18430995493307784,0.18430995493307784,0.08814929992130022,0.01038930688492168
final_thNew_0_10,thetaR,0.08373696150261337,0.08401087064991206,0.04691160763858437,0.005373357985075511
final_thNew_0_10,Ks,-0.08356268406685256,0.08356268406685256,0.03710411935421984,0.004148702600897423
final_thNew_0_10,Rmax_LTAR,-0.05373764644455119,0.0601785886121041,0.053086389810284546,0.005293421297362445
final_thNew_0_10,StayGreen,-0.031432662211644986,0.0314798922392384,0.024838038324506616,0.0029042184524472525
final_thNew_0_10,Alfa,-0.014879790954838119,0.03088615007613239,0.04058015789273229,0.003493066844701694
final_thNew_0_10,Rmax_LTIR,-0.0026561415910520314,0.0072902337526898,0.012887455631593676,0.0013488832374387574
final_thNew_0_10,PhyllFrmTassel,-0.002879806323866422,0.004100071764688199,0.00605154694122048,0.0006317724462544417
final_thNew_0_10,Diffz,-0.0022287306418413795,0.003542547227989563,0.005761050939713183,0.0006044653436580148
final_thNew_0_10,Diffx,-0.001371466995219813,0.003401370255377763,0.005090926679043278,0.0004636266576311459
final_thNew_0_20,n,-0.8626070011561245,0.8626070011561245,0.3411765484480243,0.0412640223503696
final_thNew_0_20,thetaS,0.7058140904746851,0.7058140904746851,0.3015225069633215,0.03733735036499878
final_thNew_0_20,JuvenileLeaves,-0.2224654008908475,0.2224654008908475,0.11068242395453728,0.013168819102151244
final_thNew_0_20,LM_min,-0.19262548601274748,0.19262548601274748,0.0920403205681223,0.010870977129067205
final_thNew_0_20,Ks,-0.0799887763943058,0.0799887763943058,0.03631279734639042,0.004074406205444772
final_thNew_0_20,thetaR,0.07663459251846973,0.07741559711057609,0.04454150901732556,0.005005608506962261
final_thNew_0_20,Rmax_LTAR,-0.05768645702312063,0.06471181923466002,0.05726490660923929,0.005696030631230618
final_thNew_0_20,Alfa,-0.02540730040161897,0.03647044287312363,0.04423105682268684,0.004140199210489908
final_thNew_0_20,StayGreen,-0.02989113269380866,0.029936092359524262,0.02378485799299723,0.002795821379810268
final_thNew_0_20,Rmax_LTIR,-0.002960731522774529,0.007961720651643104,0.014123411715746102,0.001481010323470593
final_thNew_0_20,PhyllFrmTassel,-0.003137134427228503,0.004474879109297927,0.006614759001227082,0.0006892961310897959
final_thNew_0_20,Diffx,-0.0013588490176821189,0.003811374962937226,0.005808588698428837,0.0005358546378420946
final_thNew_0_20,Diffz,-0.0016911344014979527,0.0034914379380890617,0.005867407419250139,0.0006083459216588132
final_thNew_0_200,n,-0.9004819603737203,0.9004819603737203,0.30684251649028327,0.03733170641962039
final_thNew_0_200,thetaS,0.5110254390581299,0.5110254390581299,0.22346613712352575,0.028090329228133693
final_thNew_0_200,LM_min,-0.23587364831532628,0.23638110309163496,0.1746778456742924,0.02039659947237383
final_thNew_0_200,thetaR,0.21312798471081795,0.21312798471081795,0.10872295826002548,0.012913215877580455
final_thNew_0_200,JuvenileLeaves,-0.18997179538859185,0.18997179538859185,0.11636347399456282,0.013749897098275907
final_thNew_0_200,StayGreen,-0.08143905907328977,0.10797965515887585,0.1249083851445556,0.011802314166187945
final_thNew_0_200,Rmax_LTAR,-0.046068769425828396,0.07698129597519077,0.09058868989665468,0.007447525524598776
final_thNew_0_200,Alfa,-0.06930672679908566,0.06930672679908566,0.03919416910685819,0.004739941267252312
final_thNew_0_200,Ks,-0.028515750239407507,0.029065869638235823,0.019295528269252397,0.0021791217840681555
final_thNew_0_200,Rmax_LTIR,-0.0026600632538909706,0.0054044166693041126,0.008959663451609763,0.0009277496467513218
final_thNew_0_200,PhyllFrmTassel,-0.0016156567557645738,0.0034638047047935287,0.005066313012563245,0.00046557337086082826
final_thNew_0_200,Diffx,-0.0007751643151780568,0.0028736271297273882,0.00427237431489649,0.00038472955755508765
final_thNew_0_200,Diffz,7.830523164774407e-05,0.0025717272854356345,0.004007720617678936,0.00036895348422508737
final_thNew_10_20,n,-0.8602743467242331,0.8602743467242331,0.34013077463342434,0.0411332550790511
final_thNew_10_20,thetaS,0.7043355325892555,0.7043355325892555,0.30135199136407065,0.03725289612779714
final_thNew_10_20,JuvenileLeaves,-0.2312869747267816,0.2312869747267816,0.11647754370935519,0.01385631427954958
final_thNew_10_20,LM_min,-0.1975206759396823,0.1975206759396823,0.09494595123595913,0.0112319276799759
final_thNew_10_20,Ks,-0.07781179841885609,0.07781179841885609,0.03644335532623507,0.004105838312823256
final_thNew_10_20,thetaR,0.07242741045915813,0.07375859549831595,0.04409533600815152,0.004857524747151703
final_thNew_10_20,Rmax_LTAR,-0.06002444970227909,0.06743612697987598,0.06007730753188827,0.005979311642197672
final_thNew_10_20,Alfa,-0.03164055258535177,0.040417114811234514,0.04704729533366638,0.004644632369806675
final_thNew_10_20,StayGreen,-0.028969417592466188,0.029012657749118334,0.0233888560906043,0.002760468712041427
final_thNew_10_20,Rmax_LTIR,-0.0031466785140630456,0.008364843567334641,0.015068617392955563,0.0015865552318005101
final_thNew_10_20,PhyllFrmTassel,-0.0032827988156822778,0.004698670423955561,0.007328316507162542,0.0007749583583541706
final_thNew_10_20,Diffx,-0.0013524934875080753,0.004097934615068221,0.006750349049748813,0.0006484473469205701
final_thNew_10_20,Diffz,-0.001370434543390386,0.0035011808728873687,0.006382124734986066,0.0006766201927607453
final_thNew_120_200,n,-0.8364309034269878,0.8364309034269878,0.2689179280401008,0.03245092837027508
final_thNew_120_200,thetaR,0.33743548904763515,0.33743548904763515,0.15340650381483056,0.018899253338215228
final_thNew_120_200,LM_min,-0.264802511077207,0.32428846154429725,0.35658369421097996,0.03637221739771377
final_thNew_120_200,StayGreen,-0.18566302365518894,0.2867135926465065,0.3244137550406288,0.027383760817000134
final_thNew_120_200,thetaS,0.27843190123055916,0.27843190123055916,0.13705354735623257,0.016713127418057666
final_thNew_120_200,Rmax_LTAR,-0.019706481035037894,0.17494178962583226,0.22159937001824648,0.015864215630602817
final_thNew_120_200,JuvenileLeaves,-0.07362069864162578,0.13899960235709505,0.1639656603993278,0.013016150909936542
final_thNew_120_200,Alfa,-0.06337330996692192,0.06412386630402306,0.0459789726167695,0.005290453353318262
final_thNew_120_200,Ks,0.02109340223383157,0.02528530894211273,0.02369940255492845,0.00222471955078749
final_thNew_120_200,Rmax_LTIR,-0.00033354068962384995,0.005580261027797986,0.008436362227722349,0.0007667836403854941
final_thNew_120_200,PhyllFrmTassel,0.0013643045571277177,0.003981371836181003,0.006724126507581392,0.0006924112561889778
final_thNew_120_200,Diffz,0.0009764668782218693,0.0033723806358954673,0.00557537487826324,0.0005529519893410432
final_thNew_120_200,Diffx,8.38247647325725e-05,0.002992439923374231,0.005095294989680538,0.00046859241973957414
final_thNew_20_40,n,-0.8518162596274483,0.8518162596274483,0.3380548519612195,0.04059892374355174
final_thNew_20_40,thetaS,0.669383671868912,0.669383671868912,0.3034688982361991,0.03780951506324868
final_thNew_20_40,JuvenileLeaves,-0.2706939774698866,0.2706939774698866,0.15010730148991375,0.01756160154991147
final_thNew_20_40,LM_min,-0.22574124535781703,0.22574124535781703,0.11578687293270536,0.013608170361380506
final_thNew_20_40,thetaR,0.08113508764894951,0.08116596277612244,0.06614321342948173,0.007610366861543314
final_thNew_20_40,Rmax_LTAR,-0.06720007754331311,0.07604652966192939,0.07139535189641534,0.006976585511346435
final_thNew_20_40,Alfa,-0.06877308760613046,0.06911187187999301,0.06111711271266906,0.0072862342552944
final_thNew_20_40,Ks,-0.058926088496375435,0.058926088496375435,0.03225839841006073,0.003733267350042131
final_thNew_20_40,StayGreen,-0.02170343572162461,0.022113110617773997,0.02002056493066949,0.0023567387490201386
final_thNew_20_40,Rmax_LTIR,-0.00447540119651337,0.009055067754816806,0.017137032973586413,0.0018568403494687974
final_thNew_20_40,PhyllFrmTassel,-0.003492024838890635,0.0051023999214724666,0.008103284814377441,0.0008273784325190127
final_thNew_20_40,Diffx,-0.0015784901079452344,0.004188008494730603,0.006767062773702464,0.0006513549274682772
final_thNew_20_40,Diffz,-0.00041313106670637996,0.003614797935283429,0.0061972038044659184,0.0006121841045439099
final_thNew_80_120,n,-0.8999049882137055,0.8999049882137055,0.2941899961326353,0.03516702375038099
final_thNew_80_120,thetaS,0.3665351941341502,0.38953427846927247,0.29597094647771005,0.03232620593203999
final_thNew_80_120,thetaR,0.29240091911314847,0.29240091911314847,0.19914312507852508,0.02330935726470608
final_thNew_80_120,JuvenileLeaves,-0.16756102762981925,0.16838529652732642,0.11759546039944582,0.014142565360320665
final_thNew_80_120,LM_min,-0.1631309744525207,0.1638796490074312,0.10748069002499315,0.012270261135945381
final_thNew_80_120,Alfa,-0.09661530835287079,0.09661530835287079,0.04867131383456056,0.005724848279483766
final_thNew_80_120,Rmax_LTAR,-0.051104818691018045,0.05539572098979404,0.05298795950087127,0.005467585700753056
final_thNew_80_120,Ks,-0.00973394591479509,0.03430577260275642,0.04169955328678448,0.002923208141200713
final_thNew_80_120,StayGreen,-0.019321121094740292,0.02078559672878083,0.020840285557619118,0.002299506758371533
final_thNew_80_120,Rmax_LTIR,-0.0025315028371153555,0.004527268464574122,0.008737553897417634,0.0009186609456095943
final_thNew_80_120,PhyllFrmTassel,-0.0015616238962123565,0.002814805114188435,0.005069431404363095,0.0005169475206520784
final_thNew_80_120,Diffx,-0.0003106084082759561,0.002562316032595487,0.00446148355344144,0.00042771998476448406
final_thNew_80_120,Diffz,0.0008492259902680188,0.002187582935059896,0.004983306401443272,0.0005411810728568921
final_theta_avail,LM_min,-0.4646347074051798,0.5728394595758727,0.521452814355761,0.04797010346607166
final_theta_avail,StayGreen,-0.2822658684482176,0.5101064999981977,0.5589949619628142,0.04250639491181185
final_theta_avail,n,-0.46781293185127754,0.47346387884454927,0.31774767244846264,0.036612172732755466
final_theta_avail,Rmax_LTAR,-0.12103150767572522,0.33361261553433486,0.3975620214579201,0.028262086193980147
final_theta_avail,JuvenileLeaves,-0.19216539474201869,0.3084152707931158,0.3232103489171725,0.024897218363912597
final_theta_avail,Alfa,0.19793616135941522,0.19793616135941522,0.153738263418179,0.018322120045281887
final_theta_avail,thetaS,-0.09423406843981517,0.14432043260508265,0.1898428763476424,0.018395229991035003
final_theta_avail,Ks,0.03517140430446426,0.04485951890903086,0.05095063754856233,0.005103949233190787
final_theta_avail,thetaR,0.019978440550973964,0.03158234322376621,0.04446900285581096,0.004377952430005286
final_theta_avail,Rmax_LTIR,-0.0022105625337302385,0.010232021022590094,0.01722826523980993,0.001684726023927871
final_theta_avail,PhyllFrmTassel,0.0015279359520817982,0.0074085052898628335,0.01438607907038899,0.0014538982061985803
final_theta_avail,Diffx,-0.00033408946490434124,0.006983732619769091,0.012624967911289985,0.0012695174541168175
final_theta_avail,Diffz,0.0020503709079951796,0.006356562975269813,0.01231339528155927,0.001256352371740181
final_total_dm,JuvenileLeaves,0.8916281150815281,0.8916281150815281,0.36189942923630286,0.042934170075368455
final_total_dm,LM_min,0.6594072977221552,0.6594072977221552,0.3068434209108158,0.03602993237671346
final_total_dm,StayGreen,0.13198590212114159,0.1932258300704537,0.20268680941658546,0.017270584196854854
final_total_dm,Rmax_LTAR,0.12604984778442474,0.16884733567592047,0.19856251874477393,0.019390235200880217
final_total_dm,Rmax_LTIR,-0.013576106654323804,0.047291096704405164,0.06340101631633432,0.005234596879364824
final_total_dm,n,0.015072291033684853,0.044437524989849174,0.05701268896441979,0.004378312933099325
final_total_dm,thetaS,0.009991898937437117,0.03441545718679459,0.04940538112425062,0.004381084757618694
final_total_dm,PhyllFrmTassel,0.019865047152432022,0.019865047152432022,0.01431172847613688,0.0016879413043117703
final_total_dm,Alfa,0.0009886747645447723,0.01685550422980891,0.02534636434971069,0.0022558303717769446
final_total_dm,thetaR,-0.00743171716883619,0.016416730394324425,0.022632953935280555,0.002022476173557505
final_total_dm,Ks,-0.0006511872356489029,0.013048725025127812,0.01936970586344597,0.0017097905512825286
final_total_dm,Diffx,0.00034252943929236366,0.004748855584019246,0.006818031933572841,0.0005864129549127828
final_total_dm,Diffz,0.0004400383732049887,0.004675859717811615,0.008408642453282638,0.0008463038619520979
germinated_flag,JuvenileLeaves,0.0,0.0,0.0,0.0
germinated_flag,Rmax_LTAR,0.0,0.0,0.0,0.0
germinated_flag,Rmax_LTIR,0.0,0.0,0.0,0.0
germinated_flag,PhyllFrmTassel,0.0,0.0,0.0,0.0
germinated_flag,StayGreen,0.0,0.0,0.0,0.0
germinated_flag,LM_min,0.0,0.0,0.0,0.0
germinated_flag,Diffx,0.0,0.0,0.0,0.0
germinated_flag,Diffz,0.0,0.0,0.0,0.0
germinated_flag,thetaR,0.0,0.0,0.0,0.0
germinated_flag,thetaS,0.0,0.0,0.0,0.0
germinated_flag,Alfa,0.0,0.0,0.0,0.0
germinated_flag,n,0.0,0.0,0.0,0.0
germinated_flag,Ks,0.0,0.0,0.0,0.0
germination_doy_censored,JuvenileLeaves,0.0,0.0,0.0,0.0
germination_doy_censored,Rmax_LTAR,0.0,0.0,0.0,0.0
germination_doy_censored,Rmax_LTIR,0.0,0.0,0.0,0.0
germination_doy_censored,PhyllFrmTassel,0.0,0.0,0.0,0.0
germination_doy_censored,StayGreen,0.0,0.0,0.0,0.0
germination_doy_censored,LM_min,0.0,0.0,0.0,0.0
germination_doy_censored,Diffx,0.0,0.0,0.0,0.0
germination_doy_censored,Diffz,0.0,0.0,0.0,0.0
germination_doy_censored,thetaR,0.0,0.0,0.0,0.0
germination_doy_censored,thetaS,0.0,0.0,0.0,0.0
germination_doy_censored,Alfa,0.0,0.0,0.0,0.0
germination_doy_censored,n,0.0,0.0,0.0,0.0
germination_doy_censored,Ks,0.0,0.0,0.0,0.0
grainfill_flag,JuvenileLeaves,0.0,0.0,0.0,0.0
grainfill_flag,Rmax_LTAR,0.0,0.0,0.0,0.0
grainfill_flag,Rmax_LTIR,0.0,0.0,0.0,0.0
grainfill_flag,PhyllFrmTassel,0.0,0.0,0.0,0.0
grainfill_flag,StayGreen,0.0,0.0,0.0,0.0
grainfill_flag,LM_min,0.0,0.0,0.0,0.0
grainfill_flag,Diffx,0.0,0.0,0.0,0.0
grainfill_flag,Diffz,0.0,0.0,0.0,0.0
grainfill_flag,thetaR,0.0,0.0,0.0,0.0
grainfill_flag,thetaS,0.0,0.0,0.0,0.0
grainfill_flag,Alfa,0.0,0.0,0.0,0.0
grainfill_flag,n,0.0,0.0,0.0,0.0
grainfill_flag,Ks,0.0,0.0,0.0,0.0
grainfill_start_doy_censored,JuvenileLeaves,0.881670829106635,0.881670829106635,0.35933042668797666,0.04387769373006504
grainfill_start_doy_censored,Rmax_LTAR,-0.6807985255701205,0.6807985255701205,0.30244524578278337,0.03631845380872314
grainfill_start_doy_censored,PhyllFrmTassel,0.0851112096285902,0.0851112096285902,0.05051534779869635,0.005840022325893832
grainfill_start_doy_censored,Rmax_LTIR,-0.0025449897623892152,0.08171664190340223,0.14319250945784798,0.013497706996768085
grainfill_start_doy_censored,Alfa,-0.006486490125646382,0.007594888085687009,0.03957094887327603,0.004603526564612921
grainfill_start_doy_censored,thetaS,-0.0011757958484788487,0.006120545910897671,0.03538510580217655,0.0041198190045638634
grainfill_start_doy_censored,n,-1.5141068666758022e-06,0.004881100373118732,0.027525134891681857,0.003057699745799226
grainfill_start_doy_censored,Ks,-0.00040966176946043305,0.004256690495571154,0.03336158818674729,0.004023791546170084
grainfill_start_doy_censored,LM_min,-0.001816165941020707,0.004003136321564326,0.026742376560169995,0.003183704942086549
grainfill_start_doy_censored,thetaR,-0.0019748517467763557,0.003023382480823366,0.020927466973991535,0.0025224104719175
grainfill_start_doy_censored,StayGreen,0.0013943861628069076,0.0013943861628069076,0.016448156676549947,0.001928972141041569
grainfill_start_doy_censored,Diffz,0.000622004047882268,0.000622004047882268,0.010370879996016524,0.001198000979624883
grainfill_start_doy_censored,Diffx,0.0,0.0,0.0,0.0
grainfill_to_maturity_days_censored,JuvenileLeaves,-0.8322931660564217,0.8322931660564217,0.31728993935158095,0.03990792584078997
grainfill_to_maturity_days_censored,Rmax_LTAR,0.5412207438833971,0.5412207438833971,0.26996891764584174,0.03069805007157995
grainfill_to_maturity_days_censored,StayGreen,0.30060789274188915,0.30060789274188915,0.1991607877850448,0.023939084310977594
grainfill_to_maturity_days_censored,LM_min,0.24509607702751496,0.24509607702751496,0.24690965858807581,0.02887033515913927
grainfill_to_maturity_days_censored,PhyllFrmTassel,-0.0780702192674885,0.0780702192674885,0.04498653334790619,0.005207291086073733
grainfill_to_maturity_days_censored,Rmax_LTIR,0.0031502881431324614,0.07784495511253595,0.13551534624523387,0.012609934024219345
grainfill_to_maturity_days_censored,n,-0.010308599032824328,0.016387124567044154,0.045439947281654694,0.00506610294219229
grainfill_to_maturity_days_censored,Alfa,0.0010680187030984438,0.010973295371408521,0.03935385717800565,0.00456926168745222
grainfill_to_maturity_days_censored,thetaS,0.004530329825390014,0.009125377504510378,0.03684106622482938,0.0042535596072198825
grainfill_to_maturity_days_censored,Ks,0.0014208312512675144,0.006186441111321003,0.03605722043109891,0.00435238522674999
grainfill_to_maturity_days_censored,thetaR,-0.00021992834939766202,0.0050794998973142675,0.026876274592045415,0.003049445089256953
grainfill_to_maturity_days_censored,Diffz,-0.0009020643618417524,0.0011464262412912978,0.011451313662633564,0.0013067915317746934
grainfill_to_maturity_days_censored,Diffx,0.0,0.0,0.0,0.0
infiltration_rain_ratio,n,0.9132899213803366,0.9132899213803366,0.27785190790318487,0.03134781153059017
infiltration_rain_ratio,Ks,0.4066957288869979,0.40757845921521574,0.2051914279516958,0.02385576910361086
infiltration_rain_ratio,thetaS,0.20276038232668367,0.20664107294936704,0.14745763281177415,0.016791778588107334
infiltration_rain_ratio,Alfa,-0.16955993201430994,0.17391532644345267,0.1268766311672868,0.013693009457253836
infiltration_rain_ratio,JuvenileLeaves,0.04403022723518281,0.04517192208036528,0.03588498500811229,0.004156873460191488
infiltration_rain_ratio,LM_min,0.037511095750592846,0.04124384378112667,0.034408892719079896,0.0035104298926490847
infiltration_rain_ratio,thetaR,-0.03826050415065161,0.04061831499731399,0.0324079691703164,0.0033802427616447276
infiltration_rain_ratio,Rmax_LTAR,0.009376158435004356,0.017541632187500825,0.020490491006734224,0.00164743078977762
infiltration_rain_ratio,StayGreen,0.010668229619444124,0.01531422576920445,0.020274316586287325,0.0019639644576189192
infiltration_rain_ratio,Diffz,-0.00036599004764908353,0.0059697716086063056,0.015064903436218729,0.0015885072415322934
infiltration_rain_ratio,Rmax_LTIR,0.0005379821599037631,0.0050895715067891135,0.009642468839337236,0.0009351407180348759
infiltration_rain_ratio,Diffx,-0.0014456081397305211,0.00488637805110781,0.011443798179360552,0.0012399048957612768
infiltration_rain_ratio,PhyllFrmTassel,0.00018784024585304839,0.004526918649813899,0.012047100446729637,0.0013324587381339395
lai_integral,LM_min,0.8294807870312694,0.8294807870312694,0.32270934214979174,0.0378540779201565
lai_integral,JuvenileLeaves,0.7373120500776614,0.7373120500776614,0.30697919168472926,0.03665352111658781
lai_integral,StayGreen,0.33712101650121074,0.33712101650121074,0.13385739881787515,0.015598155856734328
lai_integral,Rmax_LTAR,0.010004185160717447,0.026347171132049707,0.03170443679103598,0.0023499988814577643
lai_integral,Rmax_LTIR,0.00578476800746886,0.007057332721406635,0.009510220785689676,0.0010225459714777395
lai_integral,n,0.0005175046840530664,0.00585540151077538,0.008465929298672507,0.0007099059874886519
lai_integral,thetaS,0.0015028902480286985,0.005283453901050731,0.009952437976480759,0.0009931637698537086
lai_integral,Alfa,0.0014248151977114833,0.004385620223246245,0.006985237505226481,0.000644289037113191
lai_integral,thetaR,-0.0022645413934374707,0.004022867379746444,0.006208633760562821,0.0006148269096696974
lai_integral,Ks,-0.00014380907472070969,0.0033012584768010154,0.007360488935867755,0.000758304402025227
lai_integral,Diffx,-7.201118852391565e-05,0.001302171384654351,0.0022816065507170577,0.00021857825514985562
lai_integral,Diffz,6.536055806565765e-05,0.0012871427504475344,0.0039033885693727233,0.00042480379738616086
lai_integral,PhyllFrmTassel,2.857117629394987e-05,4.163903645754721e-05,0.00011162271431460433,1.3036677585060052e-05
leaf_shoot_ratio,JuvenileLeaves,0.977941249350863,0.977941249350863,0.1691263547978062,0.020888987313459187
leaf_shoot_ratio,Rmax_LTAR,-0.20419169160749914,0.20611433201862742,0.12680330603907544,0.014356554378407086
leaf_shoot_ratio,Rmax_LTIR,-0.10802641607181997,0.16418076793628106,0.19465145908952092,0.01711517012601982
leaf_shoot_ratio,LM_min,0.042255874200742054,0.06875371546184728,0.0867333662727986,0.008077810880491792
leaf_shoot_ratio,StayGreen,-0.028574775705329,0.05567988818426113,0.0664394636811486,0.0053885229819150785
leaf_shoot_ratio,n,0.0316696607832886,0.034113758655311105,0.0288804888759116,0.002949254433259992
leaf_shoot_ratio,thetaS,-0.028703143015831756,0.030869884550998226,0.02933014476696075,0.0031904756119222146
leaf_shoot_ratio,Alfa,0.005845612608956829,0.012579506002778839,0.029513532827103187,0.0032215324353777677
leaf_shoot_ratio,thetaR,0.004588830779014521,0.008042171561378661,0.02136584409273712,0.0024971140819703887
leaf_shoot_ratio,Ks,0.0012715044229986395,0.007561732813453106,0.027909981208532296,0.0032604042923417465
leaf_shoot_ratio,Diffz,0.0002586392033878272,0.002425806398663214,0.008518314833025474,0.0009464633832953842
leaf_shoot_ratio,Diffx,0.00023032917557660426,0.00205960241836901,0.0030493864321875694,0.00026598747212522485
leaf_shoot_ratio,PhyllFrmTassel,-0.0011099652522607638,0.0015919106334476238,0.0018220024534229438,0.00016488003227645745
matured_flag,StayGreen,-0.45680580771169815,0.45680580771169815,0.538632499857142,0.06027583922592724
matured_flag,LM_min,-0.27223762136325963,0.27223762136325963,0.47771635194046946,0.05631630031336356
matured_flag,JuvenileLeaves,0.11734327261567279,0.11734327261567279,0.33035768227604506,0.037219449457835306
matured_flag,Rmax_LTAR,0.051311978150451396,0.06500786655646773,0.2608580159722841,0.030037431998695716
matured_flag,n,0.030693344494629876,0.030693344494629876,0.1692351626274916,0.019284750315716765
matured_flag,thetaS,-0.008459189282430312,0.008459189282430312,0.10003200886822353,0.011738748233764237
matured_flag,Alfa,0.007537572356152274,0.007537572356152274,0.08879875090242699,0.010361634212911924
matured_flag,thetaR,0.004200533871375124,0.004200533871375124,0.0700368958169219,0.007882371124830609
matured_flag,Rmax_LTIR,0.003715091938808074,0.003715091938808074,0.06194296130825108,0.007671580121000044
matured_flag,Ks,-0.0019333951434768707,0.0019333951434768707,0.03223613911540813,0.0037352084106514792
matured_flag,PhyllFrmTassel,0.0,0.0,0.0,0.0
matured_flag,Diffx,0.0,0.0,0.0,0.0
matured_flag,Diffz,0.0,0.0,0.0,0.0
maturity_doy_censored,StayGreen,0.8202795077989777,0.8202795077989777,0.39088569242112864,0.04608897080520657
maturity_doy_censored,LM_min,0.5667774854467308,0.5667774854467308,0.38332240846610494,0.046435871073961694
maturity_doy_censored,Rmax_LTAR,-0.17105886355254818,0.22413434003346597,0.3371975428997032,0.035639364726319296
maturity_doy_censored,JuvenileLeaves,-0.12527293161322606,0.20510137115488059,0.28689051728222065,0.02826480799596152
maturity_doy_censored,n,-0.038277748414938945,0.03947091149610849,0.13242518720377144,0.014967281765848543
maturity_doy_censored,Alfa,-0.018814220515831398,0.018814220515831398,0.1074976543930959,0.012416731624357615
maturity_doy_censored,thetaS,0.011786698928248188,0.01320029455232803,0.07671318217060268,0.00890733546796438
maturity_doy_censored,Rmax_LTIR,-0.0029341978135554274,0.007208215984677762,0.056754167799614785,0.006648974877859958
maturity_doy_censored,thetaR,-0.004837081864834915,0.007145692745269581,0.055055179447351714,0.006110999440814264
maturity_doy_censored,Ks,0.0026671388252279644,0.006297893789816112,0.04425609515584252,0.005194371634377573
maturity_doy_censored,Diffz,-0.0004623358370305653,0.0007718386670441019,0.007925876530183035,0.0008870042572647879
maturity_doy_censored,PhyllFrmTassel,0.0,0.0,0.0,0.0
maturity_doy_censored,Diffx,0.0,0.0,0.0,0.0
max_la_dead,JuvenileLeaves,0.9469648989346818,0.9469648989346818,0.3312287198061663,0.04028122534387364
max_la_dead,LM_min,0.5836427147550347,0.5836427147550347,0.2702594313674191,0.03221430173358016
max_la_dead,StayGreen,-0.08986971425997566,0.09131603914303871,0.16975418154527652,0.019632895085388558
max_la_dead,Rmax_LTAR,-0.04198435792841111,0.0650369759746432,0.06680308743957605,0.005289875534949874
max_la_dead,n,0.012925446767224095,0.014890230877046377,0.02051525408359794,0.0021775423886902807
max_la_dead,Rmax_LTIR,0.008331470360365249,0.014056302802062985,0.02514882658635826,0.0026809588518103256
max_la_dead,Alfa,0.003833841862494954,0.008195385754702243,0.015263275595471878,0.0015658384125067973
max_la_dead,thetaS,-0.0018230966151714645,0.007859704106768695,0.018551751826101047,0.0019176850158622754
max_la_dead,thetaR,-0.0015764620879565885,0.005492788013763047,0.010081142806715175,0.0010172165896323053
max_la_dead,Ks,-0.00016292037507451755,0.005142084002459467,0.014960090566875969,0.0016417284749138446
max_la_dead,Diffz,0.0002818416540838123,0.002111173976487094,0.008351457238556353,0.0009450350402849843
max_la_dead,Diffx,-0.0001428110403506169,0.0016979215185083923,0.003301691452234034,0.00034487610245847084
max_la_dead,PhyllFrmTassel,-2.3940040405978572e-05,9.077202785061521e-05,0.0003572802051196989,4.1747254073820155e-05
max_la_pl,JuvenileLeaves,0.9314263183758954,0.9314263183758954,0.3625451642001658,0.04377691522511963
max_la_pl,LM_min,0.6898735098733906,0.6898735098733906,0.2910634595861349,0.034528499255752826
max_la_pl,Rmax_LTAR,-0.037952231630239266,0.044603093144119345,0.04494970029291832,0.004700563817436872
max_la_pl,StayGreen,0.02420293167986965,0.02542490916522394,0.023617434434041868,0.002566125530814178
max_la_pl,Rmax_LTIR,0.009868628388266425,0.013047315967620713,0.024197064208216067,0.00265455563932108
max_la_pl,n,0.0076196351828051265,0.009735953390247331,0.011958718267807561,0.001187252761898898
max_la_pl,thetaS,-0.0005589897876935484,0.006860652547011075,0.018875320535431915,0.002013513485880965
max_la_pl,Alfa,0.0017891702452430794,0.006246237561747991,0.011711868973898686,0.0011642942324851908
max_la_pl,thetaR,-0.002781429849367072,0.005217659805215894,0.009138763208250649,0.0009387201768742043
max_la_pl,Ks,0.00030208936825920597,0.004667459975826324,0.013085746809036444,0.0014066039043170186
max_la_pl,Diffz,0.00030776667137651873,0.0017412569643588702,0.008242467192398007,0.0009304871101318202
max_la_pl,Diffx,-8.756671751787962e-05,0.0015590165376109506,0.0028322507393286483,0.000286427563512247
max_la_pl,PhyllFrmTassel,-1.5277693976161402e-07,1.5277693976161402e-07,2.5473006386708308e-06,3.019362704209965e-07
max_lai,JuvenileLeaves,0.9316668496047141,0.9316668496047141,0.3627496320300998,0.043802716806019375
max_lai,LM_min,0.6901853601949065,0.6901853601949065,0.29126192185383476,0.03455061016673724
max_lai,Rmax_LTAR,-0.03821497144372067,0.044974829540966134,0.045417693491469326,0.004773779495909582
max_lai,StayGreen,0.023932259436807442,0.025141398098835196,0.02377254129134873,0.002571359990301906
max_lai,Rmax_LTIR,0.009375583374304582,0.012534599485723417,0.0240227914378184,0.0026592646725755622
max_lai,n,0.007620446848578872,0.009589561061332559,0.012410724514603238,0.0012600853055989463
max_lai,thetaS,-0.0009345425757650869,0.0071698003419609435,0.019546081721832982,0.002066321852692938
max_lai,Alfa,0.0014133811207942537,0.006457462819115055,0.012315073665346229,0.0012165619729306348
max_lai,thetaR,-0.002564982049168332,0.005031620532540577,0.009995484849752536,0.0010413945996916266
max_lai,Ks,0.0003444971558333415,0.004725462797733979,0.013322746150191361,0.001424797463032682
max_lai,Diffz,0.00045045359218826177,0.0017382052519270717,0.00889162060915533,0.0010123449033431773
max_lai,Diffx,-7.28942936504162e-05,0.0012278367703597746,0.003575474779685372,0.00038671808599092123
max_lai,PhyllFrmTassel,0.0,0.0,0.0,0.0
max_leaves,JuvenileLeaves,0.9881163624402443,0.9881163624402443,0.10087601886096266,0.011776629544416706
max_leaves,Rmax_LTIR,-0.003254688521359329,0.10487755581246076,0.1804182265796028,0.01659721630555574
max_leaves,Rmax_LTAR,-0.04100652748727308,0.05999170470367077,0.12487018911143777,0.01419253251943881
max_leaves,Alfa,-0.0035490844445645636,0.004700638258841488,0.036759509361400315,0.004300597394295962
max_leaves,Ks,-0.00043013739083667545,0.004051800317897551,0.03464651809114179,0.0041689823378932645
max_leaves,n,-0.0009767342107846414,0.0039975336624576,0.029921822005639434,0.0033200633925335402
max_leaves,thetaS,0.0007193721638618574,0.003773840615483828,0.02923975007927778,0.0034463391763748354
max_leaves,LM_min,6.977623967554101e-05,0.003023796291142918,0.03121048260502614,0.0037324145657883765
max_leaves,thetaR,-0.00038070998397944156,0.002158035902434249,0.02587953712578334,0.003188377845735182
max_leaves,StayGreen,0.001326205686825466,0.001326205686825466,0.015951899667446295,0.0018689121028812369
max_leaves,Diffz,0.000573251131575249,0.000573251131575249,0.009558006436435389,0.0011041012024542464
max_leaves,PhyllFrmTassel,0.0,0.0,0.0,0.0
max_leaves,Diffx,0.0,0.0,0.0,0.0
max_tcan,n,0.8390257889178331,0.8390257889178331,0.3308169346128127,0.03910207950274672
max_tcan,thetaS,-0.6049603643557125,0.6049603643557125,0.2774224324684516,0.03359779797384747
max_tcan,thetaR,0.37325829369498853,0.3769219596815955,0.21474284588356707,0.024741170838679986
max_tcan,Alfa,0.23312427968514807,0.26453208278059437,0.202031528570585,0.018454655844581763
max_tcan,Ks,0.001025458088315523,0.08787683742857652,0.14849991823487196,0.014215483353563561
max_tcan,JuvenileLeaves,0.0,0.0,0.0,0.0
max_tcan,Rmax_LTAR,0.0,0.0,0.0,0.0
max_tcan,Rmax_LTIR,0.0,0.0,0.0,0.0
max_tcan,PhyllFrmTassel,0.0,0.0,0.0,0.0
max_tcan,StayGreen,0.0,0.0,0.0,0.0
max_tcan,LM_min,0.0,0.0,0.0,0.0
max_tcan,Diffx,0.0,0.0,0.0,0.0
max_tcan,Diffz,0.0,0.0,0.0,0.0
max_thNew_0_10,n,-0.9395382183590444,0.9395382183590444,0.3238974886541621,0.038860513938808086
max_thNew_0_10,thetaS,0.5768764538884317,0.5768764538884317,0.23225162428102422,0.029101529265733755
max_thNew_0_10,Alfa,-0.24558648246860618,0.24558648246860618,0.1051489268769996,0.012464473426532872
max_thNew_0_10,thetaR,0.12146566488110351,0.12146566488110351,0.053721643754970204,0.006357245548225745
max_thNew_0_10,Ks,-0.002020419017853773,0.002020419017853773,0.00697430552012122,0.0008443540311055723
max_thNew_0_10,Rmax_LTAR,-0.000261551456098344,0.000261551456098344,0.0023933087975450467,0.0002960520187996097
max_thNew_0_10,LM_min,-0.0001926946344590485,0.0001926946344590485,0.0022870166312129393,0.0002703631652597653
max_thNew_0_10,Diffx,6.143994153096163e-05,8.574087851897618e-05,0.0012443309287730815,0.00014828558893130315
max_thNew_0_10,JuvenileLeaves,0.0,0.0,0.0,0.0
max_thNew_0_10,Rmax_LTIR,0.0,0.0,0.0,0.0
max_thNew_0_10,PhyllFrmTassel,0.0,0.0,0.0,0.0
max_thNew_0_10,StayGreen,0.0,0.0,0.0,0.0
max_thNew_0_10,Diffz,0.0,0.0,0.0,0.0
max_thNew_0_20,n,-0.9396575034239388,0.9396575034239388,0.3239878857113097,0.038872143842824
max_thNew_0_20,thetaS,0.5770002536096714,0.5770002536096714,0.23227626616230473,0.02911174751372026
max_thNew_0_20,Alfa,-0.24545818901884695,0.24545818901884695,0.10514297320447903,0.012459499563056507
max_thNew_0_20,thetaR,0.12142743618760339,0.12142743618760339,0.05376593525257274,0.006362055740077952
max_thNew_0_20,Ks,-0.001988316113948817,0.001988316113948817,0.006750184426623492,0.0008201868886230561
max_thNew_0_20,Rmax_LTAR,-0.0003022582364792212,0.0003022582364792212,0.0024833882987897737,0.00030636323317568626
max_thNew_0_20,LM_min,-0.00015450684515443816,0.00015450684515443816,0.0018248837533635404,0.0002155604456392465
max_thNew_0_20,Diffx,2.504105809486689e-05,3.3464751076137025e-05,0.0004930238783664745,5.8771237292972574e-05
max_thNew_0_20,JuvenileLeaves,0.0,0.0,0.0,0.0
max_thNew_0_20,Rmax_LTIR,0.0,0.0,0.0,0.0
max_thNew_0_20,PhyllFrmTassel,0.0,0.0,0.0,0.0
max_thNew_0_20,StayGreen,0.0,0.0,0.0,0.0
max_thNew_0_20,Diffz,0.0,0.0,0.0,0.0
max_thNew_0_200,n,-0.9370827370108177,0.9370827370108177,0.32498431974684683,0.03902568587886224
max_thNew_0_200,thetaS,0.6004867059459759,0.6004867059459759,0.243151073428961,0.03028602926593432
max_thNew_0_200,Alfa,-0.1441444201023606,0.1441444201023606,0.07076977797789577,0.008501591640554262
max_thNew_0_200,thetaR,0.13982255259439047,0.13982255259439047,0.06369841700933056,0.00762434874290247
max_thNew_0_200,Ks,-0.03176898574751284,0.03176898574751284,0.015274027083560219,0.0017653442148434844
max_thNew_0_200,Rmax_LTAR,-0.0082946873756102,0.008619248989509372,0.014221381159734642,0.0016690982458005227
max_thNew_0_200,LM_min,-0.002703962376730611,0.003894676204813397,0.008691449442875842,0.000952737682209957
max_thNew_0_200,JuvenileLeaves,-0.0015767352432992175,0.00330369023676962,0.008230862083892397,0.0008760142122096981
max_thNew_0_200,StayGreen,-0.0005022506697107013,0.0016402962996590416,0.004051883443643338,0.00044029089780582667
max_thNew_0_200,Diffx,-0.00011856569192111711,0.000982774323077927,0.0024436436668328165,0.00026856974027843905
max_thNew_0_200,Diffz,-0.00012886447508501909,0.0007327377323559958,0.0025014600832048337,0.000283463825933107
max_thNew_0_200,Rmax_LTIR,-8.543046302630252e-05,0.00012771126440053862,0.0011120321037755984,0.00012841755811618063
max_thNew_0_200,PhyllFrmTassel,0.0,0.0,0.0,0.0
max_thNew_10_20,n,-0.9397381831515793,0.9397381831515793,0.3240483118851494,0.038879759468178246
max_thNew_10_20,thetaS,0.577078220081727,0.577078220081727,0.23230374995473085,0.02911913486587335
max_thNew_10_20,Alfa,-0.2453551644293388,0.2453551644293388,0.10511426112621132,0.012452971649273845
max_thNew_10_20,thetaR,0.12137470641596532,0.12137470641596532,0.053775740145168414,0.0063617095885762
max_thNew_10_20,Ks,-0.0019702724323036364,0.0019702724323036364,0.0068105077004707235,0.0008291102645311855
max_thNew_10_20,Rmax_LTAR,-0.0003356722615590024,0.0003356722615590024,0.0026649096522074252,0.0003280441054547242
max_thNew_10_20,LM_min,-0.00013038210341212163,0.00013038210341212163,0.0015961362871041776,0.00018796367311000166
max_thNew_10_20,JuvenileLeaves,0.0,0.0,0.0,0.0
max_thNew_10_20,Rmax_LTIR,0.0,0.0,0.0,0.0
max_thNew_10_20,PhyllFrmTassel,0.0,0.0,0.0,0.0
max_thNew_10_20,StayGreen,0.0,0.0,0.0,0.0
max_thNew_10_20,Diffx,0.0,0.0,0.0,0.0
max_thNew_10_20,Diffz,0.0,0.0,0.0,0.0
max_thNew_120_200,n,-0.9248953941031046,0.9248953941031046,0.3244289103800771,0.038897100635090005
max_thNew_120_200,thetaS,0.6123292436117668,0.6123292436117668,0.24775380709140357,0.03058282599636495
max_thNew_120_200,thetaR,0.1662650701483499,0.1662650701483499,0.07836498263089592,0.009511976413419611
max_thNew_120_200,Ks,-0.06669932316314929,0.06669932316314929,0.03148103975600624,0.003645569330786944
max_thNew_120_200,Alfa,-0.029315228062829483,0.03536284143092731,0.03743760238703179,0.00378102504147734
max_thNew_120_200,Rmax_LTAR,-0.025607753404598168,0.02677476687155736,0.03599662807882209,0.004202939705778935
max_thNew_120_200,LM_min,-0.009600256955449476,0.013819290110612241,0.02553410607287684,0.0027104957230751404
max_thNew_120_200,JuvenileLeaves,-0.005142834340804298,0.011103444048084363,0.023563184007494017,0.0024335364355865747
max_thNew_120_200,StayGreen,-0.0017308304453894326,0.0057230668668727,0.011799497189028615,0.0012155219098556333
max_thNew_120_200,Diffx,-0.00022738724906550014,0.0033141593177768345,0.007530984791202442,0.0007957479753977636
max_thNew_120_200,Diffz,-0.00013029392485060132,0.002575647152377746,0.007617107974435194,0.0008428524091121288
max_thNew_120_200,Rmax_LTIR,-0.00024399790252043938,0.0004077641826894039,0.003555098793372213,0.0004116391520453335
max_thNew_120_200,PhyllFrmTassel,0.0,0.0,0.0,0.0
max_thNew_20_40,n,-0.9396302126881,0.9396302126881,0.32327541226248147,0.03882363634662763
max_thNew_20_40,thetaS,0.5791127693751712,0.5791127693751712,0.23417109513082593,0.029334407688043906
max_thNew_20_40,Alfa,-0.2427064770005154,0.2427064770005154,0.10403375425567585,0.01231098073807912
max_thNew_20_40,thetaR,0.12055594931080713,0.12055594931080713,0.053621026130007465,0.006328420311811801
max_thNew_20_40,Ks,-0.0028886901141748156,0.002946139578940203,0.007968530370765094,0.000942326823571161
max_thNew_20_40,Rmax_LTAR,-0.00044937242375610656,0.00044937242375610656,0.003272168864139044,0.0003862840781863958
max_thNew_20_40,StayGreen,-8.66255219467874e-05,8.66255219467874e-05,0.0014443360871382498,0.00017322657457789103
max_thNew_20_40,Rmax_LTIR,1.8466790886871174e-05,7.703735311511674e-05,0.0007725738663976865,8.999945136760871e-05
max_thNew_20_40,Diffz,-6.426266516179216e-06,6.426266516179216e-06,0.00010714727514816506,1.2093388384379364e-05
max_thNew_20_40,JuvenileLeaves,0.0,0.0,0.0,0.0
max_thNew_20_40,PhyllFrmTassel,0.0,0.0,0.0,0.0
max_thNew_20_40,LM_min,0.0,0.0,0.0,0.0
max_thNew_20_40,Diffx,0.0,0.0,0.0,0.0
max_thNew_80_120,n,-0.9375664612585582,0.9375664612585582,0.32589425169047304,0.03918833293777329
max_thNew_80_120,thetaS,0.5908666630693198,0.5908666630693198,0.2413982291869661,0.03008789880614527
max_thNew_80_120,Alfa,-0.21051010349691104,0.21051010349691104,0.0956741034167005,0.011391134254808375
max_thNew_80_120,thetaR,0.1261535459945665,0.1261535459945665,0.05973202346708167,0.007161123009475042
max_thNew_80_120,Ks,-0.014061714941809805,0.014061714941809805,0.012448897495733323,0.0014994671454600405
max_thNew_80_120,Rmax_LTAR,-0.001151684888021901,0.001151684888021901,0.004503358300392117,0.0005433971063425166
max_thNew_80_120,LM_min,-0.0005799524159616515,0.0005799524159616515,0.0030225628730359538,0.0003478147016507975
max_thNew_80_120,JuvenileLeaves,-0.00011546236076908916,0.00017324641464407488,0.0013827654045121805,0.000163858219945795
max_thNew_80_120,Diffx,-7.721910261442966e-05,0.00012821663536202732,0.001737856348805504,0.00020679513720647192
max_thNew_80_120,StayGreen,-5.5006395954693595e-05,5.5006395954693595e-05,0.0006105663927560781,6.863929402253865e-05
max_thNew_80_120,Diffz,-4.486355664035037e-06,4.518642934608742e-05,0.00048463393417980236,5.624210158781501e-05
max_thNew_80_120,Rmax_LTIR,0.0,0.0,0.0,0.0
max_thNew_80_120,PhyllFrmTassel,0.0,0.0,0.0,0.0
max_vpd,JuvenileLeaves,0.0,0.0,0.0,0.0
max_vpd,Rmax_LTAR,0.0,0.0,0.0,0.0
max_vpd,Rmax_LTIR,0.0,0.0,0.0,0.0
max_vpd,PhyllFrmTassel,0.0,0.0,0.0,0.0
max_vpd,StayGreen,0.0,0.0,0.0,0.0
max_vpd,LM_min,0.0,0.0,0.0,0.0
max_vpd,Diffx,0.0,0.0,0.0,0.0
max_vpd,Diffz,0.0,0.0,0.0,0.0
max_vpd,thetaR,0.0,0.0,0.0,0.0
max_vpd,thetaS,0.0,0.0,0.0,0.0
max_vpd,Alfa,0.0,0.0,0.0,0.0
max_vpd,n,0.0,0.0,0.0,0.0
max_vpd,Ks,0.0,0.0,0.0,0.0
mean_CO2Conc_0_10,n,-0.8347678004585056,0.8347678004585056,0.3432535951535248,0.038818950676164296
mean_CO2Conc_0_10,thetaS,-0.7002776137031319,0.7002776137031319,0.32227964713220597,0.03891872325679523
mean_CO2Conc_0_10,JuvenileLeaves,0.236485642434594,0.236485642434594,0.12314286433463056,0.01505588242098908
mean_CO2Conc_0_10,thetaR,0.1349617057499407,0.1349617057499407,0.06921717588904792,0.008195142164795123
mean_CO2Conc_0_10,Rmax_LTAR,-0.05547058859000019,0.05595249502383418,0.0452702387342627,0.005118110855434156
mean_CO2Conc_0_10,Ks,-0.05140543876380276,0.05143353248866477,0.03474312235767282,0.004069128517977675
mean_CO2Conc_0_10,LM_min,0.03160205747981019,0.0348933156701044,0.035005769099258545,0.003735663324064063
mean_CO2Conc_0_10,Rmax_LTIR,-0.02221457373557345,0.03473769409101548,0.0413279802821825,0.0036461312659447727
mean_CO2Conc_0_10,Alfa,-0.031362421861697666,0.03439448455333318,0.03279192265545056,0.0035119862972521412
mean_CO2Conc_0_10,StayGreen,-0.010297198386731337,0.012809282047928635,0.013730946647775227,0.0013674846176469748
mean_CO2Conc_0_10,PhyllFrmTassel,0.006837938908386571,0.006968940123406737,0.0056766751037998974,0.0006519207148949287
mean_CO2Conc_0_10,Diffz,0.0012781546774566545,0.0030256999576039017,0.004496822038937873,0.00042518858245023004
mean_CO2Conc_0_10,Diffx,-0.0002569830216999827,0.002847682848326223,0.0038998923754692658,0.00031255947112316464
mean_CO2Conc_0_20,n,-0.8384685745205235,0.8384685745205235,0.34234107551266985,0.038722754812012844
mean_CO2Conc_0_20,thetaS,-0.6949410726223597,0.6949410726223597,0.3205876228405844,0.038704395201925125
mean_CO2Conc_0_20,JuvenileLeaves,0.23511505244202527,0.23511505244202527,0.12358000192095278,0.01510265248421064
mean_CO2Conc_0_20,thetaR,0.13394252295061856,0.13394252295061856,0.06864820285048356,0.008125599192443775
mean_CO2Conc_0_20,Rmax_LTAR,-0.05720371434204493,0.05759767866572947,0.04582106715888708,0.005196089592259204
mean_CO2Conc_0_20,Ks,-0.05143989990121564,0.05149067552687415,0.035162773397983516,0.004116190339260092
mean_CO2Conc_0_20,Alfa,-0.03260753448140705,0.03529846161858605,0.03294092348781051,0.0035652444240218215
mean_CO2Conc_0_20,Rmax_LTIR,-0.0227376800572477,0.035126688710530554,0.04172639357889477,0.0036950801504626552
mean_CO2Conc_0_20,LM_min,0.028127128414791022,0.033373766111285966,0.03562922052099477,0.0036328655659347685
mean_CO2Conc_0_20,StayGreen,-0.010607411196476907,0.013074826172671472,0.013959673693026945,0.0013964171074460168
mean_CO2Conc_0_20,PhyllFrmTassel,0.006873535789882242,0.006982285457572983,0.005651402270733917,0.0006517578067381667
mean_CO2Conc_0_20,Diffz,0.0013309642203233336,0.0030354628098097814,0.004474826172748766,0.0004238135451526776
mean_CO2Conc_0_20,Diffx,-0.0002960616055220661,0.0028439198283977526,0.0038808639081646707,0.00031001434116256386
mean_CO2Conc_0_200,n,-0.7922659336480343,0.7922659336480343,0.34610174566101115,0.039057951961290326
mean_CO2Conc_0_200,thetaS,-0.6909585440291411,0.6909585440291411,0.34730118682988365,0.041723756422110916
mean_CO2Conc_0_200,JuvenileLeaves,0.2782008427392048,0.2782008427392048,0.15600070457275478,0.018877615108609802
mean_CO2Conc_0_200,thetaR,0.13310462258853525,0.13310462258853525,0.07528338904678282,0.008818741569909888
mean_CO2Conc_0_200,Ks,-0.13010083586882543,0.13010083586882543,0.14825019346727336,0.017218737630219846
mean_CO2Conc_0_200,Alfa,0.06680260964312741,0.07024931231910596,0.08598478900919036,0.010121190407054293
mean_CO2Conc_0_200,LM_min,0.05604742207644652,0.056500005790480284,0.051768231528186916,0.005937037842088374
mean_CO2Conc_0_200,Rmax_LTAR,-0.03852353171145872,0.04177592901444862,0.04168461310220074,0.004487136951039723
mean_CO2Conc_0_200,Rmax_LTIR,-0.02782556852955893,0.038329730014990133,0.04519684916019572,0.004277423401358197
mean_CO2Conc_0_200,StayGreen,-0.006755997132080239,0.014278319540269759,0.019888423480768844,0.0017908206566942776
mean_CO2Conc_0_200,PhyllFrmTassel,0.0066754757857832425,0.00709178667004304,0.007372228960709174,0.0008477593312970839
mean_CO2Conc_0_200,Diffz,0.0027618505071015783,0.004045712408572705,0.006056472308898528,0.0006398862305788463
mean_CO2Conc_0_200,Diffx,-0.0006150059471352757,0.0033739844540193404,0.004756137894616719,0.0003963852974595771
mean_CO2Conc_10_20,n,-0.8390514117930452,0.8390514117930452,0.3421850093938003,0.038706154472316553
mean_CO2Conc_10_20,thetaS,-0.694079962135295,0.694079962135295,0.3203140867004021,0.03866986351112265
mean_CO2Conc_10_20,JuvenileLeaves,0.23489343272778637,0.23489343272778637,0.12366630349368113,0.015112141174744024
mean_CO2Conc_10_20,thetaR,0.13377827885624374,0.13377827885624374,0.06856037634043878,0.008114867776534397
mean_CO2Conc_10_20,Rmax_LTAR,-0.05748037660732042,0.057861596622634945,0.04591652820119804,0.005209258780981303
mean_CO2Conc_10_20,Ks,-0.0514450963132266,0.05149974344718198,0.03523363117461888,0.004124211718192017
mean_CO2Conc_10_20,Alfa,-0.032806861241600475,0.035453689647759135,0.03297658060510777,0.0035739194758127937
mean_CO2Conc_10_20,Rmax_LTIR,-0.022821064622407877,0.035188623894549846,0.041790656933708425,0.0037030317508158594
mean_CO2Conc_10_20,LM_min,0.027571356431130345,0.03320980317726769,0.03575968090954416,0.0036136910737326437
mean_CO2Conc_10_20,StayGreen,-0.010656989145001534,0.013121105798509336,0.013997837721755954,0.0014007734868684524
mean_CO2Conc_10_20,PhyllFrmTassel,0.006879188009718128,0.006987131364812962,0.005649184404845916,0.0006514521509893557
mean_CO2Conc_10_20,Diffz,0.001339406107817306,0.003037701526067755,0.0044727254275908415,0.00042372729224362117
mean_CO2Conc_10_20,Diffx,-0.0003023018925078631,0.0028443965856248914,0.0038795918235354915,0.0003098250050573454
mean_CO2Conc_120_200,n,-0.7709229481068448,0.7709229481068448,0.3563967478127807,0.040592538160202155
mean_CO2Conc_120_200,thetaS,-0.6668501029384355,0.6668501029384355,0.36016902753306396,0.04296401884423154
mean_CO2Conc_120_200,JuvenileLeaves,0.2859237248709457,0.2859237248709457,0.17025190076205293,0.02045389006075496
mean_CO2Conc_120_200,Ks,-0.17811764449567252,0.17811764449567252,0.20355206743868273,0.023614421371161817
mean_CO2Conc_120_200,thetaR,0.12795750731275934,0.12795750731275934,0.07928611805261256,0.009284744878761768
mean_CO2Conc_120_200,Alfa,0.1236231743832006,0.12370271837586545,0.12864479391685493,0.015594967692191809
mean_CO2Conc_120_200,LM_min,0.0719491225935937,0.0720982384966003,0.06350307288395228,0.007320990510110789
mean_CO2Conc_120_200,Rmax_LTIR,-0.02801531251354937,0.03705031122492548,0.04496411634691255,0.004439908755392326
mean_CO2Conc_120_200,Rmax_LTAR,-0.024787691269590954,0.03290710722705083,0.03986066787058007,0.003928962216459351
mean_CO2Conc_120_200,StayGreen,-0.003822807884531211,0.015530254272127458,0.024047749660480865,0.002145938407165646
mean_CO2Conc_120_200,PhyllFrmTassel,0.006433238147853437,0.007380733506172589,0.009697344162503604,0.0010966326283417896
mean_CO2Conc_120_200,Diffz,0.0030760934509984975,0.004379230980128255,0.006897912988030568,0.0007494288895740334
mean_CO2Conc_120_200,Diffx,-0.0006980376133012653,0.003699822693020508,0.005505628135944701,0.0004846208041392836
mean_CO2Conc_20_40,n,-0.8398438247801489,0.8398438247801489,0.33987773988089603,0.038357480872930255
mean_CO2Conc_20_40,thetaS,-0.6909728600956454,0.6909728600956454,0.31945473294392207,0.03856198701630469
mean_CO2Conc_20_40,JuvenileLeaves,0.23499925437822872,0.23499925437822872,0.12372663666169326,0.015128552334961885
mean_CO2Conc_20_40,thetaR,0.13380858404337,0.13380858404337,0.0681489847055092,0.008053075772390431
mean_CO2Conc_20_40,Rmax_LTAR,-0.060516521689780445,0.06079738669452196,0.046484307894103565,0.005280279514797138
mean_CO2Conc_20_40,Ks,-0.049553951947336,0.04967709857239874,0.03530927743151096,0.004132989590749038
mean_CO2Conc_20_40,Alfa,-0.03676654757840924,0.03882922433916577,0.03401807929751101,0.0037380038600053813
mean_CO2Conc_20_40,Rmax_LTIR,-0.024298188668621518,0.03650974328583634,0.04310218842794427,0.003854688325716388
mean_CO2Conc_20_40,LM_min,0.020690794006460508,0.027921919542422836,0.03243689564065954,0.0031002951827522915
mean_CO2Conc_20_40,StayGreen,-0.011403309821020842,0.013846202965089094,0.014592766267736158,0.0014678751124080312
mean_CO2Conc_20_40,PhyllFrmTassel,0.006886769441649837,0.006972745878195028,0.005526769731151488,0.0006389524311755789
mean_CO2Conc_20_40,Diffz,0.0016014249587717707,0.0031284655450976835,0.004570977414453613,0.00044199983328669637
mean_CO2Conc_20_40,Diffx,-0.00036636313856130244,0.002873607604286253,0.00389279452209443,0.00030630707860128555
mean_CO2Conc_80_120,n,-0.7824397240706024,0.7824397240706024,0.3322507347845577,0.03719427411759968
mean_CO2Conc_80_120,thetaS,-0.7404613248046036,0.7404613248046036,0.3322152175483656,0.040152993206083856
mean_CO2Conc_80_120,JuvenileLeaves,0.2820269855876026,0.2820269855876026,0.14369060703836994,0.01769031048722675
mean_CO2Conc_80_120,thetaR,0.14456495251883855,0.14456495251883855,0.07353097335766075,0.008684480828988862
mean_CO2Conc_80_120,Rmax_LTAR,-0.05505030376966598,0.055799457409913954,0.0455507357771739,0.00515131736163013
mean_CO2Conc_80_120,Ks,-0.04805864300348377,0.04839304594875796,0.03807822504135629,0.004470572729670139
mean_CO2Conc_80_120,Rmax_LTIR,-0.030544728837898466,0.04293177020109872,0.04978714608230829,0.004597103069137554
mean_CO2Conc_80_120,LM_min,0.03580551124666632,0.03781712419836975,0.03328432704473245,0.0035738544340631613
mean_CO2Conc_80_120,Alfa,-0.006009082284073665,0.022643314083106873,0.03026172870011151,0.002436443500017433
mean_CO2Conc_80_120,StayGreen,-0.010602106688284398,0.014071566144759006,0.01591195124060381,0.001535616090514327
mean_CO2Conc_80_120,PhyllFrmTassel,0.007053068650090377,0.00715972891733376,0.00553198869838282,0.0006421081648308895
mean_CO2Conc_80_120,Diffz,0.002429755548587383,0.003669251050301028,0.005190601022214615,0.0005273107858018821
mean_CO2Conc_80_120,Diffx,-0.0005124268442422773,0.0030314216962985256,0.004188304901659829,0.0003387464941984695
mean_N2OConc_0_10,n,-0.9846188388386111,0.9846188388386111,0.23231019130008843,0.028422675454667604
mean_N2OConc_0_10,thetaS,0.32583068093171613,0.32583068093171613,0.1873056031096972,0.02200354331678412
mean_N2OConc_0_10,Alfa,-0.19712282223199717,0.19712282223199717,0.0972778959223485,0.011569443043440701
mean_N2OConc_0_10,JuvenileLeaves,-0.09912192798131356,0.11202818910393984,0.12269247083819781,0.013409622452821322
mean_N2OConc_0_10,Ks,-0.08683880429108555,0.08683880429108555,0.0491322708941944,0.005659687960021559
mean_N2OConc_0_10,LM_min,-0.053655148046362025,0.08394843435919554,0.1120451428295749,0.010788613975233643
mean_N2OConc_0_10,Rmax_LTAR,0.054891326288415275,0.06865265450253485,0.05982800340660767,0.004941919896024377
mean_N2OConc_0_10,thetaR,-0.06172100641454524,0.06203924155564639,0.04923197128193433,0.005486966640306571
mean_N2OConc_0_10,StayGreen,-0.021971061218253964,0.02812717843117766,0.03293700830871141,0.0032258926913594542
mean_N2OConc_0_10,Rmax_LTIR,-0.0015230679033975004,0.006661716154503036,0.013014978044833052,0.0014062406001302873
mean_N2OConc_0_10,Diffz,-0.004096844585310016,0.004737349795605446,0.004703847962004066,0.0004941280481811994
mean_N2OConc_0_10,Diffx,-0.001733918725870083,0.003433175553716473,0.004397475303394841,0.000377832692122206
mean_N2OConc_0_10,PhyllFrmTassel,-0.00207541512712437,0.0031589297406459686,0.00475417866307855,0.0004881470447196442
mean_N2OConc_0_20,n,-0.976737356203386,0.976737356203386,0.25070591751125904,0.030549647468173558
mean_N2OConc_0_20,thetaS,0.36843604114127754,0.36843604114127754,0.1969001030279037,0.023218587846659998
mean_N2OConc_0_20,Alfa,-0.2068948769449405,0.2068948769449405,0.10017342345899956,0.011896671360580615
mean_N2OConc_0_20,JuvenileLeaves,-0.13000216867979966,0.13634461233907164,0.12687405703239,0.01446629521611794
mean_N2OConc_0_20,LM_min,-0.07881463133948348,0.09719618677701293,0.11431609073118888,0.011811232024743755
mean_N2OConc_0_20,Ks,-0.08284071057139256,0.08284071057139256,0.048731204908175604,0.005609489388987904
mean_N2OConc_0_20,thetaR,-0.06982321544048899,0.06996254472791323,0.05183239338121531,0.005796733346820536
mean_N2OConc_0_20,Rmax_LTAR,0.045798536134686464,0.06222983645736966,0.06099661637364313,0.005047276064809282
mean_N2OConc_0_20,StayGreen,-0.023747941792998824,0.028561820741438843,0.03214249384225665,0.0032218768407491958
mean_N2OConc_0_20,Rmax_LTIR,-0.0020531845317607023,0.007504904920482432,0.014664363941597189,0.0015999359760187001
mean_N2OConc_0_20,Diffz,-0.0037052057611410526,0.00441429199782221,0.004699589737375214,0.0004889618833916854
mean_N2OConc_0_20,Diffx,-0.0020507592915462855,0.0035973997424043717,0.0047141739161352175,0.0004215118845869864
mean_N2OConc_0_20,PhyllFrmTassel,-0.002444131708152458,0.003551319428573928,0.005249385856294047,0.0005417561650565599
mean_N2OConc_0_200,n,-0.8648523735682511,0.8648523735682511,0.3088637927254477,0.03650315235449569
mean_N2OConc_0_200,thetaS,0.5964340100834336,0.5964340100834336,0.24446623664513178,0.030065838452847434
mean_N2OConc_0_200,Alfa,-0.3264731774915199,0.3264731774915199,0.1434859329386041,0.01708491110967024
mean_N2OConc_0_200,JuvenileLeaves,-0.26869593491875404,0.26869593491875404,0.1257563268460724,0.015114585079750217
mean_N2OConc_0_200,LM_min,-0.23256959689910764,0.23256959689910764,0.1273221844189837,0.015186719102400967
mean_N2OConc_0_200,thetaR,-0.10989209135353777,0.10989209135353777,0.05021147576668805,0.005768494802176439
mean_N2OConc_0_200,StayGreen,-0.060325069766500046,0.06059136940626587,0.05480726383272697,0.0063489287908622795
mean_N2OConc_0_200,Rmax_LTAR,0.007541957142150959,0.04924776810730832,0.06832628514529716,0.005593346125493659
mean_N2OConc_0_200,Ks,-0.030473846448204778,0.03478846957543287,0.03733189256093163,0.003901317294452427
mean_N2OConc_0_200,Rmax_LTIR,-0.0026124034410683716,0.011695833240523937,0.020630443210309202,0.0021086587795345613
mean_N2OConc_0_200,PhyllFrmTassel,-0.0029866591046908667,0.004647447253312076,0.0062040034757058615,0.0005813220184938675
mean_N2OConc_0_200,Diffx,-0.002470889515529992,0.003961947955906457,0.005340637558608908,0.00049841397037953
mean_N2OConc_0_200,Diffz,-0.0018815966675004101,0.0036718900064870467,0.004740034001360579,0.00041352546200654943
mean_N2OConc_10_20,n,-0.9752967484215351,0.9752967484215351,0.2533503580278053,0.03085196917069738
mean_N2OConc_10_20,thetaS,0.3747929388025637,0.3747929388025637,0.1984497252470778,0.023414534572808385
mean_N2OConc_10_20,Alfa,-0.20832602220814242,0.20832602220814242,0.1006301441075974,0.0119491154976462
mean_N2OConc_10_20,JuvenileLeaves,-0.13465635967682194,0.14029072783093144,0.12770600765522475,0.014631761423590905
mean_N2OConc_10_20,LM_min,-0.08260265079803891,0.09944529233936199,0.11472832115116623,0.011986422146253095
mean_N2OConc_10_20,Ks,-0.08221063968727069,0.08221063968727069,0.048662665083519276,0.005601077743482574
mean_N2OConc_10_20,thetaR,-0.07103006313656843,0.07115068723337596,0.052264020384931914,0.005847029129609328
mean_N2OConc_10_20,Rmax_LTAR,0.04440626434965169,0.06133160560311973,0.0612555740212332,0.005072796712222268
mean_N2OConc_10_20,StayGreen,-0.024010105525096633,0.028640480603086653,0.03202542472989339,0.0032203502127019805
mean_N2OConc_10_20,Rmax_LTIR,-0.002132948418057775,0.007638878534303242,0.014929390950817878,0.0016309915418690065
mean_N2OConc_10_20,Diffz,-0.003644881355122722,0.004373388077881273,0.004714835340556546,0.000489172797024508
mean_N2OConc_10_20,Diffx,-0.0020982079246769886,0.0036483070428268804,0.004790760396885578,0.00043008292683722994
mean_N2OConc_10_20,PhyllFrmTassel,-0.0024995627693122635,0.003615417774519201,0.005339035408185223,0.0005515783881147982
mean_N2OConc_120_200,n,-0.7551295674314655,0.7551295674314655,0.2940027067286035,0.034122952473569064
mean_N2OConc_120_200,thetaS,0.6594140593655926,0.6594140593655926,0.27634189808023013,0.033955678997501286
mean_N2OConc_120_200,Alfa,-0.4011244101122712,0.4011244101122712,0.17454571177373476,0.020851373158196584
mean_N2OConc_120_200,JuvenileLeaves,-0.32350178379756866,0.32350178379756866,0.1525141834049087,0.018614104466240195
mean_N2OConc_120_200,LM_min,-0.3007667852158338,0.3007667852158338,0.16522519643766426,0.019963241343429156
mean_N2OConc_120_200,thetaR,-0.12230580087950778,0.12230580087950778,0.055470086465229274,0.006462090073343791
mean_N2OConc_120_200,StayGreen,-0.08630522278522103,0.0870828701639547,0.08386177394428124,0.009790875280595406
mean_N2OConc_120_200,Rmax_LTAR,-0.0003752921943868095,0.06657097556224754,0.08906758024836435,0.006886689798587367
mean_N2OConc_120_200,Ks,0.011765790396711754,0.030943535180689357,0.03836302610988606,0.0030275080911478574
mean_N2OConc_120_200,Rmax_LTIR,-0.002159720992339334,0.014202885609436475,0.024908051069823713,0.0025206075526700406
mean_N2OConc_120_200,PhyllFrmTassel,-0.0026491330316111327,0.005357269936772901,0.007330806509958228,0.0006422834733445334
mean_N2OConc_120_200,Diffz,-0.002121319917394373,0.004436493700274873,0.0058504461943245795,0.0004991390644261301
mean_N2OConc_120_200,Diffx,-0.0025608481597544043,0.004358789275507692,0.005851673426621091,0.0005357493065448685
mean_N2OConc_20_40,n,-0.9465400950481472,0.9465400950481472,0.29199799631238466,0.03503977107983765
mean_N2OConc_20_40,thetaS,0.47759264036538407,0.47759264036538407,0.20629599376303964,0.0250171787034722
mean_N2OConc_20_40,Alfa,-0.2485711065504421,0.2485711065504421,0.11276453088233908,0.013406591375590499
mean_N2OConc_20_40,JuvenileLeaves,-0.20793773196837842,0.20814363542240868,0.11909120447296924,0.014006514778504404
mean_N2OConc_20_40,LM_min,-0.15015967785315912,0.151204483568912,0.1047067003480085,0.012160585014706063
mean_N2OConc_20_40,thetaR,-0.08822810975347681,0.08822810975347681,0.04875595896882529,0.005508263283959702
mean_N2OConc_20_40,Ks,-0.06512607315518355,0.06512607315518355,0.042785947665629716,0.004940790975444245
mean_N2OConc_20_40,Rmax_LTAR,0.02239065463323076,0.0458532469516495,0.06099530495068097,0.0053365754300956315
mean_N2OConc_20_40,StayGreen,-0.03184169729963768,0.033272947018086585,0.031379502868122286,0.0034347582535915037
mean_N2OConc_20_40,Rmax_LTIR,-0.0035313743676937126,0.009249929561225842,0.017328707523819327,0.0018571348124479354
mean_N2OConc_20_40,PhyllFrmTassel,-0.0031772152592103257,0.004324939360102515,0.005901064032963924,0.0005960041354332751
mean_N2OConc_20_40,Diffx,-0.002516763568633315,0.003907254463392711,0.005231136867379507,0.0005001097759721036
mean_N2OConc_20_40,Diffz,-0.0023131134553907844,0.003560329745126856,0.0045583956494910805,0.0004372042665305426
mean_N2OConc_80_120,n,-0.867117508350503,0.867117508350503,0.3103621337656384,0.03672957768980225
mean_N2OConc_80_120,thetaS,0.6042378329666968,0.6042378329666968,0.2474979788235798,0.03054278174060992
mean_N2OConc_80_120,Alfa,-0.30979750055070876,0.30979750055070876,0.1369497366900198,0.016352076550538115
mean_N2OConc_80_120,JuvenileLeaves,-0.2598304489768166,0.2598304489768166,0.12145503733995645,0.014546230188989248
mean_N2OConc_80_120,LM_min,-0.22597427946062984,0.22597427946062984,0.12137444869752576,0.01438888734241439
mean_N2OConc_80_120,thetaR,-0.1104535033198275,0.1104535033198275,0.05042344904778117,0.005810747181667499
mean_N2OConc_80_120,StayGreen,-0.05624839662882449,0.056325856688590796,0.04907479675343438,0.005703696143549839
mean_N2OConc_80_120,Rmax_LTAR,0.0033299248350489776,0.04606946735864773,0.06411838229863105,0.005183950165164592
mean_N2OConc_80_120,Ks,-0.03895298816659431,0.040419026727552466,0.03728265527114612,0.0041441640549505915
mean_N2OConc_80_120,Rmax_LTIR,-0.002628401974974119,0.011322402165896809,0.019525446252849545,0.0019592943734947875
mean_N2OConc_80_120,PhyllFrmTassel,-0.0031037621910154495,0.004401548325144647,0.005921811880116217,0.0005797399806809725
mean_N2OConc_80_120,Diffx,-0.0023254894488583962,0.003991098899100309,0.005435358353869114,0.0004894874971136864
mean_N2OConc_80_120,Diffz,-0.0012926679598825855,0.003414188152654702,0.004626258717562532,0.000400599730162633
mean_NH4N_0_10,thetaS,0.7524241397516804,0.7536065935982473,0.31728423151757906,0.03798633367111436
mean_NH4N_0_10,n,-0.5212003365813905,0.5228686397491366,0.25397103659007914,0.029200843711240026
mean_NH4N_0_10,LM_min,-0.47419653202137085,0.48010645331925966,0.2479421123688672,0.02859754903735227
mean_NH4N_0_10,JuvenileLeaves,-0.4305654301550249,0.43357100592690284,0.22123942349161926,0.025091390199188525
mean_NH4N_0_10,Rmax_LTAR,-0.1066782001306152,0.141829376711286,0.1535024894688304,0.01397777186660805
mean_NH4N_0_10,Ks,-0.12052272544784937,0.12554802012952793,0.08119143516507205,0.00835942874659681
mean_NH4N_0_10,StayGreen,-0.11570846738707648,0.11745964661196523,0.0978430787118443,0.011211370253965137
mean_NH4N_0_10,Alfa,0.09250996777014947,0.10248332726459175,0.08620610387958137,0.00893595330790168
mean_NH4N_0_10,thetaR,-0.08999971283404544,0.10017524365633694,0.0817287966162931,0.00790804746179298
mean_NH4N_0_10,Diffz,-0.05980959698433894,0.06082457557147465,0.040290896394860866,0.004418198331576161
mean_NH4N_0_10,Rmax_LTIR,-0.02267824397753708,0.03707124175752427,0.06420466684630143,0.006892007202426308
mean_NH4N_0_10,Diffx,-0.004463547738024401,0.01941786246093739,0.0298796844564433,0.0027439925938394292
mean_NH4N_0_10,PhyllFrmTassel,-0.010781691630051682,0.01695438401455948,0.02577364635156556,0.0025933014891992264
mean_NH4N_0_20,thetaS,0.715790851018702,0.7247816514054689,0.3294435237923311,0.03755747762554661
mean_NH4N_0_20,LM_min,-0.5131772023718388,0.5281310666538009,0.2978960081686293,0.03199531548266862
mean_NH4N_0_20,n,-0.4737835141486095,0.48337029783974667,0.2677679660509424,0.02984280291528807
mean_NH4N_0_20,JuvenileLeaves,-0.39482458062961856,0.41181689474315425,0.2570067472690179,0.026633453274851778
mean_NH4N_0_20,Rmax_LTAR,-0.05746790822279755,0.1588319956777059,0.20302216298681344,0.01607633540057536
mean_NH4N_0_20,StayGreen,-0.14962098854863917,0.1534494530683896,0.1281043447147837,0.014555796778414265
mean_NH4N_0_20,Ks,-0.11650919709275762,0.13361556514244963,0.12171778611764873,0.011905255534794783
mean_NH4N_0_20,Alfa,0.10867157290040233,0.12580150491037065,0.12759035001023836,0.013599196736682464
mean_NH4N_0_20,thetaR,-0.07472295512136067,0.11081191695246519,0.1273252756090788,0.011185472199451473
mean_NH4N_0_20,Rmax_LTIR,-0.03783227997416649,0.05579014413308713,0.0826489166321272,0.008436224575717376
mean_NH4N_0_20,Diffz,-0.03926839790358413,0.04905266562803254,0.0617412580853106,0.006385520850622623
mean_NH4N_0_20,Diffx,-0.0058246208026039225,0.02916040266607185,0.05390037350825138,0.005401590753016497
mean_NH4N_0_20,PhyllFrmTassel,-0.012621993511594081,0.018484653486540322,0.02914902450375069,0.00299796543887694
mean_NH4N_0_200,n,0.6439885100575737,0.6511106897226122,0.41604815729661887,0.046753448154649525
mean_NH4N_0_200,LM_min,-0.4261691636046876,0.4518499263799818,0.33180033672733317,0.03607532206233067
mean_NH4N_0_200,Rmax_LTAR,-0.30971473438741537,0.36743576706676545,0.32590136732301334,0.03105062625289845
mean_NH4N_0_200,JuvenileLeaves,0.2952316833304392,0.3505661111878431,0.33900578794262554,0.03385666647743416
mean_NH4N_0_200,thetaS,-0.21155150855183188,0.2834472416132323,0.32761324692452837,0.03122579800469674
mean_NH4N_0_200,StayGreen,-0.19885110858643348,0.21166341369885977,0.199034703052593,0.020594698150829212
mean_NH4N_0_200,Alfa,0.07184137925815488,0.15801590551935848,0.22984429522463765,0.021044940583386344
mean_NH4N_0_200,thetaR,0.04670808372107995,0.11299214586182249,0.18786645816692119,0.01814272706118896
mean_NH4N_0_200,Rmax_LTIR,-0.0730600813148986,0.11032224105469086,0.15597750658718318,0.014922933018996892
mean_NH4N_0_200,Ks,0.009649325352860016,0.08116494634066806,0.1255240932424307,0.011068247136960863
mean_NH4N_0_200,Diffx,0.013796641966273223,0.05224057496265274,0.09586412152780167,0.009435520992633355
mean_NH4N_0_200,Diffz,-0.008851795069038519,0.04493603671705608,0.08363814213621681,0.008336798656434169
mean_NH4N_0_200,PhyllFrmTassel,-0.0032957397027814387,0.004686931849805303,0.007691450758466232,0.000811580843324877
mean_NH4N_10_20,thetaS,0.6675545858886182,0.6929945353158212,0.3711416832613311,0.03888964688965668
mean_NH4N_10_20,LM_min,-0.5285570618004503,0.5620254432821853,0.3551770357057635,0.03490000565939655
mean_NH4N_10_20,n,-0.41526711195618377,0.4510198525879279,0.31888230522714955,0.0316432653011417
mean_NH4N_10_20,JuvenileLeaves,-0.35067978722723653,0.4019727726703851,0.32191009623736394,0.029862175884369447
mean_NH4N_10_20,Rmax_LTAR,-0.016861864919002642,0.19514129751015286,0.26771995149915867,0.021636855163510518
mean_NH4N_10_20,StayGreen,-0.17297425164178895,0.18099717808311203,0.15544239421057507,0.01736125252707513
mean_NH4N_10_20,Alfa,0.12311924693228413,0.15246151860164553,0.18543944643918608,0.0201334135006157
mean_NH4N_10_20,Ks,-0.11084202436543428,0.14148058794536725,0.15385089004205826,0.01470147002685618
mean_NH4N_10_20,thetaR,-0.060369020891773435,0.12577679610112186,0.16848096122488018,0.014606381433866208
mean_NH4N_10_20,Rmax_LTIR,-0.04939264091050512,0.07191055833111545,0.10206715899874752,0.010099014050309897
mean_NH4N_10_20,Diffz,-0.02056769504015267,0.045330212478990974,0.08170164824518274,0.008561407114091545
mean_NH4N_10_20,Diffx,-0.006227982615199031,0.03749110073577285,0.0730723516675001,0.007465524979799724
mean_NH4N_10_20,PhyllFrmTassel,-0.013505900515412499,0.019788812101754847,0.031925765472737115,0.003311340849926348
mean_NH4N_120_200,n,0.6614951299077318,0.6642888132196795,0.31535240201836745,0.03566327661168264
mean_NH4N_120_200,Rmax_LTAR,-0.5070591570249748,0.5248311424988207,0.3257876310601499,0.035684125641553946
mean_NH4N_120_200,thetaS,-0.4404778319900361,0.45125272794465476,0.2851264409609919,0.030650367642986537
mean_NH4N_120_200,LM_min,-0.3715404757974619,0.3865595869630567,0.2685875485339383,0.028350954915984293
mean_NH4N_120_200,JuvenileLeaves,0.2311798270225481,0.24550214901325287,0.19133906593491729,0.020098693939317597
mean_NH4N_120_200,Alfa,-0.14004701239281522,0.17418823023336721,0.19506190562081857,0.0194582786793437
mean_NH4N_120_200,StayGreen,-0.1595913458400283,0.16811116532831102,0.1592474505012019,0.01710346776998871
mean_NH4N_120_200,Ks,0.0944175698052637,0.10893401834561155,0.10358662042262448,0.01022754847708532
mean_NH4N_120_200,thetaR,0.05931873499469339,0.09305810793939556,0.13730709497455532,0.013821717251760708
mean_NH4N_120_200,Rmax_LTIR,-0.048125931981499094,0.07288147398217547,0.10431456691363428,0.01030428137278656
mean_NH4N_120_200,Diffx,0.020134511434173955,0.04273947555909894,0.06749148278535501,0.006459413195730081
mean_NH4N_120_200,Diffz,-0.011051934680838326,0.035389110655558054,0.07123297862512737,0.0074402108740551885
mean_NH4N_120_200,PhyllFrmTassel,-0.0001633779868181585,0.0004301726120316499,0.0007433060443484297,7.278466660313832e-05
mean_NH4N_20_40,LM_min,-0.4015084774689033,0.5278730884604451,0.4937410951851171,0.04164616766715227
mean_NH4N_20_40,JuvenileLeaves,0.33912277988929024,0.4728230198987889,0.5098844044376626,0.047293665149715204
mean_NH4N_20_40,n,0.08930134470431879,0.40529544664391837,0.5289093087900495,0.039500208602026916
mean_NH4N_20_40,Rmax_LTAR,0.08052421712601456,0.3826893407112439,0.49504745628025126,0.038755768240367354
mean_NH4N_20_40,thetaS,0.07774507367155382,0.33989782099843446,0.44406869119677167,0.03358173152542296
mean_NH4N_20_40,Alfa,0.21207291380371326,0.29303506545127256,0.3418152218596053,0.03296542496715236
mean_NH4N_20_40,StayGreen,-0.23806333652491754,0.27378145425283984,0.28337300543036664,0.028232883826605312
mean_NH4N_20_40,Rmax_LTIR,-0.12200842382723971,0.17747772970625347,0.24736894172252666,0.02427867536764828
mean_NH4N_20_40,thetaR,0.06956736070101344,0.16803647654637177,0.2606197477086296,0.023939856653828334
mean_NH4N_20_40,Ks,-0.06175449117468445,0.16000965597563532,0.21954963033274932,0.01962992611929082
mean_NH4N_20_40,Diffx,0.0066414166660559455,0.08410202848970089,0.16758028661362276,0.016870654714239555
mean_NH4N_20_40,Diffz,0.020869570732203958,0.07553935450945767,0.13776106882491326,0.013820341555316367
mean_NH4N_20_40,PhyllFrmTassel,-0.007354695686481597,0.008577555192071006,0.020265974588972453,0.0023899627678169743
mean_NH4N_80_120,n,0.7637604389861713,0.7694348340645839,0.44494584796599723,0.05041856615128613
mean_NH4N_80_120,JuvenileLeaves,0.3808294765873679,0.40644160293680265,0.358995403082659,0.03858603251852105
mean_NH4N_80_120,thetaS,-0.24457567634250144,0.32208586767932906,0.3607646775319011,0.03454869490996868
mean_NH4N_80_120,LM_min,-0.14692784911076892,0.2544133562843757,0.3143020930867927,0.0276529941507856
mean_NH4N_80_120,Alfa,0.18853323684956583,0.2205154343782125,0.19973648794833207,0.019222302879860532
mean_NH4N_80_120,Rmax_LTAR,-0.09940812902449886,0.21117907664108126,0.2606162608373309,0.02114214994993782
mean_NH4N_80_120,StayGreen,-0.10253232306653538,0.12989148599074113,0.162599966698933,0.016070087362419178
mean_NH4N_80_120,thetaR,0.03445344469774749,0.11170296096558946,0.17663310509179447,0.01643888097613483
mean_NH4N_80_120,Rmax_LTIR,-0.033692087736614994,0.08066498986281133,0.12830670080729378,0.011686126403661163
mean_NH4N_80_120,Ks,-0.02308320780468306,0.07662477727010182,0.1196143110558893,0.010593245491458795
mean_NH4N_80_120,Diffx,0.007503278786846365,0.041767372710879845,0.08400369018269474,0.008660470207627731
mean_NH4N_80_120,Diffz,0.004126566718406519,0.039223897272075474,0.07584020174458236,0.007441560705405295
mean_NH4N_80_120,PhyllFrmTassel,0.0002954094128073499,0.0016308757540742095,0.0034425871183153163,0.0003516870779430874
mean_NO3N_0_10,n,0.7680271358308479,0.7680271358308479,0.3410490774845822,0.040190803342173
mean_NO3N_0_10,LM_min,-0.4404407034909295,0.4404407034909295,0.2546642027110295,0.030553891466261748
mean_NO3N_0_10,JuvenileLeaves,-0.4326877169088864,0.4326877169088864,0.24498972529125895,0.028506715019090443
mean_NO3N_0_10,thetaR,-0.3028834266382894,0.3028834266382894,0.1750923184520326,0.020901883179410555
mean_NO3N_0_10,Alfa,0.2532826499771945,0.2532826499771945,0.15254089468336146,0.018179299704483527
mean_NO3N_0_10,thetaS,-0.11370373667016598,0.21883143939146732,0.25312403643099224,0.02031684308911592
mean_NO3N_0_10,Rmax_LTAR,-0.061742805929191395,0.12505312287748546,0.15804494015257234,0.013553188116148288
mean_NO3N_0_10,StayGreen,-0.10700672989161585,0.11081577619793948,0.10642464933488933,0.01190148378863061
mean_NO3N_0_10,Diffz,-0.07867153849949596,0.07951410683758656,0.051560284914245504,0.005892951186813266
mean_NO3N_0_10,Ks,-0.05877720382270561,0.07008981915208175,0.08352547444493522,0.00888134131775344
mean_NO3N_0_10,Rmax_LTIR,-0.02453685034822965,0.043142447126586596,0.07658138702413525,0.008110192712560405
mean_NO3N_0_10,Diffx,-0.0033205264774107167,0.023118139935358,0.03605868529506928,0.00324496884748091
mean_NO3N_0_10,PhyllFrmTassel,-0.013837276955685584,0.021608920473243122,0.03480300739149907,0.0036234829012896483
mean_NO3N_0_20,n,0.7982692608982369,0.7982692608982369,0.33214378261777244,0.03885199298994514
mean_NO3N_0_20,LM_min,-0.4441582000357752,0.4496225257583909,0.26385630561771567,0.030604423978291474
mean_NO3N_0_20,JuvenileLeaves,-0.3722417659692228,0.3731310794018495,0.21937873118944165,0.025434342150710037
mean_NO3N_0_20,Alfa,0.28510435797522055,0.2853823339583175,0.17576629320473888,0.020672251162864887
mean_NO3N_0_20,thetaR,-0.26708515832084084,0.2701096787897635,0.16287397448474752,0.01856470823981637
mean_NO3N_0_20,thetaS,-0.15929935196791561,0.1961002731244953,0.196565424499419,0.018567438270496082
mean_NO3N_0_20,Rmax_LTAR,-0.010839211026784337,0.1406853625920171,0.18923757150493598,0.015215032453890007
mean_NO3N_0_20,StayGreen,-0.1298691689903002,0.134539649305288,0.13034709292329671,0.014523279475480867
mean_NO3N_0_20,Ks,-0.05787268605064278,0.07779301344581203,0.09478767969458578,0.009299259736345869
mean_NO3N_0_20,Rmax_LTIR,-0.038231874974942306,0.056505900656694134,0.09313325552692826,0.009709310864967959
mean_NO3N_0_20,Diffz,-0.0478729229233424,0.055412799979180694,0.06081382392576899,0.006401267410231052
mean_NO3N_0_20,Diffx,-0.00431644211983014,0.029584667040886702,0.05441989592939588,0.005340342769156216
mean_NO3N_0_20,PhyllFrmTassel,-0.013970369631922205,0.020423946648674408,0.03267226633216744,0.0034230192697393335
mean_NO3N_0_200,n,0.8824621013445041,0.8824621013445041,0.3078974948810909,0.035850620309305886
mean_NO3N_0_200,thetaS,-0.4107910964530033,0.4107910964530033,0.16147780168846348,0.019387732768062306
mean_NO3N_0_200,Rmax_LTAR,-0.36721862990779025,0.36721862990779025,0.1812044046802702,0.02137353432192622
mean_NO3N_0_200,LM_min,-0.3101045015767143,0.3101045015767143,0.1905201616162836,0.021906667416134094
mean_NO3N_0_200,thetaR,-0.23293649829487684,0.23293649829487684,0.11679614052020654,0.013556962611376165
mean_NO3N_0_200,JuvenileLeaves,0.12901249364243672,0.13196256765576084,0.09039822676667757,0.009683414077228836
mean_NO3N_0_200,StayGreen,-0.12684116321427383,0.12764314948923952,0.10997932953248024,0.012779433306387127
mean_NO3N_0_200,Alfa,0.05544315198956178,0.06036814206152029,0.05717699555793263,0.006332667489344645
mean_NO3N_0_200,Ks,0.03549200146158212,0.038687536634513416,0.030305967455948747,0.0029622402639214312
mean_NO3N_0_200,Rmax_LTIR,-0.026744751390923287,0.03535858797256021,0.03957161161652181,0.0037097728645121095
mean_NO3N_0_200,Diffz,-0.007013228789472283,0.013503272016565437,0.02080010432102355,0.0020645066866532597
mean_NO3N_0_200,Diffx,-0.0014916287272077177,0.012021619177112697,0.02209458370046168,0.00217009907272378
mean_NO3N_0_200,PhyllFrmTassel,-0.0009129859961724064,0.0011684929365086082,0.001705036738860542,0.00018138306778895592
mean_NO3N_10_20,n,0.7992157368338151,0.7992157368338151,0.3308703558318106,0.03857790123719723
mean_NO3N_10_20,LM_min,-0.43865736874925043,0.45315806892647104,0.28983909678508646,0.03187956693158712
mean_NO3N_10_20,JuvenileLeaves,-0.32462937174552453,0.3390960410733709,0.2514548605400663,0.02675557841976532
mean_NO3N_10_20,Alfa,0.29945568280227175,0.30029475194226757,0.19262959769714724,0.0223045554040263
mean_NO3N_10_20,thetaR,-0.23667357872590872,0.24652753506816835,0.16130157860684652,0.017147051353178355
mean_NO3N_10_20,thetaS,-0.18170518560891274,0.2085931393523009,0.21019253597851015,0.02143511878019571
mean_NO3N_10_20,Rmax_LTAR,0.022090262318635465,0.16270872170203574,0.21972488333712573,0.017823745483896463
mean_NO3N_10_20,StayGreen,-0.14260212599240482,0.14984404198161466,0.14714790804809533,0.016117891422417326
mean_NO3N_10_20,Ks,-0.05709574795284586,0.08347241255471288,0.10640957553272559,0.010133540686165628
mean_NO3N_10_20,Rmax_LTIR,-0.046830169876411594,0.06625624356975102,0.10696329878160439,0.011105194559938827
mean_NO3N_10_20,Diffz,-0.025112435386593246,0.04315248726771373,0.07114408857702009,0.007557949882801995
mean_NO3N_10_20,Diffx,-0.004885279730976452,0.03427433866047638,0.06650659826877373,0.006681867338205195
mean_NO3N_10_20,PhyllFrmTassel,-0.013668050341053797,0.019344600618677838,0.03185674697994755,0.0033698233280750286
mean_NO3N_120_200,n,0.8491534854474831,0.8491534854474831,0.30762884184320405,0.03580887775938555
mean_NO3N_120_200,Rmax_LTAR,-0.44096827499756397,0.44096827499756397,0.2297872398077224,0.02706362200513483
mean_NO3N_120_200,thetaS,-0.3943451119752686,0.3943451119752686,0.16488755891885026,0.019753414030552027
mean_NO3N_120_200,LM_min,-0.3146912061495876,0.3151736044323447,0.22256483562661367,0.025617823332994148
mean_NO3N_120_200,thetaR,-0.24522874493299118,0.24522874493299118,0.1346102824503102,0.015707243354094447
mean_NO3N_120_200,JuvenileLeaves,0.13904850594927348,0.14108138272033313,0.10099983320883862,0.011203549697994334
mean_NO3N_120_200,StayGreen,-0.12712864102887272,0.13154041521632837,0.12072456761594659,0.013624311721519263
mean_NO3N_120_200,Ks,0.05019884336375172,0.05916116627628965,0.0541016003534146,0.005135726547704609
mean_NO3N_120_200,Alfa,-0.004901658374172455,0.05221747682251113,0.08265359810512989,0.007501552800938863
mean_NO3N_120_200,Rmax_LTIR,-0.02158746855629952,0.03769261377007602,0.04947732606173365,0.004486101056392
mean_NO3N_120_200,Diffx,-0.002128414659471983,0.02063165474111505,0.04162883371987443,0.004214487061035919
mean_NO3N_120_200,Diffz,-0.008001848149282304,0.01966271494913684,0.03700202945501569,0.0038244805155767457
mean_NO3N_120_200,PhyllFrmTassel,-3.359455113164001e-05,4.0591730446132635e-05,0.00020046778028590597,2.3417836557847398e-05
mean_NO3N_20_40,n,0.8700246223729802,0.8700246223729802,0.3314833604513181,0.03942124376798983
mean_NO3N_20_40,thetaS,-0.5107855728771646,0.5107855728771646,0.2267749052926106,0.027369641028355717
mean_NO3N_20_40,Alfa,0.2738935634115072,0.2780952209937676,0.19712445721617863,0.022176235845646906
mean_NO3N_20_40,LM_min,-0.1737437050182112,0.21955737620029275,0.21549928521975342,0.019881998242656174
mean_NO3N_20_40,JuvenileLeaves,0.16368336350494692,0.21332958859346227,0.22983094698828865,0.021667524899635936
mean_NO3N_20_40,Rmax_LTAR,0.06652297978407727,0.1783192347029109,0.23010663646465904,0.01861459561938999
mean_NO3N_20_40,thetaR,-0.09572305861961006,0.1361712258063911,0.13850412953504662,0.011207518065525954
mean_NO3N_20_40,StayGreen,-0.10512268938814745,0.12201404609043592,0.13794881229013523,0.014041425777938455
mean_NO3N_20_40,Rmax_LTIR,-0.05474344190660119,0.08230338482729928,0.12303321564589628,0.012311268278135092
mean_NO3N_20_40,Ks,-0.011621832219014314,0.06582844684646644,0.1078931254699928,0.010233528397979905
mean_NO3N_20_40,Diffx,-0.001374133515280302,0.03988014530501021,0.07902633763447423,0.007914293652162258
mean_NO3N_20_40,Diffz,0.010088072207455157,0.038160221733250864,0.07816640289848743,0.008275087088002
mean_NO3N_20_40,PhyllFrmTassel,-0.003807334181440906,0.004127861839109351,0.008317604723816688,0.0009610374951719789
mean_NO3N_80_120,n,0.9048643777664689,0.9048643777664689,0.31732224019197186,0.037852423607789655
mean_NO3N_80_120,thetaS,-0.40520369305555615,0.4056396808549252,0.21119558087374937,0.025842700841014244
mean_NO3N_80_120,Alfa,0.26466322877111925,0.26580176713054027,0.15447690054270286,0.01731399247404726
mean_NO3N_80_120,LM_min,-0.22522301800823372,0.23416858759645678,0.18007797467090841,0.019967721038452003
mean_NO3N_80_120,JuvenileLeaves,0.17589045911527457,0.1998109350872831,0.18749484855465468,0.01883921270561246
mean_NO3N_80_120,Rmax_LTAR,-0.11423067321901342,0.16252488196265422,0.175493064423621,0.01554079129420222
mean_NO3N_80_120,thetaR,-0.14763294302342803,0.1582938737577185,0.12457503812597971,0.01285094034489678
mean_NO3N_80_120,StayGreen,-0.10045780187913535,0.10888363718255828,0.11222018101251777,0.01175151286219806
mean_NO3N_80_120,Rmax_LTIR,-0.03472513103541495,0.062135565664322434,0.09504358518288854,0.009163666734008343
mean_NO3N_80_120,Ks,-0.02475794963996141,0.05338383078403698,0.08181403778755476,0.007489992283136669
mean_NO3N_80_120,Diffx,0.004643957909058921,0.029499485127775154,0.05313382605450939,0.005115452132179895
mean_NO3N_80_120,Diffz,0.002824159354214666,0.027341268825972768,0.04982160314503884,0.004816951172692665
mean_NO3N_80_120,PhyllFrmTassel,-0.0007901845531983784,0.0008635862415291857,0.001966172776837729,0.00022652797709150286
mean_O2Conc_0_10,n,-0.33723741246335204,0.6185217527711467,0.679867001048575,0.05252105795632275
mean_O2Conc_0_10,thetaS,0.2677722597382219,0.5736776315993078,0.6430084690788243,0.04602593240084893
mean_O2Conc_0_10,JuvenileLeaves,-0.49454805821113373,0.49454805821113373,0.3798136965227074,0.04768934474685891
mean_O2Conc_0_10,Alfa,-0.25009510224451126,0.255365232850626,0.3909275249233096,0.04431841626029456
mean_O2Conc_0_10,thetaR,-0.07279449985552212,0.15405664097990093,0.2077196680073946,0.018394487298960715
mean_O2Conc_0_10,LM_min,-0.10526341047063195,0.12625364312006307,0.16414279343057603,0.01793970200236665
mean_O2Conc_0_10,Rmax_LTAR,0.06360295633152141,0.09221630753772034,0.1396940952226642,0.01437839828320796
mean_O2Conc_0_10,Rmax_LTIR,0.05731133254441425,0.07787243330989047,0.13485134806669194,0.013868186793725732
mean_O2Conc_0_10,Ks,0.025625883909165727,0.0424491230189265,0.07744286218544132,0.008458693910818257
mean_O2Conc_0_10,StayGreen,0.010534387005802448,0.03416822366239391,0.05737412438007761,0.005565743759621024
mean_O2Conc_0_10,PhyllFrmTassel,-0.013394221268443706,0.014056994057321437,0.026213696253501853,0.003013873929301287
mean_O2Conc_0_10,Diffx,0.0001537319606652774,0.008691890319029526,0.024774490932879596,0.002768982215003596
mean_O2Conc_0_10,Diffz,0.00026060905883940657,0.00740149037140262,0.01647526120817562,0.0016833445521813178
mean_O2Conc_0_20,JuvenileLeaves,-0.7024931006538823,0.7024931006538823,0.333627722954618,0.042326119767518586
mean_O2Conc_0_20,thetaS,0.6132923918532975,0.6411512513324679,0.3956900763035783,0.041182981982866816
mean_O2Conc_0_20,n,-0.1827040765255556,0.3306002998844672,0.4259349194892736,0.0375007641404587
mean_O2Conc_0_20,Alfa,-0.2208112543975208,0.2254717322996747,0.25385570954752695,0.02782843305626637
mean_O2Conc_0_20,LM_min,-0.2007490400945128,0.20083457407030733,0.13070997934921105,0.015246326822567359
mean_O2Conc_0_20,thetaR,-0.12822746294814685,0.14767723158933652,0.12337124222238156,0.011815360415894306
mean_O2Conc_0_20,Rmax_LTAR,0.10422949041208276,0.1194392945580644,0.13781562978860215,0.014293977739258163
mean_O2Conc_0_20,Rmax_LTIR,0.05957189158074177,0.10165361838422184,0.13445163048103498,0.012441744192903682
mean_O2Conc_0_20,StayGreen,-0.028350655040350118,0.041722181706606146,0.05383572653117187,0.00518506430834303
mean_O2Conc_0_20,Ks,0.01511113551679695,0.03672150165567688,0.05145415817007817,0.004518035585018444
mean_O2Conc_0_20,PhyllFrmTassel,-0.016810364858133333,0.01831950169277457,0.021706773956342164,0.0023963366987988515
mean_O2Conc_0_20,Diffz,0.001309224006251441,0.01002353579311344,0.017160851121759003,0.0016205245510631928
mean_O2Conc_0_20,Diffx,7.209447409769108e-05,0.010017655575042552,0.01540626518848796,0.0013503092676937912
mean_O2Conc_0_200,thetaS,0.844623788273462,0.844623788273462,0.3312211034637633,0.04139420960366654
mean_O2Conc_0_200,JuvenileLeaves,-0.6499030223601797,0.6499030223601797,0.3132385543681035,0.038701481140064005
mean_O2Conc_0_200,n,0.23088773052589553,0.24629821317469472,0.21300265804435978,0.023019729344157483
mean_O2Conc_0_200,thetaR,-0.1691647682700041,0.1691647682700041,0.08446198479963579,0.009874664424169568
mean_O2Conc_0_200,LM_min,-0.1483730951178952,0.14853614271989066,0.09288484194786785,0.01070725983406576
mean_O2Conc_0_200,Alfa,-0.10562866743819618,0.10574013897376353,0.06951813293682109,0.00825284446400306
mean_O2Conc_0_200,Rmax_LTIR,0.06981983870089055,0.09843381987122593,0.1094590893907094,0.009948918108663633
mean_O2Conc_0_200,Rmax_LTAR,0.06895734972641257,0.0801142835329079,0.10205619392354373,0.01079151100480554
mean_O2Conc_0_200,Ks,0.02581212925299593,0.02938147207859575,0.026561137296444458,0.002598892705201215
mean_O2Conc_0_200,StayGreen,-0.01235485223795389,0.022720377226754702,0.030665084298911585,0.002861322384810603
mean_O2Conc_0_200,PhyllFrmTassel,-0.01289505550054409,0.013130285817215136,0.011463991752889768,0.001332472821066279
mean_O2Conc_0_200,Diffx,0.0006237500159113612,0.006971496723450983,0.010259833394706788,0.0008666202148297434
mean_O2Conc_0_200,Diffz,-0.0007557060014556689,0.006506785247323953,0.010476575192517799,0.000993578112844163
mean_O2Conc_10_20,JuvenileLeaves,-0.7157958860617392,0.7157958860617392,0.32607005130184846,0.04075205234636172
mean_O2Conc_10_20,thetaS,0.6819642503213007,0.6855913595829456,0.35346730851375174,0.0406965677293703
mean_O2Conc_10_20,n,-0.10976923622084503,0.284375100920185,0.3766889344770078,0.030880808320778302
mean_O2Conc_10_20,LM_min,-0.2124816480869887,0.21256929631709656,0.13910579151397887,0.016403513328409978
mean_O2Conc_10_20,Alfa,-0.19843926391288605,0.20431856062796824,0.22066592748116126,0.024227479717735468
mean_O2Conc_10_20,thetaR,-0.13844292173341632,0.14767188954250038,0.11763395119380675,0.012534065029537073
mean_O2Conc_10_20,Rmax_LTAR,0.10926733413688464,0.1249896032850555,0.1444798743803944,0.014974000897836829
mean_O2Conc_10_20,Rmax_LTIR,0.05634222650719635,0.10188067385975437,0.13210972315773353,0.012002692762424704
mean_O2Conc_10_20,StayGreen,-0.03488020118772261,0.047739572446581384,0.060608435893542714,0.006010004657226374
mean_O2Conc_10_20,Ks,0.013422626371668415,0.03592693364386978,0.049887754565412626,0.0042441380019428415
mean_O2Conc_10_20,PhyllFrmTassel,-0.01730565339732904,0.018886453949949627,0.02319172583690371,0.0025765621025668
mean_O2Conc_10_20,Diffx,9.696512974904822e-05,0.010382525561994302,0.016608882495362704,0.0014863870052930154
mean_O2Conc_10_20,Diffz,0.0014265228401137804,0.010211458948698312,0.018092647623670327,0.0017246291929219795
mean_O2Conc_120_200,thetaS,0.8543578555982074,0.8543578555982074,0.3240672959868571,0.04029255503007205
mean_O2Conc_120_200,JuvenileLeaves,-0.5497910509093092,0.5497910509093092,0.26189118553099927,0.03276961939627059
mean_O2Conc_120_200,n,0.4070153425487275,0.4070153425487275,0.2245738941727469,0.02574928533397758
mean_O2Conc_120_200,thetaR,-0.16955835815311532,0.16955835815311532,0.08184586572753116,0.009648451978033563
mean_O2Conc_120_200,LM_min,-0.11470655985138647,0.11477813460344787,0.069770530716198,0.007988171698627389
mean_O2Conc_120_200,Rmax_LTIR,0.064067856250628,0.08331160709721747,0.09073270868874823,0.0086611630909007
mean_O2Conc_120_200,Alfa,-0.05618777591515297,0.05821703138642155,0.046207463098222705,0.005293603854024289
mean_O2Conc_120_200,Rmax_LTAR,0.03805054818708332,0.05524657294869538,0.07318081012902973,0.007165967218348686
mean_O2Conc_120_200,Ks,0.03293151242027983,0.03431375160603155,0.024400850395054876,0.0026024836165534876
mean_O2Conc_120_200,StayGreen,-0.0001523648702726328,0.020508605519423954,0.02689519757302787,0.0020456179350865304
mean_O2Conc_120_200,PhyllFrmTassel,-0.009541305720986598,0.009760039072915783,0.007863907898644556,0.0008872057223974834
mean_O2Conc_120_200,Diffx,0.0010091764831691803,0.005502572428778052,0.007889292449552323,0.0006588577056792093
mean_O2Conc_120_200,Diffz,-0.0002952801476493123,0.005295940862678739,0.008537490887370911,0.0007931262269831588
mean_O2Conc_20_40,JuvenileLeaves,-0.7711103154485162,0.7711103154485162,0.3443133263726028,0.042451506009120434
mean_O2Conc_20_40,thetaS,0.6378166045972793,0.6378166045972793,0.29733483350236917,0.03567884691674254
mean_O2Conc_20_40,n,-0.2719626086369282,0.3165329530996293,0.29286160848154563,0.027701213474227125
mean_O2Conc_20_40,Alfa,-0.2386676029312756,0.23927210751408698,0.1489598168367416,0.017808665528924014
mean_O2Conc_20_40,LM_min,-0.20610535291665696,0.20644660735680087,0.1347826048628628,0.01557733268400949
mean_O2Conc_20_40,Rmax_LTAR,0.12352772463296953,0.13423562246921653,0.14500226478418524,0.015320973839557446
mean_O2Conc_20_40,thetaR,-0.1290348678586788,0.131191810767793,0.09796288526267781,0.010815127308630174
mean_O2Conc_20_40,Rmax_LTIR,0.07043321436256023,0.11472135913735934,0.14507205998087708,0.013119347522599207
mean_O2Conc_20_40,StayGreen,-0.03593184364756606,0.04301514598446609,0.04804266488567093,0.004913742360363525
mean_O2Conc_20_40,Ks,0.017755253048114147,0.0345177427507849,0.04270216041689573,0.0035312141700047464
mean_O2Conc_20_40,PhyllFrmTassel,-0.01938778119045864,0.019985376175561006,0.023837147643923407,0.002726497789153427
mean_O2Conc_20_40,Diffx,-0.0012894811321721754,0.011629563964040772,0.01834848903187311,0.0017260009724718729
mean_O2Conc_20_40,Diffz,-0.0006137990261959016,0.009967642259015858,0.015879419597522842,0.0015262704669713112
mean_O2Conc_80_120,thetaS,0.8155316779133215,0.8155316779133215,0.3298536094276656,0.04125168637079644
mean_O2Conc_80_120,JuvenileLeaves,-0.706686045537576,0.706686045537576,0.34040162246420325,0.04186767707458643
mean_O2Conc_80_120,n,0.08295898851835068,0.1851086691289464,0.22569770207732964,0.018335137796051153
mean_O2Conc_80_120,LM_min,-0.166534981240373,0.1668532682203816,0.11064181101554445,0.012813662045608375
mean_O2Conc_80_120,thetaR,-0.16565629719245079,0.16565629719245079,0.0857588195125396,0.009995915696498053
mean_O2Conc_80_120,Alfa,-0.12906333113894256,0.12916859624915292,0.08289381585508693,0.00972937592569947
mean_O2Conc_80_120,Rmax_LTIR,0.07475301178969466,0.11008126165646903,0.12561780134761416,0.011192201063427776
mean_O2Conc_80_120,Rmax_LTAR,0.09434946881010654,0.1032281226340926,0.12481286393900863,0.013485137443070574
mean_O2Conc_80_120,StayGreen,-0.023659567246615238,0.0299034584191388,0.03989569693408774,0.004236510371808766
mean_O2Conc_80_120,Ks,0.013863828789569314,0.024022623927417712,0.029036873209536396,0.0024307659881353774
mean_O2Conc_80_120,PhyllFrmTassel,-0.01485386973122866,0.015137486755988963,0.015769661850809153,0.0018387613163332696
mean_O2Conc_80_120,Diffx,0.00037321638185803255,0.008292529447737333,0.012647124663586255,0.0010943153172338906
mean_O2Conc_80_120,Diffz,-0.0015409021694114675,0.00783481071784267,0.012962731412792682,0.0012615563119628128
mean_Temp_0_10,JuvenileLeaves,-0.673948084630719,0.673948084630719,0.3727872675868923,0.04373996585763586
mean_Temp_0_10,LM_min,-0.6361290791351666,0.6361290791351666,0.3456520016185799,0.040467277604471705
mean_Temp_0_10,Rmax_LTAR,-0.44079427924579834,0.4414020649772871,0.2543794844038725,0.029473141810679514
mean_Temp_0_10,n,-0.1149107749383438,0.14615964160637807,0.18287529023324586,0.018619093416557934
mean_Temp_0_10,thetaR,0.09702799870542526,0.09744626307728234,0.10650390585212036,0.012594262793270179
mean_Temp_0_10,StayGreen,-0.07342538236872576,0.07436458618979615,0.10998167764832523,0.012634670197227912
mean_Temp_0_10,Alfa,0.020784406648994613,0.058333063494328305,0.09228276516620816,0.008662817915758285
mean_Temp_0_10,thetaS,0.000514137042511474,0.05706164580793469,0.09881441439733175,0.009711387035112975
mean_Temp_0_10,Ks,-0.012697404058646755,0.021854354094774073,0.04533205054915014,0.004861744669394322
mean_Temp_0_10,Rmax_LTIR,-0.005700894058786937,0.011512450814575727,0.03382920486257706,0.00392007888464721
mean_Temp_0_10,Diffx,-0.002193815640768533,0.0071378458867163794,0.015913291981510997,0.0016739318255437209
mean_Temp_0_10,Diffz,0.0022818037595659815,0.007019635353199036,0.016643061938851532,0.0018033905871708122
mean_Temp_0_10,PhyllFrmTassel,-0.000154609483911613,0.001017670247616445,0.003925628177847475,0.00043786754868572374
mean_Temp_0_20,JuvenileLeaves,-0.7069728705468327,0.7069728705468327,0.34584905709059277,0.040669472996078204
mean_Temp_0_20,LM_min,-0.7047490866269154,0.7047490866269154,0.3209997114576999,0.03728882268108067
mean_Temp_0_20,Rmax_LTAR,-0.28438533827795925,0.28629178745390627,0.20505448991087746,0.02372280216561088
mean_Temp_0_20,StayGreen,-0.21482190365694204,0.21482190365694204,0.15452480130630608,0.018207953568152555
mean_Temp_0_20,thetaR,0.10251943055525553,0.10295491877436012,0.09698100376798768,0.010918014857298423
mean_Temp_0_20,n,-0.024405086309116635,0.09643560159973714,0.13616128850942194,0.01170693807387858
mean_Temp_0_20,thetaS,-0.06524203641258984,0.08749391177925159,0.09978880119281683,0.009676543362259434
mean_Temp_0_20,Alfa,0.04250763349849035,0.0672205792983188,0.08563792803504183,0.008096512163427475
mean_Temp_0_20,Ks,-0.011510200022765113,0.020398686612326345,0.035210287462486035,0.0035637114337582253
mean_Temp_0_20,Rmax_LTIR,-0.0032965560157087784,0.009968989647228432,0.021799367079900777,0.0023718675266247314
mean_Temp_0_20,Diffz,0.0017540429948034479,0.005634266157452722,0.012399870214682012,0.0012931125946444267
mean_Temp_0_20,Diffx,-0.0011736974307374937,0.004642840870528463,0.009308804402115406,0.0009654375574666547
mean_Temp_0_20,PhyllFrmTassel,0.0007287823541187665,0.0021332587207206094,0.0073549381926833616,0.0008178323253507423
mean_Temp_0_200,LM_min,-0.7729280077229178,0.7729280077229178,0.31185472066469455,0.036116196305073546
mean_Temp_0_200,JuvenileLeaves,-0.7010601091473714,0.7010601091473714,0.29820358446241946,0.03541623817444961
mean_Temp_0_200,StayGreen,-0.3607640316324652,0.3607640316324652,0.17331188526312236,0.02001746353120441
mean_Temp_0_200,thetaS,-0.1200315712641493,0.12094619200566002,0.07753745927789904,0.008891656113732516
mean_Temp_0_200,n,0.09458270957651449,0.09804600557375366,0.07231586532515022,0.007908828022328618
mean_Temp_0_200,thetaR,0.09633072495952685,0.09679363087959118,0.07001057872318103,0.007782028933685949
mean_Temp_0_200,Rmax_LTAR,-0.03639457537772678,0.09627067441967206,0.11159039594965246,0.007642526707623576
mean_Temp_0_200,Alfa,0.07656135648866244,0.07850225213750822,0.05253317285168983,0.005787772126167656
mean_Temp_0_200,Ks,-0.010567902538898005,0.017336659660209842,0.028796211864481367,0.0029233804971425382
mean_Temp_0_200,Rmax_LTIR,-0.004787858964884891,0.008871751241842956,0.018974060302622688,0.002069326232408868
mean_Temp_0_200,Diffz,0.0019125020234135003,0.0053747655913451075,0.012911194291999684,0.0014174318250708216
mean_Temp_0_200,Diffx,8.662196592654454e-05,0.005060189463315893,0.013377503842272993,0.0014549293153288984
mean_Temp_0_200,PhyllFrmTassel,0.0007025339921246152,0.0014947238286216872,0.002565403140792994,0.0002530408419926453
mean_Temp_10_20,LM_min,-0.7128261214344469,0.7128261214344469,0.3230317359438115,0.03731198233495363
mean_Temp_10_20,JuvenileLeaves,-0.7008248942714804,0.7008248942714804,0.3449125761611583,0.040622535996182894
mean_Temp_10_20,StayGreen,-0.25809251843210285,0.25809251843210285,0.18368261493882132,0.021655143269890195
mean_Temp_10_20,Rmax_LTAR,-0.2233218805973602,0.23148226106407077,0.188219296935486,0.020928044996196358
mean_Temp_10_20,thetaS,-0.0864406984783486,0.10363538413152128,0.11202163476155523,0.011364111609987683
mean_Temp_10_20,thetaR,0.10197247291245848,0.10282230448541203,0.10320158314882422,0.011525830084443196
mean_Temp_10_20,n,0.007671271951942476,0.09148056690700541,0.13348155770448447,0.011569001151854174
mean_Temp_10_20,Alfa,0.049159773410257304,0.07184370658363198,0.09509262464790312,0.009459486296284849
mean_Temp_10_20,Ks,-0.010855220989899404,0.02202767493185617,0.040272234822299274,0.004160822769340658
mean_Temp_10_20,Rmax_LTIR,-0.002637030501584151,0.01000421315150879,0.023843591857720947,0.0025954230967796628
mean_Temp_10_20,Diffz,0.0013689566822099486,0.005309868658530614,0.013369121394614734,0.00140743273312094
mean_Temp_10_20,Diffx,-0.0007170114284368003,0.004047520070648866,0.009688631863050566,0.0010529302971497142
mean_Temp_10_20,PhyllFrmTassel,0.001052874466321244,0.002627757841624676,0.010205980023601277,0.0011496248993636974
mean_Temp_120_200,LM_min,-0.7751225817123752,0.7751225817123752,0.31536132280370277,0.036647275624114635
mean_Temp_120_200,JuvenileLeaves,-0.70357398762351,0.70357398762351,0.29947068780914804,0.035509833893575427
mean_Temp_120_200,StayGreen,-0.367783351932129,0.367783351932129,0.17829067737418053,0.020722386181544195
mean_Temp_120_200,thetaS,-0.09937526429391888,0.10086120916393754,0.06458365026212766,0.007373206653665338
mean_Temp_120_200,n,0.09019733598123002,0.09384485825105549,0.06909897663510099,0.007633550467392657
mean_Temp_120_200,Rmax_LTAR,-0.011616788102297965,0.0867337086374964,0.11450843816190197,0.0087485847144997
mean_Temp_120_200,thetaR,0.08493499173741764,0.08566592342134305,0.062350416029086336,0.006895219817724999
mean_Temp_120_200,Alfa,0.07051550351744501,0.07261194491307925,0.046809941279062385,0.005054061871380271
mean_Temp_120_200,Ks,-0.01066443107262897,0.016506766736362383,0.02833967125800812,0.0029320500791706126
mean_Temp_120_200,Rmax_LTIR,-0.005170380851952864,0.008825583985374313,0.018445262114997307,0.0020192181767183888
mean_Temp_120_200,Diffz,0.0017819000885288755,0.005014622524104198,0.012370135910044457,0.0013770827560330321
mean_Temp_120_200,Diffx,0.00012373670181233356,0.004887277864276981,0.013252166553796917,0.0014515134081361024
mean_Temp_120_200,PhyllFrmTassel,0.0006089881666252003,0.0014333445350946093,0.00259608223433026,0.0002596552482261676
mean_Temp_20_40,LM_min,-0.7484556574871121,0.7484556574871121,0.3024370713542737,0.034562626748251626
mean_Temp_20_40,JuvenileLeaves,-0.6999438740092421,0.6999438740092421,0.3071133605582833,0.03683142380475451
mean_Temp_20_40,StayGreen,-0.3302624848289594,0.3302624848289594,0.1656927792592363,0.018760898248679787
mean_Temp_20_40,thetaS,-0.1494070383822778,0.15649264004512592,0.11983843373724225,0.013007521872938759
mean_Temp_20_40,Rmax_LTAR,-0.1241398914066673,0.14525092606259096,0.13518386320357498,0.012728798897933529
mean_Temp_20_40,thetaR,0.14225321199666496,0.14225321199666496,0.10272876261090726,0.011674926296513314
mean_Temp_20_40,Alfa,0.10217266879892493,0.11527455245876496,0.09037310453562371,0.00827815062654211
mean_Temp_20_40,n,0.06577140545371463,0.09011101097765045,0.09886024768212774,0.008790299579468343
mean_Temp_20_40,Ks,-0.016227536571304397,0.030604200592723455,0.04476484788178617,0.0043513648349065214
mean_Temp_20_40,Rmax_LTIR,-0.002394264620842101,0.012143602503510357,0.02734817478183977,0.0029584731199680104
mean_Temp_20_40,Diffz,0.002880923280313962,0.008569443843372502,0.022469739225607403,0.0024112326767008617
mean_Temp_20_40,Diffx,0.0003803266238483074,0.0066501829664681635,0.014482556554165858,0.0014882850727397832
mean_Temp_20_40,PhyllFrmTassel,0.0008092380009006014,0.0018614552614556116,0.0050699643340672935,0.0005850661115402857
mean_Temp_80_120,LM_min,-0.7646874222234586,0.7646874222234586,0.3053662725020878,0.035182358427009675
mean_Temp_80_120,JuvenileLeaves,-0.6852232520593433,0.6852232520593433,0.2949536832682844,0.03511942984842867
mean_Temp_80_120,StayGreen,-0.35148855964184833,0.35148855964184833,0.16800439615893337,0.019263839284088233
mean_Temp_80_120,thetaS,-0.1687574568727147,0.17115044978151436,0.1188992878558274,0.013387362820106073
mean_Temp_80_120,n,0.1176699855622371,0.12162347206368387,0.10156736860553202,0.011185141499519179
mean_Temp_80_120,thetaR,0.1139935889161285,0.11418491841520724,0.08941656585533238,0.010094065542543431
mean_Temp_80_120,Rmax_LTAR,-0.06821076748287394,0.11216245940959907,0.1191022544003145,0.009115238705574086
mean_Temp_80_120,Alfa,0.08726419695307319,0.10186926918226238,0.0822189552176352,0.007364170439976129
mean_Temp_80_120,Ks,-0.008908697023504821,0.02249616982990755,0.03634738398620149,0.0035493312821105994
mean_Temp_80_120,Rmax_LTIR,-0.004349607591190989,0.010433095661532598,0.021045146178126042,0.0022153362199855762
mean_Temp_80_120,Diffz,0.0018872702724892722,0.006761537041012489,0.0166166021902967,0.0017946983509956398
mean_Temp_80_120,Diffx,-5.150565945027531e-06,0.006356483412913588,0.01628230876395019,0.0017622572742886646
mean_Temp_80_120,PhyllFrmTassel,0.0008874787542504755,0.0018037849848836125,0.003935215117798098,0.0004155795327819907
mean_av_gs,LM_min,-0.8556546411574825,0.8556546411574825,0.31319265803294954,0.03654554809123689
mean_av_gs,StayGreen,-0.5417089862006804,0.5417089862006804,0.24275379092972724,0.02856038390738723
mean_av_gs,JuvenileLeaves,-0.5110120970090403,0.5110120970090403,0.21808746696334402,0.025949200557865894
mean_av_gs,Rmax_LTAR,0.007387934493044571,0.06768630101010123,0.08329605239336148,0.005821541315492167
mean_av_gs,thetaS,0.047129666160226354,0.047129666160226354,0.03197834867464885,0.0037599142266521992
mean_av_gs,n,-0.024147024093559774,0.026519566347915743,0.027571008292749704,0.0030346229847171007
mean_av_gs,thetaR,-0.013312645631148595,0.013418633127029919,0.010588454138030305,0.0012021145475526085
mean_av_gs,Alfa,-0.006457527349011376,0.009625292022237913,0.011790179718164056,0.0011008513314861802
mean_av_gs,Ks,-0.00422691330646881,0.005352288668631941,0.0060782268326775865,0.0005822689956699216
mean_av_gs,Rmax_LTIR,-0.00367169699517829,0.004520031242313263,0.005205046036115276,0.0005116147720303841
mean_av_gs,Diffx,0.0005250396156050863,0.0017612014565268077,0.002927199159921217,0.00027372397983285105
mean_av_gs,Diffz,0.00017986706257070703,0.001445853552112952,0.0025832643588318696,0.0002452189980925038
mean_av_gs,PhyllFrmTassel,0.001056783871442681,0.0011717181202980632,0.0018007640377463352,0.00020361635988396006
mean_hNew_0_10,thetaS,0.8511504567804614,0.8511504567804614,0.4028419980405531,0.04765931603153314
mean_hNew_0_10,JuvenileLeaves,-0.40248971236473596,0.40248971236473596,0.28981622841892335,0.035484750896876374
mean_hNew_0_10,LM_min,-0.39659096553114676,0.39659096553114676,0.27047469114509604,0.032900092862650984
mean_hNew_0_10,Alfa,0.2849346198712639,0.2924678787880937,0.1932746734048504,0.02204118066895499
mean_hNew_0_10,n,0.12228119184234411,0.23153826313946616,0.2757062861664382,0.022743592367526332
mean_hNew_0_10,Ks,-0.19836006232708653,0.19836006232708653,0.11713030815312411,0.013725780063262777
mean_hNew_0_10,thetaR,-0.18063271366505043,0.18063271366505043,0.13854622356340018,0.016197324208683105
mean_hNew_0_10,Rmax_LTAR,-0.13970916968815772,0.14730667707457962,0.14839400684222792,0.015784717652838197
mean_hNew_0_10,StayGreen,-0.09530553493356604,0.09530553493356604,0.08487002152406412,0.01005386194642318
mean_hNew_0_10,Rmax_LTIR,-0.00817912887157652,0.0191210199282022,0.044036729214717345,0.004987874911666287
mean_hNew_0_10,PhyllFrmTassel,-0.006364191325896729,0.008142305992983054,0.01415093713647519,0.001594648223186157
mean_hNew_0_10,Diffz,-0.005045793611225135,0.007803011580072916,0.012771541276398339,0.001345209536078509
mean_hNew_0_10,Diffx,-0.002760327192560049,0.007448960906420108,0.012147364463897725,0.0011805294395493518
mean_hNew_0_20,thetaS,0.8520668547692857,0.8520668547692857,0.43342673166005896,0.0507468612346169
mean_hNew_0_20,JuvenileLeaves,-0.42140266070483773,0.42140266070483773,0.32206462241512857,0.039263340994122715
mean_hNew_0_20,LM_min,-0.3974082343384966,0.3974082343384966,0.2948579944837509,0.03566514261652989
mean_hNew_0_20,n,-0.01136825247116911,0.21569852621196517,0.3136075518062399,0.02644330982881298
mean_hNew_0_20,Alfa,0.19623235781471154,0.2114001186391117,0.18159181840383634,0.019751451320309657
mean_hNew_0_20,thetaR,-0.18404417770814646,0.18404417770814646,0.15026960762546773,0.017631473257289504
mean_hNew_0_20,Ks,-0.1758452321556435,0.1758452321556435,0.11577823313283048,0.01348222111208055
mean_hNew_0_20,Rmax_LTAR,-0.14672847537789177,0.1551090799277053,0.1633583806963193,0.017579753692009
mean_hNew_0_20,StayGreen,-0.08288185800109132,0.08288445227523183,0.07728306072643557,0.00911001902238691
mean_hNew_0_20,Rmax_LTIR,-0.00931823462132567,0.021469668377434557,0.050606630634315496,0.005738197658694972
mean_hNew_0_20,PhyllFrmTassel,-0.006550258796678039,0.008507851216184699,0.015138524622986227,0.0017246848914346763
mean_hNew_0_20,Diffx,-0.0030059967402900995,0.008185115001432776,0.014639423355493604,0.0014744275313236072
mean_hNew_0_20,Diffz,-0.003996359926415879,0.007864279475734271,0.01451286675938076,0.0015402870672058262
mean_hNew_0_200,n,-0.7223056262255902,0.7223056262255902,0.4835117614054374,0.05799676456208465
mean_hNew_0_200,thetaS,0.6073507869256709,0.6073507869256709,0.45660562052390935,0.05385424083082078
mean_hNew_0_200,JuvenileLeaves,-0.32101582695795144,0.32101582695795144,0.3404845531751358,0.04214631285527415
mean_hNew_0_200,LM_min,-0.3066456602210799,0.3066456602210799,0.30514559928687274,0.03682694250894463
mean_hNew_0_200,Rmax_LTAR,-0.16757649341876973,0.16871306711188222,0.17274250574896502,0.019993969887371652
mean_hNew_0_200,Alfa,-0.12814379669998463,0.136647885551376,0.19252983693359493,0.021609624499687955
mean_hNew_0_200,thetaR,-0.13355189565235595,0.13355189565235595,0.15254359712770818,0.016974698223701127
mean_hNew_0_200,Ks,-0.04059195444209853,0.04505987272037165,0.057158522225480575,0.0064895977420359975
mean_hNew_0_200,StayGreen,-0.0318773086335048,0.032757445773763064,0.0415328271043532,0.004732691690154365
mean_hNew_0_200,Rmax_LTIR,-0.0071389003907354415,0.016177955791511617,0.06281539390291892,0.0072627076141392605
mean_hNew_0_200,Diffz,0.0028771197406490716,0.006029737437774214,0.012066514072598766,0.0012613284273398806
mean_hNew_0_200,Diffx,-4.549126414038667e-05,0.00567226774059552,0.011014398791441147,0.001120445582736607
mean_hNew_0_200,PhyllFrmTassel,-0.0023555047236459184,0.005072115768142305,0.013150062336225999,0.0014755946859589721
mean_hNew_10_20,thetaS,0.850808617786668,0.850808617786668,0.44217035583006686,0.05165392286816921
mean_hNew_10_20,JuvenileLeaves,-0.42763959926666406,0.42763959926666406,0.3328652047414723,0.04051490198724644
mean_hNew_10_20,LM_min,-0.3971357860935017,0.3971357860935017,0.303585918950746,0.036659824428408976
mean_hNew_10_20,n,-0.05825212774738606,0.21621247763774384,0.32169931020764464,0.02788582600521103
mean_hNew_10_20,Alfa,0.1642253781000887,0.185496311381704,0.1749467418623382,0.018278202953885523
mean_hNew_10_20,thetaR,-0.1849132879259284,0.1849132879259284,0.1556955844634994,0.018267047023622
mean_hNew_10_20,Ks,-0.16714321449416927,0.16714321449416927,0.11558695129930346,0.013416299979471783
mean_hNew_10_20,Rmax_LTAR,-0.14861432617235304,0.15734531254639414,0.16873576719377364,0.018231343363339928
mean_hNew_10_20,StayGreen,-0.07833629427196781,0.07835565536189068,0.07447212631259735,0.008766883079717814
mean_hNew_10_20,Rmax_LTIR,-0.009784526555542097,0.0222747872645368,0.05294910500211721,0.006007145256717119
mean_hNew_10_20,PhyllFrmTassel,-0.006605158604230261,0.008638716597269745,0.01565381785943509,0.0017870332751395458
mean_hNew_10_20,Diffx,-0.0030546064438194166,0.008395906975952539,0.015391404846379915,0.0015620901524153355
mean_hNew_10_20,Diffz,-0.003667588047016656,0.007935587133078523,0.015068428936380288,0.0015997966957301884
mean_hNew_120_200,n,-0.9419579931013404,0.9419579931013404,0.3272563157807254,0.03780734216934435
mean_hNew_120_200,thetaS,0.26673524638443497,0.2697198267589917,0.26417760221684916,0.030163829348422357
mean_hNew_120_200,Rmax_LTAR,-0.19361763267370313,0.201221388531605,0.17883019432067573,0.019282290333650427
mean_hNew_120_200,Alfa,-0.195906051912593,0.19827356233199475,0.26126819877215296,0.030252122198128808
mean_hNew_120_200,LM_min,-0.09701327763112463,0.13512058891566478,0.16590945669469048,0.015712959139283174
mean_hNew_120_200,JuvenileLeaves,0.01204523112282049,0.11707443841169192,0.17980798399135045,0.01547102247936379
mean_hNew_120_200,thetaR,-0.053746135453288595,0.06144382941901642,0.0759774603324153,0.007755289184587579
mean_hNew_120_200,Ks,0.019887121987317888,0.03608175701332019,0.05970116336248661,0.00598369053361482
mean_hNew_120_200,Rmax_LTIR,-0.002282171358985928,0.026756382829303742,0.04085655641790178,0.00366511557353013
mean_hNew_120_200,StayGreen,0.010990091722997168,0.025442045012292344,0.04572497580942006,0.004568949984335201
mean_hNew_120_200,Diffz,0.00334468285910671,0.00961010994200772,0.01950406954426944,0.002181136521527113
mean_hNew_120_200,Diffx,0.0049585401388592305,0.009459650449215167,0.014407447219280113,0.0013353226528765331
mean_hNew_120_200,PhyllFrmTassel,0.003012383691547535,0.004631002996570145,0.009380573624775285,0.0010346464115223023
mean_hNew_20_40,thetaS,0.841899955751262,0.841899955751262,0.3973605367627308,0.04646415059342479
mean_hNew_20_40,JuvenileLeaves,-0.43864387887328005,0.43864387887328005,0.32715296304622205,0.039401722566971505
mean_hNew_20_40,LM_min,-0.3883519079196898,0.3883519079196898,0.2933601160715511,0.0350357877010554
mean_hNew_20_40,n,-0.295700243449583,0.302400485156694,0.28964009045280364,0.03288306606964419
mean_hNew_20_40,thetaR,-0.17258252481569933,0.17258252481569933,0.1270193785883864,0.0148510913175547
mean_hNew_20_40,Rmax_LTAR,-0.12377163003333272,0.1362493612762124,0.13119585573047135,0.01350380195790294
mean_hNew_20_40,Ks,-0.10938788568251123,0.10938788568251123,0.0772220775211277,0.00857530624407625
mean_hNew_20_40,Alfa,0.007612857970436548,0.074654900392265,0.10226178425635876,0.008069335139246231
mean_hNew_20_40,StayGreen,-0.056620489574173566,0.05671918156152011,0.05600038262327454,0.006687426131996384
mean_hNew_20_40,Rmax_LTIR,-0.012991697617649471,0.021691339425566166,0.05169890412850221,0.005947355446453346
mean_hNew_20_40,PhyllFrmTassel,-0.0061895853904089596,0.00880720513585195,0.017043968090550272,0.001899920757044896
mean_hNew_20_40,Diffx,-0.0022629900593947134,0.007140158847138745,0.012563624415360691,0.001239264932420902
mean_hNew_20_40,Diffz,-0.0006417540652118602,0.006808217784068496,0.01165073380154109,0.0011420339417622983
mean_hNew_80_120,thetaS,0.6311674502581193,0.6311674502581193,0.4768790673034348,0.05646335992192815
mean_hNew_80_120,n,-0.6294906931045466,0.6294906931045466,0.505438988976823,0.060398914398485805
mean_hNew_80_120,JuvenileLeaves,-0.376041680121184,0.376041680121184,0.3836931700124458,0.047162374284293415
mean_hNew_80_120,LM_min,-0.33530454141003,0.33530454141003,0.3512851043586652,0.04261111657593768
mean_hNew_80_120,Rmax_LTAR,-0.14995291041603942,0.15238565635976647,0.19943323360030707,0.023154359536441446
mean_hNew_80_120,thetaR,-0.1449910953115765,0.1449910953115765,0.17976002412065034,0.02006497331384568
mean_hNew_80_120,Alfa,-0.12544575764952426,0.13266474998510275,0.19620853029617613,0.022193739996850464
mean_hNew_80_120,Ks,-0.051382539859817146,0.05891370047518456,0.08077085388546602,0.009008929035036917
mean_hNew_80_120,StayGreen,-0.04533093400435252,0.04557203341550337,0.06340227238282617,0.007500103773844654
mean_hNew_80_120,Rmax_LTIR,-0.007116293410302601,0.018070231706478156,0.07043174395745115,0.008053607015352598
mean_hNew_80_120,PhyllFrmTassel,-0.0035565206731290873,0.006541477397104576,0.017203196436684307,0.001956140799419913
mean_hNew_80_120,Diffx,-0.0020035447863769283,0.006245734726059515,0.014594028526304514,0.0015603899204408279
mean_hNew_80_120,Diffz,0.002586425771597081,0.006100521923129684,0.012269175941732796,0.0012653981549367017
mean_lai,LM_min,0.8135532158112844,0.8135532158112844,0.33012885503637057,0.03879375443537684
mean_lai,JuvenileLeaves,0.7839530904140734,0.7839530904140734,0.329259963499552,0.03956469656034714
mean_lai,StayGreen,0.2771619928472209,0.2771619928472209,0.12113807265195697,0.013966450108213537
mean_lai,Rmax_LTAR,0.03214008462200209,0.03866396735058844,0.04098112811648572,0.004044181238013714
mean_lai,Rmax_LTIR,0.006157702513999988,0.007609049178255801,0.010423337233730179,0.001114889401877834
mean_lai,n,0.0031340625408166002,0.006889370441029216,0.009958766131564569,0.0008886830530669425
mean_lai,thetaS,0.0013117609587105907,0.005710159026420328,0.011174392668428552,0.0011161507962874969
mean_lai,Alfa,0.0027133470156205136,0.005153763979084141,0.007696069760333094,0.0007201097831837124
mean_lai,thetaR,-0.0016405746638256456,0.004117466596646606,0.006533818316337079,0.0006258486655489747
mean_lai,Ks,-0.0004673672053439412,0.003669284073166464,0.00798933149135255,0.0008237258053567522
mean_lai,Diffx,-8.42026647628095e-05,0.001420731824782845,0.0024655505351311247,0.00023745055991003655
mean_lai,Diffz,6.98668243454367e-06,0.0014161580951971425,0.00428010579097697,0.00046469249760500153
mean_lai,PhyllFrmTassel,2.688576713264342e-05,4.731449749686469e-05,0.00013425115109153512,1.540862683755704e-05
mean_leaf_n,Rmax_LTAR,0.9716442319019744,0.9716442319019744,0.21686881823811102,0.02495883733928356
mean_leaf_n,StayGreen,-0.2440876181495221,0.2440876181495221,0.20782278679674154,0.02468675497718262
mean_leaf_n,LM_min,0.1462036890022999,0.23363784704505985,0.22523687312590815,0.015367501483090223
mean_leaf_n,JuvenileLeaves,-0.13722226067699153,0.14266118380592938,0.10908447916466585,0.01168652257069784
mean_leaf_n,n,-0.07530901016045753,0.0779714925283942,0.057471348714265805,0.0060650601905426395
mean_leaf_n,Rmax_LTIR,0.04148929317728601,0.050040845876706194,0.053362565078238125,0.005335248903646878
mean_leaf_n,thetaS,0.007968182688703973,0.03494248760989753,0.04813655416383049,0.0040996106029549334
mean_leaf_n,Alfa,0.011397279821654298,0.029518490994670188,0.045465303398957345,0.004280631396038961
mean_leaf_n,thetaR,0.008055714686615192,0.021221195094067904,0.03209534964225345,0.0029012279801446587
mean_leaf_n,Ks,-0.003232801944497848,0.016464119631626115,0.024935811853301206,0.0022268571089128805
mean_leaf_n,Diffz,0.0017859291059745602,0.012247706377061728,0.024209128588459194,0.0024475547196279625
mean_leaf_n,Diffx,0.0010779290915327014,0.011262054760403036,0.019839652138625666,0.0019887346184111524
mean_leaf_n,PhyllFrmTassel,0.0009912531343285976,0.0012329900497231167,0.0020696152153026038,0.00023095092016103475
mean_leaf_wp,thetaS,0.8280619058851189,0.8280619058851189,0.32835647993133205,0.03955021684221477
mean_leaf_wp,Rmax_LTAR,-0.4913834593934307,0.4913834593934307,0.23893442698029244,0.028562123120421074
mean_leaf_wp,LM_min,-0.36006057605759956,0.36006057605759956,0.21003799785780525,0.024432405387062397
mean_leaf_wp,n,-0.34573239536487155,0.3466863791648619,0.26536104081001005,0.03082232176620934
mean_leaf_wp,JuvenileLeaves,0.04216947368266008,0.17989930561104614,0.22446557602928396,0.01689815990329168
mean_leaf_wp,thetaR,-0.1636024160795097,0.16366873403321539,0.0943160697518833,0.010816696221689893
mean_leaf_wp,Ks,-0.09585522850024937,0.09585522850024937,0.055599004290165094,0.006441827865556244
mean_leaf_wp,Alfa,-0.023037101956509636,0.09021408739298498,0.11705747779602167,0.008920104914070229
mean_leaf_wp,Rmax_LTIR,-0.02402354540408332,0.0601504104614059,0.08661185151337605,0.0077006107364445695
mean_leaf_wp,StayGreen,0.0035693661257829804,0.03480422629642689,0.050429074860605286,0.0042276567728412534
mean_leaf_wp,PhyllFrmTassel,0.015361435056056826,0.016178790447257427,0.020710272193433594,0.002355368750760777
mean_leaf_wp,Diffx,0.005215942715511701,0.011037023363450724,0.014928109566561818,0.0013216913169615424
mean_leaf_wp,Diffz,0.0058030169550587485,0.01067156662394915,0.014328856575293121,0.001314958905067163
mean_tcan,StayGreen,-0.6118714020459848,0.7027292071891815,0.5328996194908899,0.04723946407949254
mean_tcan,LM_min,-0.5298818130299996,0.5815843383421354,0.48219584208813787,0.049556681667361054
mean_tcan,Rmax_LTAR,0.02305650288877416,0.37672242925616545,0.5352607210290087,0.04540622218035403
mean_tcan,JuvenileLeaves,-0.07705588266289123,0.2720655207060143,0.3753414235694951,0.03133459043003937
mean_tcan,n,0.22580670735958908,0.22692944847419205,0.19410686869339963,0.022715284363319335
mean_tcan,thetaS,-0.17699271625475835,0.17729475375023543,0.1413904834471579,0.016675375935722794
mean_tcan,Alfa,0.12462195436405286,0.12764703964610263,0.12072503938816508,0.01448850051217555
mean_tcan,thetaR,0.10719092262289844,0.10802402910264734,0.09810466563946563,0.011139248385590474
mean_tcan,Ks,-0.013323934002586192,0.035920125063296546,0.060799750039270226,0.005947021637319094
mean_tcan,Rmax_LTIR,0.0007887241815244901,0.012421715495782951,0.026387468580063127,0.0026931304823240476
mean_tcan,Diffz,0.0006975986695286004,0.005671001488158021,0.01721735859573282,0.001916138070011128
mean_tcan,Diffx,-0.0009717996890527038,0.0054071511744279545,0.011581192754844219,0.0011885871853139103
mean_tcan,PhyllFrmTassel,-0.002073224287248787,0.0025536084688375866,0.004299439285523168,0.0004633183637878098
mean_thNew_0_10,n,-0.9119784061868813,0.9119784061868813,0.3494803478146021,0.04221785016871244
mean_thNew_0_10,thetaS,0.6752887754662832,0.6752887754662832,0.28684968808949585,0.03562336672523974
mean_thNew_0_10,Alfa,-0.11279655658386545,0.11279655658386545,0.0664611335183635,0.007987734652464365
mean_thNew_0_10,LM_min,-0.09946450440316336,0.09946450440316336,0.0551466067864172,0.006486831166533923
mean_thNew_0_10,thetaR,0.0991807787959177,0.0991807787959177,0.04842155273427262,0.005641335288153297
mean_thNew_0_10,JuvenileLeaves,-0.09073871179321442,0.09073871179321442,0.047938609216094864,0.005661802616061483
mean_thNew_0_10,Ks,-0.051826232862155326,0.051826232862155326,0.0248315665168988,0.002826862470418684
mean_thNew_0_10,Rmax_LTAR,-0.0328289482884073,0.03451106542483012,0.02788828201057255,0.0030193195752966063
mean_thNew_0_10,StayGreen,-0.0296032119107104,0.0296032119107104,0.022866312570815655,0.002616722453302313
mean_thNew_0_10,Rmax_LTIR,-0.000871818594705433,0.0031324522194693992,0.005485751106925471,0.0005678900982093413
mean_thNew_0_10,Diffz,-0.0009995565219077338,0.0016228530522387388,0.0023442789864287737,0.00023408026702493968
mean_thNew_0_10,Diffx,-0.0007025654925721079,0.001599064917929171,0.002360979005571553,0.00021885346245564
mean_thNew_0_10,PhyllFrmTassel,-0.001159017728140705,0.0015405096013820158,0.0022316079886401667,0.00023114098820320732
mean_thNew_0_20,n,-0.9089590611881517,0.9089590611881517,0.34960495620657894,0.04225089749292058
mean_thNew_0_20,thetaS,0.6786634416326831,0.6786634416326831,0.2889449338727422,0.0358470909423112
mean_thNew_0_20,Alfa,-0.11617574327370915,0.11617574327370915,0.0682897393653063,0.008215103119817302
mean_thNew_0_20,LM_min,-0.11050170522534095,0.11050170522534095,0.060508283517128766,0.007130233985420225
mean_thNew_0_20,JuvenileLeaves,-0.10510604932787414,0.10510604932787414,0.056250610593480195,0.00662995857597897
mean_thNew_0_20,thetaR,0.09346849420005604,0.09346849420005604,0.045803529461537276,0.005334803579219982
mean_thNew_0_20,Ks,-0.05101637455000645,0.05101637455000645,0.02481715380169136,0.002830176406793608
mean_thNew_0_20,Rmax_LTAR,-0.03621032026019905,0.037915335125915134,0.030521358956792612,0.003321457157702974
mean_thNew_0_20,StayGreen,-0.030391447905474222,0.030391447905474222,0.02325560670730944,0.002658122430696721
mean_thNew_0_20,Rmax_LTIR,-0.0011120824205754997,0.0036389209456524864,0.00639401626223036,0.0006674647887992569
mean_thNew_0_20,Diffx,-0.0007874605820533369,0.001827265432465763,0.002750841575280998,0.0002587998370655985
mean_thNew_0_20,PhyllFrmTassel,-0.001339349782322571,0.0017871855791435646,0.002611001949326181,0.000271786452782996
mean_thNew_0_20,Diffz,-0.0008773105379711022,0.0017194529090187038,0.0026012240325161214,0.0002571024443457217
mean_thNew_0_200,n,-0.9322571963448669,0.9322571963448669,0.31387897559458666,0.03793477025297024
mean_thNew_0_200,thetaS,0.5730118785260866,0.5730118785260866,0.23264011407138385,0.02913903418228004
mean_thNew_0_200,thetaR,0.16646368815065768,0.16646368815065768,0.07709515060927807,0.009236266304353306
mean_thNew_0_200,LM_min,-0.11254221470002501,0.11254221470002501,0.05962270546004156,0.006982482602948033
mean_thNew_0_200,Alfa,-0.10105813290212766,0.10105813290212766,0.053042703613688645,0.006412488108600543
mean_thNew_0_200,JuvenileLeaves,-0.08274195218832912,0.08274195218832912,0.04382817132803909,0.005171888307957839
mean_thNew_0_200,Rmax_LTAR,-0.055637774623734704,0.055641399840455096,0.03150178598853125,0.0035639967159894967
mean_thNew_0_200,Ks,-0.038366513135716075,0.038366513135716075,0.0179664865562944,0.0020935478804758913
mean_thNew_0_200,StayGreen,-0.034710426095345415,0.034710426095345415,0.02934508762737562,0.003423126142745354
mean_thNew_0_200,Rmax_LTIR,-0.0010753792457260725,0.002302605209037179,0.003674242698901283,0.00036618438602872117
mean_thNew_0_200,Diffx,-0.0003360044303064172,0.0017093679793948532,0.0025895121710152926,0.00023229146050818782
mean_thNew_0_200,Diffz,0.00014433711627938466,0.0014796818064072305,0.0022293891533647662,0.00020442003068479395
mean_thNew_0_200,PhyllFrmTassel,-0.0007003109219603687,0.0010249615542171902,0.0015220692404276175,0.0001533496758553948
mean_thNew_10_20,n,-0.906879142150516,0.906879142150516,0.34949500675186657,0.04224538613616305
mean_thNew_10_20,thetaS,0.6805060993365308,0.6805060993365308,0.2901281552379024,0.03596824234979688
mean_thNew_10_20,Alfa,-0.11819343736203927,0.11819343736203927,0.06943542581498237,0.008357549555362704
mean_thNew_10_20,LM_min,-0.11716857518647612,0.11716857518647612,0.06399805683202249,0.007550383740773507
mean_thNew_10_20,JuvenileLeaves,-0.11380366918418479,0.11380366918418479,0.061603546594298966,0.007254725153388174
mean_thNew_10_20,thetaR,0.08999273355811745,0.08999273355811745,0.04450019012702347,0.005181820471918999
mean_thNew_10_20,Ks,-0.05050770779057138,0.05050770779057138,0.024959329845842305,0.0028510305604597117
mean_thNew_10_20,Rmax_LTAR,-0.038252691835680315,0.0400511904944216,0.03231445699488274,0.0035179219932637523
mean_thNew_10_20,StayGreen,-0.030863700695874626,0.030863700695874626,0.0235017285691616,0.0026845990310231252
mean_thNew_10_20,Rmax_LTIR,-0.0012594870086284572,0.003949647180802418,0.006965492240325274,0.0007302595992591107
mean_thNew_10_20,Diffx,-0.0008389144254975099,0.0019706099967657987,0.002994429955617719,0.0002834518077763052
mean_thNew_10_20,PhyllFrmTassel,-0.0014474430914408808,0.00193677119686739,0.0028662707033641917,0.00029949190355207375
mean_thNew_10_20,Diffz,-0.0008028272657907854,0.001799451490030135,0.002780452600804556,0.00027373599582843365
mean_thNew_120_200,n,-0.9471573180541668,0.9471573180541668,0.265011609799611,0.031853410727873524
mean_thNew_120_200,thetaS,0.44299997507495054,0.44299997507495054,0.18046612707222742,0.022582520406775938
mean_thNew_120_200,thetaR,0.25805190173040404,0.25805190173040404,0.11474894361714622,0.014042366099855423
mean_thNew_120_200,Rmax_LTAR,-0.06837897149380782,0.06837897149380782,0.037688150186072626,0.004248524071972615
mean_thNew_120_200,LM_min,-0.06607769128213407,0.06741699011028268,0.04806634739385506,0.005495119203535502
mean_thNew_120_200,Alfa,-0.05780855541207641,0.05780855541207641,0.028616516293402894,0.0033907207569574094
mean_thNew_120_200,StayGreen,-0.025809606140880903,0.030028785762871355,0.03167699674963338,0.0032140997014524597
mean_thNew_120_200,Ks,-0.028647648915641376,0.028647648915641376,0.014801651391541973,0.0017131576874889164
mean_thNew_120_200,JuvenileLeaves,-0.01568479874793451,0.026402683698825456,0.030310685199272002,0.002526049512478221
mean_thNew_120_200,Rmax_LTIR,-0.0010386554922539183,0.0025602012182475717,0.0036406403271573738,0.00031441013051290663
mean_thNew_120_200,Diffx,0.0002912015204712263,0.0018125569747884968,0.0027084631070235375,0.00024683896456486384
mean_thNew_120_200,Diffz,0.000630049996677787,0.0016453522983538513,0.002339688539191634,0.00021627915249760804
mean_thNew_120_200,PhyllFrmTassel,0.0002048821118730238,0.0007352966397698781,0.0012598394327944227,0.0001222631243740418
mean_thNew_20_40,n,-0.9020853917166799,0.9020853917166799,0.34895956129156575,0.0420810597216976
mean_thNew_20_40,thetaS,0.6668227649984028,0.6668227649984028,0.28573488461245616,0.03582477599633462
mean_thNew_20_40,LM_min,-0.14850132182277812,0.14850132182277812,0.07746674173691884,0.009072799838444303
mean_thNew_20_40,JuvenileLeaves,-0.14211535993064325,0.14211535993064325,0.07562217082381299,0.008793571068081136
mean_thNew_20_40,Alfa,-0.1324873955439813,0.1324873955439813,0.07635168080627638,0.009212814537392327
mean_thNew_20_40,thetaR,0.09267238344102807,0.09267238344102807,0.0496213618412209,0.00582830235810274
mean_thNew_20_40,Rmax_LTAR,-0.04853634952286984,0.05055030792243162,0.03873321240648435,0.00411439008691208
mean_thNew_20_40,Ks,-0.043326917505768656,0.043326917505768656,0.02285963481763338,0.0026657371483899193
mean_thNew_20_40,StayGreen,-0.0362230452456424,0.0362230452456424,0.027982693275236895,0.003231549198103938
mean_thNew_20_40,Rmax_LTIR,-0.0018792276392665687,0.004513131768680406,0.008072555116509622,0.0008321793815311452
mean_thNew_20_40,Diffx,-0.0009385503527741121,0.002287180052248675,0.003448974047682094,0.0003196409262251899
mean_thNew_20_40,PhyllFrmTassel,-0.0016262031105922356,0.00217256924888476,0.0032345720508965125,0.00033393597838600605
mean_thNew_20_40,Diffz,3.899093266772609e-05,0.0018769553615988798,0.0028459346370390036,0.00026299646770671666
mean_thNew_80_120,n,-0.9281130829646296,0.9281130829646296,0.3151403933572498,0.038045974658560446
mean_thNew_80_120,thetaS,0.5660366932613698,0.5660366932613698,0.2348626570212342,0.029473088298618364
mean_thNew_80_120,thetaR,0.16572338238119694,0.16572338238119694,0.08453141225815444,0.010098112391992712
mean_thNew_80_120,LM_min,-0.12995017732593042,0.12995017732593042,0.07172290570677833,0.008294043443087058
mean_thNew_80_120,Alfa,-0.10986789259232556,0.10986789259232556,0.05768535909875964,0.006951240118084126
mean_thNew_80_120,JuvenileLeaves,-0.08929337529204039,0.08929337529204039,0.0511398791587664,0.006160543740919795
mean_thNew_80_120,Rmax_LTAR,-0.05651793710448294,0.057298954764440975,0.03417749847308104,0.0037299941956270397
mean_thNew_80_120,StayGreen,-0.04511730161839965,0.04511730161839965,0.03674416004471046,0.004305025391457248
mean_thNew_80_120,Ks,-0.03771327853772977,0.03771327853772977,0.019665585096297747,0.0023077665340474718
mean_thNew_80_120,Rmax_LTIR,-0.00020368257097866317,0.002651383053970592,0.004319639243852418,0.00038914953356259296
mean_thNew_80_120,Diffx,-0.00025245672370203176,0.001655594820057854,0.0024248211575422585,0.00020770276222498813
mean_thNew_80_120,Diffz,0.00020426075480464286,0.001467574834768861,0.002194247943631736,0.00019926759938808272
mean_thNew_80_120,PhyllFrmTassel,-0.0004772316910101107,0.0007986892062205074,0.0012167988637588499,0.00011850310465812915
mean_top20_theta,n,-0.9089590611881517,0.9089590611881517,0.3496049562065789,0.042250897492920575
mean_top20_theta,thetaS,0.6786634416326831,0.6786634416326831,0.2889449338727422,0.03584709094231119
mean_top20_theta,Alfa,-0.11617574327370916,0.11617574327370916,0.06828973936530645,0.00821510311981732
mean_top20_theta,LM_min,-0.11050170522534093,0.11050170522534093,0.06050828351712876,0.007130233985420226
mean_top20_theta,JuvenileLeaves,-0.10510604932787415,0.10510604932787415,0.05625061059348022,0.0066299585759789755
mean_top20_theta,thetaR,0.09346849420005608,0.09346849420005608,0.04580352946153724,0.005334803579219973
mean_top20_theta,Ks,-0.05101637455000647,0.05101637455000647,0.024817153801691305,0.0028301764067936034
mean_top20_theta,Rmax_LTAR,-0.03621032026019903,0.03791533512591511,0.03052135895679262,0.0033214571577029734
mean_top20_theta,StayGreen,-0.030391447905474222,0.030391447905474222,0.023255606707309456,0.002658122430696728
mean_top20_theta,Rmax_LTIR,-0.00111208242057544,0.003638920945652496,0.006394016262230369,0.0006674647887992616
mean_top20_theta,Diffx,-0.0007874605820533488,0.001827265432465763,0.0027508415752809778,0.0002587998370655975
mean_top20_theta,PhyllFrmTassel,-0.0013393497823225209,0.001787185579143519,0.002611001949326166,0.00027178645278299506
mean_top20_theta,Diffz,-0.0008773105379710567,0.0017194529090187385,0.002601224032516135,0.0002571024443457177
mean_vpd,StayGreen,0.4388527726192131,0.7110386790496077,0.6939653496083922,0.04841262660281434
mean_vpd,LM_min,0.2301513297125254,0.5651405524057941,0.6514633591463559,0.04704532842606595
mean_vpd,Rmax_LTAR,0.010791041636621024,0.3712062472221174,0.5337146671486969,0.0443470738624175
mean_vpd,JuvenileLeaves,-0.24774574388124065,0.3649511039601213,0.45691640264831646,0.04473934880490364
mean_vpd,n,-0.024533176341097977,0.09790006928860384,0.15510278137470446,0.014525052792693319
mean_vpd,Alfa,-0.015176375826565914,0.06156464115218011,0.1137528013512105,0.011491012827720621
mean_vpd,thetaR,-0.012061846542288429,0.038498624463573716,0.06860368961783748,0.007012461734794677
mean_vpd,thetaS,0.007903749090437614,0.03601936691515017,0.06389376151435093,0.006461953343267354
mean_vpd,Ks,0.004982470932950667,0.02790345639983819,0.063176833801409,0.006990179626623329
mean_vpd,Rmax_LTIR,-0.002416667795663033,0.018128521995715498,0.0419230752051524,0.004438786731862049
mean_vpd,Diffx,-0.0008749411709732162,0.008204595707670992,0.024757246494843402,0.002651139037240709
mean_vpd,Diffz,0.0035717959325012637,0.0065232816755285165,0.02606186761034079,0.002985508232435982
mean_vpd,PhyllFrmTassel,-0.0002544671047729241,0.0004721015485045445,0.00632932763894792,0.0007632020877146852
min_av_gs,JuvenileLeaves,0.0,0.0,0.0,0.0
min_av_gs,Rmax_LTAR,0.0,0.0,0.0,0.0
min_av_gs,Rmax_LTIR,0.0,0.0,0.0,0.0
min_av_gs,PhyllFrmTassel,0.0,0.0,0.0,0.0
min_av_gs,StayGreen,0.0,0.0,0.0,0.0
min_av_gs,LM_min,0.0,0.0,0.0,0.0
min_av_gs,Diffx,0.0,0.0,0.0,0.0
min_av_gs,Diffz,0.0,0.0,0.0,0.0
min_av_gs,thetaR,0.0,0.0,0.0,0.0
min_av_gs,thetaS,0.0,0.0,0.0,0.0
min_av_gs,Alfa,0.0,0.0,0.0,0.0
min_av_gs,n,0.0,0.0,0.0,0.0
min_av_gs,Ks,0.0,0.0,0.0,0.0
min_hNew_0_10,thetaS,0.8686958516776192,0.8686958516776192,0.3936928216207158,0.04667609387688703
min_hNew_0_10,JuvenileLeaves,-0.4279875350277658,0.4279875350277658,0.29176853220910853,0.035859711128392834
min_hNew_0_10,LM_min,-0.3815662699213403,0.3815662699213403,0.25068217541185783,0.03058423986596451
min_hNew_0_10,Alfa,0.23902579830977488,0.2465724347818834,0.16821928310813922,0.01912354020125014
min_hNew_0_10,n,0.11155188168435637,0.21609628593783767,0.2624288649174728,0.02193609557973445
min_hNew_0_10,Ks,-0.18570993931405733,0.18570993931405733,0.10989192115895484,0.012864842859747651
min_hNew_0_10,thetaR,-0.1838864710865255,0.1838864710865255,0.1347927728412527,0.015790762651099455
min_hNew_0_10,Rmax_LTAR,-0.13070819819574261,0.1411080364715972,0.14310376599436472,0.014936985855076107
min_hNew_0_10,StayGreen,-0.06438632459250668,0.0645347779241048,0.05808398168835053,0.0068026477653188085
min_hNew_0_10,Rmax_LTIR,-0.009323441030079012,0.020469202386954783,0.045202508927689546,0.005064386902269134
min_hNew_0_10,PhyllFrmTassel,-0.006847835052324853,0.009203118672004676,0.015173382729236936,0.0016828335281100031
min_hNew_0_10,Diffz,-0.004596437260790531,0.007807152640322446,0.012842104457806694,0.0013333140957213238
min_hNew_0_10,Diffx,-0.002867342552233247,0.007763288919049412,0.012365387328638847,0.0011904288333498528
min_hNew_0_20,thetaS,0.8576021906907901,0.8576021906907901,0.4303856553742998,0.0504894336030766
min_hNew_0_20,JuvenileLeaves,-0.43609201379671975,0.43609201379671975,0.3262141209625694,0.039782028134283165
min_hNew_0_20,LM_min,-0.3798648001090589,0.3798648001090589,0.27870428323407026,0.033774390898754274
min_hNew_0_20,n,-0.003050904891248452,0.21794976929192827,0.3205149501008781,0.02728336803118878
min_hNew_0_20,Alfa,0.1671748521501285,0.19078642170681448,0.1731794581729852,0.017657487283798106
min_hNew_0_20,thetaR,-0.18527510276461645,0.18527510276461645,0.15170327132564446,0.017924844759118527
min_hNew_0_20,Ks,-0.16894821819688896,0.16894821819688896,0.11598086803692012,0.013478552759284173
min_hNew_0_20,Rmax_LTAR,-0.1405624057382315,0.15181052958686664,0.16873597694611014,0.018075814485973993
min_hNew_0_20,StayGreen,-0.05663561971354032,0.05677622849058399,0.05504223405252074,0.0063446778235039395
min_hNew_0_20,Rmax_LTIR,-0.009768292352225368,0.022507400683860597,0.05131300278655781,0.005736640599457946
min_hNew_0_20,PhyllFrmTassel,-0.0067179947651518765,0.009065956047610376,0.015498633203084153,0.0017408458983498556
min_hNew_0_20,Diffx,-0.0030639421275986444,0.008649473689095159,0.015876055427729012,0.0016174972933150008
min_hNew_0_20,Diffz,-0.0035400211977285718,0.008020433688366545,0.016103457506952714,0.0017232932166675733
min_hNew_0_200,n,-0.8145055990107921,0.8145055990107921,0.49699031116505077,0.06107825470010662
min_hNew_0_200,thetaS,0.5175543242729024,0.5175543242729024,0.45672262001592334,0.05330797823996599
min_hNew_0_200,JuvenileLeaves,-0.24283867760063893,0.24600211548817927,0.3402728930000349,0.04170009036897042
min_hNew_0_200,LM_min,-0.2175158361352346,0.21842081540119954,0.3052749189203806,0.036532387243408994
min_hNew_0_200,Rmax_LTAR,-0.12754905067191996,0.13481810945574038,0.18987038555633073,0.021158011376297803
min_hNew_0_200,Alfa,-0.13229230121462748,0.13329744203365534,0.2077617448604766,0.023764445301840378
min_hNew_0_200,thetaR,-0.12615720759981217,0.12799051178736517,0.1845455846766255,0.020328556863464894
min_hNew_0_200,Ks,-0.0472896095405822,0.0537596420837951,0.09665438601961357,0.011166501240115263
min_hNew_0_200,StayGreen,-0.012276116787918541,0.023451943650655706,0.05754038429012304,0.006221254391389607
min_hNew_0_200,Rmax_LTIR,-0.005654135555377518,0.018307190280571352,0.08292983089165798,0.009601822643985701
min_hNew_0_200,PhyllFrmTassel,-0.00197963645707334,0.006608094511670394,0.018679020596485477,0.002118946392245435
min_hNew_0_200,Diffz,0.003273656970611259,0.006100731103942061,0.018819164058025393,0.002082776612516411
min_hNew_0_200,Diffx,0.00037954424545704574,0.005926589997423429,0.018462513611761263,0.0020387352269302817
min_hNew_10_20,thetaS,0.8517350131910727,0.8517350131910727,0.44771261486218566,0.0522564597263441
min_hNew_10_20,JuvenileLeaves,-0.43802849671014743,0.43802849671014743,0.3414731601756582,0.041774830575879746
min_hNew_10_20,LM_min,-0.3778642776145473,0.3778642776145473,0.2953703414584203,0.03573190066960635
min_hNew_10_20,n,-0.05615204616681703,0.22766441550795322,0.3424818609413293,0.02985910260883679
min_hNew_10_20,thetaR,-0.18751437853176675,0.18751437853176675,0.16741634948822706,0.019732731351649383
min_hNew_10_20,Alfa,0.13917723124448206,0.17122952956995036,0.17121832238693926,0.01667600514768705
min_hNew_10_20,Ks,-0.16049404277245902,0.16049404277245902,0.12179633732828325,0.014086632976048358
min_hNew_10_20,Rmax_LTAR,-0.14100430075468828,0.15234094094666983,0.17243146038241824,0.018639053005969686
min_hNew_10_20,StayGreen,-0.052508120064458735,0.052667619818594455,0.05326237697179458,0.006123578724144452
min_hNew_10_20,Rmax_LTIR,-0.010228842259584366,0.02283399774447694,0.05275643458888665,0.005902319928972066
min_hNew_10_20,PhyllFrmTassel,-0.006893778319942085,0.009187239754948642,0.017142223385135585,0.0019626626546528246
min_hNew_10_20,Diffx,-0.0030737163621642285,0.008824593132082096,0.016742123006205954,0.0017038447760851412
min_hNew_10_20,Diffz,-0.003239260209094975,0.008092482148886089,0.016251224416764888,0.0017378307731134158
min_hNew_120_200,n,-0.9598979767857189,0.9598979767857189,0.2628322065092179,0.030366550587196516
min_hNew_120_200,Alfa,-0.19004907497160217,0.19005259337909233,0.2571592152230174,0.03039785809816605
min_hNew_120_200,JuvenileLeaves,0.11388318824351944,0.1618324043051015,0.2229998333100847,0.022059004728955625
min_hNew_120_200,thetaS,0.1047711087463224,0.14679120478578073,0.1957056062943721,0.018864291796855562
min_hNew_120_200,Rmax_LTAR,-0.0859378320099952,0.1145830591803193,0.15837890042217034,0.015695871830881086
min_hNew_120_200,LM_min,0.03434880953526675,0.11412543801974967,0.1858553887406953,0.017907279158406866
min_hNew_120_200,thetaR,-0.022956185796589514,0.04547922984826076,0.07186900451451532,0.006827086530338367
min_hNew_120_200,Ks,0.029364894587303722,0.03946172610534095,0.07470160131844082,0.007982760852793744
min_hNew_120_200,StayGreen,0.015156995805027223,0.0252516637186971,0.054602850950615296,0.005809640797689174
min_hNew_120_200,Rmax_LTIR,0.004854069146078457,0.020940352591651366,0.0370798505180378,0.0037272995038297473
min_hNew_120_200,Diffx,0.0035170465644121904,0.008492718799872888,0.016128072843900824,0.001596906144895974
min_hNew_120_200,Diffz,0.002053706312613411,0.008194943185762608,0.020586735098371306,0.0024102400494687044
min_hNew_120_200,PhyllFrmTassel,0.0035386492655938876,0.005386051124161456,0.012308515727959492,0.0013976679737106629
min_hNew_20_40,thetaS,0.8317704865832644,0.8317704865832644,0.38415981765137386,0.04510738323471263
min_hNew_20_40,JuvenileLeaves,-0.43943669378191097,0.43943669378191097,0.32684954542224687,0.03905583486251816
min_hNew_20_40,LM_min,-0.3635486223258679,0.3635486223258679,0.2795778050200949,0.03328084144267466
min_hNew_20_40,n,-0.32272993521101545,0.32765052063551353,0.29029092522813105,0.03290842611981814
min_hNew_20_40,thetaR,-0.16655712958235033,0.16655712958235033,0.1217999804373385,0.01412449431609779
min_hNew_20_40,Rmax_LTAR,-0.11046014319400635,0.12814379942887646,0.132845625203473,0.013162633610481074
min_hNew_20_40,Ks,-0.10449103764813683,0.10449103764813683,0.07584062421667437,0.008475620557275014
min_hNew_20_40,Alfa,-0.0032884801891961937,0.07036729735230977,0.09959712889551255,0.008099316638205716
min_hNew_20_40,StayGreen,-0.03255943323245099,0.03345803411397006,0.033052886779835755,0.003845816133651866
min_hNew_20_40,Rmax_LTIR,-0.01205758026448266,0.02092711520953378,0.04767510447680042,0.00537975963262016
min_hNew_20_40,PhyllFrmTassel,-0.006315072660218851,0.009083930868341583,0.01722964424951594,0.0018964417681153812
min_hNew_20_40,Diffx,-0.0013076385015656734,0.006931611092451124,0.012233784898094471,0.0011987145941176958
min_hNew_20_40,Diffz,0.00048605104418601117,0.006438953247098486,0.010885268089606931,0.0010423455593311316
min_hNew_80_120,n,-0.6590746079088308,0.6590746079088308,0.5313931336126547,0.06402727557003672
min_hNew_80_120,thetaS,0.5887844659696102,0.5887844659696102,0.5183032301703517,0.06143560887526124
min_hNew_80_120,JuvenileLeaves,-0.352003093412326,0.352003093412326,0.39502479934345686,0.048405488307618316
min_hNew_80_120,LM_min,-0.29550207561147634,0.29550207561147634,0.36761060503743337,0.04436044913697955
min_hNew_80_120,thetaR,-0.15023066649183545,0.15206588681298336,0.2188970048647233,0.024171515725328826
min_hNew_80_120,Rmax_LTAR,-0.13177691950159232,0.1400930131111284,0.22725044628117919,0.025599878711685814
min_hNew_80_120,Alfa,-0.12288001047285135,0.12727156707137685,0.21814717618257873,0.024881504387330045
min_hNew_80_120,Ks,-0.07063621477074852,0.07529369292541745,0.13079544821587538,0.015399868505615094
min_hNew_80_120,StayGreen,-0.028297190834344118,0.030554796785296396,0.06007198204044155,0.0068929999620224655
min_hNew_80_120,Rmax_LTIR,-0.007606996846039837,0.021251887772389098,0.08778867433145539,0.01005827776314231
min_hNew_80_120,PhyllFrmTassel,-0.0037091168616821047,0.008189469310604566,0.024261254627546816,0.0027943756895916954
min_hNew_80_120,Diffx,-0.0012591402931406033,0.006649620486262046,0.022108128163045044,0.0024386471030365055
min_hNew_80_120,Diffz,0.0032540093176446623,0.0064138035144854595,0.019350233144702574,0.002122465491686016
min_leaf_wp,thetaS,0.6953580188498001,0.7039857301806111,0.41425272998976936,0.046467552264702075
min_leaf_wp,n,-0.3835943017347599,0.4298787730232512,0.4216794799490721,0.044243672846630326
min_leaf_wp,LM_min,-0.35245509012664206,0.3961229566353183,0.4159018674427259,0.043598747423446695
min_leaf_wp,JuvenileLeaves,-0.15027748232297236,0.3747725253707112,0.4592497727467235,0.03553921808619421
min_leaf_wp,Rmax_LTAR,-0.3324823347024373,0.34040483306402763,0.3127740693438932,0.03578047608189546
min_leaf_wp,thetaR,-0.13168510845028927,0.1869964514856877,0.24990566668974118,0.024340207260398747
min_leaf_wp,Ks,-0.09833287215584614,0.15002941889782775,0.22220718389219804,0.022932435989851212
min_leaf_wp,Alfa,-0.03902474583763418,0.12024116403196487,0.2038620071018796,0.020321396445476203
min_leaf_wp,StayGreen,-0.03383199471270304,0.06921036895451732,0.11653123339520385,0.011468924175326321
min_leaf_wp,Rmax_LTIR,-0.011930591095648133,0.053079685998517145,0.10030375607325258,0.009953963945285664
min_leaf_wp,PhyllFrmTassel,0.009179249446230425,0.03505423665618368,0.06382463589274388,0.0061042846620274855
min_leaf_wp,Diffx,0.0036136819677561023,0.02666062111390673,0.05466610287935423,0.005659665442286412
min_leaf_wp,Diffz,0.0026953610523859747,0.02348267065156129,0.05472277384784787,0.0058029109268947915
min_thNew_0_10,n,-0.8660256642984302,0.8660256642984302,0.3431026441983949,0.041499834416439285
min_thNew_0_10,thetaS,0.7077618606485506,0.7077618606485506,0.30214465249547584,0.03750076122326148
min_thNew_0_10,JuvenileLeaves,-0.20754146581089342,0.20754146581089342,0.10145046376365122,0.012072920768570727
min_thNew_0_10,LM_min,-0.18431585756795768,0.18431585756795768,0.08816379727402712,0.01039062712968382
min_thNew_0_10,thetaR,0.08372937151426657,0.08400328066156525,0.046919205399263496,0.005374276605076061
min_thNew_0_10,Ks,-0.08356353095184128,0.08356353095184128,0.037103495108424,0.004148653549091293
min_thNew_0_10,Rmax_LTAR,-0.053738922270094566,0.060179864437647515,0.053088925016052946,0.005293874511919625
min_thNew_0_10,StayGreen,-0.0314315026236474,0.031478732651240814,0.02483894433665799,0.002904395070195941
min_thNew_0_10,Alfa,-0.014886499349669142,0.030892808659711387,0.040604905660935935,0.003496806052797096
min_thNew_0_10,Rmax_LTIR,-0.0026561377611849335,0.007290219215447597,0.012887446739664127,0.001348883795521075
min_thNew_0_10,PhyllFrmTassel,-0.002876892909685168,0.00409715476752475,0.006051098496320486,0.0006317545351016598
min_thNew_0_10,Diffz,-0.0022296379976103455,0.003541590330622987,0.005760270638348914,0.0006044766482890748
min_thNew_0_10,Diffx,-0.0013724357409818872,0.0034018507704511075,0.005090550230627412,0.0004635862561543961
min_thNew_0_20,n,-0.8625535644036191,0.8625535644036191,0.3411858062295972,0.041267523297899886
min_thNew_0_20,thetaS,0.7058618360587076,0.7058618360587076,0.30155224534420294,0.037339245660869554
min_thNew_0_20,JuvenileLeaves,-0.22251206229055043,0.22251206229055043,0.11072736233507936,0.013175625480670108
min_thNew_0_20,LM_min,-0.1926337297175418,0.1926337297175418,0.09209203608648209,0.01087984120447324
min_thNew_0_20,Ks,-0.07999277803884967,0.07999277803884967,0.03631642343096473,0.004075892695270644
min_thNew_0_20,thetaR,0.0765626797789479,0.07736172279610372,0.04459943472974439,0.005008699085196903
min_thNew_0_20,Rmax_LTAR,-0.0577443073670559,0.06475852440084301,0.05732098472010136,0.005706954218387844
min_thNew_0_20,Alfa,-0.025404237154739592,0.03645870798441262,0.04424797387329539,0.0041434401054676875
min_thNew_0_20,StayGreen,-0.02990325679031438,0.02994820714516446,0.023777885520550945,0.0027940877391917224
min_thNew_0_20,Rmax_LTIR,-0.0029578045946034043,0.007932414280449369,0.014084452259957529,0.001478795285943756
min_thNew_0_20,PhyllFrmTassel,-0.0031531687670406125,0.004474403740096269,0.006612472838876648,0.000690339224874309
min_thNew_0_20,Diffx,-0.0013527842208083407,0.003823793640425513,0.005831462182791094,0.0005388510427678022
min_thNew_0_20,Diffz,-0.001727058344614573,0.003503925796257981,0.005876579118732445,0.0006078666431980126
min_thNew_0_200,n,-0.928362415983128,0.928362415983128,0.2973989967468856,0.035902480743051204
min_thNew_0_200,thetaS,0.5108243505880475,0.5108243505880475,0.21950512297805333,0.027476309683048667
min_thNew_0_200,thetaR,0.20173207793071143,0.20173207793071143,0.10388197172915183,0.01230239351269283
min_thNew_0_200,JuvenileLeaves,-0.17543374897581523,0.17543374897581523,0.08488733710970253,0.010051069155338913
min_thNew_0_200,LM_min,-0.1520222981939695,0.1520222981939695,0.06957493029757697,0.008139580473130967
min_thNew_0_200,Alfa,-0.06734553834417499,0.06734553834417499,0.039917799919673154,0.004833105131326838
min_thNew_0_200,Rmax_LTAR,-0.05718326365380861,0.059469812709219014,0.04464966968399509,0.0047133782827081805
min_thNew_0_200,Ks,-0.043117940319235125,0.043117940319235125,0.020753426434614235,0.0023991472817461636
min_thNew_0_200,StayGreen,-0.012063546306142212,0.012450786240037877,0.009520264955227346,0.0010761949112175109
min_thNew_0_200,Rmax_LTIR,-0.0024397606876877605,0.005019710073210961,0.008726763076149772,0.0009062972287087824
min_thNew_0_200,PhyllFrmTassel,-0.0020283786247862795,0.002866386520199474,0.0041095361619042006,0.00041510464454064776
min_thNew_0_200,Diffx,-0.0007522014070871427,0.0025077459401859066,0.003651265195309786,0.00032903600819619833
min_thNew_0_200,Diffz,3.724328120827617e-05,0.0022629856921251327,0.0036078979199061444,0.00033826379470514256
min_thNew_10_20,n,-0.8548075394134383,0.8548075394134383,0.3389283892785055,0.04098168886317181
min_thNew_10_20,thetaS,0.7053359195262007,0.7053359195262007,0.3040683405417281,0.03738559413428902
min_thNew_10_20,JuvenileLeaves,-0.23520847930039138,0.23520847930039138,0.12435833025940406,0.014884307084999705
min_thNew_10_20,LM_min,-0.1997118862451606,0.1997118862451606,0.10144365027192927,0.01200812781379795
min_thNew_10_20,Ks,-0.07800485041876784,0.07800485041876784,0.04006189505297737,0.00450614673100412
min_thNew_10_20,thetaR,0.06715132926491826,0.07356193949943246,0.05201728458727747,0.004988445652626444
min_thNew_10_20,Rmax_LTAR,-0.059533788524190244,0.06706747675624597,0.062169941364110484,0.006311576185971263
min_thNew_10_20,Alfa,-0.03204325187176282,0.041216809771218825,0.048044242079830254,0.00470558054606793
min_thNew_10_20,StayGreen,-0.0287509775069236,0.02879315031773009,0.023193427375216524,0.0027247592520121557
min_thNew_10_20,Rmax_LTIR,-0.003156296867127889,0.008390439176155187,0.015272987322175092,0.0016060641707179076
min_thNew_10_20,PhyllFrmTassel,-0.00328040116780192,0.004723358464482633,0.007444305865976778,0.0007959057847199315
min_thNew_10_20,Diffx,-0.0013237220905801398,0.004074435526749182,0.006553794999626927,0.000625480635536566
min_thNew_10_20,Diffz,-0.0014677180774514886,0.003720238605015112,0.0067227101658164585,0.0007101503088288241
min_thNew_120_200,n,-0.96524449232194,0.96524449232194,0.23923643489388424,0.028664281078836656
min_thNew_120_200,thetaR,0.37956852226025584,0.37956852226025584,0.18555819276039662,0.022984540370752697
min_thNew_120_200,thetaS,0.19095938540406512,0.19095938540406512,0.12222219065504202,0.014649470417802376
min_thNew_120_200,Alfa,-0.07095839550581282,0.07095839550581282,0.0407142506984302,0.00476272646574066
min_thNew_120_200,Rmax_LTAR,-0.02502087871851209,0.02531967015363002,0.020747031814333274,0.0022587480352300473
min_thNew_120_200,LM_min,-0.015387176948323273,0.018254405362330483,0.022578708028471475,0.002417281482579546
min_thNew_120_200,JuvenileLeaves,0.0066764032166395275,0.01469301472834892,0.020809646786623646,0.0019194600791140539
min_thNew_120_200,Ks,-0.004960066468431808,0.005676090952401822,0.005673217182073191,0.0005972666222452278
min_thNew_120_200,Rmax_LTIR,-0.001319996034204078,0.003750902649480467,0.005998426895571374,0.0005617503303639607
min_thNew_120_200,StayGreen,-0.001056646590873553,0.0032961687112621997,0.004764072930632709,0.00042454388457314167
min_thNew_120_200,Diffx,0.0006474518644001961,0.0012299947309410272,0.0016942874222854536,0.00015850314640762983
min_thNew_120_200,PhyllFrmTassel,0.0005839417680375624,0.0011392522679842215,0.0020514951336270707,0.00020439352675097284
min_thNew_120_200,Diffz,0.00028874626993916796,0.0011100272383698668,0.001709593392129329,0.0001589491228609746
min_thNew_20_40,n,-0.8302792215327165,0.8302792215327165,0.3396808700911008,0.040674945394510297
min_thNew_20_40,thetaS,0.6670737177462659,0.6670737177462659,0.3142524980223629,0.03934201769029992
min_thNew_20_40,JuvenileLeaves,-0.28178878861443785,0.28178878861443785,0.17594377978136488,0.020704790930755203
min_thNew_20_40,LM_min,-0.23059762257319652,0.23059762257319652,0.13262628661919976,0.015573317973266419
min_thNew_20_40,thetaR,0.08073687146552438,0.08114395719851968,0.08466714850807593,0.009638758566335595
min_thNew_20_40,Rmax_LTAR,-0.06719376777993774,0.0781408908518583,0.08144301515868203,0.007950861967665132
min_thNew_20_40,Alfa,-0.06816973860519625,0.06869017252379246,0.0635143736442897,0.007547277830250755
min_thNew_20_40,Ks,-0.05901652056215001,0.05901652056215001,0.035404567432088245,0.004107350616101387
min_thNew_20_40,StayGreen,-0.021645618006625525,0.02215045797006921,0.019079617270855127,0.002232306412028907
min_thNew_20_40,Rmax_LTIR,-0.0038229724399765673,0.008736201186326715,0.017088235941736817,0.0018162475641434455
min_thNew_20_40,PhyllFrmTassel,-0.003698517318296622,0.005097470459389597,0.008096146325850076,0.0008569162165997209
min_thNew_20_40,Diffx,-0.0017318769570302684,0.004368270521798681,0.006954341257541563,0.0006579839374897684
min_thNew_20_40,Diffz,0.00049897648410534,0.0034508055956872724,0.006303505945628616,0.0006272010697549092
min_thNew_80_120,n,-0.9310165411541704,0.9310165411541704,0.2705706202115837,0.03228498418822857
min_thNew_80_120,thetaS,0.39160250293367466,0.39160250293367466,0.22199454887117387,0.02698953092130712
min_thNew_80_120,thetaR,0.26674415788938866,0.26674415788938866,0.15307501564449835,0.018081499570053887
min_thNew_80_120,JuvenileLeaves,-0.15140671206478012,0.15140671206478012,0.0953848141516491,0.011449148557698173
min_thNew_80_120,LM_min,-0.14028362781449463,0.14028362781449463,0.0879241456693613,0.010212909390221292
min_thNew_80_120,Alfa,-0.07040877852046112,0.07040877852046112,0.04175064104387902,0.0049549412838959155
min_thNew_80_120,Rmax_LTAR,-0.051944170823480094,0.05319541167458448,0.04474982275370054,0.004953503885522549
min_thNew_80_120,Ks,-0.0275021132632993,0.027533522211099247,0.01948090362800311,0.0022572226859284687
min_thNew_80_120,StayGreen,-0.012541558312294672,0.01315770352908517,0.012232990593284832,0.00138014632808598
min_thNew_80_120,Rmax_LTIR,-0.0010542335664203934,0.004310971425295576,0.007705608173473903,0.0007492048343648684
min_thNew_80_120,Diffz,0.0010109083931179282,0.002187096482723647,0.0038917807425290795,0.00041197690687545834
min_thNew_80_120,Diffx,-0.0003109024923949817,0.0021809379497348155,0.0036072793758006915,0.0003334154144579196
min_thNew_80_120,PhyllFrmTassel,-0.0012794389111929014,0.0021461038498974583,0.0036515326471683466,0.00037638191410964005
nit_sink_0_20_share,thetaS,-0.7046753730399259,0.711714769553288,0.33535373029542204,0.0388745850425546
nit_sink_0_20_share,JuvenileLeaves,0.5480176318156708,0.5604229567030955,0.3213464502640236,0.03485522783438541
nit_sink_0_20_share,n,0.37626042135596893,0.4100893915567015,0.3290594034256993,0.03257097433648274
nit_sink_0_20_share,LM_min,0.23883021144415367,0.3046339468239383,0.290249288792786,0.02541662364880994
nit_sink_0_20_share,Rmax_LTAR,-0.14771515884014205,0.24837991200041873,0.31532743531529295,0.028179588238882284
nit_sink_0_20_share,thetaR,0.16191354742321734,0.18992354424820374,0.20210760963429333,0.020236438226336886
nit_sink_0_20_share,Alfa,0.11718519151728478,0.16323728465324164,0.20301277790786415,0.019774640261376285
nit_sink_0_20_share,StayGreen,0.08170023013588996,0.14069028385090626,0.17617791616934636,0.015982179165594655
nit_sink_0_20_share,Ks,0.05656498023425058,0.12384863819880335,0.16712966380402577,0.014700627077843071
nit_sink_0_20_share,Rmax_LTIR,-0.03578606071565042,0.1120087256216047,0.183722351659454,0.016941586087915635
nit_sink_0_20_share,Diffz,0.04277742777954814,0.08925052527832004,0.13460682701954496,0.012946222199535113
nit_sink_0_20_share,Diffx,0.029458682234474672,0.06870033641563132,0.11091529545217967,0.01077750646505921
nit_sink_0_20_share,PhyllFrmTassel,0.008343224915757905,0.020879471512397777,0.03331626243815449,0.0031323147366834584
non_ear_shoot_dm,JuvenileLeaves,0.9565845391619057,0.9565845391619057,0.22917090362106549,0.028219675387060106
non_ear_shoot_dm,Rmax_LTAR,-0.3718975330828187,0.3718975330828187,0.17498399854070612,0.0204488595530246
non_ear_shoot_dm,LM_min,0.19098647426210555,0.1917272714049972,0.08806134044753355,0.010526528864553337
non_ear_shoot_dm,Rmax_LTIR,0.030959737297988003,0.10338075520584973,0.15406504167074284,0.013576559638462157
non_ear_shoot_dm,n,-0.02306694664254898,0.030272860763472062,0.04343073224098524,0.004414865383900281
non_ear_shoot_dm,thetaS,0.0187745356176764,0.02234398624508328,0.03442724069582537,0.0038808277325640874
non_ear_shoot_dm,Alfa,-0.004223014123545157,0.014094389005936828,0.04013381937869643,0.004366336875355001
non_ear_shoot_dm,Ks,-0.003104972397889409,0.01047243392897826,0.0419598241463498,0.00492418535929455
non_ear_shoot_dm,thetaR,-0.005308097177852336,0.009706443499368446,0.028870853617618264,0.003415859947425449
non_ear_shoot_dm,StayGreen,0.007101342254725827,0.007765568689207593,0.0159709448820924,0.0018604443102400528
non_ear_shoot_dm,PhyllFrmTassel,0.007707624605037425,0.007707624605037425,0.003803387882350464,0.0004274732360883467
non_ear_shoot_dm,Diffz,0.0009352884616659482,0.003198849638438335,0.010456041563082415,0.0011592091617424393
non_ear_shoot_dm,Diffx,0.0004967269868272086,0.0029300664015438345,0.0044401476384060695,0.00039052353005702045
potential_et,thetaS,0.5757013043114382,0.5757013043114382,0.29412792698211937,0.033242000761483544
potential_et,LM_min,-0.035393364733561784,0.5282650084824041,0.6262003606715834,0.04043845039572786
potential_et,StayGreen,-0.06852337271852191,0.5136485738506611,0.6111889713394084,0.039479977769040775
potential_et,n,-0.3551492584254484,0.4225518329066687,0.3631476035351174,0.032750693735293594
potential_et,Rmax_LTAR,-0.08904903704039845,0.3188827525289016,0.43122932074903864,0.0351623386190656
potential_et,JuvenileLeaves,0.10987654310011302,0.31280531995432775,0.4058464867547458,0.03308062963819841
potential_et,Alfa,-0.0667615890780119,0.08672490595330272,0.10850129074861559,0.011500928261837141
potential_et,thetaR,0.020368587797226705,0.06860697971834043,0.094075025592305,0.007626088133904159
potential_et,Ks,-0.04777858848588659,0.05672874700021642,0.05910542052460103,0.005988074493553511
potential_et,Rmax_LTIR,-0.006325103272866572,0.04444471111364838,0.07494691534826634,0.007074860043500307
potential_et,Diffz,0.0033435534291250497,0.02014265902745721,0.03394734265171447,0.00336821959099509
potential_et,Diffx,0.003826421532031101,0.01817712460818661,0.027607365771851175,0.002520816355173916
potential_et,PhyllFrmTassel,0.009643630488788428,0.017297811538618115,0.028292340566626342,0.0027511279833610193
root_density_0_20_share,thetaS,-0.8795031060674788,0.8795031060674788,0.3836028004188359,0.04575875385727014
root_density_0_20_share,n,0.34635479542343695,0.34725818732433683,0.27333745775390644,0.03153735580799623
root_density_0_20_share,JuvenileLeaves,0.3382204375517799,0.3430795561747072,0.30243780708101625,0.036087200244280165
root_density_0_20_share,LM_min,0.2866741923541102,0.30199394468116514,0.2540659532210654,0.0275495913998874
root_density_0_20_share,thetaR,0.19944094820486352,0.1999701812640151,0.1557167668137964,0.017638083979031334
root_density_0_20_share,Rmax_LTAR,0.01676365726846733,0.1566787328205145,0.21101485804695747,0.01642634497588834
root_density_0_20_share,Ks,0.12365426320422598,0.1254615111182804,0.10736660738869044,0.012427445000316012
root_density_0_20_share,Alfa,-0.0074738969919960685,0.08404037237797325,0.12183122004289328,0.010295860500704817
root_density_0_20_share,Rmax_LTIR,0.03438589324294691,0.057597248144468136,0.10295400040998676,0.011175041239056062
root_density_0_20_share,StayGreen,0.004686230874269918,0.05058901321018206,0.08208606699048077,0.007524718211980347
root_density_0_20_share,Diffz,0.03972216043008162,0.04352338730964434,0.046665100658557564,0.005095508609243295
root_density_0_20_share,PhyllFrmTassel,0.00861290253600945,0.03320699689594869,0.05325515904788004,0.005358615106357184
root_density_0_20_share,Diffx,0.009660328206108904,0.026526709396822685,0.040329489893575515,0.0037954857127345844
root_shoot_ratio,JuvenileLeaves,0.9488498026151005,0.9488498026151005,0.24271043071222584,0.029018322068614755
root_shoot_ratio,n,0.3015536366630406,0.3015536366630406,0.17966183763975913,0.021122298419019366
root_shoot_ratio,thetaS,-0.2557644376124381,0.2557644376124381,0.12322244185443648,0.014747049571931703
root_shoot_ratio,Rmax_LTIR,-0.12430887972476551,0.1595528623246078,0.18243137095549497,0.017716435817560952
root_shoot_ratio,LM_min,0.10502805067099083,0.1258656172456949,0.12599278251432688,0.012113784417434773
root_shoot_ratio,Rmax_LTAR,-0.09316811443637188,0.12123911445480327,0.1293171709620998,0.011647560955188459
root_shoot_ratio,StayGreen,-0.05184771624099563,0.0911690396698733,0.10516032671313882,0.008595175502017391
root_shoot_ratio,Alfa,0.04973181063068738,0.0639076361672409,0.07258757527929119,0.007099462401619556
root_shoot_ratio,thetaR,0.04746502955820406,0.05039044077183886,0.04092452205843984,0.004233047587422273
root_shoot_ratio,Ks,0.0217127174058493,0.032365236091435615,0.04031088692655055,0.0038343484317439444
root_shoot_ratio,PhyllFrmTassel,0.02432909423760588,0.025099230292078514,0.0182647719925786,0.0020319016643534126
root_shoot_ratio,Diffx,-0.0009610635017153825,0.012700895938533296,0.017365374204968885,0.001372758816252251
root_shoot_ratio,Diffz,-0.0001194240154140796,0.011551172195630585,0.018298270575740672,0.0016467383673304757
runoff_rain_ratio,JuvenileLeaves,0.0,0.0,0.0,0.0
runoff_rain_ratio,Rmax_LTAR,0.0,0.0,0.0,0.0
runoff_rain_ratio,Rmax_LTIR,0.0,0.0,0.0,0.0
runoff_rain_ratio,PhyllFrmTassel,0.0,0.0,0.0,0.0
runoff_rain_ratio,StayGreen,0.0,0.0,0.0,0.0
runoff_rain_ratio,LM_min,0.0,0.0,0.0,0.0
runoff_rain_ratio,Diffx,0.0,0.0,0.0,0.0
runoff_rain_ratio,Diffz,0.0,0.0,0.0,0.0
runoff_rain_ratio,thetaR,0.0,0.0,0.0,0.0
runoff_rain_ratio,thetaS,0.0,0.0,0.0,0.0
runoff_rain_ratio,Alfa,0.0,0.0,0.0,0.0
runoff_rain_ratio,n,0.0,0.0,0.0,0.0
runoff_rain_ratio,Ks,0.0,0.0,0.0,0.0
season_length_days_censored,StayGreen,0.8202795077989777,0.8202795077989777,0.39088569242112864,0.04608897080520656
season_length_days_censored,LM_min,0.5667774854467308,0.5667774854467308,0.38332240846610494,0.04643587107396169
season_length_days_censored,Rmax_LTAR,-0.17105886355254818,0.22413434003346597,0.3371975428997032,0.0356393647263193
season_length_days_censored,JuvenileLeaves,-0.12527293161322606,0.20510137115488059,0.28689051728222065,0.028264807995961518
season_length_days_censored,n,-0.038277748414938945,0.0394709114961085,0.13242518720377144,0.014967281765848542
season_length_days_censored,Alfa,-0.018814220515831398,0.018814220515831398,0.1074976543930959,0.012416731624357615
season_length_days_censored,thetaS,0.011786698928248188,0.013200294552328028,0.07671318217060268,0.008907335467964378
season_length_days_censored,Rmax_LTIR,-0.0029341978135554274,0.007208215984677763,0.056754167799614785,0.006648974877859958
season_length_days_censored,thetaR,-0.004837081864834915,0.007145692745269582,0.055055179447351714,0.006110999440814264
season_length_days_censored,Ks,0.0026671388252279653,0.006297893789816113,0.04425609515584253,0.005194371634377574
season_length_days_censored,Diffz,-0.0004623358370305653,0.0007718386670441021,0.007925876530183036,0.000887004257264788
season_length_days_censored,PhyllFrmTassel,0.0,0.0,0.0,0.0
season_length_days_censored,Diffx,0.0,0.0,0.0,0.0
seasonal_actual_soil_evap,n,-0.7106328274015143,0.7106328274015143,0.28489144716205844,0.03273192161757922
seasonal_actual_soil_evap,LM_min,-0.5328856988188644,0.5344337823154804,0.25687148863911746,0.029497576382066588
seasonal_actual_soil_evap,JuvenileLeaves,-0.49942027483264645,0.49942027483264645,0.2139048881472441,0.024701056301594852
seasonal_actual_soil_evap,Alfa,-0.38967809198261694,0.38967809198261694,0.16207679174330367,0.01883356782110315
seasonal_actual_soil_evap,thetaS,0.3589686589490723,0.3589686589490723,0.16145012311277987,0.019935952818072172
seasonal_actual_soil_evap,StayGreen,-0.20442920978162266,0.2105063552236369,0.1253899597220292,0.013710193939933632
seasonal_actual_soil_evap,Rmax_LTAR,-0.04062779801985055,0.0848250855198542,0.11029356905026215,0.00957574513235364
seasonal_actual_soil_evap,Ks,0.07519662716295075,0.07854353925087737,0.06175780127599314,0.006519776086857938
seasonal_actual_soil_evap,thetaR,-0.0632497101067967,0.06620054204919358,0.05346823066882383,0.00589925130931571
seasonal_actual_soil_evap,Diffx,-0.00025759470967298323,0.009135794621544891,0.014348614209123329,0.0013370080015715667
seasonal_actual_soil_evap,Diffz,-0.004075272959776773,0.008889524064123702,0.014393818472411292,0.0013853584907468736
seasonal_actual_soil_evap,Rmax_LTIR,-0.004255329194179637,0.007243855876378826,0.011570476538422343,0.0011791868136913947
seasonal_actual_soil_evap,PhyllFrmTassel,-0.0020116796797376726,0.003336776981486932,0.006539180965568762,0.0006940181184919086
seasonal_actual_transpiration,LM_min,0.751310754362091,0.751310754362091,0.3146971037556651,0.03675914940872503
seasonal_actual_transpiration,JuvenileLeaves,0.6639102374127875,0.6639102374127875,0.29234666852899027,0.034147507247631714
seasonal_actual_transpiration,StayGreen,0.27018385865089267,0.28837787059654146,0.2599519837832512,0.027867085611712472
seasonal_actual_transpiration,thetaS,0.2808284298336122,0.2808284298336122,0.21701637007222713,0.025608464595032347
seasonal_actual_transpiration,Rmax_LTAR,0.15168298762172683,0.1915064118387408,0.20772911769944802,0.020327725223365047
seasonal_actual_transpiration,n,-0.04972083457978338,0.13447311807227527,0.19585613881961408,0.01744761493757123
seasonal_actual_transpiration,thetaR,-0.06197261693463433,0.06312787368043332,0.06329331422821503,0.007219319483003824
seasonal_actual_transpiration,Alfa,-0.0029171716507171218,0.03801470933586865,0.05763568295942809,0.005149878287162654
seasonal_actual_transpiration,Ks,-0.03251848738268375,0.0340575736711827,0.031752003427346354,0.0035480330498310606
seasonal_actual_transpiration,Rmax_LTIR,0.01053761670677725,0.019162570175518506,0.03378534446611186,0.0035066562947211537
seasonal_actual_transpiration,Diffz,0.0011473096356174363,0.009700001617056819,0.017003781657433943,0.0017217632582718124
seasonal_actual_transpiration,Diffx,0.0016288845154588895,0.008785101396208944,0.012715415680940794,0.0010875492407985778
seasonal_actual_transpiration,PhyllFrmTassel,0.005042819475974519,0.00848962099775374,0.012860754367741546,0.0012408150279475288
seasonal_et_demand_sum,LM_min,0.7491483418543505,0.7491483418543505,0.307676876393521,0.035954258052508785
seasonal_et_demand_sum,JuvenileLeaves,0.7049518464455115,0.7049518464455115,0.2961859182615123,0.03447767652919263
seasonal_et_demand_sum,StayGreen,0.2588782379201547,0.2739190439930749,0.24246846684057172,0.026267154845520658
seasonal_et_demand_sum,thetaS,0.24921106486233813,0.24921106486233813,0.16481045085851864,0.01955582227362958
seasonal_et_demand_sum,Rmax_LTAR,0.1501421222247867,0.18485223766494874,0.20090570948542683,0.020007982056658956
seasonal_et_demand_sum,n,-0.17952192051008822,0.17952192051008822,0.1474544221100077,0.017500683268280342
seasonal_et_demand_sum,thetaR,-0.05471757970802023,0.05471757970802023,0.0478040048403335,0.005569937902747131
seasonal_et_demand_sum,Alfa,-0.030434545602026623,0.0330189305580665,0.042543262470750916,0.004795400628257232
seasonal_et_demand_sum,Ks,-0.022447809772173147,0.022929499992748195,0.01905566069295216,0.002135871166526617
seasonal_et_demand_sum,Rmax_LTIR,0.004601826082047997,0.015112033633813433,0.028305660852124336,0.0029179875430572827
seasonal_et_demand_sum,PhyllFrmTassel,0.004961340016380353,0.005434964400977193,0.007481955033721852,0.0008516349215403079
seasonal_et_demand_sum,Diffx,0.0018423837103994612,0.00419406467031376,0.006081458614560779,0.0005611582317371457
seasonal_et_demand_sum,Diffz,0.0011144661983714778,0.003304694441231087,0.005175356394334364,0.00047594385016769134
seasonal_et_supply_sum,LM_min,0.7529445814393049,0.7529445814393049,0.3143636178092456,0.03667283980626358
seasonal_et_supply_sum,JuvenileLeaves,0.6669692734480345,0.6669692734480345,0.29257324370048626,0.03413501166930653
seasonal_et_supply_sum,StayGreen,0.270213563510901,0.2882191979495738,0.25783793405943123,0.027622404710837715
seasonal_et_supply_sum,thetaS,0.27808680016579,0.27808680016579,0.21511783358140296,0.025422141187603373
seasonal_et_supply_sum,Rmax_LTAR,0.15390102848714043,0.19239841900533186,0.20840836521674366,0.020534021756676842
seasonal_et_supply_sum,n,-0.0480820674360573,0.12910147838380928,0.18800525025475032,0.016812854379984636
seasonal_et_supply_sum,thetaR,-0.06228071328232834,0.06322922017442344,0.06425745187426779,0.007359385559974153
seasonal_et_supply_sum,Alfa,-0.0033213068846024304,0.03788382972724571,0.0566747541982235,0.004992236089919921
seasonal_et_supply_sum,Ks,-0.0321108881260267,0.03379790337076568,0.03117757953252591,0.003446017306045075
seasonal_et_supply_sum,Rmax_LTIR,0.009767425004586409,0.01850816097620682,0.033294192544235546,0.0034568472245736213
seasonal_et_supply_sum,Diffz,0.001097032994085499,0.00931813892845767,0.016432559144749347,0.0016489484868821608
seasonal_et_supply_sum,Diffx,0.0017187433758287763,0.008739262083537874,0.012650299258667322,0.001090597823789611
seasonal_et_supply_sum,PhyllFrmTassel,0.005141985034254052,0.008218888802786792,0.012203584897061664,0.0011698224788677615
seasonal_infiltration,n,0.7594195479521562,0.7696229106540664,0.38966958763311677,0.04359572399290256
seasonal_infiltration,Ks,0.3487946381788028,0.35673033697853607,0.25022170754540407,0.027351107519221096
seasonal_infiltration,LM_min,0.20516175799516992,0.3508184144147167,0.4128147141696332,0.03445993350911064
seasonal_infiltration,JuvenileLeaves,0.19777258871199702,0.2971017584374797,0.35099741722852473,0.03277103092113947
seasonal_infiltration,thetaS,0.17096461778020824,0.279392815632864,0.33083561208617196,0.028885692500008494
seasonal_infiltration,Rmax_LTAR,-0.03276333679026798,0.26292263055801646,0.3623306618462921,0.029335253062975433
seasonal_infiltration,Alfa,-0.11006538931932561,0.2294766948384652,0.2783719537972046,0.021388087922255078
seasonal_infiltration,thetaR,0.04917955893851509,0.18360257777478878,0.2500501084725212,0.021265985366840472
seasonal_infiltration,StayGreen,0.06811825615571887,0.16945137918889366,0.256089543969932,0.024365640406490408
seasonal_infiltration,Diffx,-0.0027818730292993796,0.0773333609411845,0.12459698087705526,0.011477575923716354
seasonal_infiltration,Diffz,-0.004054393846952634,0.0633348244127919,0.10579140680232452,0.009442263750722978
seasonal_infiltration,Rmax_LTIR,0.005860920602854207,0.044466601422568905,0.0877615625046899,0.00888702617851374
seasonal_infiltration,PhyllFrmTassel,0.0012871160515476937,0.023118791316230815,0.06357785020109605,0.0069899642206072915
seasonal_mean_Flux,JuvenileLeaves,0.0,0.0,0.0,0.0
seasonal_mean_Flux,Rmax_LTAR,0.0,0.0,0.0,0.0
seasonal_mean_Flux,Rmax_LTIR,0.0,0.0,0.0,0.0
seasonal_mean_Flux,PhyllFrmTassel,0.0,0.0,0.0,0.0
seasonal_mean_Flux,StayGreen,0.0,0.0,0.0,0.0
seasonal_mean_Flux,LM_min,0.0,0.0,0.0,0.0
seasonal_mean_Flux,Diffx,0.0,0.0,0.0,0.0
seasonal_mean_Flux,Diffz,0.0,0.0,0.0,0.0
seasonal_mean_Flux,thetaR,0.0,0.0,0.0,0.0
seasonal_mean_Flux,thetaS,0.0,0.0,0.0,0.0
seasonal_mean_Flux,Alfa,0.0,0.0,0.0,0.0
seasonal_mean_Flux,n,0.0,0.0,0.0,0.0
seasonal_mean_Flux,Ks,0.0,0.0,0.0,0.0
seasonal_mean_GasSink_0_10,n,-0.8400583567027048,0.8400583567027048,0.3572046430120681,0.04000991867755243
seasonal_mean_GasSink_0_10,thetaS,-0.690943902049257,0.690943902049257,0.30690116844457815,0.03735965974665952
seasonal_mean_GasSink_0_10,Alfa,-0.21204490796149042,0.2400908647249979,0.16637735353980937,0.014039046206457746
seasonal_mean_GasSink_0_10,thetaR,0.13206661572345643,0.1364132487142764,0.0834601700010058,0.00883631928885756
seasonal_mean_GasSink_0_10,JuvenileLeaves,0.054571536039690935,0.08552835624549215,0.13666201642252152,0.014291399024799988
seasonal_mean_GasSink_0_10,LM_min,0.04614139049366758,0.06473620229691898,0.10259072665083428,0.01091976131557729
seasonal_mean_GasSink_0_10,Rmax_LTAR,0.002862256214779044,0.033833980317747224,0.09084431899422517,0.00974353100962637
seasonal_mean_GasSink_0_10,Ks,0.0076598684798877955,0.02939477450750211,0.07825488510547582,0.008679215329029953
seasonal_mean_GasSink_0_10,StayGreen,0.008095840416403367,0.01248492541088979,0.026220780148792755,0.0028291354720212975
seasonal_mean_GasSink_0_10,Diffz,0.011401976132070266,0.011816703238761021,0.0084433949945707,0.0009233692605456711
seasonal_mean_GasSink_0_10,Rmax_LTIR,0.0015453192971108527,0.005854483071398161,0.015418067682408037,0.0017301694012769654
seasonal_mean_GasSink_0_10,PhyllFrmTassel,0.0016571605482458764,0.003890519716525419,0.009643658648636795,0.00106070081253951
seasonal_mean_GasSink_0_10,Diffx,0.0005314766169804124,0.002926490160941736,0.005273937950831429,0.0005378338829808535
seasonal_mean_GasSink_0_20,thetaS,-0.7743553543123006,0.7743553543123006,0.33071395616100324,0.04067576283391731
seasonal_mean_GasSink_0_20,n,-0.7716528649320342,0.7722991324666826,0.3664779298350236,0.04090317757341241
seasonal_mean_GasSink_0_20,Alfa,-0.18829573940275876,0.21065342803639914,0.1528899963043047,0.014066573542672623
seasonal_mean_GasSink_0_20,thetaR,0.15017497517785514,0.15038112732024572,0.08717176739116352,0.009982220218165975
seasonal_mean_GasSink_0_20,JuvenileLeaves,0.13413659044053317,0.14281288746113302,0.12725568074537508,0.014413175235382134
seasonal_mean_GasSink_0_20,LM_min,0.08647407148182776,0.09261188417455565,0.08468532037815624,0.009279864349874344
seasonal_mean_GasSink_0_20,Rmax_LTAR,-0.0025670437857591875,0.038798825222783384,0.05821173243254686,0.005003611831589984
seasonal_mean_GasSink_0_20,Ks,0.017134884885741837,0.03610649661422415,0.06632601594618348,0.006901637455041592
seasonal_mean_GasSink_0_20,StayGreen,0.01050363069987425,0.017762366360203466,0.030426290788850886,0.003162017993813866
seasonal_mean_GasSink_0_20,Rmax_LTIR,0.00300222604551823,0.013383617957303365,0.03468857461721409,0.003952213701764832
seasonal_mean_GasSink_0_20,Diffz,0.009558869453545619,0.010454154050791324,0.0088276320083493,0.000918125783766305
seasonal_mean_GasSink_0_20,PhyllFrmTassel,0.005035129059741231,0.007512685821811485,0.01349537843939813,0.0014633323694697197
seasonal_mean_GasSink_0_20,Diffx,0.0007269787469596349,0.005545335592593972,0.008579323597197645,0.0007985322981313978
seasonal_mean_GasSink_0_200,n,-0.8071915799242648,0.8071915799242648,0.3970961583825542,0.046085475138603005
seasonal_mean_GasSink_0_200,Ks,-0.259635775911538,0.3216456998300019,0.40118015626632114,0.04146414718802424
seasonal_mean_GasSink_0_200,thetaS,-0.24744581125963278,0.26653108999321823,0.2988177192845119,0.0335392502282037
seasonal_mean_GasSink_0_200,JuvenileLeaves,0.2516502026459017,0.2577676912064867,0.23602551174525338,0.028127052371035476
seasonal_mean_GasSink_0_200,Alfa,0.23264063045899136,0.25324962235880377,0.28552981838701125,0.03028659316732537
seasonal_mean_GasSink_0_200,LM_min,0.11204963384350772,0.12323304983225083,0.15015014352578865,0.016443831502087104
seasonal_mean_GasSink_0_200,Rmax_LTAR,0.016220231600217568,0.06418565076508705,0.1590484491222976,0.01661584987090771
seasonal_mean_GasSink_0_200,thetaR,0.048443772554512696,0.06092459861958934,0.10605075113210523,0.011713100476324121
seasonal_mean_GasSink_0_200,StayGreen,0.00749814663346402,0.04845148390339938,0.1543840217042407,0.01717557155301471
seasonal_mean_GasSink_0_200,Rmax_LTIR,-0.02064925932769438,0.0459493930481183,0.14321489716740324,0.01571322909380565
seasonal_mean_GasSink_0_200,Diffz,0.011299872737541908,0.03733502213078374,0.12572610489261313,0.014402897177235391
seasonal_mean_GasSink_0_200,PhyllFrmTassel,0.014558160760430542,0.024538437324508038,0.09219918244908337,0.010587162574571499
seasonal_mean_GasSink_0_200,Diffx,0.0007558119076558613,0.02005365476831237,0.08963557331381593,0.010120668006447259
seasonal_mean_GasSink_10_20,thetaS,-0.8468158457419216,0.8468158457419216,0.3298103504478593,0.040462223357522184
seasonal_mean_GasSink_10_20,n,-0.6067418285230619,0.6104709200046715,0.33399617020992867,0.036571957201767716
seasonal_mean_GasSink_10_20,JuvenileLeaves,0.244647963700991,0.2457228863374646,0.20063155176916417,0.024541854470009637
seasonal_mean_GasSink_10_20,Alfa,-0.14224557767950907,0.19727657784250432,0.18478384368722536,0.013987129812661073
seasonal_mean_GasSink_10_20,thetaR,0.16872263347620328,0.1757021075990311,0.1210610010765247,0.01299441020602183
seasonal_mean_GasSink_10_20,LM_min,0.14193347932290218,0.16760574130753397,0.16382773765035544,0.016359064552996308
seasonal_mean_GasSink_10_20,Rmax_LTAR,-0.009520732113240742,0.0723803485569084,0.1139477205828366,0.010453391743400722
seasonal_mean_GasSink_10_20,Ks,0.029847362685992362,0.057918397192842155,0.10672825126401517,0.011408811112043745
seasonal_mean_GasSink_10_20,StayGreen,0.012892605017386734,0.029687632223259118,0.05949573593681632,0.006326462104837165
seasonal_mean_GasSink_10_20,Rmax_LTIR,0.00532980455430599,0.024944072436209008,0.061026333147898744,0.006927162540429801
seasonal_mean_GasSink_10_20,PhyllFrmTassel,0.009745638096075017,0.014168665091951155,0.0252513410387771,0.002745545515493936
seasonal_mean_GasSink_10_20,Diffz,0.006164320764415979,0.01050903089529027,0.012946174769794854,0.0011485326726504985
seasonal_mean_GasSink_10_20,Diffx,0.0012654630464970994,0.009757324815541814,0.015054663496969684,0.0013603601560765127
seasonal_mean_GasSink_120_200,n,-0.8069341120439736,0.8069341120439736,0.3974543777891879,0.046129135384611816
seasonal_mean_GasSink_120_200,Ks,-0.2601300742225795,0.32217843826384773,0.4016092560672504,0.041499313032202396
seasonal_mean_GasSink_120_200,thetaS,-0.24660833031543514,0.2657350430543622,0.2986427578842953,0.03352497114484551
seasonal_mean_GasSink_120_200,JuvenileLeaves,0.2510993894263376,0.2572368078822575,0.23598867890376635,0.02812196983276174
seasonal_mean_GasSink_120_200,Alfa,0.2333626029960504,0.2539731773518274,0.28601365145202595,0.03034300956975028
seasonal_mean_GasSink_120_200,LM_min,0.11200019548872342,0.12319191061924237,0.15032114245735134,0.016463642089712068
seasonal_mean_GasSink_120_200,Rmax_LTAR,0.0166585317708538,0.06451810424527778,0.1592761963525639,0.016635237282335614
seasonal_mean_GasSink_120_200,thetaR,0.04825892017334982,0.060761486017697326,0.10606717873558608,0.011718153422451992
seasonal_mean_GasSink_120_200,StayGreen,0.007479470851049754,0.04845837294586343,0.15443983000659037,0.017182806785379614
seasonal_mean_GasSink_120_200,Rmax_LTIR,-0.02069057797650539,0.045955028891968286,0.14327900988895317,0.015722241013571822
seasonal_mean_GasSink_120_200,Diffz,0.01132320051134475,0.03737231491523445,0.12581194025123257,0.014412542777574104
seasonal_mean_GasSink_120_200,PhyllFrmTassel,0.014536296759828664,0.024543296640741185,0.09225185088647524,0.010593950425464892
seasonal_mean_GasSink_120_200,Diffx,0.0007542001312111313,0.020075020572501143,0.08971172096111726,0.01012900231014596
seasonal_mean_GasSink_20_40,thetaS,-0.6221794959984179,0.6221794959984179,0.3100901467111964,0.03781996234433145
seasonal_mean_GasSink_20_40,n,-0.5987897100061652,0.6024976145725713,0.29781513145064686,0.033918942849985485
seasonal_mean_GasSink_20_40,JuvenileLeaves,0.5389826334960729,0.539243801396115,0.30292790134224995,0.03725678668426328
seasonal_mean_GasSink_20_40,LM_min,0.17763505662983367,0.22943120823478724,0.23453010927550447,0.022360910625969215
seasonal_mean_GasSink_20_40,Rmax_LTAR,-0.1815062810785142,0.19404121136717364,0.18919197028471685,0.01945976709789811
seasonal_mean_GasSink_20_40,Alfa,-0.11381016443345687,0.13516810172062313,0.11691949916667493,0.010984050849850366
seasonal_mean_GasSink_20_40,thetaR,0.1291620811024853,0.13140823725407833,0.10064267572210517,0.011507173059756374
seasonal_mean_GasSink_20_40,Ks,0.017600339888163386,0.049030290048150335,0.06952267013290749,0.006181647923654951
seasonal_mean_GasSink_20_40,Rmax_LTIR,0.006171035694018255,0.04781310799719872,0.09307287835060857,0.009738395088793851
seasonal_mean_GasSink_20_40,StayGreen,0.01834526749277649,0.0403391153919138,0.06414148261945876,0.006294206668019081
seasonal_mean_GasSink_20_40,PhyllFrmTassel,0.021878969926567824,0.02538795324365023,0.03424576121387187,0.0037891814600303944
seasonal_mean_GasSink_20_40,Diffx,-0.0005682546996105771,0.01893964724344539,0.026198424445946823,0.0021337791872280323
seasonal_mean_GasSink_20_40,Diffz,-0.0023276829803527905,0.01195229843984338,0.01683459273372034,0.0014298029970090545
seasonal_mean_GasSink_80_120,JuvenileLeaves,0.6923237251073812,0.6923237251073812,0.34228499600386286,0.04050922645570494
seasonal_mean_GasSink_80_120,n,-0.6324575918834352,0.6324575918834352,0.2763680798251847,0.03259127249805161
seasonal_mean_GasSink_80_120,thetaS,-0.32119563099435466,0.32122995750025646,0.21635820054887817,0.02752572701410915
seasonal_mean_GasSink_80_120,Rmax_LTAR,-0.2697603945556583,0.2765055099198434,0.22979310364089064,0.025062211701830702
seasonal_mean_GasSink_80_120,LM_min,0.16368599831625294,0.20988125731879714,0.27571990932701634,0.029322641093456104
seasonal_mean_GasSink_80_120,Alfa,-0.09364609471668203,0.10027292199513878,0.08002342522430614,0.008362445718043664
seasonal_mean_GasSink_80_120,thetaR,0.07189636818279653,0.08380738608113554,0.08585214146188998,0.00881223433513996
seasonal_mean_GasSink_80_120,Rmax_LTIR,-0.01334855237442025,0.06674879874344809,0.10467815537162241,0.009807862717700034
seasonal_mean_GasSink_80_120,Ks,-0.006764897255054631,0.04208938915894431,0.05880416070709084,0.004972099414530339
seasonal_mean_GasSink_80_120,StayGreen,0.008285649932190792,0.03599474219879238,0.09435021284587039,0.010048040226110068
seasonal_mean_GasSink_80_120,PhyllFrmTassel,0.019401720911599852,0.021238505966608215,0.028294775475979188,0.003327310350670654
seasonal_mean_GasSink_80_120,Diffx,-0.0011996491307694776,0.01883714253626068,0.02687881712059345,0.0022681811926195767
seasonal_mean_GasSink_80_120,Diffz,0.0011083739480316286,0.011013155708608495,0.01646423303103759,0.0014875683534968543
seasonal_mean_Humus_C,n,0.8583088469193524,0.8780535205172002,0.37028154146666553,0.03751250879868762
seasonal_mean_Humus_C,thetaS,-0.17199109847955235,0.3702131709295662,0.42238957848638736,0.03197758548320557
seasonal_mean_Humus_C,Rmax_LTAR,0.21720778181193007,0.21720778181193007,0.12258107994154017,0.014753342680577326
seasonal_mean_Humus_C,Alfa,0.08462687444814833,0.20589125557209914,0.2640883465564981,0.02162153186609683
seasonal_mean_Humus_C,StayGreen,-0.11318618657224949,0.11327993660722277,0.10675847822045809,0.012767518152676065
seasonal_mean_Humus_C,LM_min,0.029717731101763425,0.09401940809721969,0.1271623296696727,0.010620149879240795
seasonal_mean_Humus_C,JuvenileLeaves,0.06561286854554584,0.07603769236384246,0.07310215845485635,0.0074727670234050695
seasonal_mean_Humus_C,thetaR,-0.010466662000545001,0.07589158388771357,0.12010821747401769,0.010829948907633708
seasonal_mean_Humus_C,Ks,-0.014685220874339117,0.017801031708582903,0.017663217372730196,0.0017566388038777702
seasonal_mean_Humus_C,Rmax_LTIR,0.005645266122497174,0.008494292624853203,0.011117757492100857,0.001076899087156341
seasonal_mean_Humus_C,Diffx,0.000162565566554803,0.005193459995080362,0.007900414107677747,0.0006730445618677769
seasonal_mean_Humus_C,Diffz,-8.488772844616896e-05,0.004808832951808782,0.007128291121687467,0.0006224769105629108
seasonal_mean_Humus_C,PhyllFrmTassel,5.7665226022320933e-05,0.0011928035731314727,0.0023008397921897555,0.00022740199598946705
seasonal_mean_Humus_N,n,0.8609668480886512,0.8798477193053171,0.36622965760717563,0.03730839423900257
seasonal_mean_Humus_N,thetaS,-0.17354637482647156,0.36954773787441225,0.42088274336128423,0.03193154688963931
seasonal_mean_Humus_N,Rmax_LTAR,0.2131753689161158,0.2131753689161158,0.122601420058204,0.014713167818712345
seasonal_mean_Humus_N,Alfa,0.08663033871718422,0.20532721575634072,0.26150072271774744,0.021400206355040544
seasonal_mean_Humus_N,StayGreen,-0.11137004715589734,0.11153966664836093,0.10582567394996001,0.012633676568212755
seasonal_mean_Humus_N,LM_min,0.02840669036393773,0.09248293721862125,0.12477203591467408,0.010349622582348778
seasonal_mean_Humus_N,thetaR,-0.01038487584146028,0.07462704256578681,0.11880911473189695,0.010757386305714883
seasonal_mean_Humus_N,JuvenileLeaves,0.06256536286963058,0.07333044114139822,0.07187742479945014,0.007288714649961867
seasonal_mean_Humus_N,Ks,-0.015359611984215564,0.01846170778233143,0.01839599857275183,0.0018416239938773846
seasonal_mean_Humus_N,Rmax_LTIR,0.005576762958189906,0.00842647003745187,0.011026813312203438,0.0010739988785772078
seasonal_mean_Humus_N,Diffx,-0.00014183256813768533,0.005339259242539286,0.008226730122415144,0.0007127618743777791
seasonal_mean_Humus_N,Diffz,-0.00013859974018214677,0.004871631715984821,0.007205332699038453,0.0006223620415597585
seasonal_mean_Humus_N,PhyllFrmTassel,7.524360655153461e-05,0.0012094124241540092,0.0023676154948179687,0.00023588594960301303
seasonal_mean_Litter_C,JuvenileLeaves,0.0,0.0,0.0,0.0
seasonal_mean_Litter_C,Rmax_LTAR,0.0,0.0,0.0,0.0
seasonal_mean_Litter_C,Rmax_LTIR,0.0,0.0,0.0,0.0
seasonal_mean_Litter_C,PhyllFrmTassel,0.0,0.0,0.0,0.0
seasonal_mean_Litter_C,StayGreen,0.0,0.0,0.0,0.0
seasonal_mean_Litter_C,LM_min,0.0,0.0,0.0,0.0
seasonal_mean_Litter_C,Diffx,0.0,0.0,0.0,0.0
seasonal_mean_Litter_C,Diffz,0.0,0.0,0.0,0.0
seasonal_mean_Litter_C,thetaR,0.0,0.0,0.0,0.0
seasonal_mean_Litter_C,thetaS,0.0,0.0,0.0,0.0
seasonal_mean_Litter_C,Alfa,0.0,0.0,0.0,0.0
seasonal_mean_Litter_C,n,0.0,0.0,0.0,0.0
seasonal_mean_Litter_C,Ks,0.0,0.0,0.0,0.0
seasonal_mean_Litter_N,JuvenileLeaves,0.0,0.0,0.0,0.0
seasonal_mean_Litter_N,Rmax_LTAR,0.0,0.0,0.0,0.0
seasonal_mean_Litter_N,Rmax_LTIR,0.0,0.0,0.0,0.0
seasonal_mean_Litter_N,PhyllFrmTassel,0.0,0.0,0.0,0.0
seasonal_mean_Litter_N,StayGreen,0.0,0.0,0.0,0.0
seasonal_mean_Litter_N,LM_min,0.0,0.0,0.0,0.0
seasonal_mean_Litter_N,Diffx,0.0,0.0,0.0,0.0
seasonal_mean_Litter_N,Diffz,0.0,0.0,0.0,0.0
seasonal_mean_Litter_N,thetaR,0.0,0.0,0.0,0.0
seasonal_mean_Litter_N,thetaS,0.0,0.0,0.0,0.0
seasonal_mean_Litter_N,Alfa,0.0,0.0,0.0,0.0
seasonal_mean_Litter_N,n,0.0,0.0,0.0,0.0
seasonal_mean_Litter_N,Ks,0.0,0.0,0.0,0.0
seasonal_mean_Manure_C,JuvenileLeaves,0.0,0.0,0.0,0.0
seasonal_mean_Manure_C,Rmax_LTAR,0.0,0.0,0.0,0.0
seasonal_mean_Manure_C,Rmax_LTIR,0.0,0.0,0.0,0.0
seasonal_mean_Manure_C,PhyllFrmTassel,0.0,0.0,0.0,0.0
seasonal_mean_Manure_C,StayGreen,0.0,0.0,0.0,0.0
seasonal_mean_Manure_C,LM_min,0.0,0.0,0.0,0.0
seasonal_mean_Manure_C,Diffx,0.0,0.0,0.0,0.0
seasonal_mean_Manure_C,Diffz,0.0,0.0,0.0,0.0
seasonal_mean_Manure_C,thetaR,0.0,0.0,0.0,0.0
seasonal_mean_Manure_C,thetaS,0.0,0.0,0.0,0.0
seasonal_mean_Manure_C,Alfa,0.0,0.0,0.0,0.0
seasonal_mean_Manure_C,n,0.0,0.0,0.0,0.0
seasonal_mean_Manure_C,Ks,0.0,0.0,0.0,0.0
seasonal_mean_Manure_N,JuvenileLeaves,0.0,0.0,0.0,0.0
seasonal_mean_Manure_N,Rmax_LTAR,0.0,0.0,0.0,0.0
seasonal_mean_Manure_N,Rmax_LTIR,0.0,0.0,0.0,0.0
seasonal_mean_Manure_N,PhyllFrmTassel,0.0,0.0,0.0,0.0
seasonal_mean_Manure_N,StayGreen,0.0,0.0,0.0,0.0
seasonal_mean_Manure_N,LM_min,0.0,0.0,0.0,0.0
seasonal_mean_Manure_N,Diffx,0.0,0.0,0.0,0.0
seasonal_mean_Manure_N,Diffz,0.0,0.0,0.0,0.0
seasonal_mean_Manure_N,thetaR,0.0,0.0,0.0,0.0
seasonal_mean_Manure_N,thetaS,0.0,0.0,0.0,0.0
seasonal_mean_Manure_N,Alfa,0.0,0.0,0.0,0.0
seasonal_mean_Manure_N,n,0.0,0.0,0.0,0.0
seasonal_mean_Manure_N,Ks,0.0,0.0,0.0,0.0
seasonal_mean_NitSink_0_10,n,0.6738341941334367,0.675413681155348,0.32645440902642836,0.037379672438095264
seasonal_mean_NitSink_0_10,thetaS,-0.6386763939386843,0.6406402733639095,0.31263436472439127,0.03721239025202889
seasonal_mean_NitSink_0_10,JuvenileLeaves,0.4529534617983808,0.45633563636086,0.247903435371968,0.028561715464290666
seasonal_mean_NitSink_0_10,LM_min,0.3909104660902143,0.39816281612741206,0.23932799897800125,0.02648452674254188
seasonal_mean_NitSink_0_10,Alfa,0.2303464575571195,0.23150912229292692,0.15013626678136477,0.017461615292408878
seasonal_mean_NitSink_0_10,thetaR,0.15355325986048243,0.15878333294728106,0.11449233248766827,0.012426083112243715
seasonal_mean_NitSink_0_10,Rmax_LTAR,0.11771038468823614,0.14889592502687393,0.15836520622467867,0.014852829169491176
seasonal_mean_NitSink_0_10,Diffz,0.14711076141772308,0.14800670486727163,0.07662117940089985,0.008806810331746061
seasonal_mean_NitSink_0_10,StayGreen,0.054677643160303116,0.0776689388950453,0.09619195159077953,0.008887618761864311
seasonal_mean_NitSink_0_10,Ks,0.02221658153641638,0.062290686425891154,0.08660871768447531,0.007194117133504456
seasonal_mean_NitSink_0_10,Rmax_LTIR,0.004624185812512419,0.037984393409447564,0.07161478894877533,0.007489498125489217
seasonal_mean_NitSink_0_10,PhyllFrmTassel,0.010573851468876632,0.025737611651713194,0.04204183633254571,0.004078474115377935
seasonal_mean_NitSink_0_10,Diffx,0.004601417300482504,0.024539326934566754,0.036564661674836164,0.0033071030775049756
seasonal_mean_NitSink_0_20,n,0.6199111029347983,0.6326819983725265,0.34165770827868874,0.03657231499452187
seasonal_mean_NitSink_0_20,thetaS,-0.5912421880181437,0.6139361074312308,0.34644349771094746,0.03716400238036294
seasonal_mean_NitSink_0_20,JuvenileLeaves,0.5085042476562829,0.522213145526605,0.30303732384019183,0.0332842752529319
seasonal_mean_NitSink_0_20,LM_min,0.3873395129807743,0.4009793488826026,0.26707532165601555,0.028846107351137348
seasonal_mean_NitSink_0_20,Alfa,0.28188314222586053,0.2825257554564313,0.19383573972260976,0.02297267846505873
seasonal_mean_NitSink_0_20,thetaR,0.15542009729616374,0.16294638785871535,0.13987236810151174,0.015446883569253233
seasonal_mean_NitSink_0_20,Rmax_LTAR,0.07462944143258442,0.14321428156862148,0.18608258905559913,0.016051656178269903
seasonal_mean_NitSink_0_20,Diffz,0.11833253993668415,0.12017996147227981,0.06689842176228644,0.007303515392828523
seasonal_mean_NitSink_0_20,Ks,-0.0030441714005275252,0.07133905972166739,0.10591468451810693,0.009054244124699221
seasonal_mean_NitSink_0_20,StayGreen,0.03349480033047329,0.06855627961743647,0.09365664647878974,0.008237989765082328
seasonal_mean_NitSink_0_20,Rmax_LTIR,0.006010499323883083,0.039904567232662135,0.07006535934718637,0.007029880235884373
seasonal_mean_NitSink_0_20,PhyllFrmTassel,0.01073388728560592,0.026480171777686405,0.045085206017985935,0.00436218544665771
seasonal_mean_NitSink_0_20,Diffx,0.005805785943089962,0.026340352194710398,0.0411148678041237,0.003815062694797185
seasonal_mean_NitSink_0_200,Rmax_LTAR,0.3893878307403015,0.5028150278306576,0.4649179311598366,0.038796478971617115
seasonal_mean_NitSink_0_200,thetaS,0.4780396869187255,0.5003563661547754,0.3506986078440884,0.03911553166680114
seasonal_mean_NitSink_0_200,n,0.2858967649427424,0.3848485435761161,0.3905386886846325,0.03421252737204028
seasonal_mean_NitSink_0_200,JuvenileLeaves,-0.2992349468090163,0.3789622938469938,0.4045924440522288,0.03991189705391426
seasonal_mean_NitSink_0_200,LM_min,0.18633817317348184,0.34623079704012943,0.43190289613919247,0.036658618912893425
seasonal_mean_NitSink_0_200,Alfa,0.22529513358751724,0.33913950253618474,0.3638208183967006,0.03169635511904729
seasonal_mean_NitSink_0_200,StayGreen,-0.1257128157281805,0.24102465714470497,0.31632655817435906,0.02877888058692489
seasonal_mean_NitSink_0_200,Ks,-0.12168557331125042,0.23041415984426653,0.30309056319919697,0.027750532034687147
seasonal_mean_NitSink_0_200,thetaR,-0.07572883704146156,0.1998707043474471,0.2894815004164048,0.026456665050713424
seasonal_mean_NitSink_0_200,Rmax_LTIR,0.08625544196238548,0.19622240761409768,0.29547089767275275,0.027173285442887815
seasonal_mean_NitSink_0_200,Diffz,0.12563345077471572,0.19083098527622722,0.23289655318815436,0.020963245561022987
seasonal_mean_NitSink_0_200,Diffx,-0.06354108884990078,0.14005043663008251,0.2363257204723358,0.024087412579771473
seasonal_mean_NitSink_0_200,PhyllFrmTassel,0.0006238292531367037,0.0025750279601125174,0.006329366105194391,0.000679151321486318
seasonal_mean_NitSink_10_20,JuvenileLeaves,0.4560669607309258,0.6653395115492087,0.6164680515560749,0.046228800186220914
seasonal_mean_NitSink_10_20,thetaS,-0.21365598176331407,0.563941443974443,0.6565982212402218,0.046202763999971155
seasonal_mean_NitSink_10_20,n,0.1726416065683818,0.4958442676388408,0.5888969075003714,0.042575240213968926
seasonal_mean_NitSink_10_20,LM_min,0.24381979895839148,0.4518350359156595,0.5054224622807125,0.03948898220921115
seasonal_mean_NitSink_10_20,Alfa,0.28775318019996615,0.3049689326670829,0.29152420798601913,0.032606776897959315
seasonal_mean_NitSink_10_20,Rmax_LTAR,-0.0642668908959545,0.21378067800492379,0.289430191674707,0.024019295523947753
seasonal_mean_NitSink_10_20,thetaR,0.08392992159406228,0.20977335952097317,0.2707636812583672,0.022497637959702745
seasonal_mean_NitSink_10_20,Ks,-0.0662346426554395,0.1511482137625768,0.2476702833177366,0.025054752559635848
seasonal_mean_NitSink_10_20,StayGreen,-0.04324157258137721,0.10382828057339158,0.1422666248481774,0.012666336632992664
seasonal_mean_NitSink_10_20,Diffz,-0.03610528521464774,0.06889868373986897,0.12415374783132618,0.012715649901777846
seasonal_mean_NitSink_10_20,Rmax_LTIR,0.0069358719250224975,0.06433412742066498,0.12928433977672943,0.013498361660677865
seasonal_mean_NitSink_10_20,Diffx,0.009151352481685724,0.042883697934930576,0.07941526451869618,0.008012971286536304
seasonal_mean_NitSink_10_20,PhyllFrmTassel,0.00391121722117967,0.031552437706734424,0.06062328687703957,0.006153713085164605
seasonal_mean_NitSink_120_200,thetaS,0.4816023859018812,0.5033434232081083,0.35064369337313006,0.039179684993766846
seasonal_mean_NitSink_120_200,Rmax_LTAR,0.3876336963538351,0.5021052215633295,0.4656034947985013,0.0388118491425422
seasonal_mean_NitSink_120_200,JuvenileLeaves,-0.3057986608863943,0.3829029422632212,0.4047856833198867,0.040099911918924584
seasonal_mean_NitSink_120_200,n,0.2813801254050423,0.38163667208993257,0.38990058391078286,0.034058608177445965
seasonal_mean_NitSink_120_200,LM_min,0.18226059223081198,0.3441319834389518,0.4315540561082747,0.036611925724239026
seasonal_mean_NitSink_120_200,Alfa,0.22083076758278433,0.33610251450889134,0.3630435560619703,0.031552635522459356
seasonal_mean_NitSink_120_200,StayGreen,-0.1247895720722638,0.24059915293790143,0.3161838791783779,0.02877356700585777
seasonal_mean_NitSink_120_200,Ks,-0.12079558673653597,0.22986796856255676,0.30282736034227964,0.02770326553889677
seasonal_mean_NitSink_120_200,thetaR,-0.07743855280393774,0.19990912442272354,0.28892681295892286,0.02642596427071157
seasonal_mean_NitSink_120_200,Rmax_LTIR,0.08645744077380375,0.19625324375813905,0.2956711768514808,0.02720728949087484
seasonal_mean_NitSink_120_200,Diffz,0.12405642190607832,0.1893126952928359,0.2319953503536561,0.02088573022214771
seasonal_mean_NitSink_120_200,Diffx,-0.0636224991359414,0.13991906386118266,0.23587879524890237,0.024038568352580565
seasonal_mean_NitSink_120_200,PhyllFrmTassel,0.0004494797925319477,0.0024746742543800596,0.0062713313506750695,0.0006765784912134824
seasonal_mean_NitSink_20_40,thetaS,0.6883314999113979,0.7267235558782247,0.4320708725376087,0.04337863740165871
seasonal_mean_NitSink_20_40,LM_min,-0.36145209856010074,0.4129364966311874,0.3704893326949416,0.036806454922582464
seasonal_mean_NitSink_20_40,JuvenileLeaves,-0.27235009015762396,0.39187894445081667,0.42136942589322246,0.03716191152648474
seasonal_mean_NitSink_20_40,n,-0.2731238369189109,0.3811214514230253,0.390245214512729,0.032213085786938385
seasonal_mean_NitSink_20_40,Rmax_LTAR,-0.26611979645732187,0.327156892574161,0.3488695291248718,0.034307462074947614
seasonal_mean_NitSink_20_40,Alfa,0.12407509391684919,0.21811676265344743,0.3026574859005973,0.02912493020539703
seasonal_mean_NitSink_20_40,thetaR,-0.14243205266435968,0.20754765106220222,0.2554250138642962,0.023101110520015785
seasonal_mean_NitSink_20_40,StayGreen,-0.15002024630862856,0.1961959063519496,0.25126239865493705,0.024851739621268645
seasonal_mean_NitSink_20_40,Ks,-0.10649163145785183,0.17178325131254177,0.23006898564113104,0.021825086387706645
seasonal_mean_NitSink_20_40,Rmax_LTIR,0.0338476218953834,0.14920915722115977,0.2378339141883477,0.02141353765950184
seasonal_mean_NitSink_20_40,Diffz,-0.021748823472415673,0.08603390189055335,0.18695187396561633,0.020330403515589585
seasonal_mean_NitSink_20_40,Diffx,0.0011909368635352727,0.08049496025686953,0.16351472554216215,0.01624080079987866
seasonal_mean_NitSink_20_40,PhyllFrmTassel,0.0036697865680555717,0.00901857505237958,0.017392078309990188,0.001806984488409304
seasonal_mean_NitSink_80_120,n,-0.5986288858409701,0.632183196317004,0.3979083923774133,0.038330461956812265
seasonal_mean_NitSink_80_120,JuvenileLeaves,0.3361092730738813,0.48025340826535595,0.4888919434087083,0.04128680207845603
seasonal_mean_NitSink_80_120,Rmax_LTAR,0.21463524198425996,0.3563171489985301,0.4291762581489257,0.03703574264129918
seasonal_mean_NitSink_80_120,LM_min,0.01611793778598236,0.353809025970735,0.4690179204983235,0.03491088185267839
seasonal_mean_NitSink_80_120,thetaS,0.15496646342109868,0.31627277768475404,0.4131084299745763,0.03775127831964452
seasonal_mean_NitSink_80_120,Alfa,0.11413833575202385,0.23885147472776475,0.34441774542145903,0.03261686775064135
seasonal_mean_NitSink_80_120,thetaR,0.10566428975864156,0.2137841034913914,0.31249605176606626,0.029383623354038466
seasonal_mean_NitSink_80_120,StayGreen,-0.11454099850757171,0.20977615431221083,0.30687112113635895,0.03004142506982493
seasonal_mean_NitSink_80_120,Ks,-0.05575930140608396,0.1702801966369946,0.2664707419922845,0.025249024069121852
seasonal_mean_NitSink_80_120,Rmax_LTIR,-0.06663895456014256,0.16891484123701658,0.2675740050951746,0.02566747002593517
seasonal_mean_NitSink_80_120,Diffz,0.00140613146480935,0.10888408273230452,0.19231514711172756,0.01907723805081113
seasonal_mean_NitSink_80_120,Diffx,0.008749426880477874,0.10136203808021878,0.1814196905485756,0.017302429049310987
seasonal_mean_NitSink_80_120,PhyllFrmTassel,0.0019522701042653308,0.003836462508945192,0.007440691060349335,0.0008311371423601526
seasonal_mean_PARInt,JuvenileLeaves,0.0,0.0,0.0,0.0
seasonal_mean_PARInt,Rmax_LTAR,0.0,0.0,0.0,0.0
seasonal_mean_PARInt,Rmax_LTIR,0.0,0.0,0.0,0.0
seasonal_mean_PARInt,PhyllFrmTassel,0.0,0.0,0.0,0.0
seasonal_mean_PARInt,StayGreen,0.0,0.0,0.0,0.0
seasonal_mean_PARInt,LM_min,0.0,0.0,0.0,0.0
seasonal_mean_PARInt,Diffx,0.0,0.0,0.0,0.0
seasonal_mean_PARInt,Diffz,0.0,0.0,0.0,0.0
seasonal_mean_PARInt,thetaR,0.0,0.0,0.0,0.0
seasonal_mean_PARInt,thetaS,0.0,0.0,0.0,0.0
seasonal_mean_PARInt,Alfa,0.0,0.0,0.0,0.0
seasonal_mean_PARInt,n,0.0,0.0,0.0,0.0
seasonal_mean_PARInt,Ks,0.0,0.0,0.0,0.0
seasonal_mean_RADInt,JuvenileLeaves,0.0,0.0,0.0,0.0
seasonal_mean_RADInt,Rmax_LTAR,0.0,0.0,0.0,0.0
seasonal_mean_RADInt,Rmax_LTIR,0.0,0.0,0.0,0.0
seasonal_mean_RADInt,PhyllFrmTassel,0.0,0.0,0.0,0.0
seasonal_mean_RADInt,StayGreen,0.0,0.0,0.0,0.0
seasonal_mean_RADInt,LM_min,0.0,0.0,0.0,0.0
seasonal_mean_RADInt,Diffx,0.0,0.0,0.0,0.0
seasonal_mean_RADInt,Diffz,0.0,0.0,0.0,0.0
seasonal_mean_RADInt,thetaR,0.0,0.0,0.0,0.0
seasonal_mean_RADInt,thetaS,0.0,0.0,0.0,0.0
seasonal_mean_RADInt,Alfa,0.0,0.0,0.0,0.0
seasonal_mean_RADInt,n,0.0,0.0,0.0,0.0
seasonal_mean_RADInt,Ks,0.0,0.0,0.0,0.0
seasonal_mean_RDenM_0_10,thetaS,-0.7516455066449942,0.7516455066449942,0.4212333971302844,0.04946247930466398
seasonal_mean_RDenM_0_10,n,0.5488994739064809,0.5488994739064809,0.3533729314873769,0.04130693460420246
seasonal_mean_RDenM_0_10,JuvenileLeaves,0.4834412696444553,0.4834412696444553,0.34626747975803707,0.04138037906495445
seasonal_mean_RDenM_0_10,LM_min,0.4133438466238204,0.4133438466238204,0.29233655653048135,0.034351809687361984
seasonal_mean_RDenM_0_10,thetaR,0.16033437132116088,0.1613884633948,0.14239819448756577,0.01589601318776137
seasonal_mean_RDenM_0_10,Rmax_LTAR,0.12359565738342707,0.15095934673857725,0.1740894857481204,0.017020999382458702
seasonal_mean_RDenM_0_10,Alfa,0.09248108453623853,0.09949711780021722,0.11259833435690215,0.012493144639665707
seasonal_mean_RDenM_0_10,Diffz,0.09502067646585725,0.09543262374657353,0.06723542112657341,0.007926340907133074
seasonal_mean_RDenM_0_10,Ks,0.08692330051452064,0.08930158281919943,0.09683983913511975,0.01123555278473911
seasonal_mean_RDenM_0_10,StayGreen,0.07991169931344212,0.08729551301751476,0.09779650884447329,0.010397504381841578
seasonal_mean_RDenM_0_10,Rmax_LTIR,0.009591891073290565,0.03735706876454544,0.08271616639967955,0.009092273756060934
seasonal_mean_RDenM_0_10,PhyllFrmTassel,0.011458391452655203,0.02058198164651291,0.03266021722043926,0.0033621206375576747
seasonal_mean_RDenM_0_10,Diffx,0.004132097909082342,0.019333874472726248,0.03171410491351924,0.0030096337451870395
seasonal_mean_RDenM_0_20,thetaS,-0.7586575858791381,0.7586575858791381,0.402070522637668,0.047476361560120896
seasonal_mean_RDenM_0_20,JuvenileLeaves,0.5537591074741555,0.5537591074741555,0.3649047236665817,0.04355380389820653
seasonal_mean_RDenM_0_20,n,0.4549788907353907,0.4549788907353907,0.2958958447915047,0.034225936234720415
seasonal_mean_RDenM_0_20,LM_min,0.40823729349604604,0.40823729349604604,0.27813927997532667,0.03289446246725612
seasonal_mean_RDenM_0_20,thetaR,0.15951588207742504,0.16009598578671635,0.1333708925552376,0.015045139423044201
seasonal_mean_RDenM_0_20,Rmax_LTAR,0.05750191547998878,0.12988374690960813,0.16998612769485968,0.0139059516564581
seasonal_mean_RDenM_0_20,Ks,0.09479836944476029,0.09551261399162381,0.08939227163241395,0.010432143468822463
seasonal_mean_RDenM_0_20,StayGreen,0.07338875472566342,0.0799142818939282,0.08548819744078147,0.009141572201973182
seasonal_mean_RDenM_0_20,Alfa,0.04277015776569887,0.07582711632593758,0.10690213804778383,0.01002344425257376
seasonal_mean_RDenM_0_20,Rmax_LTIR,0.010763458958227399,0.0414062329611917,0.09425758805164752,0.010647175884634574
seasonal_mean_RDenM_0_20,Diffz,0.03652255747252372,0.03826368789639528,0.03550376052583722,0.004024452192916734
seasonal_mean_RDenM_0_20,PhyllFrmTassel,0.01607017191910163,0.023482108133054888,0.03658264145434802,0.003907054576278981
seasonal_mean_RDenM_0_20,Diffx,0.0047324858231084736,0.019004951145350526,0.03032662967415596,0.002850733526105836
seasonal_mean_RDenM_0_200,JuvenileLeaves,0.8189833452106746,0.8189833452106746,0.33262592183097694,0.039887475288752264
seasonal_mean_RDenM_0_200,n,0.5644238497788245,0.5644238497788245,0.23218613078372974,0.02758690198753145
seasonal_mean_RDenM_0_200,LM_min,0.4289046347567601,0.4289046347567601,0.2012396783835245,0.024280307881507722
seasonal_mean_RDenM_0_200,Rmax_LTAR,0.21791716397918307,0.2276228671534489,0.18738990445134707,0.021347970613823944
seasonal_mean_RDenM_0_200,Alfa,0.1999647285659812,0.1999647285659812,0.09119440927505307,0.010626147287179307
seasonal_mean_RDenM_0_200,StayGreen,0.10179666849847085,0.10188740697478843,0.07467132818838974,0.009033086671534326
seasonal_mean_RDenM_0_200,Rmax_LTIR,-0.06584167634361152,0.08718674205493311,0.09509126589886507,0.008716516071304711
seasonal_mean_RDenM_0_200,thetaS,0.06512932001140607,0.07652114334675875,0.08198451738606485,0.008371374123553302
seasonal_mean_RDenM_0_200,Ks,-0.05780998982575383,0.059442455832422934,0.03851115236878408,0.004248431153361284
seasonal_mean_RDenM_0_200,thetaR,-0.04189027019653944,0.045035704453419985,0.038694987167426934,0.00402892242936985
seasonal_mean_RDenM_0_200,Diffz,0.03773180718124206,0.037815675034148906,0.023896815952038214,0.002754085055324944
seasonal_mean_RDenM_0_200,PhyllFrmTassel,0.016922736175601746,0.017667643529289498,0.01923054255779321,0.0022330316296622537
seasonal_mean_RDenM_0_200,Diffx,-0.012849474663091469,0.015937231855488208,0.015955515651365194,0.0014669142136917769
seasonal_mean_RDenM_10_20,thetaS,-0.7553976520261683,0.7553976520261683,0.39380025909119143,0.04658148210594064
seasonal_mean_RDenM_10_20,JuvenileLeaves,0.5739541978522303,0.5739541978522303,0.3685825619729313,0.044032206445617825
seasonal_mean_RDenM_10_20,n,0.42180799056773327,0.42180799056773327,0.27780495465178917,0.03199965998936326
seasonal_mean_RDenM_10_20,LM_min,0.4041951047322948,0.4041951047322948,0.2724138703647134,0.032275293852102066
seasonal_mean_RDenM_10_20,thetaR,0.15780102522836806,0.15837602287089186,0.1297324254538423,0.014698724030040924
seasonal_mean_RDenM_10_20,Rmax_LTAR,0.035321705027213914,0.12687000589205774,0.17314356476601814,0.013903742938490567
seasonal_mean_RDenM_10_20,Ks,0.09632449494364179,0.09673507325235434,0.08664197455267195,0.0101286770462229
seasonal_mean_RDenM_10_20,StayGreen,0.07095121306187692,0.07742010847112177,0.08153214091425347,0.008724651797063908
seasonal_mean_RDenM_10_20,Alfa,0.025912964263795395,0.07348969031729133,0.10583679776164608,0.009269167595679827
seasonal_mean_RDenM_10_20,Rmax_LTIR,0.0112043012432955,0.042897733762613334,0.09827281535377105,0.011173251636964334
seasonal_mean_RDenM_10_20,PhyllFrmTassel,0.017354175449717003,0.024481936956010277,0.038332767466837385,0.004123474156333582
seasonal_mean_RDenM_10_20,Diffz,0.01715421736037312,0.022344473739376713,0.02813158910677995,0.0028985895784177343
seasonal_mean_RDenM_10_20,Diffx,0.004839578335412062,0.019009310692877403,0.029915564619209228,0.0027955749981908506
seasonal_mean_RDenM_120_200,JuvenileLeaves,0.8142412966243961,0.8142412966243961,0.3329694319936869,0.03984544077677666
seasonal_mean_RDenM_120_200,n,0.5694829294990953,0.5694829294990953,0.2347375741053141,0.027899582786394643
seasonal_mean_RDenM_120_200,LM_min,0.4268502959612852,0.4268502959612852,0.2016681927060035,0.02432604707212978
seasonal_mean_RDenM_120_200,Rmax_LTAR,0.22435722010223796,0.23382587261871143,0.19083922639122586,0.021793687621436582
seasonal_mean_RDenM_120_200,Alfa,0.20324100998595857,0.20324100998595857,0.09280531446923523,0.010824853254719847
seasonal_mean_RDenM_120_200,StayGreen,0.101222959436354,0.1013243216289087,0.07437850477233439,0.00899924904771043
seasonal_mean_RDenM_120_200,Rmax_LTIR,-0.06675383183107375,0.08748401281376912,0.09519286144423514,0.008776363605062603
seasonal_mean_RDenM_120_200,thetaS,0.07350002462944619,0.08336542799223658,0.08586036467428604,0.008998458846493291
seasonal_mean_RDenM_120_200,Ks,-0.05988298474916468,0.06143395671888251,0.03965369026675152,0.0043991841998405265
seasonal_mean_RDenM_120_200,thetaR,-0.043962756696793615,0.046797033942710335,0.03954956867956645,0.0041620816917548355
seasonal_mean_RDenM_120_200,Diffz,0.03822657045713687,0.03830987029422468,0.024262397213377734,0.0027977314673631845
seasonal_mean_RDenM_120_200,PhyllFrmTassel,0.016718477245459638,0.01762255907335424,0.01967824746511308,0.0022703818048000106
seasonal_mean_RDenM_120_200,Diffx,-0.013034712211565882,0.016157440028048076,0.016143485166128922,0.0014822528408834825
seasonal_mean_RDenM_20_40,JuvenileLeaves,0.7910364977777751,0.7910364977777751,0.3555232776889194,0.043086494976489635
seasonal_mean_RDenM_20_40,thetaS,-0.5251679930494269,0.5251679930494269,0.28762759989301073,0.034983764037455824
seasonal_mean_RDenM_20_40,LM_min,0.41707010421926904,0.4183770813902072,0.2736427142812463,0.03296157499257517
seasonal_mean_RDenM_20_40,n,0.26323571306959603,0.2634572732915179,0.19052578233407289,0.02150915818055072
seasonal_mean_RDenM_20_40,Rmax_LTAR,-0.13406264058465006,0.18593472370561656,0.23452901058005365,0.022265464230554192
seasonal_mean_RDenM_20_40,thetaR,0.10131639074872209,0.10633059250194717,0.09297739247888923,0.010193913983849383
seasonal_mean_RDenM_20_40,StayGreen,0.09558844843893456,0.0989489188506481,0.09282918131232085,0.010309158163983445
seasonal_mean_RDenM_20_40,Ks,0.07123647150318625,0.07501887333310683,0.07230494384367642,0.008102184842123973
seasonal_mean_RDenM_20_40,Alfa,-0.0019801780258777452,0.061649071981852814,0.08958768443347288,0.007623745182605546
seasonal_mean_RDenM_20_40,Rmax_LTIR,0.01526242433991795,0.05955667734922355,0.12023796091511608,0.013094256673757855
seasonal_mean_RDenM_20_40,PhyllFrmTassel,0.024810151986151264,0.029324783611951826,0.0429378545397055,0.0048231607912039495
seasonal_mean_RDenM_20_40,Diffx,0.0019276292239711389,0.022486243103780487,0.03235343327709905,0.002743081087867421
seasonal_mean_RDenM_20_40,Diffz,-0.0016601568933045229,0.013590534912214972,0.020262287894369898,0.0017686725383344651
seasonal_mean_RDenM_80_120,JuvenileLeaves,0.860127918822984,0.860127918822984,0.3107536750908145,0.03759084969506676
seasonal_mean_RDenM_80_120,LM_min,0.3769062109787763,0.39024725103416996,0.3223988253023644,0.03721703536506178
seasonal_mean_RDenM_80_120,Rmax_LTAR,-0.22657672562418532,0.2530746925975442,0.26064203668150765,0.027493382892845954
seasonal_mean_RDenM_80_120,thetaS,-0.09528560249869032,0.19850349292821715,0.23172197242493348,0.017876631451390276
seasonal_mean_RDenM_80_120,n,0.02364671689952384,0.13424158786728815,0.17776734907214212,0.013624555293168389
seasonal_mean_RDenM_80_120,StayGreen,0.11345341977931679,0.1139157631558491,0.124119617224465,0.014185379448782485
seasonal_mean_RDenM_80_120,Rmax_LTIR,-0.011300544610766189,0.07572066822263618,0.1227925959125937,0.011634807753367588
seasonal_mean_RDenM_80_120,thetaR,0.016396986777335473,0.06873296980022818,0.0960664557121965,0.008054036825770347
seasonal_mean_RDenM_80_120,Alfa,-0.019559131575370578,0.053117810195837084,0.07550547044067403,0.00679227741335338
seasonal_mean_RDenM_80_120,Ks,0.023193429865389577,0.051978750431712115,0.07072046789402077,0.006434563074071583
seasonal_mean_RDenM_80_120,PhyllFrmTassel,0.019133688280226286,0.021402620566734615,0.029906527821198747,0.003402328493859402
seasonal_mean_RDenM_80_120,Diffx,-0.0008979970528333683,0.02054406914990796,0.02867632582121547,0.002364869106909849
seasonal_mean_RDenM_80_120,Diffz,0.0008089247517531291,0.011749076699575912,0.01773868570693701,0.0015915799151594863
seasonal_mean_RDenY_0_10,thetaS,-0.7250382929234473,0.7250382929234473,0.4130389548028108,0.0486306265198808
seasonal_mean_RDenY_0_10,n,0.6043544138806182,0.6043544138806182,0.3635849651141897,0.04274316509329454
seasonal_mean_RDenY_0_10,JuvenileLeaves,0.5004022189601953,0.5004022189601953,0.342140612723387,0.04079177287287666
seasonal_mean_RDenY_0_10,LM_min,0.363178250914371,0.363178250914371,0.2674257038014571,0.031049159280071695
seasonal_mean_RDenY_0_10,thetaR,0.1580138628470027,0.16021137043824923,0.14555877250582927,0.01614617971209013
seasonal_mean_RDenY_0_10,Rmax_LTAR,0.11354537470244892,0.14428913969104024,0.17294614101318734,0.016592002605135183
seasonal_mean_RDenY_0_10,Alfa,0.1255657846748567,0.12955686686801327,0.12564760486417448,0.014326281011597965
seasonal_mean_RDenY_0_10,Diffz,0.09736691067408296,0.09790153984001898,0.06963520438149758,0.008145375398528578
seasonal_mean_RDenY_0_10,Ks,0.07574028164554795,0.08256907693160179,0.10051194725318655,0.011369937141460984
seasonal_mean_RDenY_0_10,StayGreen,0.021631666207821323,0.05060346791881241,0.07449119905836579,0.006529424040332092
seasonal_mean_RDenY_0_10,Rmax_LTIR,0.008004960127475234,0.03999276061146193,0.08374413290189561,0.009013549468026103
seasonal_mean_RDenY_0_10,PhyllFrmTassel,0.012461150313471458,0.02356869855103126,0.03809346742911078,0.003929500296761733
seasonal_mean_RDenY_0_10,Diffx,0.003957732174552781,0.02123435091040328,0.034634671731071,0.0032756944260960872
seasonal_mean_RDenY_0_20,thetaS,-0.7587085302346388,0.7587085302346388,0.4006259565477675,0.04747461225869401
seasonal_mean_RDenY_0_20,JuvenileLeaves,0.5667085221173896,0.5667085221173896,0.3651297917479424,0.043490669319583786
seasonal_mean_RDenY_0_20,n,0.48287349458637174,0.48287349458637174,0.30060295358768147,0.03479852819280136
seasonal_mean_RDenY_0_20,LM_min,0.36341769588737854,0.36341769588737854,0.2549630667959849,0.029760361932424904
seasonal_mean_RDenY_0_20,thetaR,0.16188259101718694,0.1627816084821096,0.135992610915724,0.015317714031664568
seasonal_mean_RDenY_0_20,Rmax_LTAR,0.05661388724430988,0.1299633379458339,0.16897171636146738,0.013687365071558192
seasonal_mean_RDenY_0_20,Ks,0.09075313002493572,0.09228544634609916,0.08963702465104839,0.010459725077882068
seasonal_mean_RDenY_0_20,Alfa,0.05883766299560018,0.08482033081285685,0.11313063348366367,0.011098644238856144
seasonal_mean_RDenY_0_20,Rmax_LTIR,0.009946615594038099,0.04348688115842179,0.0934549073740042,0.010321925978603095
seasonal_mean_RDenY_0_20,StayGreen,0.016150571201326885,0.042136302198311444,0.06249837297009221,0.0055072317183077904
seasonal_mean_RDenY_0_20,Diffz,0.036843700548907565,0.03900397346382942,0.03790046216346204,0.004234877209670624
seasonal_mean_RDenY_0_20,PhyllFrmTassel,0.016658364480315314,0.02571742429165751,0.04031016489653694,0.00427249584073556
seasonal_mean_RDenY_0_20,Diffx,0.004674459077205707,0.02057590023882263,0.033205682245470804,0.0031420595660896313
seasonal_mean_RDenY_0_200,JuvenileLeaves,0.8593513907321481,0.8593513907321481,0.3167999534419126,0.037859647321612365
seasonal_mean_RDenY_0_200,n,0.5938554531961941,0.5938554531961941,0.24763035191364013,0.028811941048609596
seasonal_mean_RDenY_0_200,LM_min,0.3481186409855226,0.3481186409855226,0.17625940187784467,0.020756854127644067
seasonal_mean_RDenY_0_200,Alfa,0.19320578202194502,0.19320578202194502,0.09088718561016625,0.010442004406203489
seasonal_mean_RDenY_0_200,Rmax_LTAR,0.12604867246967047,0.15381589801477727,0.16548872632985476,0.01696939257175464
seasonal_mean_RDenY_0_200,Rmax_LTIR,-0.05925067845964827,0.08179300611698849,0.09901932622967895,0.009345041229177549
seasonal_mean_RDenY_0_200,thetaS,-0.020899237776114698,0.07413803231263773,0.09555747896264193,0.007580531998524602
seasonal_mean_RDenY_0_200,Ks,-0.04743381586126166,0.05058421243791125,0.04111544209097258,0.004432367285699694
seasonal_mean_RDenY_0_200,thetaR,-0.02324668412633795,0.036189795088996765,0.043559791185045216,0.0038720258814925754
seasonal_mean_RDenY_0_200,StayGreen,-0.008378232435766842,0.028831024101177206,0.04081896673707399,0.003502409885837044
seasonal_mean_RDenY_0_200,PhyllFrmTassel,0.02406164792000618,0.025655679448259004,0.02538539304310544,0.0028631894434054624
seasonal_mean_RDenY_0_200,Diffz,0.024879487397099526,0.025430980297614973,0.021358314557600067,0.0024222081645611667
seasonal_mean_RDenY_0_200,Diffx,-0.007675105731281362,0.013079070561737125,0.015269238292573909,0.0012517165909955374
seasonal_mean_RDenY_10_20,thetaS,-0.7623056594781807,0.7623056594781807,0.3931903568980215,0.04666580579516188
seasonal_mean_RDenY_10_20,JuvenileLeaves,0.58576606114379,0.58576606114379,0.3700246193656598,0.044117817646152135
seasonal_mean_RDenY_10_20,n,0.43569236913101683,0.43569236913101683,0.27973878289425036,0.03217133843157183
seasonal_mean_RDenY_10_20,LM_min,0.36031079313368297,0.36031079313368297,0.24988847321516106,0.02922716381586259
seasonal_mean_RDenY_10_20,thetaR,0.16142507976401385,0.16214465049016555,0.13240946290205072,0.01500841945846915
seasonal_mean_RDenY_10_20,Rmax_LTAR,0.03529616520374764,0.12651674167519703,0.17200880924830447,0.01380576611889303
seasonal_mean_RDenY_10_20,Ks,0.09476520204898696,0.09574276281268158,0.0863092498382646,0.010118102482800912
seasonal_mean_RDenY_10_20,Alfa,0.034177706817391955,0.0774310320490202,0.11017294804913257,0.00987964281184598
seasonal_mean_RDenY_10_20,Rmax_LTIR,0.010660753258953772,0.04476285207244016,0.09683703128023843,0.010766079561124256
seasonal_mean_RDenY_10_20,StayGreen,0.01390422188063477,0.039248239279820386,0.05906882733538234,0.005260788919734139
seasonal_mean_RDenY_10_20,PhyllFrmTassel,0.017883842767101775,0.026481846262786393,0.04165795628072533,0.0044511730796541575
seasonal_mean_RDenY_10_20,Diffz,0.01448321244609167,0.022180086048710728,0.030115374441140822,0.00298055147266682
seasonal_mean_RDenY_10_20,Diffx,0.004829255419163017,0.020385756811605087,0.03265198929261827,0.003079232252662645
seasonal_mean_RDenY_120_200,JuvenileLeaves,0.8541549679533573,0.8541549679533573,0.3173152649337528,0.03781575203312135
seasonal_mean_RDenY_120_200,n,0.6005976329643226,0.6005976329643226,0.25080099700761715,0.029186803155106647
seasonal_mean_RDenY_120_200,LM_min,0.3460893858479493,0.3460893858479493,0.1768821662911663,0.02081362214298272
seasonal_mean_RDenY_120_200,Alfa,0.19711090694520855,0.19711090694520855,0.09286269522744987,0.010682559343107238
seasonal_mean_RDenY_120_200,Rmax_LTAR,0.13315310925920637,0.16038080663363338,0.1696402693692975,0.017464811903106957
seasonal_mean_RDenY_120_200,Rmax_LTIR,-0.060349207866932944,0.08234561487992142,0.0992275996602545,0.009397859101181098
seasonal_mean_RDenY_120_200,thetaS,-0.011725094138273582,0.07473752447982981,0.09972622489934818,0.00799164553746374
seasonal_mean_RDenY_120_200,Ks,-0.04991241466428133,0.05273836772241343,0.042415894317378286,0.004629033778054019
seasonal_mean_RDenY_120_200,thetaR,-0.025718162343381847,0.03753007734763481,0.04469748631820388,0.00408234158465519
seasonal_mean_RDenY_120_200,StayGreen,-0.008745144151174496,0.02924447118075679,0.04144254683050579,0.0035590929671051714
seasonal_mean_RDenY_120_200,Diffz,0.025234008915030852,0.02579165725532299,0.021698686215621706,0.0024611695360970574
seasonal_mean_RDenY_120_200,PhyllFrmTassel,0.02382268918033677,0.025731091792308786,0.026105578870276154,0.00291225850561478
seasonal_mean_RDenY_120_200,Diffx,-0.00781807958346321,0.013253214178714999,0.015413018493680044,0.001258018838547143
seasonal_mean_RDenY_20_40,JuvenileLeaves,0.8101485218606018,0.8101485218606018,0.3561372627104776,0.04299712168235086
seasonal_mean_RDenY_20_40,thetaS,-0.5481560466659594,0.5481560466659594,0.29146190595210625,0.035515129442923205
seasonal_mean_RDenY_20_40,LM_min,0.35265012366129095,0.3554976832636689,0.23739008201640957,0.02820689776639312
seasonal_mean_RDenY_20_40,n,0.2777987982660017,0.2786326908754802,0.19781705203116534,0.022013749661399473
seasonal_mean_RDenY_20_40,Rmax_LTAR,-0.1415982599406658,0.18676955660340616,0.23041617192584168,0.022084807488373274
seasonal_mean_RDenY_20_40,thetaR,0.11076026672359597,0.11508189241382953,0.09846273836801757,0.010969641470926057
seasonal_mean_RDenY_20_40,Ks,0.0712455677181434,0.07571095184315457,0.07363349837941029,0.008150423969538533
seasonal_mean_RDenY_20_40,Alfa,0.004354219809897402,0.06559274325386806,0.09457012533926577,0.0079476987098991
seasonal_mean_RDenY_20_40,Rmax_LTIR,0.015105081051423394,0.0638854787387874,0.12542704718074482,0.013501922131202484
seasonal_mean_RDenY_20_40,StayGreen,0.008682743284347032,0.04006494324740724,0.06561461636302593,0.0062392016970350865
seasonal_mean_RDenY_20_40,PhyllFrmTassel,0.02772140209953163,0.034129565525464915,0.049638323383154825,0.005504097857534497
seasonal_mean_RDenY_20_40,Diffx,0.002466757345735193,0.024276259271027157,0.034704789295342695,0.002912077503223905
seasonal_mean_RDenY_20_40,Diffz,-0.002327495921229182,0.016078582529398904,0.023099378694679946,0.00196087244765564
seasonal_mean_RDenY_80_120,JuvenileLeaves,0.8799168636857483,0.8799168636857483,0.2959533322517916,0.03591958740100507
seasonal_mean_RDenY_80_120,LM_min,0.26468505011528465,0.2985042149416333,0.2992941549850938,0.03222241793259391
seasonal_mean_RDenY_80_120,Rmax_LTAR,-0.28010690898769397,0.29613694741971963,0.2513481608144209,0.027038938897639614
seasonal_mean_RDenY_80_120,thetaS,0.0018057471436947773,0.18247331327695,0.2341704054583809,0.016898491185383367
seasonal_mean_RDenY_80_120,n,-0.01869414600722404,0.13691576264681235,0.18956501668504602,0.0157460340972381
seasonal_mean_RDenY_80_120,Rmax_LTIR,-0.0077483291630809584,0.0783625537237159,0.1280190163768739,0.012039161603419312
seasonal_mean_RDenY_80_120,thetaR,0.0001907812032530916,0.07288212081597893,0.10498622679766065,0.008777832941408424
seasonal_mean_RDenY_80_120,Alfa,-0.01898488059421941,0.055885019207521314,0.07796393639683048,0.006742062818833781
seasonal_mean_RDenY_80_120,Ks,0.010532889624855667,0.05256312950430378,0.07475687956771188,0.0066219602628463485
seasonal_mean_RDenY_80_120,StayGreen,-0.0028536537780332926,0.04601310844120233,0.08921204097472514,0.008870676603259929
seasonal_mean_RDenY_80_120,PhyllFrmTassel,0.023578117185545724,0.026955564722728198,0.03447356668450711,0.003834843542839232
seasonal_mean_RDenY_80_120,Diffx,-0.002351751969208091,0.02318082586294834,0.03181665043380177,0.0025646262377733006
seasonal_mean_RDenY_80_120,Diffz,0.0006132545424297738,0.013480872170895471,0.019297880602129846,0.0016618190631823013
seasonal_mean_RMassM_0_10,thetaS,-0.7516486389239886,0.7516486389239886,0.4212308049485501,0.049461828704913474
seasonal_mean_RMassM_0_10,n,0.5489128998934265,0.5489128998934265,0.35338178942679477,0.04130823547265922
seasonal_mean_RMassM_0_10,JuvenileLeaves,0.4834435469412665,0.4834435469412665,0.3462697159811428,0.041380449056278114
seasonal_mean_RMassM_0_10,LM_min,0.4133376559673624,0.4133376559673624,0.29232830708079205,0.03435097001496134
seasonal_mean_RMassM_0_10,thetaR,0.1603263135023361,0.16138115991149807,0.14240294150484636,0.015896376134238516
seasonal_mean_RMassM_0_10,Rmax_LTAR,0.12360383710803025,0.15095854193853614,0.1740856691434251,0.017021209200655304
seasonal_mean_RMassM_0_10,Alfa,0.09248071830779038,0.09949697532692083,0.11259801580813418,0.0124930677588188
seasonal_mean_RMassM_0_10,Diffz,0.09501164731284162,0.0954236795678481,0.06723824972152156,0.007926705863804891
seasonal_mean_RMassM_0_10,Ks,0.08690943664836902,0.08929045933996632,0.09683000113578083,0.011234420081839358
seasonal_mean_RMassM_0_10,StayGreen,0.07990309547548521,0.08729492095247199,0.09778865782378474,0.010395529059545749
seasonal_mean_RMassM_0_10,Rmax_LTIR,0.00959336173794731,0.03735512444283615,0.0827040366501047,0.009090778762677306
seasonal_mean_RMassM_0_10,PhyllFrmTassel,0.011456347393334227,0.02058268882223575,0.032655327639755,0.003361534335821399
seasonal_mean_RMassM_0_10,Diffx,0.004135526712657396,0.019341350202328376,0.031726540311426875,0.003011036270888873
seasonal_mean_RMassM_0_20,thetaS,-0.7586626390794345,0.7586626390794345,0.4020719751206419,0.04747661347391347
seasonal_mean_RMassM_0_20,JuvenileLeaves,0.5537697396199617,0.5537697396199617,0.3649069427349146,0.04355386281918924
seasonal_mean_RMassM_0_20,n,0.4549645713106733,0.4549645713106733,0.29589287270290376,0.03422499583810426
seasonal_mean_RMassM_0_20,LM_min,0.4082307705477859,0.4082307705477859,0.2781445590792348,0.03289489666933472
seasonal_mean_RMassM_0_20,thetaR,0.15950743942103718,0.16008603535451663,0.13337704525145821,0.015046073926306186
seasonal_mean_RMassM_0_20,Rmax_LTAR,0.05748755636085289,0.1298863680568514,0.17000149024652383,0.013907393673499382
seasonal_mean_RMassM_0_20,Ks,0.09480572992164764,0.09552025625464808,0.08939481154024409,0.010432677540964946
seasonal_mean_RMassM_0_20,StayGreen,0.07339329935965451,0.07991483463349619,0.08548362377442185,0.009141508104117494
seasonal_mean_RMassM_0_20,Alfa,0.04276888258083932,0.07582635638169319,0.10690698598105788,0.010023980739975064
seasonal_mean_RMassM_0_20,Rmax_LTIR,0.01076453534944911,0.04139199265998929,0.09424924646207353,0.010647173543025178
seasonal_mean_RMassM_0_20,Diffz,0.036527661731175505,0.0382723260789357,0.03551416090262697,0.004025583747417919
seasonal_mean_RMassM_0_20,PhyllFrmTassel,0.0160870486557149,0.023487448376021604,0.03657709615532891,0.0039057879131233933
seasonal_mean_RMassM_0_20,Diffx,0.004727452344914992,0.019013471431946972,0.030336923592046466,0.0028518468954786542
seasonal_mean_RMassM_0_200,JuvenileLeaves,0.81898165722445,0.81898165722445,0.33262588332237214,0.03988775108734603
seasonal_mean_RMassM_0_200,n,0.5644257430542506,0.5644257430542506,0.23218428726011373,0.02758647781613747
seasonal_mean_RMassM_0_200,LM_min,0.42890915650572675,0.42890915650572675,0.20124577411688516,0.024280843297494657
seasonal_mean_RMassM_0_200,Rmax_LTAR,0.21792002031664404,0.22762197603808315,0.18738716576321196,0.021347973691957345
seasonal_mean_RMassM_0_200,Alfa,0.19996755865650934,0.19996755865650934,0.09119429697079237,0.010626060036963281
seasonal_mean_RMassM_0_200,StayGreen,0.1017917163195249,0.10188102943819813,0.07466977510966562,0.009033301413008881
seasonal_mean_RMassM_0_200,Rmax_LTIR,-0.06583300499059941,0.08717966781561833,0.09508721676791565,0.008716689714155242
seasonal_mean_RMassM_0_200,thetaS,0.06512461678315157,0.07651488824683766,0.08197631569519087,0.008370692591643122
seasonal_mean_RMassM_0_200,Ks,-0.05780512733633296,0.0594375649840911,0.03851181619172472,0.004248568737490449
seasonal_mean_RMassM_0_200,thetaR,-0.0418980257044828,0.04504365195338205,0.03869889806080495,0.004029422226113695
seasonal_mean_RMassM_0_200,Diffz,0.037727440609852954,0.037811235548572686,0.02388316143161083,0.00275219610704932
seasonal_mean_RMassM_0_200,PhyllFrmTassel,0.016925239271945995,0.01766241351188095,0.019224805669670594,0.0022335457741788417
seasonal_mean_RMassM_0_200,Diffx,-0.012853390134278305,0.01594318132363106,0.01596116592666107,0.0014672184418577368
seasonal_mean_RMassM_10_20,thetaS,-0.7554035345022079,0.7554035345022079,0.39380379392472586,0.04658203240262205
seasonal_mean_RMassM_10_20,JuvenileLeaves,0.5739674342189555,0.5739674342189555,0.3685840511773667,0.044032292330757075
seasonal_mean_RMassM_10_20,n,0.42178615077791975,0.42178615077791975,0.27779796132155604,0.03199832014656047
seasonal_mean_RMassM_10_20,LM_min,0.4041890231754161,0.4041890231754161,0.27242427731266844,0.032276145920435935
seasonal_mean_RMassM_10_20,thetaR,0.15779197166497622,0.15836444817429546,0.12973791345694002,0.014699856783009233
seasonal_mean_RMassM_10_20,Rmax_LTAR,0.03530167676394155,0.12687445995630775,0.17316242424633904,0.013905724028849596
seasonal_mean_RMassM_10_20,Ks,0.09633844506562242,0.09674856437839194,0.08665038908163009,0.010130166943137323
seasonal_mean_RMassM_10_20,StayGreen,0.07096091861614541,0.07742376484884264,0.08152955498518533,0.008725078644997107
seasonal_mean_RMassM_10_20,Alfa,0.02591154427341543,0.07348028806252112,0.1058376276532545,0.00926984723373957
seasonal_mean_RMassM_10_20,Rmax_LTIR,0.011205275079765757,0.0428837087325122,0.09826735239544664,0.011173429232613021
seasonal_mean_RMassM_10_20,PhyllFrmTassel,0.017377669571618775,0.024487478301265363,0.03832898711540356,0.004122707130862187
seasonal_mean_RMassM_10_20,Diffz,0.017165486150637437,0.022361495229432454,0.02813807698771904,0.002899195565069695
seasonal_mean_RMassM_10_20,Diffx,0.004831769978124788,0.019020077066436693,0.02992774212287908,0.002796601048274255
seasonal_mean_RMassM_120_200,JuvenileLeaves,0.8142398043067189,0.8142398043067189,0.3329695613777804,0.03984575085274359
seasonal_mean_RMassM_120_200,n,0.569484878058713,0.569484878058713,0.23473559625716547,0.027899155039734034
seasonal_mean_RMassM_120_200,LM_min,0.4268547978532346,0.4268547978532346,0.20167382523268895,0.02432653732837773
seasonal_mean_RMassM_120_200,Rmax_LTAR,0.22436033476273523,0.23382514995778847,0.1908367450659945,0.021793720711038387
seasonal_mean_RMassM_120_200,Alfa,0.20324389905823392,0.20324389905823392,0.09280514665273068,0.01082478195415497
seasonal_mean_RMassM_120_200,StayGreen,0.10121750650886241,0.10131743123149634,0.07437683084816542,0.008999437383938198
seasonal_mean_RMassM_120_200,Rmax_LTIR,-0.06674487064542274,0.08747667139124762,0.09518904128940202,0.008776567823887428
seasonal_mean_RMassM_120_200,thetaS,0.07349518918838767,0.0833600936797125,0.08585152246615596,0.008997318188832846
seasonal_mean_RMassM_120_200,Ks,-0.0598784391853729,0.06142940451905595,0.03965455603306791,0.0043993533201314
seasonal_mean_RMassM_120_200,thetaR,-0.0439708588750773,0.04680528196041163,0.039553861727420585,0.004162656157696368
seasonal_mean_RMassM_120_200,Diffz,0.0382221324480394,0.038305375911141186,0.024248182300545873,0.0027957771271287257
seasonal_mean_RMassM_120_200,PhyllFrmTassel,0.016720858337966348,0.017615618429475843,0.01967223273644411,0.002271070356716844
seasonal_mean_RMassM_120_200,Diffx,-0.01303875413980839,0.016163454575339412,0.016149362317727525,0.0014826265678083573
seasonal_mean_RMassM_20_40,JuvenileLeaves,0.791037925556397,0.791037925556397,0.35552261940798746,0.04308663423952322
seasonal_mean_RMassM_20_40,thetaS,-0.5251673426284195,0.5251673426284195,0.28762773126418795,0.03498414497615133
seasonal_mean_RMassM_20_40,LM_min,0.4170578136340805,0.41836705606922303,0.27364637725478447,0.032961715959104805
seasonal_mean_RMassM_20_40,n,0.26325474070112326,0.26347752611057246,0.1905312814207785,0.021510656067060804
seasonal_mean_RMassM_20_40,Rmax_LTAR,-0.13405064158834595,0.18592563881103383,0.2345304096581644,0.022266023387280637
seasonal_mean_RMassM_20_40,thetaR,0.10132864057919845,0.10634694173309985,0.09300396775175811,0.010197692023695148
seasonal_mean_RMassM_20_40,StayGreen,0.09558512313842037,0.09894231798509728,0.09282396132198163,0.010310497369802905
seasonal_mean_RMassM_20_40,Ks,0.07123888750089581,0.07501842392515255,0.07227107725067555,0.008098817381924877
seasonal_mean_RMassM_20_40,Alfa,-0.001999416956061023,0.061645419979913456,0.08958039390185434,0.0076223807952219644
seasonal_mean_RMassM_20_40,Rmax_LTIR,0.015245678360249012,0.05958662133284405,0.120271598972705,0.013096615255621922
seasonal_mean_RMassM_20_40,PhyllFrmTassel,0.02480237428604165,0.029329713680278723,0.04294075026604387,0.0048227297034183735
seasonal_mean_RMassM_20_40,Diffx,0.0019296277685259516,0.022490285561783247,0.03235210339900276,0.002742370452585954
seasonal_mean_RMassM_20_40,Diffz,-0.0016576940821790523,0.013594893324994422,0.02028372961312682,0.0017715170675130505
seasonal_mean_RMassM_80_120,JuvenileLeaves,0.8601151297042252,0.8601151297042252,0.31075961424517207,0.037589292170957606
seasonal_mean_RMassM_80_120,LM_min,0.3769092933646326,0.39025877247483615,0.32240542994149984,0.03721583400251867
seasonal_mean_RMassM_80_120,Rmax_LTAR,-0.22660225768853542,0.2530960354874193,0.26061126083073366,0.027490619904880494
seasonal_mean_RMassM_80_120,thetaS,-0.09529909391801548,0.1985015908062165,0.23169564005613663,0.017872418374984527
seasonal_mean_RMassM_80_120,n,0.02363053114109795,0.1342162457441452,0.17776824227675408,0.013627416973346993
seasonal_mean_RMassM_80_120,StayGreen,0.1134862641806086,0.11394171092041248,0.12410155003478492,0.014183419371650437
seasonal_mean_RMassM_80_120,Rmax_LTIR,-0.01129260886221814,0.07572704317847072,0.12276760056419406,0.011631105275839259
seasonal_mean_RMassM_80_120,thetaR,0.016401641157243577,0.06874887801366343,0.09614447793347398,0.008063624404729706
seasonal_mean_RMassM_80_120,Alfa,-0.019546695682051887,0.05311831423077447,0.07552434784113896,0.0067937202736279645
seasonal_mean_RMassM_80_120,Ks,0.02320793735231447,0.05194399527052529,0.07066188575659688,0.00643202639179249
seasonal_mean_RMassM_80_120,PhyllFrmTassel,0.01916234110579655,0.021393754904294654,0.029915641111707462,0.003407614138890761
seasonal_mean_RMassM_80_120,Diffx,-0.0008879698154852429,0.020538171612778114,0.028652947287503484,0.002359097238382087
seasonal_mean_RMassM_80_120,Diffz,0.0007962524514416338,0.011756455473455567,0.01772598866313711,0.0015902365650406404
seasonal_mean_RMassY_0_10,thetaS,-0.7250465953001093,0.7250465953001093,0.4130475211542544,0.048631331648059634
seasonal_mean_RMassY_0_10,n,0.6043446191132151,0.6043446191132151,0.363573059253495,0.042742020420540094
seasonal_mean_RMassY_0_10,JuvenileLeaves,0.5004013647091121,0.5004013647091121,0.342147620755295,0.040792530723683544
seasonal_mean_RMassY_0_10,LM_min,0.3631785077452257,0.3631785077452257,0.2674209181050889,0.031048332409915096
seasonal_mean_RMassY_0_10,thetaR,0.15802064236478294,0.16022383115982913,0.1455614963841965,0.016145933478243946
seasonal_mean_RMassY_0_10,Rmax_LTAR,0.11354447261035852,0.14428713437190838,0.17295708314214406,0.016593931988968337
seasonal_mean_RMassY_0_10,Alfa,0.12557164941567267,0.1295647143377167,0.125653980031089,0.014326703016676509
seasonal_mean_RMassY_0_10,Diffz,0.09737203793729117,0.09790598421066843,0.06963416328301326,0.008144790788468553
seasonal_mean_RMassY_0_10,Ks,0.07574837157185589,0.08257956764927911,0.10050417273148951,0.011368791156890807
seasonal_mean_RMassY_0_10,StayGreen,0.02163419120510133,0.05058768972049801,0.07446769372269457,0.006527935331765805
seasonal_mean_RMassY_0_10,Rmax_LTIR,0.008007823550334251,0.03998823065370179,0.08373081109663819,0.00901131168536852
seasonal_mean_RMassY_0_10,PhyllFrmTassel,0.012478085654810084,0.02357960128281935,0.03810109102030272,0.00393039179467591
seasonal_mean_RMassY_0_10,Diffx,0.003968720076927432,0.02123481651235072,0.03462900227385855,0.0032751073190603673
seasonal_mean_RMassY_0_20,thetaS,-0.7587156260046097,0.7587156260046097,0.40063491734097556,0.04747506467633936
seasonal_mean_RMassY_0_20,JuvenileLeaves,0.5667068883614412,0.5667068883614412,0.3651302398523491,0.04349073804392493
seasonal_mean_RMassY_0_20,n,0.482878365354325,0.482878365354325,0.30060030808117144,0.034797796197269665
seasonal_mean_RMassY_0_20,LM_min,0.36341768984414996,0.36341768984414996,0.2549740335754862,0.029761177834886913
seasonal_mean_RMassY_0_20,thetaR,0.1618765455952451,0.1627738495771149,0.13598020185672396,0.015317015835916593
seasonal_mean_RMassY_0_20,Rmax_LTAR,0.05660708158013789,0.12995049434110315,0.16895687640922652,0.01368633011661838
seasonal_mean_RMassY_0_20,Ks,0.09074992706529683,0.09228548367910742,0.08964072037128457,0.010459934605385982
seasonal_mean_RMassY_0_20,Alfa,0.058840282057156135,0.08483231552469464,0.11314199934383931,0.011099375295033105
seasonal_mean_RMassY_0_20,Rmax_LTIR,0.009950019558585514,0.04348022800799522,0.09345059915468512,0.010321028899579154
seasonal_mean_RMassY_0_20,StayGreen,0.016152776149841917,0.04213017847917322,0.06248829606593648,0.005506331767864322
seasonal_mean_RMassY_0_20,Diffz,0.03684764703718278,0.03900734303720406,0.03788821062930645,0.004232724822649541
seasonal_mean_RMassY_0_20,PhyllFrmTassel,0.01666063536796049,0.02571440286572383,0.04030497133707638,0.00427173973860589
seasonal_mean_RMassY_0_20,Diffx,0.004679914515331965,0.020576465061928916,0.03323309674364859,0.0031457537885947948
seasonal_mean_RMassY_0_200,JuvenileLeaves,0.8593503549212095,0.8593503549212095,0.31679381139143165,0.03785909116842163
seasonal_mean_RMassY_0_200,n,0.5938560519343954,0.5938560519343954,0.24762764523488262,0.028811663928959317
seasonal_mean_RMassY_0_200,LM_min,0.348117257409689,0.348117257409689,0.1762601841079753,0.020756978401228157
seasonal_mean_RMassY_0_200,Alfa,0.19320442458666698,0.19320442458666698,0.09088758222152289,0.010441802974635163
seasonal_mean_RMassY_0_200,Rmax_LTAR,0.12605235201232826,0.15381974879220067,0.16549256270463278,0.0169697443265389
seasonal_mean_RMassY_0_200,Rmax_LTIR,-0.05925983291735749,0.08179873488115993,0.09902356219326383,0.009345388790048571
seasonal_mean_RMassY_0_200,thetaS,-0.020906560569786296,0.07413821282783406,0.09555495736761031,0.00758028201889762
seasonal_mean_RMassY_0_200,Ks,-0.047429408370497854,0.05057805768024045,0.041116900112738365,0.004432311121370781
seasonal_mean_RMassY_0_200,thetaR,-0.02325143617127987,0.03618887720142436,0.04356694603550083,0.0038737447475842932
seasonal_mean_RMassY_0_200,StayGreen,-0.00838287082541663,0.02883076890687302,0.04081770401211449,0.003502372808890601
seasonal_mean_RMassY_0_200,PhyllFrmTassel,0.024063983612142684,0.025657232281879386,0.025383651577654175,0.00286289981355556
seasonal_mean_RMassY_0_200,Diffz,0.024877899467374603,0.02543067457527015,0.021357358369919692,0.002421904277324095
seasonal_mean_RMassY_0_200,Diffx,-0.007670963667622894,0.013076467791539403,0.015264983128571833,0.0012509082460150664
seasonal_mean_RMassY_10_20,thetaS,-0.7623136192218882,0.7623136192218882,0.3931984712113773,0.046665977678833986
seasonal_mean_RMassY_10_20,JuvenileLeaves,0.585765461075422,0.585765461075422,0.37002577518434193,0.044117962646085314
seasonal_mean_RMassY_10_20,n,0.43570356596356924,0.43570356596356924,0.2797394465066776,0.032171063999291864
seasonal_mean_RMassY_10_20,LM_min,0.360311665476255,0.360311665476255,0.24990422629314682,0.029228507644754927
seasonal_mean_RMassY_10_20,thetaR,0.16141496978195488,0.16213080533049268,0.13239106599762304,0.01500725984461009
seasonal_mean_RMassY_10_20,Rmax_LTAR,0.035286527817985386,0.12650229100449834,0.1719849552250748,0.013804069916774853
seasonal_mean_RMassY_10_20,Ks,0.09475998066469361,0.0957394312233953,0.08631922642278683,0.010119302558845543
seasonal_mean_RMassY_10_20,Alfa,0.03417955568418276,0.07744231639739235,0.11019123907819338,0.009881568996035676
seasonal_mean_RMassY_10_20,Rmax_LTIR,0.010663565067544482,0.04475582304212456,0.0968323454126174,0.010765151462831234
seasonal_mean_RMassY_10_20,StayGreen,0.0139078906126992,0.03924263573627481,0.0590648838458654,0.005260412596366271
seasonal_mean_RMassY_10_20,PhyllFrmTassel,0.017881795515670665,0.026478306118688493,0.041647632853929493,0.004449393008581433
seasonal_mean_RMassY_10_20,Diffz,0.014487037160976556,0.022182353356912966,0.030100585624951333,0.002978082223315862
seasonal_mean_RMassY_10_20,Diffx,0.004832798296690145,0.020390614397314995,0.03268891434516601,0.003083708237455651
seasonal_mean_RMassY_120_200,JuvenileLeaves,0.8541540503437867,0.8541540503437867,0.31730934623903445,0.037815198399044805
seasonal_mean_RMassY_120_200,n,0.6005981202098561,0.6005981202098561,0.25079890893465384,0.029186614188833317
seasonal_mean_RMassY_120_200,LM_min,0.3460879644874412,0.3460879644874412,0.17688280402280648,0.02081373307935924
seasonal_mean_RMassY_120_200,Alfa,0.19710936648438335,0.19710936648438335,0.09286298794944582,0.010682379030633928
seasonal_mean_RMassY_120_200,Rmax_LTAR,0.13315691911173522,0.16038597302001423,0.1696442663716765,0.0174650284195004
seasonal_mean_RMassY_120_200,Rmax_LTIR,-0.06035838121426924,0.08235140010737174,0.09923173950993477,0.009398174960934341
seasonal_mean_RMassY_120_200,thetaS,-0.011732395802594544,0.07473513351277034,0.09972351551024336,0.007991638624438342
seasonal_mean_RMassY_120_200,Ks,-0.04990817632385049,0.052732972659371116,0.0424174112079524,0.0046288718426033115
seasonal_mean_RMassY_120_200,thetaR,-0.02572309165330091,0.03753052710746233,0.044705284955591146,0.004083978312878026
seasonal_mean_RMassY_120_200,StayGreen,-0.008749767560611072,0.02924376376069124,0.04144095624647436,0.0035590341818892636
seasonal_mean_RMassY_120_200,Diffz,0.025232791971258505,0.02579182454957767,0.021698293165441862,0.002460933348713426
seasonal_mean_RMassY_120_200,PhyllFrmTassel,0.023825272307004694,0.025733050689195045,0.02610373026456571,0.0029119166199576977
seasonal_mean_RMassY_120_200,Diffx,-0.007814054110781123,0.013250488532690096,0.015409125670703322,0.0012572774500630185
seasonal_mean_RMassY_20_40,JuvenileLeaves,0.8101424486618147,0.8101424486618147,0.3561376082140512,0.04299723979123324
seasonal_mean_RMassY_20_40,thetaS,-0.5481702693276114,0.5481702693276114,0.2914577111558016,0.035515295380238385
seasonal_mean_RMassY_20_40,LM_min,0.3526446823445765,0.35548798285297545,0.2373751601523463,0.028205608972495917
seasonal_mean_RMassY_20_40,n,0.2778172215391204,0.27865570325388395,0.19781078742364477,0.0220125097895233
seasonal_mean_RMassY_20_40,Rmax_LTAR,-0.14161073308114006,0.18677096176540606,0.23041662975771363,0.022086156339862006
seasonal_mean_RMassY_20_40,thetaR,0.11076122014799114,0.11507863363889285,0.09845578612969075,0.010969889220926732
seasonal_mean_RMassY_20_40,Ks,0.07124206387343007,0.07570277084163032,0.07360905421567687,0.008148371094386658
seasonal_mean_RMassY_20_40,Alfa,0.004359751101855871,0.06558047623105231,0.09455844085255732,0.007948252163247533
seasonal_mean_RMassY_20_40,Rmax_LTIR,0.015119363519531479,0.06387497822046496,0.12542082558090914,0.013502844262733588
seasonal_mean_RMassY_20_40,StayGreen,0.008669520706921442,0.04006436742183111,0.06560415633178114,0.006237034600484639
seasonal_mean_RMassY_20_40,PhyllFrmTassel,0.027733058175698103,0.03413571754712467,0.049650279005885825,0.005506549146870118
seasonal_mean_RMassY_20_40,Diffx,0.002476134009795052,0.024257846931274054,0.03468624409176733,0.002911609433651443
seasonal_mean_RMassY_20_40,Diffz,-0.0023285485836880594,0.016071201651706106,0.023107991725026634,0.0019632098472460576
seasonal_mean_RMassY_80_120,JuvenileLeaves,0.8799157385479721,0.8799157385479721,0.29594563464375906,0.03591691906819225
seasonal_mean_RMassY_80_120,LM_min,0.2646794464051587,0.2985042876123376,0.2993037872918839,0.0322258386385767
seasonal_mean_RMassY_80_120,Rmax_LTAR,-0.2800800629128404,0.2961159858573635,0.2513209388164598,0.027034829786769188
seasonal_mean_RMassY_80_120,thetaS,0.0018052625875484597,0.18248236924948677,0.2341743385226141,0.016895146253259802
seasonal_mean_RMassY_80_120,n,-0.018695328421952737,0.1369374805420666,0.18959217303539172,0.015749020083498152
seasonal_mean_RMassY_80_120,Rmax_LTIR,-0.007762978156755919,0.07836768876685402,0.12803079104766335,0.01204045940013396
seasonal_mean_RMassY_80_120,thetaR,0.00019818020804575093,0.07286901560760416,0.10497553047857303,0.008778117297286664
seasonal_mean_RMassY_80_120,Alfa,-0.018987152820226727,0.05584803182388085,0.07796877154439917,0.006748200585276285
seasonal_mean_RMassY_80_120,Ks,0.010565436305139939,0.05256129956926893,0.07481014452071587,0.006632421796262633
seasonal_mean_RMassY_80_120,StayGreen,-0.0028410098300448794,0.04602389740973006,0.08922692094075295,0.008869939683519594
seasonal_mean_RMassY_80_120,PhyllFrmTassel,0.023554679189244095,0.026958556227279783,0.03447009026467491,0.003831546186655299
seasonal_mean_RMassY_80_120,Diffx,-0.0023410916717030153,0.023205401594810524,0.031850313792549,0.0025669190827947094
seasonal_mean_RMassY_80_120,Diffz,0.0006010684315566651,0.013494696029925153,0.019320670263822972,0.0016618138009184236
seasonal_mean_RNC,JuvenileLeaves,0.0,0.0,0.0,0.0
seasonal_mean_RNC,Rmax_LTAR,0.0,0.0,0.0,0.0
seasonal_mean_RNC,Rmax_LTIR,0.0,0.0,0.0,0.0
seasonal_mean_RNC,PhyllFrmTassel,0.0,0.0,0.0,0.0
seasonal_mean_RNC,StayGreen,0.0,0.0,0.0,0.0
seasonal_mean_RNC,LM_min,0.0,0.0,0.0,0.0
seasonal_mean_RNC,Diffx,0.0,0.0,0.0,0.0
seasonal_mean_RNC,Diffz,0.0,0.0,0.0,0.0
seasonal_mean_RNC,thetaR,0.0,0.0,0.0,0.0
seasonal_mean_RNC,thetaS,0.0,0.0,0.0,0.0
seasonal_mean_RNC,Alfa,0.0,0.0,0.0,0.0
seasonal_mean_RNC,n,0.0,0.0,0.0,0.0
seasonal_mean_RNC,Ks,0.0,0.0,0.0,0.0
seasonal_mean_RNS,JuvenileLeaves,0.0,0.0,0.0,0.0
seasonal_mean_RNS,Rmax_LTAR,0.0,0.0,0.0,0.0
seasonal_mean_RNS,Rmax_LTIR,0.0,0.0,0.0,0.0
seasonal_mean_RNS,PhyllFrmTassel,0.0,0.0,0.0,0.0
seasonal_mean_RNS,StayGreen,0.0,0.0,0.0,0.0
seasonal_mean_RNS,LM_min,0.0,0.0,0.0,0.0
seasonal_mean_RNS,Diffx,0.0,0.0,0.0,0.0
seasonal_mean_RNS,Diffz,0.0,0.0,0.0,0.0
seasonal_mean_RNS,thetaR,0.0,0.0,0.0,0.0
seasonal_mean_RNS,thetaS,0.0,0.0,0.0,0.0
seasonal_mean_RNS,Alfa,0.0,0.0,0.0,0.0
seasonal_mean_RNS,n,0.0,0.0,0.0,0.0
seasonal_mean_RNS,Ks,0.0,0.0,0.0,0.0
seasonal_mean_Root_C,JuvenileLeaves,0.833981533118015,0.833981533118015,0.3279160329338732,0.03928842535511708
seasonal_mean_Root_C,n,0.5753296618267301,0.5753296618267301,0.23589959699689644,0.0278083986888722
seasonal_mean_Root_C,LM_min,0.4059699342841425,0.4059699342841425,0.19105164316337991,0.022945537652071062
seasonal_mean_Root_C,Rmax_LTAR,0.19028965223173175,0.20259321622362447,0.17880061304061992,0.020032916351868168
seasonal_mean_Root_C,Alfa,0.19810751152023495,0.19810751152023495,0.09029696121323114,0.010502378573909994
seasonal_mean_Root_C,Rmax_LTIR,-0.06407737847338683,0.08575891921600459,0.09641679322303236,0.008913108963865643
seasonal_mean_Root_C,StayGreen,0.06862843093162892,0.0689806898167129,0.052529728688603436,0.006343582919383286
seasonal_mean_Root_C,thetaS,0.03879559758172658,0.06434153768889991,0.08377527533224707,0.007742760053995276
seasonal_mean_Root_C,Ks,-0.055056371457717,0.05685013629224399,0.03881825102912052,0.004261824527661482
seasonal_mean_Root_C,thetaR,-0.03596972791224389,0.04072474284187038,0.038851572049966775,0.0039006720334185145
seasonal_mean_Root_C,Diffz,0.033887456221086666,0.033990788510009175,0.022949649786010634,0.002648107445701967
seasonal_mean_Root_C,PhyllFrmTassel,0.019143326101034766,0.020131826461809395,0.020901352730505224,0.0024051905053498373
seasonal_mean_Root_C,Diffx,-0.011353419273056591,0.014817487385886443,0.015494515628237887,0.0013847090366624927
seasonal_mean_Root_N,JuvenileLeaves,0.8558888402450735,0.8558888402450735,0.3186799655197064,0.038105152321453825
seasonal_mean_Root_N,n,0.5911809552174935,0.5911809552174935,0.24550891936479735,0.028633191573753727
seasonal_mean_Root_N,LM_min,0.3594916159867066,0.3594916159867066,0.17782717900381917,0.02103337649038043
seasonal_mean_Root_N,Alfa,0.19460480217846587,0.19460480217846587,0.09107421455438719,0.010477018402502102
seasonal_mean_Root_N,Rmax_LTAR,0.13738657497741463,0.16083242778513798,0.1672865583685606,0.01756060337979315
seasonal_mean_Root_N,Rmax_LTIR,-0.06007572069956018,0.08236120406207598,0.09828821188606636,0.009247216344921335
seasonal_mean_Root_N,thetaS,-0.010281287757218842,0.06968458093321428,0.09254849660724479,0.007307474588520928
seasonal_mean_Root_N,Ks,-0.04868007273293573,0.051451094374010006,0.04052354092223859,0.0043939291716237035
seasonal_mean_Root_N,thetaR,-0.02581186781590582,0.036774497894830484,0.04269683619015968,0.0038889696424852685
seasonal_mean_Root_N,Diffz,0.026526473997246003,0.026946887521417513,0.021574385929699343,0.00246059705109292
seasonal_mean_Root_N,PhyllFrmTassel,0.023196434324328347,0.024674217062947937,0.024532838324051412,0.002777038510537777
seasonal_mean_Root_N,StayGreen,0.005924860794634949,0.024285696030921147,0.03585416221797169,0.0031968445874421343
seasonal_mean_Root_N,Diffx,-0.00832934454022855,0.013316454033784704,0.015240859222471747,0.0012630750908726239
seasonal_mean_SoilEA,LM_min,-0.6905265210956669,0.6905265210956669,0.29671920828930176,0.035374420791318494
seasonal_mean_SoilEA,JuvenileLeaves,-0.5574780165430026,0.5574780165430026,0.23931449215454886,0.027699473258508713
seasonal_mean_SoilEA,n,-0.5327788982516755,0.5327788982516755,0.23682949409387746,0.026821265582521313
seasonal_mean_SoilEA,StayGreen,-0.345731809831728,0.345731809831728,0.1738683298367089,0.020823358860870493
seasonal_mean_SoilEA,thetaS,0.2952806875420833,0.2952806875420833,0.13568180351773473,0.016461010521079737
seasonal_mean_SoilEA,Alfa,-0.2098660294930089,0.2098660294930089,0.10053442631568815,0.011768800808522956
seasonal_mean_SoilEA,Rmax_LTAR,-0.012332559527884292,0.0829179976420177,0.11221853972236465,0.009033784348766834
seasonal_mean_SoilEA,thetaR,-0.04594696973337452,0.050161908345680455,0.04474022919539505,0.004567460496174177
seasonal_mean_SoilEA,Ks,0.033985968133651186,0.0429997898790432,0.046469073588637784,0.004468073064444289
seasonal_mean_SoilEA,Diffx,1.5000932443969983e-05,0.010260724472460438,0.016238796076159603,0.0015074662846368294
seasonal_mean_SoilEA,Diffz,-0.0044162757318679195,0.010069998872493493,0.016309639572086834,0.0015723447199623788
seasonal_mean_SoilEA,Rmax_LTIR,-0.0043420017789858965,0.008475412452286061,0.01382333545600393,0.001402088318595427
seasonal_mean_SoilEA,PhyllFrmTassel,-0.0021937251460213743,0.003687769310766051,0.006245260860683536,0.0006286377833594396
seasonal_mean_WATACT,StayGreen,0.046956745266024405,0.702574605836776,0.8278462600744483,0.050503354663681214
seasonal_mean_WATACT,LM_min,-0.05965501902115656,0.5787391922093569,0.7173089078001523,0.05023092086734558
seasonal_mean_WATACT,JuvenileLeaves,-0.09746838814112029,0.39297815980286754,0.5707824453974351,0.05045168278718639
seasonal_mean_WATACT,Rmax_LTAR,0.007748571254186263,0.35999926244037284,0.5790355264865047,0.05338855066099449
seasonal_mean_WATACT,n,-0.020075596149863397,0.06885585503624296,0.24243086789965176,0.02751108045641719
seasonal_mean_WATACT,Alfa,8.442978619920543e-05,0.02825786207399608,0.1478298936367933,0.017186473880274142
seasonal_mean_WATACT,thetaS,0.009088536930966973,0.017840674761362377,0.10871466462607955,0.012312023460437251
seasonal_mean_WATACT,Ks,-0.012130825971000564,0.014756817351815265,0.11805420078872993,0.014014254906473554
seasonal_mean_WATACT,thetaR,-0.001307129021506111,0.010390665751615537,0.08414589894010106,0.009382838114125599
seasonal_mean_WATACT,Rmax_LTIR,-0.004052885863024996,0.008415824720837089,0.07366477492623981,0.008735440847827456
seasonal_mean_WATACT,Diffz,0.003995441360272959,0.003995441360272959,0.046294077947918254,0.005385943002320728
seasonal_mean_WATACT,PhyllFrmTassel,0.0,0.0,0.0,0.0
seasonal_mean_WATACT,Diffx,0.0,0.0,0.0,0.0
seasonal_mean_WATPOT,StayGreen,-0.8100747841003401,0.8100747841003401,0.3904307574761333,0.046375903255837306
seasonal_mean_WATPOT,LM_min,-0.5557010661728677,0.5557010661728677,0.3794109504119408,0.046165255284601546
seasonal_mean_WATPOT,Rmax_LTAR,0.16845191065800982,0.22575293005840266,0.3347493226029638,0.035003822818715016
seasonal_mean_WATPOT,JuvenileLeaves,0.1330481459019236,0.21338905367378347,0.2906864773458436,0.028710983786841095
seasonal_mean_WATPOT,n,0.037388400049813406,0.03854559929878214,0.13188723791844312,0.015144461826700088
seasonal_mean_WATPOT,Alfa,0.018479579895068446,0.018479579895068446,0.10096923178303915,0.011690953798676082
seasonal_mean_WATPOT,thetaS,-0.013396582282692844,0.01485249053668658,0.09008233589805757,0.010247039012744893
seasonal_mean_WATPOT,thetaR,0.0049666832117508984,0.008030375931589078,0.06069448679685686,0.006715713165680184
seasonal_mean_WATPOT,Ks,-0.002397706941656244,0.008007378300246297,0.06053378580455681,0.007137838993133647
seasonal_mean_WATPOT,Rmax_LTIR,0.0033265024193418983,0.007621645086183086,0.061807941898968016,0.007311258527527131
seasonal_mean_WATPOT,Diffz,0.00045145148130624146,0.0007780836070597092,0.00797619938699644,0.0008915466429112361
seasonal_mean_WATPOT,PhyllFrmTassel,0.0,0.0,0.0,0.0
seasonal_mean_WATPOT,Diffx,0.0,0.0,0.0,0.0
seasonal_mean_WATRAT,StayGreen,0.8019041536744042,0.8019041536744042,0.4031575504139515,0.04749112357528331
seasonal_mean_WATRAT,LM_min,0.5457992000377678,0.5457992000377678,0.3934433505971044,0.04742718608333681
seasonal_mean_WATRAT,Rmax_LTAR,-0.16503523318396632,0.23823292251400138,0.3871553110781704,0.04143313383428171
seasonal_mean_WATRAT,JuvenileLeaves,-0.13561570233870354,0.22126882363889344,0.30796988902603417,0.0304017482727482
seasonal_mean_WATRAT,n,-0.04014392765730024,0.04014392765730024,0.15163774229252241,0.017291248065179857
seasonal_mean_WATRAT,Alfa,-0.018622488034564115,0.018622488034564115,0.10302539372760902,0.012112514929066473
seasonal_mean_WATRAT,thetaS,0.013527267394167389,0.015652343829558688,0.0915320057343673,0.010515189145911263
seasonal_mean_WATRAT,Rmax_LTIR,-0.0027815143844784,0.009899050955869454,0.08280415235535636,0.00983259528554162
seasonal_mean_WATRAT,thetaR,-0.004407960227676075,0.007896372122416067,0.05755475263619908,0.006434181630440122
seasonal_mean_WATRAT,Ks,0.0005902748926235978,0.0062040894579054005,0.04708504160908139,0.005633874451473188
seasonal_mean_WATRAT,Diffz,0.00030969453626410626,0.000781036384525575,0.007635098551412036,0.0008606658672588857
seasonal_mean_WATRAT,PhyllFrmTassel,0.0,0.0,0.0,0.0
seasonal_mean_WATRAT,Diffx,0.0,0.0,0.0,0.0
seasonal_mean_WATTSM,JuvenileLeaves,0.0,0.0,0.0,0.0
seasonal_mean_WATTSM,Rmax_LTAR,0.0,0.0,0.0,0.0
seasonal_mean_WATTSM,Rmax_LTIR,0.0,0.0,0.0,0.0
seasonal_mean_WATTSM,PhyllFrmTassel,0.0,0.0,0.0,0.0
seasonal_mean_WATTSM,StayGreen,0.0,0.0,0.0,0.0
seasonal_mean_WATTSM,LM_min,0.0,0.0,0.0,0.0
seasonal_mean_WATTSM,Diffx,0.0,0.0,0.0,0.0
seasonal_mean_WATTSM,Diffz,0.0,0.0,0.0,0.0
seasonal_mean_WATTSM,thetaR,0.0,0.0,0.0,0.0
seasonal_mean_WATTSM,thetaS,0.0,0.0,0.0,0.0
seasonal_mean_WATTSM,Alfa,0.0,0.0,0.0,0.0
seasonal_mean_WATTSM,n,0.0,0.0,0.0,0.0
seasonal_mean_WATTSM,Ks,0.0,0.0,0.0,0.0
seasonal_mean_WaterSink_0_10,thetaS,-0.7238906112287287,0.7238906112287287,0.46706212475452863,0.05302292703719535
seasonal_mean_WaterSink_0_10,JuvenileLeaves,0.484480108847771,0.484480108847771,0.4196035400100617,0.05101983501653574
seasonal_mean_WaterSink_0_10,LM_min,0.4299807199596218,0.4299807199596218,0.3736442396295606,0.04385912500614053
seasonal_mean_WaterSink_0_10,n,0.3496509558739408,0.35491979955482345,0.36266769456705944,0.040408282271420085
seasonal_mean_WaterSink_0_10,Rmax_LTAR,0.15969780479823517,0.1807430570718149,0.24207875362614434,0.026325118033548128
seasonal_mean_WaterSink_0_10,thetaR,0.1668875141292447,0.1675967382674145,0.20864902011628253,0.024414463387627802
seasonal_mean_WaterSink_0_10,Alfa,0.07162315677701596,0.1059081350362923,0.1573203641392402,0.015804217135035825
seasonal_mean_WaterSink_0_10,Ks,0.09236618298555213,0.09666404658384475,0.15021268817366085,0.01775218950638096
seasonal_mean_WaterSink_0_10,StayGreen,0.09235931965915362,0.09322451898884271,0.1273664158597099,0.015235061689759865
seasonal_mean_WaterSink_0_10,Diffz,0.0472853451332688,0.05259586096355837,0.0532578891076863,0.005674453055453379
seasonal_mean_WaterSink_0_10,Rmax_LTIR,0.013467056931275798,0.031841651779012416,0.0959829399446831,0.011074170013964523
seasonal_mean_WaterSink_0_10,Diffx,0.007980433026697467,0.01816234028139886,0.05020496208607036,0.005540726296562779
seasonal_mean_WaterSink_0_10,PhyllFrmTassel,0.003333483795754188,0.01175267435257339,0.027693154047985946,0.0029734844364701155
seasonal_mean_WaterSink_0_20,thetaS,-0.7304590855710305,0.7304590855710305,0.4250803262506042,0.04827646381474551
seasonal_mean_WaterSink_0_20,JuvenileLeaves,0.5231767163120588,0.5231767163120588,0.40415265444476106,0.04888823930404866
seasonal_mean_WaterSink_0_20,LM_min,0.41413712500650757,0.41413712500650757,0.3404264888807254,0.03991562289639336
seasonal_mean_WaterSink_0_20,n,0.3136744589198768,0.31566901642278977,0.31677886942421263,0.03594340286863181
seasonal_mean_WaterSink_0_20,thetaR,0.1633794437849957,0.16376516607373534,0.23011487759387997,0.027641138307185176
seasonal_mean_WaterSink_0_20,Rmax_LTAR,0.11448340249114189,0.1464689893548838,0.23049878915573915,0.02504417077759527
seasonal_mean_WaterSink_0_20,Alfa,0.05601660688808344,0.09719391173905502,0.17141785088976327,0.017537225971987203
seasonal_mean_WaterSink_0_20,Ks,0.08000848523441893,0.08536005256041475,0.15939285018345556,0.018638152476487396
seasonal_mean_WaterSink_0_20,StayGreen,0.0706714979457583,0.07131109209547092,0.10662024037896055,0.012967723728986743
seasonal_mean_WaterSink_0_20,Rmax_LTIR,0.014942328969978026,0.034166175769025524,0.11115075362486787,0.012943014712285428
seasonal_mean_WaterSink_0_20,Diffz,0.016747815229024673,0.023473749830405937,0.044683717730524916,0.004877066839322795
seasonal_mean_WaterSink_0_20,Diffx,0.010277112685554196,0.018885109837627,0.05605106267557003,0.006306077364760864
seasonal_mean_WaterSink_0_20,PhyllFrmTassel,0.0061517763569613896,0.013887517006209712,0.03490328683138956,0.0038782172721112977
seasonal_mean_WaterSink_0_200,JuvenileLeaves,0.741193929138308,0.741193929138308,0.3482609112024522,0.04100784269780477
seasonal_mean_WaterSink_0_200,LM_min,0.5787659989190473,0.5787659989190473,0.3193616226386398,0.03717440974196452
seasonal_mean_WaterSink_0_200,thetaS,-0.37844303189901246,0.390056070917678,0.31816893236739735,0.037015940428416945
seasonal_mean_WaterSink_0_200,n,0.372913897551619,0.3740042974803146,0.28240234561534483,0.033062849418865135
seasonal_mean_WaterSink_0_200,Alfa,0.1315478247760153,0.13265885877784855,0.08870545211559908,0.010233649468475506
seasonal_mean_WaterSink_0_200,StayGreen,0.09421048426391943,0.09752699565689744,0.09706438595595689,0.010927374411796031
seasonal_mean_WaterSink_0_200,Rmax_LTAR,0.06916069349222914,0.09426263868390414,0.11529061967831405,0.011755363209502231
seasonal_mean_WaterSink_0_200,thetaR,0.05732573454086898,0.07406807333297244,0.08525729922105461,0.008318668213603686
seasonal_mean_WaterSink_0_200,Ks,0.0019457691983079976,0.03772270375409874,0.05280459193357125,0.004377463950100552
seasonal_mean_WaterSink_0_200,Rmax_LTIR,-0.00914195337231683,0.022357351415706238,0.035380840431811576,0.003402136546962658
seasonal_mean_WaterSink_0_200,PhyllFrmTassel,0.005231337537199169,0.013067949248000959,0.01970691198813969,0.001810703614230351
seasonal_mean_WaterSink_0_200,Diffz,0.006083602372819107,0.012308263643885809,0.016946015082885055,0.0015457293896014026
seasonal_mean_WaterSink_0_200,Diffx,-0.00182572224579925,0.01001648169575655,0.014728562211146675,0.0012892230491738023
seasonal_mean_WaterSink_10_20,thetaS,-0.7046176262428352,0.7221004842517157,0.4455807876815534,0.0476928647199437
seasonal_mean_WaterSink_10_20,JuvenileLeaves,0.5176191229258273,0.5250096191135099,0.41988608800377875,0.049232183096278255
seasonal_mean_WaterSink_10_20,LM_min,0.3969494590084949,0.4031021252654216,0.3510007464562089,0.04027511900341481
seasonal_mean_WaterSink_10_20,n,0.27801195331604345,0.3266970428815095,0.36531865932251995,0.03755657543168806
seasonal_mean_WaterSink_10_20,thetaR,0.151513909597557,0.17035866487845658,0.2589119436555475,0.029839070905941928
seasonal_mean_WaterSink_10_20,Rmax_LTAR,0.08971119111018465,0.15649605226849037,0.2566266972766947,0.026506807139400134
seasonal_mean_WaterSink_10_20,Alfa,0.0461934849803395,0.10619643733285002,0.19398370213178992,0.019354344738467394
seasonal_mean_WaterSink_10_20,Ks,0.0666495603819956,0.09426386492989153,0.19171334259156989,0.02147514116032056
seasonal_mean_WaterSink_10_20,StayGreen,0.06050777374653034,0.06485807822871796,0.1057853359137244,0.012585390754394963
seasonal_mean_WaterSink_10_20,Rmax_LTIR,0.0163265882952326,0.036627677711675403,0.11879023266187999,0.013832730411811942
seasonal_mean_WaterSink_10_20,Diffx,0.011479255898601532,0.020723784951820506,0.06193294694563523,0.00700262152867777
seasonal_mean_WaterSink_10_20,PhyllFrmTassel,0.0057330063041922015,0.017763505297910567,0.04694357175935968,0.0051747052089280736
seasonal_mean_WaterSink_10_20,Diffz,0.0036257123239541132,0.016564961064069822,0.04846183850561941,0.005362413163477077
seasonal_mean_WaterSink_120_200,JuvenileLeaves,0.736668736703429,0.736668736703429,0.3480234579811031,0.04093131298147006
seasonal_mean_WaterSink_120_200,LM_min,0.5752453180597359,0.5752453180597359,0.32019995840920246,0.037224139388817586
seasonal_mean_WaterSink_120_200,thetaS,-0.37114514026875944,0.387918423880835,0.32722139498859043,0.03744269917295793
seasonal_mean_WaterSink_120_200,n,0.37578104376488114,0.3776529116969935,0.2917831568993888,0.03405514300817332
seasonal_mean_WaterSink_120_200,Alfa,0.134457293352863,0.13560613263778765,0.09044841904739201,0.010422400410671943
seasonal_mean_WaterSink_120_200,StayGreen,0.09463638028774923,0.09815761481769007,0.09868250555951011,0.011101018865572037
seasonal_mean_WaterSink_120_200,Rmax_LTAR,0.06653461225605688,0.09395220334125459,0.11639661022498506,0.011716318111732918
seasonal_mean_WaterSink_120_200,thetaR,0.05499247683179132,0.07494911848693614,0.08769524982207541,0.00830325610062163
seasonal_mean_WaterSink_120_200,Ks,-0.00014521893513436734,0.039007456807710165,0.05451493695384503,0.004491141176583871
seasonal_mean_WaterSink_120_200,Rmax_LTIR,-0.00969115611930199,0.023009908510976305,0.036037974419560304,0.00344674750518689
seasonal_mean_WaterSink_120_200,PhyllFrmTassel,0.005233578039964206,0.01352172024064291,0.02031437250042954,0.0018500572915041836
seasonal_mean_WaterSink_120_200,Diffz,0.0059143319385685554,0.012426673867832697,0.017170910345854593,0.0015553132644956055
seasonal_mean_WaterSink_120_200,Diffx,-0.0019079071237295422,0.010147998216905912,0.015091289382915728,0.001333662769668523
seasonal_mean_WaterSink_20_40,thetaS,0.4477355195051571,0.5422673893029422,0.5167120981359494,0.05013048645700272
seasonal_mean_WaterSink_20_40,JuvenileLeaves,-0.06568445178449146,0.4893285322716469,0.6153850730724306,0.04515560162836369
seasonal_mean_WaterSink_20_40,n,-0.46174347254288534,0.4684366632330254,0.36831727934234854,0.04071073703864041
seasonal_mean_WaterSink_20_40,LM_min,0.163125709290773,0.4587733977911654,0.5552953623878143,0.04243362786539451
seasonal_mean_WaterSink_20_40,Rmax_LTAR,0.09485861132431686,0.27032079817410776,0.4006762393479234,0.03457478466417353
seasonal_mean_WaterSink_20_40,Alfa,-0.15976561611471535,0.1932742113018618,0.22681772072174342,0.023283135326251248
seasonal_mean_WaterSink_20_40,thetaR,-0.06499135586158435,0.17985230966188334,0.2606576433066561,0.02310944443560993
seasonal_mean_WaterSink_20_40,Ks,-0.013541897320061728,0.12112832139629759,0.20790606857170765,0.020123290931981876
seasonal_mean_WaterSink_20_40,StayGreen,0.03267515736327483,0.09763880729552205,0.17006774682246928,0.016537227643476458
seasonal_mean_WaterSink_20_40,Rmax_LTIR,-0.0019493732267702975,0.06779030386657765,0.19065319420346352,0.021234081513685908
seasonal_mean_WaterSink_20_40,Diffx,-0.008015760372315859,0.04724732213243703,0.12150714553736007,0.013173189046951448
seasonal_mean_WaterSink_20_40,PhyllFrmTassel,-0.003742108103978398,0.034870894900989206,0.08239313651951097,0.0086030794716819
seasonal_mean_WaterSink_20_40,Diffz,-0.00513434003669286,0.02909521415183384,0.08403695258282158,0.009470463186288679
seasonal_mean_WaterSink_80_120,JuvenileLeaves,0.8008011094060543,0.8113324869320544,0.38601023379167543,0.04211043659004623
seasonal_mean_WaterSink_80_120,LM_min,0.4081672592971189,0.4494725783920623,0.4041777861024142,0.04134645083660468
seasonal_mean_WaterSink_80_120,thetaS,0.18451234374057093,0.28701575260576145,0.3079410858934466,0.025056286841365537
seasonal_mean_WaterSink_80_120,Rmax_LTAR,0.02346481292553107,0.24227536778616246,0.35204885125281826,0.03045181759648171
seasonal_mean_WaterSink_80_120,n,0.010832638013984616,0.1574598000443213,0.2552376038228102,0.02355212334660206
seasonal_mean_WaterSink_80_120,thetaR,-0.09970998009560317,0.14315444425507323,0.21661621202280681,0.022195374943978507
seasonal_mean_WaterSink_80_120,Alfa,0.04131372164335066,0.12232136810435391,0.18671183777332076,0.01681247564595128
seasonal_mean_WaterSink_80_120,Ks,-0.032406207123942134,0.11353435146191458,0.17569894312358506,0.01605177719532808
seasonal_mean_WaterSink_80_120,StayGreen,-0.018945568689948473,0.07607333197226351,0.148837624866944,0.014926765531920402
seasonal_mean_WaterSink_80_120,Rmax_LTIR,-0.012006504071021178,0.05872552332765851,0.10092616425104046,0.009912656732833027
seasonal_mean_WaterSink_80_120,Diffx,-0.013692908254873784,0.03890040439766838,0.07355958550249878,0.0072550479773341925
seasonal_mean_WaterSink_80_120,Diffz,-0.001039791768513027,0.028068908305044306,0.056196969664518134,0.005683965177373323
seasonal_mean_WaterSink_80_120,PhyllFrmTassel,-0.0010856414878437184,0.00667115289224552,0.02862891948106664,0.0034498251063149947
seasonal_n_uptake_sum,LM_min,0.6641768827601342,0.6641768827601342,0.326081951887436,0.03939011953728199
seasonal_n_uptake_sum,StayGreen,0.5350303874781716,0.5350303874781716,0.31445786469953685,0.03696206735872606
seasonal_n_uptake_sum,Rmax_LTAR,0.4111901148164123,0.478742372598138,0.367436062202848,0.0313126762137363
seasonal_n_uptake_sum,JuvenileLeaves,-0.19595791226711254,0.2362688876441825,0.21578926015030866,0.020078827384450486
seasonal_n_uptake_sum,n,-0.18121279923476494,0.1894932876952488,0.15578805857972744,0.016575643992997064
seasonal_n_uptake_sum,thetaS,0.03999991183357469,0.06486328793083347,0.08325973688777218,0.007501979351671887
seasonal_n_uptake_sum,Alfa,0.01636382868026674,0.04828394598346735,0.07011190360168092,0.006320096184254141
seasonal_n_uptake_sum,Rmax_LTIR,0.03211051379595361,0.04514022841441934,0.06183344686757744,0.00618578124974044
seasonal_n_uptake_sum,thetaR,0.017119593848073444,0.03190060386422462,0.04831813899538441,0.004695507036789591
seasonal_n_uptake_sum,Ks,-0.007083279080707587,0.02520345635016629,0.04083710915318537,0.003965608556541027
seasonal_n_uptake_sum,Diffz,0.0022067245925349067,0.018525101571968353,0.036539517666490724,0.00363155116222898
seasonal_n_uptake_sum,Diffx,0.0003005486499245512,0.016457683976875102,0.029608997872563367,0.0028602994312864104
seasonal_n_uptake_sum,PhyllFrmTassel,0.0013296412817237868,0.001984842445906934,0.003225180403129398,0.00032953010782942955
seasonal_nitr_sum,LM_min,-0.8126275681950177,0.8126275681950177,0.34775224323191267,0.041015311926649096
seasonal_nitr_sum,JuvenileLeaves,-0.6459316523727795,0.6459316523727795,0.3149238021938505,0.036848531462456834
seasonal_nitr_sum,StayGreen,-0.4440503057481102,0.4440503057481102,0.2930292236255461,0.03471985599271798
seasonal_nitr_sum,Rmax_LTAR,0.11086269606742599,0.15284109375925958,0.19616381371092895,0.018927152505315726
seasonal_nitr_sum,n,-0.014410859202943507,0.015713364121091047,0.015246760596368363,0.0015958147627839266
seasonal_nitr_sum,Rmax_LTIR,0.0037280577182220625,0.011582640783627144,0.015974852319070733,0.0013647713601028894
seasonal_nitr_sum,thetaS,-0.0005184820061597,0.008159341624076845,0.012295044980527421,0.0010985879607448249
seasonal_nitr_sum,Alfa,-0.0008551582744663145,0.007182771545205814,0.01081740289326044,0.0009666172534661398
seasonal_nitr_sum,thetaR,-0.0007372089505479282,0.006487903482227098,0.009980667422303443,0.0008884952962430117
seasonal_nitr_sum,Ks,0.0004822360275680911,0.005240387108648695,0.00958147370671194,0.0009643910940634236
seasonal_nitr_sum,Diffz,0.0004277666908444472,0.003337040673780211,0.00823628943466226,0.000875121435172166
seasonal_nitr_sum,Diffx,0.0005596673358129732,0.0025246760445927275,0.003952005491578858,0.00037064167895237225
seasonal_nitr_sum,PhyllFrmTassel,0.00015490960428891923,0.00027323657061623883,0.0005215651366157956,5.660734325460367e-05
seasonal_pg_sum,LM_min,0.7955865373203841,0.7955865373203841,0.3323130710856645,0.03900441097456276
seasonal_pg_sum,JuvenileLeaves,0.6483442429423584,0.6483442429423584,0.2891744806844141,0.033536482964377654
seasonal_pg_sum,StayGreen,0.2553025836179416,0.31008363034980235,0.29318262353700797,0.02734161673487427
seasonal_pg_sum,Rmax_LTAR,0.29358750643483694,0.3036430177691436,0.2709329146420213,0.030512363626270578
seasonal_pg_sum,thetaS,0.09035835097383678,0.09035835097383678,0.08976745851230439,0.010514736115891267
seasonal_pg_sum,n,-0.07817086443193834,0.07817086443193834,0.0784846264418882,0.009273316784470938
seasonal_pg_sum,thetaR,-0.023801398637610802,0.024126290002142937,0.02846966886212637,0.0033442304205843487
seasonal_pg_sum,Alfa,-0.011970291789578532,0.014623420307900634,0.020287471812992477,0.0021127278159308593
seasonal_pg_sum,Ks,-0.00814160393962574,0.010250185447856436,0.01276656688840215,0.0012947383698562664
seasonal_pg_sum,Rmax_LTIR,0.006625310397674424,0.007774384697670303,0.012804918602098248,0.0014596076951549006
seasonal_pg_sum,Diffx,0.00048296411699734167,0.0026931155463787906,0.004183483446922763,0.0003765939064556366
seasonal_pg_sum,Diffz,0.0002962751370189177,0.0022372440677123993,0.00433419701011899,0.0004327485384247816
seasonal_pg_sum,PhyllFrmTassel,0.001660895870781035,0.0018658776877945801,0.0027988109251441337,0.00031899887404251417
seasonal_pn_sum,LM_min,0.4520726609183491,0.6280184054969035,0.5967506097647247,0.0485193852576655
seasonal_pn_sum,Rmax_LTAR,0.5005445189478877,0.5138593024915946,0.4128226785429087,0.04730558403162231
seasonal_pn_sum,StayGreen,0.11828141789028404,0.49215929933816466,0.5670071188414758,0.03548681670121104
seasonal_pn_sum,JuvenileLeaves,0.2394468183858669,0.4083531394816977,0.4369168720115568,0.033445663170367526
seasonal_pn_sum,thetaS,0.17159617697653354,0.17159617697653354,0.174930009237057,0.020290428576131413
seasonal_pn_sum,n,-0.15091787923884553,0.15091787923884553,0.14704797783667095,0.017089648706287635
seasonal_pn_sum,thetaR,-0.04103344336564189,0.04141066193895592,0.04661857243493885,0.005441486013076581
seasonal_pn_sum,Alfa,-0.02550379736875699,0.028343096081590673,0.039163013726767976,0.004258829672366838
seasonal_pn_sum,Ks,-0.014849927655044523,0.01677837225722548,0.02020286123585751,0.0021694409763752293
seasonal_pn_sum,Rmax_LTIR,0.004237723083485666,0.007862671308939362,0.014159666822404387,0.0015200104947914186
seasonal_pn_sum,Diffx,0.001007606722675399,0.003842034871142766,0.005626584682692496,0.0004919577451815325
seasonal_pn_sum,PhyllFrmTassel,0.003176714490066779,0.0035535616408178816,0.005515357609441116,0.0006295735059184211
seasonal_pn_sum,Diffz,0.00029073857327222713,0.003339409484453744,0.00592407588185875,0.0005644278013734167
seasonal_potential_soil_evap,LM_min,-0.8043766199924772,0.8043766199924772,0.33236773350605564,0.03942130028466848
seasonal_potential_soil_evap,JuvenileLeaves,-0.6926716280771839,0.6926716280771839,0.2877372527141631,0.03425511509238917
seasonal_potential_soil_evap,StayGreen,-0.31154965517546823,0.3271725062206185,0.19188388600521503,0.0191499361166561
seasonal_potential_soil_evap,Rmax_LTAR,-0.21800220602099316,0.21983170972692037,0.1477059909826807,0.01674135478246165
seasonal_potential_soil_evap,n,-0.10020760446413463,0.10101549724285148,0.06477550823034936,0.0074010937837680575
seasonal_potential_soil_evap,thetaR,0.06318850443294995,0.06565707507063524,0.037367981541766744,0.003784774188894536
seasonal_potential_soil_evap,thetaS,0.035168692968197954,0.03709359638155378,0.03362506552940182,0.003801997562455682
seasonal_potential_soil_evap,Alfa,-0.016931488019073928,0.018779727263691974,0.036141609697954026,0.004298920802388947
seasonal_potential_soil_evap,Ks,0.0002609054726056765,0.008606754030232847,0.021429810333160146,0.002381494247924335
seasonal_potential_soil_evap,Rmax_LTIR,-0.006696237770665116,0.008340795525032427,0.019163661531827293,0.002128575103724756
seasonal_potential_soil_evap,Diffz,0.0002743863438945135,0.003030027365154556,0.009721543172522142,0.0010818651953733653
seasonal_potential_soil_evap,Diffx,0.00022564351252548257,0.002548585745414826,0.0061990539214520175,0.0007014658567796081
seasonal_potential_soil_evap,PhyllFrmTassel,-0.0001915852121569094,0.0004309294792470608,0.0006239609306658677,5.675136761197521e-05
seasonal_potential_transpiration,LM_min,0.7464743971781344,0.7464743971781344,0.30909533429468106,0.036059017256174046
seasonal_potential_transpiration,JuvenileLeaves,0.6938086719298595,0.6938086719298595,0.2967964409126682,0.034822638017217536
seasonal_potential_transpiration,StayGreen,0.2650769152642195,0.2821590944430352,0.25415876196021364,0.02733183211211208
seasonal_potential_transpiration,thetaS,0.25544910100130697,0.25544910100130697,0.1750535935785676,0.02062546589994451
seasonal_potential_transpiration,Rmax_LTAR,0.1544820298964749,0.19150129040994526,0.20674129077266304,0.02047047473594765
seasonal_potential_transpiration,n,-0.08676944009753285,0.14261487003784445,0.17864049290192832,0.016006714757186593
seasonal_potential_transpiration,thetaR,-0.05369999873457086,0.054937573995364974,0.05200996567791656,0.005891779222903321
seasonal_potential_transpiration,Alfa,-0.018443645226019236,0.03421306632821058,0.052561808940887786,0.0052080971634246125
seasonal_potential_transpiration,Ks,-0.023561876935072678,0.025938874698104453,0.025625585712998375,0.0027189617128084392
seasonal_potential_transpiration,Rmax_LTIR,0.0047094100856481256,0.019603491766159206,0.03487222085499122,0.0034640944987884923
seasonal_potential_transpiration,Diffz,0.001221262693883692,0.009308981653236724,0.016293921479758524,0.001654161037122076
seasonal_potential_transpiration,Diffx,0.0016716653272825812,0.00847079628340127,0.012095956509044771,0.001021220942515542
seasonal_potential_transpiration,PhyllFrmTassel,0.005150795095030847,0.008252440904470854,0.012201386876742078,0.0011789004617649957
seasonal_rain,LM_min,0.28292161704383934,0.5653069470654811,0.6443273438838585,0.048221039054552356
seasonal_rain,n,-0.07489898046548459,0.49103086922534867,0.6182370637268182,0.04530231775790788
seasonal_rain,JuvenileLeaves,0.26686996528503965,0.4640329501253796,0.5255292842401356,0.04374469076050578
seasonal_rain,Rmax_LTAR,-0.05609078362401645,0.44792877975265477,0.5833591411359796,0.0445362273421614
seasonal_rain,thetaS,-0.02678687277587605,0.3748811747458534,0.49079278509844276,0.03640321688905767
seasonal_rain,Alfa,0.07511804841599909,0.3635676368243139,0.4797678599787658,0.03841512655490975
seasonal_rain,thetaR,0.1524441325333165,0.3365502028190038,0.42345059638822,0.03567271072828599
seasonal_rain,StayGreen,0.07959973073406576,0.28003905969733667,0.381641583647959,0.03205729207700719
seasonal_rain,Ks,-0.01382876609894273,0.2594984779967938,0.34220749556047075,0.026873980140589334
seasonal_rain,Diffx,-0.009066876455949125,0.1400704388314154,0.2191440027567083,0.019653242793364414
seasonal_rain,Diffz,-0.017788230368637036,0.11206698915044201,0.17770254424964285,0.015551343201611802
seasonal_rain,Rmax_LTIR,0.004198096197524259,0.07868265265269568,0.13712069535991286,0.013402496418659201
seasonal_rain,PhyllFrmTassel,0.004677912660234918,0.039024098570149844,0.09833701649824125,0.010497161332965967
seasonal_respiration_sum,LM_min,0.7705706207429242,0.7705706207429242,0.2868314434284066,0.03445340262393102
seasonal_respiration_sum,StayGreen,0.4654486707154821,0.4654486707154821,0.23128295324306872,0.02753355135239043
seasonal_respiration_sum,Rmax_LTAR,0.4464163640875227,0.44715543403384667,0.24546402950293056,0.027965058496012916
seasonal_respiration_sum,JuvenileLeaves,-0.20414463700265323,0.23937517633741742,0.2381306759377051,0.02345075841279779
seasonal_respiration_sum,n,-0.13306031794503212,0.13332368858440224,0.10074992763692864,0.011709444914946075
seasonal_respiration_sum,thetaS,0.12847648948656368,0.12856904892915383,0.0887721743677653,0.010180371882209608
seasonal_respiration_sum,Rmax_LTIR,0.04223689482269509,0.0820899543625201,0.10335503774905275,0.008720781623606861
seasonal_respiration_sum,PhyllFrmTassel,-0.04851301996517635,0.048550851443809474,0.02620836212802769,0.0030724574185655266
seasonal_respiration_sum,thetaR,-0.028102774266757186,0.028953119010417097,0.027235974345842042,0.0031247340155040318
seasonal_respiration_sum,Alfa,-0.01910706064450454,0.025874376516954196,0.036386791955254696,0.003737886370652915
seasonal_respiration_sum,Ks,-0.011486185652543219,0.015893090589455216,0.02744201552569583,0.0030650874169886326
seasonal_respiration_sum,Diffx,0.000981930736900208,0.004409771089355201,0.006551131900014419,0.0005753745430778014
seasonal_respiration_sum,Diffz,-0.0002869677767225913,0.004186296076408609,0.012767608705011655,0.0013859886584251754
seasonal_sum_Flux,JuvenileLeaves,0.0,0.0,0.0,0.0
seasonal_sum_Flux,Rmax_LTAR,0.0,0.0,0.0,0.0
seasonal_sum_Flux,Rmax_LTIR,0.0,0.0,0.0,0.0
seasonal_sum_Flux,PhyllFrmTassel,0.0,0.0,0.0,0.0
seasonal_sum_Flux,StayGreen,0.0,0.0,0.0,0.0
seasonal_sum_Flux,LM_min,0.0,0.0,0.0,0.0
seasonal_sum_Flux,Diffx,0.0,0.0,0.0,0.0
seasonal_sum_Flux,Diffz,0.0,0.0,0.0,0.0
seasonal_sum_Flux,thetaR,0.0,0.0,0.0,0.0
seasonal_sum_Flux,thetaS,0.0,0.0,0.0,0.0
seasonal_sum_Flux,Alfa,0.0,0.0,0.0,0.0
seasonal_sum_Flux,n,0.0,0.0,0.0,0.0
seasonal_sum_Flux,Ks,0.0,0.0,0.0,0.0
seasonal_sum_GasSink_0_10,n,-0.8329131724163079,0.8329131724163079,0.34682828993436804,0.03925089835081066
seasonal_sum_GasSink_0_10,thetaS,-0.6832999679262567,0.6832999679262567,0.30364335533339704,0.03699036809549592
seasonal_sum_GasSink_0_10,Alfa,-0.21075040442979492,0.2373027052927235,0.15945328020404112,0.01335445782715645
seasonal_sum_GasSink_0_10,LM_min,0.12311484860949337,0.13756274941903987,0.14744709582956933,0.016246265815005056
seasonal_sum_GasSink_0_10,thetaR,0.12982178044296347,0.134101186977662,0.08339123632718672,0.008876752749296704
seasonal_sum_GasSink_0_10,StayGreen,0.1067154661246605,0.10798529843812621,0.10180060585252862,0.011876471120173803
seasonal_sum_GasSink_0_10,JuvenileLeaves,0.04947101768217503,0.08238990196311545,0.13738661180928127,0.01415553866572708
seasonal_sum_GasSink_0_10,Rmax_LTAR,-0.02748071763162568,0.0544536190064622,0.1052189574610767,0.010856400762715938
seasonal_sum_GasSink_0_10,Ks,0.008552737650536102,0.03006121183986133,0.07803057525201286,0.00867883483029043
seasonal_sum_GasSink_0_10,Diffz,0.011153586379155086,0.011723910721438746,0.008560711995866837,0.0009170064222087835
seasonal_sum_GasSink_0_10,Rmax_LTIR,0.001249020527689579,0.006442213786589829,0.017324666131795254,0.001921200141471448
seasonal_sum_GasSink_0_10,PhyllFrmTassel,0.0016502099131499894,0.0038510358648745652,0.009484427396296334,0.0010411471691266138
seasonal_sum_GasSink_0_10,Diffx,0.0005531266028856634,0.0029129891296553506,0.005190058952255969,0.0005258594343973367
seasonal_sum_GasSink_0_20,thetaS,-0.7660381456291422,0.7660381456291422,0.32945103851273716,0.04044336643086462
seasonal_sum_GasSink_0_20,n,-0.7644120692453,0.7650361948360459,0.35669965105746065,0.0402662191106284
seasonal_sum_GasSink_0_20,Alfa,-0.18650565528785873,0.20805718830234815,0.14732909224857835,0.013565222015178307
seasonal_sum_GasSink_0_20,LM_min,0.1620999869720391,0.16541096092224133,0.1388405051804909,0.01644858472995458
seasonal_sum_GasSink_0_20,thetaR,0.1476275772607594,0.1478350181172675,0.0879273355956413,0.010116612107463554
seasonal_sum_GasSink_0_20,JuvenileLeaves,0.1276826315907336,0.13694173783029537,0.127115665773318,0.014028936602082528
seasonal_sum_GasSink_0_20,StayGreen,0.10711946945983385,0.108523226924104,0.10426344219497924,0.012162220409017816
seasonal_sum_GasSink_0_20,Rmax_LTAR,-0.03215929088535951,0.05839012771162257,0.08053573732079045,0.007215222888705818
seasonal_sum_GasSink_0_20,Ks,0.017701225231881126,0.03662461904679093,0.06666272896446361,0.006981403154239101
seasonal_sum_GasSink_0_20,Rmax_LTIR,0.0028134293675452604,0.013789631748519781,0.03612396772353928,0.004094559924825636
seasonal_sum_GasSink_0_20,Diffz,0.009317352321682446,0.010393587939033354,0.008987461187225418,0.0009133810558190907
seasonal_sum_GasSink_0_20,PhyllFrmTassel,0.005022067309044653,0.007449372444812598,0.013388087569803208,0.0014463138947489133
seasonal_sum_GasSink_0_20,Diffx,0.0007502116674164283,0.005468664394748493,0.008320665649936575,0.0007655008429274248
seasonal_sum_GasSink_0_200,n,-0.8069143811915221,0.8069143811915221,0.3973218345154934,0.04610810385635947
seasonal_sum_GasSink_0_200,Ks,-0.2587535479042923,0.32069322388495924,0.40036334811572305,0.04137928682929076
seasonal_sum_GasSink_0_200,thetaS,-0.24711401330039445,0.266206880189397,0.2991290187102731,0.033607032409280826
seasonal_sum_GasSink_0_200,JuvenileLeaves,0.25060400703575814,0.25652622850658985,0.2353874067317256,0.02806555859535056
seasonal_sum_GasSink_0_200,Alfa,0.2321545951564338,0.25280583266532913,0.28554960063792406,0.030315231350281826
seasonal_sum_GasSink_0_200,LM_min,0.12387496997093031,0.134133778922737,0.1545029970529726,0.01697756377485804
seasonal_sum_GasSink_0_200,Rmax_LTAR,0.011009642464175072,0.0624973101249519,0.15710905317197224,0.016338544015181297
seasonal_sum_GasSink_0_200,thetaR,0.04810157306366173,0.060665946877059417,0.10555706753873571,0.011640493371610333
seasonal_sum_GasSink_0_200,StayGreen,0.0242648877372471,0.05594533191279555,0.1553541672329279,0.017096220422826165
seasonal_sum_GasSink_0_200,Rmax_LTIR,-0.020581795093542955,0.04565171972665748,0.14193817489706204,0.015572142080742908
seasonal_sum_GasSink_0_200,Diffz,0.011175702337038455,0.03718071497273225,0.12474346300038035,0.0142862999913414
seasonal_sum_GasSink_0_200,PhyllFrmTassel,0.014584004659660255,0.024594882364160634,0.09244413566761292,0.010613586371927042
seasonal_sum_GasSink_0_200,Diffx,0.0006836151507543969,0.01993131849936905,0.08865472560600852,0.010003118721376504
seasonal_sum_GasSink_10_20,thetaS,-0.8400497106544128,0.8400497106544128,0.3356162631685606,0.04100127593468433
seasonal_sum_GasSink_10_20,n,-0.6019836930183002,0.6055962227884893,0.3263434449602629,0.03623627190856493
seasonal_sum_GasSink_10_20,JuvenileLeaves,0.23832551141648378,0.23943004713221633,0.2043503978901034,0.02474313814910611
seasonal_sum_GasSink_10_20,LM_min,0.21151093189044537,0.2312424699074065,0.19768581379787142,0.020960273736674147
seasonal_sum_GasSink_10_20,Alfa,-0.14034200382201262,0.1950363143344634,0.18142839387972454,0.01363443859755172
seasonal_sum_GasSink_10_20,thetaR,0.16635953508568502,0.1732553941405098,0.12177260120862145,0.01312146664664233
seasonal_sum_GasSink_10_20,StayGreen,0.10042891608916833,0.10746694337728976,0.11079340821730553,0.012121195426963024
seasonal_sum_GasSink_10_20,Rmax_LTAR,-0.036402230790357676,0.087821201165638,0.12900343359894242,0.011833797381118758
seasonal_sum_GasSink_10_20,Ks,0.030479218816730734,0.05805438225614081,0.10560280605188473,0.011311597796199191
seasonal_sum_GasSink_10_20,Rmax_LTIR,0.0052232488435775964,0.025046066648637445,0.06185507571507203,0.006999621246780828
seasonal_sum_GasSink_10_20,PhyllFrmTassel,0.009708309831374527,0.014055521879349074,0.0252449324443343,0.002743270343077584
seasonal_sum_GasSink_10_20,Diffz,0.005980645475000338,0.010489862881474465,0.013012459580508859,0.001145380053520831
seasonal_sum_GasSink_10_20,Diffx,0.001312270339942625,0.009619187779884063,0.014589227719363645,0.001301786881966236
seasonal_sum_GasSink_120_200,n,-0.8066510113545513,0.8066510113545513,0.39767266769636167,0.04615062823743202
seasonal_sum_GasSink_120_200,Ks,-0.25924792246043943,0.32122783191419074,0.4007982913342896,0.04141509511004256
seasonal_sum_GasSink_120_200,thetaS,-0.24627614051203417,0.26541042037304824,0.2989503844500488,0.03359268804724642
seasonal_sum_GasSink_120_200,JuvenileLeaves,0.2500643769203043,0.2560066192723665,0.23534008904406006,0.028059347338763533
seasonal_sum_GasSink_120_200,Alfa,0.23287769696372934,0.25353062704679,0.286033060614946,0.030371436887073746
seasonal_sum_GasSink_120_200,LM_min,0.12371295362560485,0.13398334034818615,0.1546365834845793,0.016993104687347226
seasonal_sum_GasSink_120_200,Rmax_LTAR,0.011497822880805081,0.06279923295444426,0.15733174285676674,0.016357212599056557
seasonal_sum_GasSink_120_200,thetaR,0.0479183850363045,0.06050426113671098,0.10557258440331095,0.011645387476186288
seasonal_sum_GasSink_120_200,StayGreen,0.024087937816505027,0.055805591901616394,0.15535554627137274,0.017100791939458695
seasonal_sum_GasSink_120_200,Rmax_LTIR,-0.02062386379071818,0.045658955835270534,0.14201004774749054,0.015582049195322445
seasonal_sum_GasSink_120_200,Diffz,0.011199696293551253,0.03721829561003921,0.12483209355831308,0.014296232596567622
seasonal_sum_GasSink_120_200,PhyllFrmTassel,0.014561893536631574,0.02459944112720685,0.09249686228740399,0.010620356070545216
seasonal_sum_GasSink_120_200,Diffx,0.0006818832922431173,0.019952614388274843,0.08873189270222756,0.010011585958492941
seasonal_sum_GasSink_20_40,thetaS,-0.6138816802885118,0.6138816802885118,0.30851443151364344,0.03745140681627249
seasonal_sum_GasSink_20_40,n,-0.5948630306529425,0.5984117774369792,0.29700912699975257,0.034004119844125644
seasonal_sum_GasSink_20_40,JuvenileLeaves,0.5298713563551337,0.5303752107170121,0.29866907515662394,0.03636455034175288
seasonal_sum_GasSink_20_40,LM_min,0.23486060595339645,0.2685596117492406,0.2568954454327447,0.02677616365042463
seasonal_sum_GasSink_20_40,Rmax_LTAR,-0.20403035987014523,0.2135091493190152,0.19479836082184396,0.020796316177953734
seasonal_sum_GasSink_20_40,Alfa,-0.11340196134473796,0.13384835216479035,0.11377913256377974,0.010710627458362376
seasonal_sum_GasSink_20_40,thetaR,0.12703219950575045,0.12913638057356636,0.09969449560637032,0.011464646600021632
seasonal_sum_GasSink_20_40,StayGreen,0.09481011077461442,0.09991265318245887,0.11000222293769546,0.012259375185311514
seasonal_sum_GasSink_20_40,Ks,0.017996170448627648,0.04874216363772157,0.0688835552084905,0.006095584362095157
seasonal_sum_GasSink_20_40,Rmax_LTIR,0.006320873397726188,0.0475925079769984,0.0937191462971815,0.009854052681073283
seasonal_sum_GasSink_20_40,PhyllFrmTassel,0.021719856989155788,0.025248656727870217,0.034636540583732306,0.003834192281914487
seasonal_sum_GasSink_20_40,Diffx,-0.00047779668883085363,0.018723995820639678,0.02583257138748174,0.0021003048406639416
seasonal_sum_GasSink_20_40,Diffz,-0.0023210214174458265,0.011936368447010057,0.01698019833728826,0.0014647020750557067
seasonal_sum_GasSink_80_120,JuvenileLeaves,0.6790459592751273,0.6790459592751273,0.3372034546915086,0.03998453639448924
seasonal_sum_GasSink_80_120,n,-0.6261828785825366,0.6261828785825366,0.2757179453581893,0.032125551877754864
seasonal_sum_GasSink_80_120,thetaS,-0.31722651676288227,0.31722651676288227,0.21514600312497376,0.02722269867459894
seasonal_sum_GasSink_80_120,Rmax_LTAR,-0.2883181954727322,0.2940807153609084,0.23156531569546016,0.02545742745651274
seasonal_sum_GasSink_80_120,LM_min,0.21265158138184884,0.24607099309025682,0.28291598591615225,0.030942803527397297
seasonal_sum_GasSink_80_120,Alfa,-0.09235682362447213,0.098804664580554,0.07602346539564996,0.007952927799587645
seasonal_sum_GasSink_80_120,thetaR,0.06934297247557371,0.0810781126447318,0.082206093572176,0.00834766834426835
seasonal_sum_GasSink_80_120,StayGreen,0.07842970837351655,0.08038355651606803,0.11689960002627778,0.013340902387571177
seasonal_sum_GasSink_80_120,Rmax_LTIR,-0.012608927140576216,0.06542188418639498,0.1027895277507613,0.009660396990276411
seasonal_sum_GasSink_80_120,Ks,-0.005979611768128703,0.04112777583507965,0.057088756795909905,0.004748471675268098
seasonal_sum_GasSink_80_120,PhyllFrmTassel,0.019142465662915345,0.020963041121851114,0.02824721320117396,0.003321040121083773
seasonal_sum_GasSink_80_120,Diffx,-0.0010024770348328034,0.018514664625096194,0.02618646917963626,0.0021913149385444143
seasonal_sum_GasSink_80_120,Diffz,0.0010657002398026777,0.010922419715171883,0.016280345328038272,0.0014647873683747662
seasonal_sum_NitSink_0_10,n,0.6677817923643379,0.6692932685610815,0.3278585025245057,0.03753629655944131
seasonal_sum_NitSink_0_10,thetaS,-0.6334606324571163,0.6354252853939333,0.311850030595155,0.03692895919657489
seasonal_sum_NitSink_0_10,JuvenileLeaves,0.44333511295227107,0.4474743055064364,0.24708721687344337,0.028401313211773305
seasonal_sum_NitSink_0_10,LM_min,0.4212407112962176,0.4273877495884533,0.24942505868134496,0.027858243980758687
seasonal_sum_NitSink_0_10,Alfa,0.22866178340854304,0.22983213331482857,0.14903365076200173,0.01729196745963873
seasonal_sum_NitSink_0_10,thetaR,0.15206066742476132,0.15727126784797393,0.1146025542298315,0.01246550728976401
seasonal_sum_NitSink_0_10,Diffz,0.14612064664507252,0.1470175745084945,0.07695327118047052,0.008824949505644695
seasonal_sum_NitSink_0_10,Rmax_LTAR,0.10634610313489545,0.14414696987931822,0.1601818360649132,0.014735563125704272
seasonal_sum_NitSink_0_10,StayGreen,0.0968264793486778,0.10792994197800018,0.10882594525434934,0.011344038022093963
seasonal_sum_NitSink_0_10,Ks,0.022205963237525057,0.061903704591133174,0.0861812668477228,0.007139535717628174
seasonal_sum_NitSink_0_10,Rmax_LTIR,0.00464220984922041,0.037847792176264605,0.07144715455727836,0.007473152517328978
seasonal_sum_NitSink_0_10,PhyllFrmTassel,0.010540503029583006,0.02550554512858592,0.041809248273332815,0.004069334320319202
seasonal_sum_NitSink_0_10,Diffx,0.004623884327601416,0.02445948810955191,0.03664081557850802,0.003323694853676299
seasonal_sum_NitSink_0_20,n,0.6088025790436381,0.6215251475479304,0.34365968215788234,0.036906754249360824
seasonal_sum_NitSink_0_20,thetaS,-0.5813359734272283,0.6042275571863311,0.34365975876531374,0.03645782310883008
seasonal_sum_NitSink_0_20,JuvenileLeaves,0.49036836088385305,0.5061695717526873,0.3039919172309964,0.03330849943129829
seasonal_sum_NitSink_0_20,LM_min,0.44403248774908066,0.4554713532829916,0.2837518887783229,0.03097924522996188
seasonal_sum_NitSink_0_20,Alfa,0.27819353076152176,0.2789008750491832,0.19398855765408518,0.02295985196843535
seasonal_sum_NitSink_0_20,thetaR,0.15280117734096324,0.16024585182775544,0.14075561772342926,0.015565670299895005
seasonal_sum_NitSink_0_20,Rmax_LTAR,0.0532417753201608,0.13787528479575387,0.19010496557223355,0.01621937636001319
seasonal_sum_NitSink_0_20,StayGreen,0.11380300185053538,0.12290859356603222,0.11570226910736413,0.012463418525295361
seasonal_sum_NitSink_0_20,Diffz,0.11685308003906304,0.11862192281998625,0.06729146168688883,0.007344151484566079
seasonal_sum_NitSink_0_20,Ks,-0.0027115086822224973,0.07000283865817893,0.10471405246316343,0.009001574558678936
seasonal_sum_NitSink_0_20,Rmax_LTIR,0.006060143026474004,0.039440337253717046,0.06936887764879342,0.006971429474605049
seasonal_sum_NitSink_0_20,Diffx,0.005879125031962849,0.026151787577443582,0.04091471822565,0.003802872581042773
seasonal_sum_NitSink_0_20,PhyllFrmTassel,0.010617222567315886,0.025962738597714217,0.04419006421220837,0.004285606184635481
seasonal_sum_NitSink_0_200,thetaS,0.4784756915580442,0.499134662169795,0.3422375723276091,0.0384655722574564
seasonal_sum_NitSink_0_200,Rmax_LTAR,0.34813083245916693,0.47977088241222093,0.46400415974116727,0.0372112628169722
seasonal_sum_NitSink_0_200,JuvenileLeaves,-0.3118989290291147,0.389575256810708,0.41092709285918994,0.04161454429554792
seasonal_sum_NitSink_0_200,n,0.2821865300356125,0.38416841764232135,0.39566992303945986,0.0343090935879824
seasonal_sum_NitSink_0_200,LM_min,0.3018952589518043,0.37618776065175263,0.3992261701415888,0.03949970815259044
seasonal_sum_NitSink_0_200,Alfa,0.22091421559421648,0.3356650260013114,0.3618098049170609,0.03128721722086295
seasonal_sum_NitSink_0_200,Ks,-0.11745924958910127,0.2267883730117037,0.2999922508261457,0.02764671380045285
seasonal_sum_NitSink_0_200,thetaR,-0.07872135569302102,0.20234758229914446,0.29836011950896457,0.027857282720648132
seasonal_sum_NitSink_0_200,Rmax_LTIR,0.08605073404800866,0.1942090602975812,0.29119346701773646,0.026884095003510203
seasonal_sum_NitSink_0_200,Diffz,0.12418864905974536,0.18937181234689143,0.2290963078014169,0.020455561799130252
seasonal_sum_NitSink_0_200,StayGreen,0.024137405381188835,0.18006495289387106,0.2822716615757541,0.0250977098814688
seasonal_sum_NitSink_0_200,Diffx,-0.06175088704605966,0.14056854042458963,0.24030580285994213,0.024467523763052015
seasonal_sum_NitSink_0_200,PhyllFrmTassel,0.0006377923070002346,0.0026009673323519208,0.00651733504916964,0.0007009907747891283
seasonal_sum_NitSink_10_20,JuvenileLeaves,0.42750941635595996,0.6448311327414843,0.6123008042459955,0.04607485451998517
seasonal_sum_NitSink_10_20,thetaS,-0.20020581173685637,0.542703957665236,0.6322410520109069,0.043702208998625945
seasonal_sum_NitSink_10_20,LM_min,0.3602991605473785,0.5165037832234884,0.5061319666529214,0.04098308571991854
seasonal_sum_NitSink_10_20,n,0.1621621744436844,0.48543932250298394,0.5876003190320503,0.04349220307279753
seasonal_sum_NitSink_10_20,Alfa,0.2785487649300775,0.2957815009655212,0.2852807145845399,0.031648406511587894
seasonal_sum_NitSink_10_20,Rmax_LTAR,-0.10257754171663797,0.2191940895803692,0.2846017621446383,0.02449992571509221
seasonal_sum_NitSink_10_20,thetaR,0.07925504146913698,0.20405016862206793,0.26691795475834207,0.02229526815281257
seasonal_sum_NitSink_10_20,Ks,-0.0619375025893016,0.14486563710127426,0.23678724642523188,0.023797301544980786
seasonal_sum_NitSink_10_20,StayGreen,0.1236714588234075,0.14092316229080715,0.14795036477608806,0.015839661909444507
seasonal_sum_NitSink_10_20,Diffz,-0.03401035214125958,0.06569925218699442,0.10147490058861562,0.009844327208699403
seasonal_sum_NitSink_10_20,Rmax_LTIR,0.00698078293728114,0.062078197061052755,0.12355760826618326,0.01296508003076099
seasonal_sum_NitSink_10_20,Diffx,0.009101009426561685,0.042061288165756515,0.07845431331096485,0.00794063177829383
seasonal_sum_NitSink_10_20,PhyllFrmTassel,0.003348631381746147,0.03092377937932508,0.05994703120230618,0.006098893400192633
seasonal_sum_NitSink_120_200,thetaS,0.4822936163732094,0.5024603182685146,0.34257869775451716,0.03856960515638156
seasonal_sum_NitSink_120_200,Rmax_LTAR,0.34710360444967486,0.47978384774302685,0.46493259506631457,0.037232444317575455
seasonal_sum_NitSink_120_200,JuvenileLeaves,-0.3182903950424405,0.39345412128557217,0.4109645517381988,0.041776007163963624
seasonal_sum_NitSink_120_200,n,0.27785046972461785,0.38111670859604757,0.3949337142709552,0.03415247189003005
seasonal_sum_NitSink_120_200,LM_min,0.2961250238280068,0.37216188163530245,0.3995230524666817,0.039465124826689936
seasonal_sum_NitSink_120_200,Alfa,0.216572716679819,0.33287395000044984,0.3613605178106206,0.031182738757934238
seasonal_sum_NitSink_120_200,Ks,-0.11664830860517683,0.22634685506684973,0.29977607270147405,0.0275985533149281
seasonal_sum_NitSink_120_200,thetaR,-0.08036079703256956,0.20244533174037485,0.2977673909841902,0.027810970063492365
seasonal_sum_NitSink_120_200,Rmax_LTIR,0.08629742455330304,0.1943612989721812,0.29157611365631114,0.026932251274211047
seasonal_sum_NitSink_120_200,Diffz,0.12270774919450252,0.18795637682856806,0.228326974768463,0.020394675799378863
seasonal_sum_NitSink_120_200,StayGreen,0.022665389361869927,0.17999760028381007,0.2824921719891486,0.025154823286163936
seasonal_sum_NitSink_120_200,Diffx,-0.06190570708996505,0.14046629768496433,0.23975252730923946,0.024404837101238964
seasonal_sum_NitSink_120_200,PhyllFrmTassel,0.00046754894037617697,0.002507789892189561,0.006473221336697129,0.0006998408196155003
seasonal_sum_NitSink_20_40,thetaS,0.7040522406160123,0.7445266610676095,0.4443036298910306,0.04433270722718702
seasonal_sum_NitSink_20_40,JuvenileLeaves,-0.2866085709735306,0.4068464448924475,0.43738992437946994,0.03942801277830905
seasonal_sum_NitSink_20_40,n,-0.2827428884615106,0.39282111407994796,0.39980957301387915,0.03299950746047493
seasonal_sum_NitSink_20_40,Rmax_LTAR,-0.3228121112036576,0.3648148758904831,0.3588200157388749,0.03693449697714281
seasonal_sum_NitSink_20_40,LM_min,-0.23681040274353188,0.32786791551536465,0.35766582215942994,0.03254252360167243
seasonal_sum_NitSink_20_40,Alfa,0.12691958072125864,0.2196604036879977,0.2994954316508549,0.028645200907639584
seasonal_sum_NitSink_20_40,thetaR,-0.14766978341495807,0.21362877788109155,0.2630751632182354,0.024026986649732098
seasonal_sum_NitSink_20_40,Ks,-0.10624857569263103,0.17406474938521105,0.23178263934693383,0.021725708218837736
seasonal_sum_NitSink_20_40,Rmax_LTIR,0.03864774188996394,0.15215944191382344,0.24522836779097612,0.022270277393169936
seasonal_sum_NitSink_20_40,StayGreen,0.008164366224799775,0.1461689473426503,0.24909970569339104,0.023550470957852704
seasonal_sum_NitSink_20_40,Diffz,-0.022763233414455807,0.08825568198316097,0.1891859377086118,0.020557781648005726
seasonal_sum_NitSink_20_40,Diffx,0.0005280559772442553,0.08320843330381836,0.1675401748463449,0.016503643338468647
seasonal_sum_NitSink_20_40,PhyllFrmTassel,0.003645065021714346,0.009125454416338559,0.016389715393467764,0.0016467273180336317
seasonal_sum_NitSink_80_120,n,-0.6018695188277695,0.6371592451435159,0.3985571759988688,0.03816047898110069
seasonal_sum_NitSink_80_120,JuvenileLeaves,0.33531329156067824,0.4677243244381242,0.472216010853975,0.04022738116540239
seasonal_sum_NitSink_80_120,LM_min,0.10327501637989497,0.3639960133376412,0.4687370517416876,0.036464630539654985
seasonal_sum_NitSink_80_120,Rmax_LTAR,0.183622302052636,0.3531041824754315,0.4384819982033213,0.03651965565298494
seasonal_sum_NitSink_80_120,thetaS,0.15853774679414614,0.31838698109796987,0.41681525328080904,0.0383684571831792
seasonal_sum_NitSink_80_120,Alfa,0.11416743965013555,0.23761999803565198,0.3393803238733696,0.03192158639913085
seasonal_sum_NitSink_80_120,thetaR,0.10315997272625538,0.2150135733751486,0.31713472800440046,0.029778564971612607
seasonal_sum_NitSink_80_120,StayGreen,0.0022265073670932178,0.17454026187792698,0.2977926750255967,0.02911952832504179
seasonal_sum_NitSink_80_120,Ks,-0.05351019619609528,0.17331944663822205,0.27638317109240795,0.026283744309329348
seasonal_sum_NitSink_80_120,Rmax_LTIR,-0.06773014042173389,0.16976082760308178,0.26747209541507855,0.025475151630146922
seasonal_sum_NitSink_80_120,Diffz,0.002153242554263562,0.10931248245397415,0.19452549197228447,0.0193890067468007
seasonal_sum_NitSink_80_120,Diffx,0.0076675200845319645,0.10284968717476248,0.18493912260235065,0.017552066678674056
seasonal_sum_NitSink_80_120,PhyllFrmTassel,0.0020600993949553177,0.0039942458400598815,0.00859304531122972,0.0009817977464763987
seasonal_sum_PARInt,JuvenileLeaves,0.0,0.0,0.0,0.0
seasonal_sum_PARInt,Rmax_LTAR,0.0,0.0,0.0,0.0
seasonal_sum_PARInt,Rmax_LTIR,0.0,0.0,0.0,0.0
seasonal_sum_PARInt,PhyllFrmTassel,0.0,0.0,0.0,0.0
seasonal_sum_PARInt,StayGreen,0.0,0.0,0.0,0.0
seasonal_sum_PARInt,LM_min,0.0,0.0,0.0,0.0
seasonal_sum_PARInt,Diffx,0.0,0.0,0.0,0.0
seasonal_sum_PARInt,Diffz,0.0,0.0,0.0,0.0
seasonal_sum_PARInt,thetaR,0.0,0.0,0.0,0.0
seasonal_sum_PARInt,thetaS,0.0,0.0,0.0,0.0
seasonal_sum_PARInt,Alfa,0.0,0.0,0.0,0.0
seasonal_sum_PARInt,n,0.0,0.0,0.0,0.0
seasonal_sum_PARInt,Ks,0.0,0.0,0.0,0.0
seasonal_sum_RADInt,JuvenileLeaves,0.0,0.0,0.0,0.0
seasonal_sum_RADInt,Rmax_LTAR,0.0,0.0,0.0,0.0
seasonal_sum_RADInt,Rmax_LTIR,0.0,0.0,0.0,0.0
seasonal_sum_RADInt,PhyllFrmTassel,0.0,0.0,0.0,0.0
seasonal_sum_RADInt,StayGreen,0.0,0.0,0.0,0.0
seasonal_sum_RADInt,LM_min,0.0,0.0,0.0,0.0
seasonal_sum_RADInt,Diffx,0.0,0.0,0.0,0.0
seasonal_sum_RADInt,Diffz,0.0,0.0,0.0,0.0
seasonal_sum_RADInt,thetaR,0.0,0.0,0.0,0.0
seasonal_sum_RADInt,thetaS,0.0,0.0,0.0,0.0
seasonal_sum_RADInt,Alfa,0.0,0.0,0.0,0.0
seasonal_sum_RADInt,n,0.0,0.0,0.0,0.0
seasonal_sum_RADInt,Ks,0.0,0.0,0.0,0.0
seasonal_sum_RDenM_0_10,thetaS,-0.7489517727290593,0.7489517727290593,0.42142809068252085,0.04941199476598446
seasonal_sum_RDenM_0_10,n,0.5459413037547264,0.5459413037547264,0.35301348760903023,0.04125947766435286
seasonal_sum_RDenM_0_10,JuvenileLeaves,0.4791815752344623,0.4791815752344623,0.34565399217090936,0.041326922559497915
seasonal_sum_RDenM_0_10,LM_min,0.42432061787451586,0.42432061787451586,0.2993898457771501,0.03520373165629612
seasonal_sum_RDenM_0_10,thetaR,0.15960205729291724,0.1606530452457665,0.14237299559218808,0.015880592496150307
seasonal_sum_RDenM_0_10,Rmax_LTAR,0.11847820520508415,0.14977154280129185,0.17478928327104729,0.01681494218264019
seasonal_sum_RDenM_0_10,StayGreen,0.09661007708896126,0.10240579819775299,0.10826136970287849,0.011857652461071955
seasonal_sum_RDenM_0_10,Alfa,0.0920123186103357,0.09902310645267562,0.1121075961954239,0.012427272953333256
seasonal_sum_RDenM_0_10,Diffz,0.09456233250857386,0.09496801705649768,0.06692906770400384,0.007899028229057253
seasonal_sum_RDenM_0_10,Ks,0.08660160108793608,0.08899855266646865,0.09658526903531636,0.011202087952474456
seasonal_sum_RDenM_0_10,Rmax_LTIR,0.009408611323397702,0.037250954029251236,0.08225480149629885,0.009031504303321886
seasonal_sum_RDenM_0_10,PhyllFrmTassel,0.011427775437962376,0.020489597308652834,0.032589179764723655,0.003358730412056704
seasonal_sum_RDenM_0_10,Diffx,0.004117764416581893,0.019245850433334887,0.03164835483165456,0.0030067410616946852
seasonal_sum_RDenM_0_20,thetaS,-0.7557052447596563,0.7557052447596563,0.40219643167158337,0.04743371567981948
seasonal_sum_RDenM_0_20,JuvenileLeaves,0.5488017087773126,0.5488017087773126,0.36341325988335116,0.043409051199663665
seasonal_sum_RDenM_0_20,n,0.45196206581007026,0.45196206581007026,0.294740206699366,0.03411211423261109
seasonal_sum_RDenM_0_20,LM_min,0.4194576143599405,0.4194576143599405,0.28463581234905466,0.03368980782932868
seasonal_sum_RDenM_0_20,thetaR,0.15871519063477918,0.15929391426723855,0.13333015080616303,0.01502207513110522
seasonal_sum_RDenM_0_20,Rmax_LTAR,0.05220760572800825,0.12872423351453316,0.17042722849482017,0.013887950988012196
seasonal_sum_RDenM_0_20,StayGreen,0.09082232436564619,0.09567988902038296,0.09631335903503056,0.010646297210741434
seasonal_sum_RDenM_0_20,Ks,0.09442206534064383,0.09513342458902176,0.08913807846898728,0.010403137589896066
seasonal_sum_RDenM_0_20,Alfa,0.04238634618648324,0.07556412745476332,0.10660628053831361,0.009970800605336288
seasonal_sum_RDenM_0_20,Rmax_LTIR,0.010553913618412285,0.04123603805991909,0.09372540245009671,0.010584008731192807
seasonal_sum_RDenM_0_20,Diffz,0.03633998217189474,0.03805692044077401,0.035280567395613104,0.004004218632379255
seasonal_sum_RDenM_0_20,PhyllFrmTassel,0.016025020050200293,0.023388605059239422,0.03651079746643688,0.0039030973537731327
seasonal_sum_RDenM_0_20,Diffx,0.004695989417979752,0.018896446699038977,0.030210965636624863,0.002841435757150052
seasonal_sum_RDenM_0_200,JuvenileLeaves,0.8021566289221704,0.8021566289221704,0.33499436637104124,0.040217843038680326
seasonal_sum_RDenM_0_200,n,0.5529732914097156,0.5529732914097156,0.23209172562090222,0.027629627421860235
seasonal_sum_RDenM_0_200,LM_min,0.46506253958529864,0.46506253958529864,0.22480221649163692,0.027059372247748608
seasonal_sum_RDenM_0_200,Rmax_LTAR,0.2003482564855945,0.21750490805748815,0.19281366670483427,0.021166933443898427
seasonal_sum_RDenM_0_200,Alfa,0.19613189807514594,0.19613189807514594,0.08966270092947701,0.010451290299326843
seasonal_sum_RDenM_0_200,StayGreen,0.15657105705500954,0.15657105705500954,0.11180840766930103,0.013447316562469126
seasonal_sum_RDenM_0_200,Rmax_LTIR,-0.06480023690548414,0.0857677915640396,0.09376803488362971,0.008614650134501495
seasonal_sum_RDenM_0_200,thetaS,0.06440428600038056,0.07565596069609505,0.08113758764881943,0.008255584979346524
seasonal_sum_RDenM_0_200,Ks,-0.05632606145345294,0.058023428757876305,0.03817281999136976,0.004206649100630855
seasonal_sum_RDenM_0_200,thetaR,-0.04191262685349937,0.0450164298462975,0.03926697145267566,0.004105828227433412
seasonal_sum_RDenM_0_200,Diffz,0.037072976197154,0.03717287243283662,0.023607384755525537,0.002718629372985691
seasonal_sum_RDenM_0_200,PhyllFrmTassel,0.0167153014325148,0.017440195994863524,0.01925635619890691,0.002235155274798392
seasonal_sum_RDenM_0_200,Diffx,-0.012600155934882156,0.015705832753965622,0.015803582497018614,0.001455550545881408
seasonal_sum_RDenM_10_20,thetaS,-0.7524255337164657,0.7524255337164657,0.3939829386327775,0.0465520848725333
seasonal_sum_RDenM_10_20,JuvenileLeaves,0.5688222188800136,0.5688222188800136,0.3668586261078513,0.043866593125782394
seasonal_sum_RDenM_10_20,n,0.41882531842727266,0.41882531842727266,0.2764392773066907,0.03186726257641083
seasonal_sum_RDenM_10_20,LM_min,0.41552981578118553,0.41552981578118553,0.2788058206005523,0.03305948551396848
seasonal_sum_RDenM_10_20,thetaR,0.15698311626518233,0.15755528826455226,0.12966837743003537,0.01467356845663761
seasonal_sum_RDenM_10_20,Rmax_LTAR,0.029989231651951716,0.12606384877726445,0.17339335553095514,0.013913502240203253
seasonal_sum_RDenM_10_20,Ks,0.09593317405449873,0.09634284700269576,0.08635658094772788,0.010096456856681793
seasonal_sum_RDenM_10_20,StayGreen,0.08861216721220054,0.0933575648643778,0.09241650248092112,0.010234402472069713
seasonal_sum_RDenM_10_20,Alfa,0.02558270592557264,0.07325482834119532,0.10563818568815947,0.00923494654287806
seasonal_sum_RDenM_10_20,Rmax_LTIR,0.010995444897061257,0.04270048795608455,0.09774357899730249,0.011114858022792747
seasonal_sum_RDenM_10_20,PhyllFrmTassel,0.0173085071701133,0.024389299166623152,0.038268416439638735,0.00412047251407993
seasonal_sum_RDenM_10_20,Diffz,0.017072181156545085,0.022227366923482438,0.027910758159181558,0.0028747333355571086
seasonal_sum_RDenM_10_20,Diffx,0.00479875492890505,0.018896226633320256,0.029789392480376882,0.0027850107224693
seasonal_sum_RDenM_120_200,JuvenileLeaves,0.7974462001945383,0.7974462001945383,0.3349832244387759,0.04013551983282826
seasonal_sum_RDenM_120_200,n,0.5579548924539652,0.5579548924539652,0.23451475649572076,0.027931373594655667
seasonal_sum_RDenM_120_200,LM_min,0.46318292167361214,0.46318292167361214,0.22526156299985112,0.027116079068661467
seasonal_sum_RDenM_120_200,Rmax_LTAR,0.20667018723509925,0.22339739990900206,0.19621410393062072,0.02161900664425767
seasonal_sum_RDenM_120_200,Alfa,0.19935500997352806,0.19935500997352806,0.0912480776823248,0.010646890009696092
seasonal_sum_RDenM_120_200,StayGreen,0.1561440632427293,0.1561440632427293,0.11169925789341997,0.013436881631666056
seasonal_sum_RDenM_120_200,Rmax_LTIR,-0.06569536943101224,0.08606338873930967,0.0938862701757513,0.008675161434100517
seasonal_sum_RDenM_120_200,thetaS,0.07267818059230499,0.0824664131127083,0.08500761118642901,0.008877505240174544
seasonal_sum_RDenM_120_200,Ks,-0.05836470517696158,0.05996784741661297,0.03924616882890479,0.004351650099350568
seasonal_sum_RDenM_120_200,thetaR,-0.043955021102041185,0.046751545670879247,0.040117027844736544,0.004237822292193139
seasonal_sum_RDenM_120_200,Diffz,0.037559565939598916,0.03765776828575242,0.023959689173306063,0.00276042393919175
seasonal_sum_RDenM_120_200,PhyllFrmTassel,0.01651943677882277,0.017400099893944854,0.01969140952636381,0.0022713942634761818
seasonal_sum_RDenM_120_200,Diffx,-0.012779981854581483,0.015920587995129527,0.01597683842319985,0.0014692898977356332
seasonal_sum_RDenM_20_40,JuvenileLeaves,0.7812219155385154,0.7812219155385154,0.3551196984476267,0.04307917483053349
seasonal_sum_RDenM_20_40,thetaS,-0.5208409140443464,0.5208409140443464,0.28810333925030696,0.03500237331018923
seasonal_sum_RDenM_20_40,LM_min,0.43531195783764576,0.4363097553978198,0.2804339262235913,0.03378055369540497
seasonal_sum_RDenM_20_40,n,0.2594279932037452,0.2597652357717773,0.1898574459813157,0.02146880080844267
seasonal_sum_RDenM_20_40,Rmax_LTAR,-0.14204020892248456,0.1907666700062673,0.23568625321898237,0.022605441097189993
seasonal_sum_RDenM_20_40,StayGreen,0.12567138295412844,0.1275953952740347,0.10817447950323185,0.012352300942358172
seasonal_sum_RDenM_20_40,thetaR,0.1000996163631944,0.10498078992889723,0.09281668636052043,0.010203192641857945
seasonal_sum_RDenM_20_40,Ks,0.07093915980259775,0.07461255693078625,0.07183010603974418,0.008070533884668997
seasonal_sum_RDenM_20_40,Alfa,-0.002408239397731003,0.06125349051004926,0.08921090987132935,0.007587676237502735
seasonal_sum_RDenM_20_40,Rmax_LTIR,0.014925055291432711,0.058983733341307486,0.11962968061390077,0.013055643669003079
seasonal_sum_RDenM_20_40,PhyllFrmTassel,0.02466995714784366,0.02914566671728375,0.042959280391396196,0.004830503648539407
seasonal_sum_RDenM_20_40,Diffx,0.001910092993546417,0.02226192111634383,0.032117059780002996,0.0027282204607448866
seasonal_sum_RDenM_20_40,Diffz,-0.0016622743194958935,0.01351021302068586,0.020219453548172454,0.00176922443620763
seasonal_sum_RDenM_80_120,JuvenileLeaves,0.8447025283499285,0.8447025283499285,0.31654376288468133,0.03804151123468067
seasonal_sum_RDenM_80_120,LM_min,0.4031959894782694,0.4142255507789753,0.32866124599505403,0.03802693916835135
seasonal_sum_RDenM_80_120,Rmax_LTAR,-0.23590133711713981,0.2608884896460066,0.25914840914626225,0.027507553288483293
seasonal_sum_RDenM_80_120,thetaS,-0.0927571903811963,0.19519106374625544,0.22829535557429403,0.017549875317480895
seasonal_sum_RDenM_80_120,StayGreen,0.15683758206115758,0.15692593703297988,0.14629682865805327,0.016916759552581075
seasonal_sum_RDenM_80_120,n,0.021527153507960868,0.13186128291132368,0.17458951502835476,0.013276609475396042
seasonal_sum_RDenM_80_120,Rmax_LTIR,-0.011222383544112546,0.07410609875629785,0.12026307496119619,0.011413710496841043
seasonal_sum_RDenM_80_120,thetaR,0.01583446994058801,0.06687617816636689,0.0931775564352812,0.007780776634244984
seasonal_sum_RDenM_80_120,Alfa,-0.019537535797709834,0.05254344011782307,0.07438905290682785,0.00667767347573838
seasonal_sum_RDenM_80_120,Ks,0.023173571082856236,0.051103289186269864,0.06921836105406762,0.006295080782225894
seasonal_sum_RDenM_80_120,PhyllFrmTassel,0.0187548023589053,0.021009313054586188,0.02910271384737887,0.003305694784202619
seasonal_sum_RDenM_80_120,Diffx,-0.0007231149709906324,0.020165920134621602,0.02816777781060902,0.002324137403540864
seasonal_sum_RDenM_80_120,Diffz,0.0006501514625038118,0.011567204412040503,0.01755398191647165,0.00157761116446848
seasonal_sum_RDenY_0_10,thetaS,-0.7236163886696958,0.7236163886696958,0.4132041826778603,0.04859420825539111
seasonal_sum_RDenY_0_10,n,0.6024062131338656,0.6024062131338656,0.3643586218170788,0.04276040410791617
seasonal_sum_RDenY_0_10,JuvenileLeaves,0.49707585967920487,0.49707585967920487,0.34226015235058094,0.04081199181978285
seasonal_sum_RDenY_0_10,LM_min,0.37728059791069024,0.37728059791069024,0.273544067472956,0.03181588028141377
seasonal_sum_RDenY_0_10,thetaR,0.1575673906588509,0.1597706242113208,0.14565690422356706,0.01613868491310288
seasonal_sum_RDenY_0_10,Rmax_LTAR,0.10757300221624734,0.14075116507680943,0.17216174910856363,0.016432609356061906
seasonal_sum_RDenY_0_10,Alfa,0.125187522056933,0.12914679485005173,0.12510897207933733,0.014250220439218269
seasonal_sum_RDenY_0_10,Diffz,0.09705693439052601,0.09758477156334446,0.06924933055902667,0.008112544835145433
seasonal_sum_RDenY_0_10,Ks,0.07562067153301712,0.08244613733436497,0.10032157476388759,0.01134476606766611
seasonal_sum_RDenY_0_10,StayGreen,0.04087273821427896,0.06064459929600846,0.08095605448979502,0.007422382309604093
seasonal_sum_RDenY_0_10,Rmax_LTIR,0.007882009040610725,0.03994848512272493,0.08338155274929739,0.0089579062677687
seasonal_sum_RDenY_0_10,PhyllFrmTassel,0.012439579642995116,0.023508112588608118,0.03807636492866661,0.003930480152157969
seasonal_sum_RDenY_0_10,Diffx,0.00395610816799263,0.02119949791466367,0.034698906901982095,0.0032876893310231324
seasonal_sum_RDenY_0_20,thetaS,-0.7571330195661335,0.7571330195661335,0.40106869128153777,0.04748330609911742
seasonal_sum_RDenY_0_20,JuvenileLeaves,0.5629574673569061,0.5629574673569061,0.36470145076157306,0.043446506325430394
seasonal_sum_RDenY_0_20,n,0.4807400569059026,0.4807400569059026,0.30027768466996085,0.03474813733355247
seasonal_sum_RDenY_0_20,LM_min,0.3772666928971035,0.3772666928971035,0.26124581264929864,0.03058200377244462
seasonal_sum_RDenY_0_20,thetaR,0.16139932426114073,0.16229864076686068,0.1360787691637454,0.015307321926788315
seasonal_sum_RDenY_0_20,Rmax_LTAR,0.05055075073036122,0.1270776738587107,0.16764725645057316,0.013505273892202407
seasonal_sum_RDenY_0_20,Ks,0.09056858749042994,0.092088036327387,0.08945443580786322,0.010437964330989733
seasonal_sum_RDenY_0_20,Alfa,0.058508125100173516,0.08457476159520003,0.1128841228190017,0.011052640289215463
seasonal_sum_RDenY_0_20,StayGreen,0.03538226020565164,0.052353391818506984,0.06825525046458876,0.006311196962778437
seasonal_sum_RDenY_0_20,Rmax_LTIR,0.00978289807604747,0.043326454249665934,0.09300892106307387,0.010276632466640557
seasonal_sum_RDenY_0_20,Diffz,0.03669767458025597,0.038832145292987466,0.03755614965097908,0.004200924642624505
seasonal_sum_RDenY_0_20,PhyllFrmTassel,0.016629488357863292,0.02565322970797818,0.040259245546102225,0.004268615041379913
seasonal_sum_RDenY_0_20,Diffx,0.004653494139974171,0.020514886979304692,0.03319249331725498,0.003143956429339524
seasonal_sum_RDenY_0_200,JuvenileLeaves,0.8484051677237056,0.8484051677237056,0.3197359311923921,0.038393878580325835
seasonal_sum_RDenY_0_200,n,0.5852666089915021,0.5852666089915021,0.24308681493885692,0.028353881646572408
seasonal_sum_RDenY_0_200,LM_min,0.3904137955729359,0.3904137955729359,0.19178371117993548,0.02277802689055497
seasonal_sum_RDenY_0_200,Alfa,0.19040375140420027,0.19040375140420027,0.08786925241521258,0.010133596016285815
seasonal_sum_RDenY_0_200,Rmax_LTAR,0.10886631241361988,0.14423075579539404,0.1647146078833702,0.01639146918060354
seasonal_sum_RDenY_0_200,Rmax_LTIR,-0.05858112595366907,0.08082507148694695,0.09737370871723798,0.009168929644988036
seasonal_sum_RDenY_0_200,thetaS,-0.020518869764355904,0.0732934894716158,0.09432639821419223,0.007440150485650169
seasonal_sum_RDenY_0_200,StayGreen,0.04888487343445972,0.04985317192041817,0.04357165931534858,0.005179653625355045
seasonal_sum_RDenY_0_200,Ks,-0.046369145377891344,0.049435575377482464,0.039804127459347166,0.0042737825201387535
seasonal_sum_RDenY_0_200,thetaR,-0.023647428803064644,0.03615900991440091,0.04329784655381354,0.0038613530071131886
seasonal_sum_RDenY_0_200,PhyllFrmTassel,0.023825272322301538,0.025364344295987898,0.025250208903513153,0.002848405480979709
seasonal_sum_RDenY_0_200,Diffz,0.024537533490898808,0.025095783639109737,0.021007332626903043,0.0023773054458219724
seasonal_sum_RDenY_0_200,Diffx,-0.007589919258494862,0.012945848492767482,0.015146331967080122,0.0012466073259844996
seasonal_sum_RDenY_10_20,thetaS,-0.7606525609834982,0.7606525609834982,0.3936911140874147,0.04668663555830916
seasonal_sum_RDenY_10_20,JuvenileLeaves,0.581852473492479,0.581852473492479,0.3692162048949725,0.0440383646958444
seasonal_sum_RDenY_10_20,n,0.43351085456968946,0.43351085456968946,0.2789758961329456,0.032081781635081304
seasonal_sum_RDenY_10_20,LM_min,0.37400431207091955,0.37400431207091955,0.25613632784156937,0.03005245627016111
seasonal_sum_RDenY_10_20,thetaR,0.16090821155979818,0.16162416849680855,0.13244081509816705,0.014994341135813424
seasonal_sum_RDenY_10_20,Rmax_LTAR,0.029235618191308602,0.12423328336338112,0.17040736729437161,0.01360018366477676
seasonal_sum_RDenY_10_20,Ks,0.09454732380898671,0.09552078099498322,0.08607428743173708,0.010089045058659488
seasonal_sum_RDenY_10_20,Alfa,0.033904174972024234,0.07733946651795776,0.11006114608641974,0.009840861412747662
seasonal_sum_RDenY_10_20,StayGreen,0.0330569109426801,0.04929881364832885,0.06427122275799527,0.005980171064528951
seasonal_sum_RDenY_10_20,Rmax_LTIR,0.010482793031881515,0.04457932230243365,0.09638027327032438,0.010723962183706321
seasonal_sum_RDenY_10_20,PhyllFrmTassel,0.017855433553118,0.026416477579546654,0.041607868602009934,0.0044477420182208694
seasonal_sum_RDenY_10_20,Diffz,0.014415516976426275,0.022052217532182852,0.029798034771970988,0.0029457818858861827
seasonal_sum_RDenY_10_20,Diffx,0.004804720610601835,0.020317294075915815,0.032617577346686195,0.0030784671034540943
seasonal_sum_RDenY_120_200,JuvenileLeaves,0.8433753010006413,0.8433753010006413,0.32021478876275405,0.03833367043161704
seasonal_sum_RDenY_120_200,n,0.5920384422515652,0.5920384422515652,0.2461878132479762,0.028725812324998247
seasonal_sum_RDenY_120_200,LM_min,0.3886481886082347,0.3886481886082347,0.192861649031925,0.022900047513274645
seasonal_sum_RDenY_120_200,Alfa,0.19427491853224446,0.19427491853224446,0.08970267584502262,0.010357674411339862
seasonal_sum_RDenY_120_200,Rmax_LTAR,0.11595876053800677,0.15051763107126753,0.16906945453752337,0.01690650597037928
seasonal_sum_RDenY_120_200,Rmax_LTIR,-0.0596676749587371,0.08138331057774992,0.09760212857663317,0.009223543067118712
seasonal_sum_RDenY_120_200,thetaS,-0.011413454281601908,0.07393546484305757,0.09846103824562166,0.007839835305028667
seasonal_sum_RDenY_120_200,Ks,-0.04882830078166448,0.051572628965337076,0.04102467083608516,0.004462046009382821
seasonal_sum_RDenY_120_200,StayGreen,0.04861806449286914,0.04977188671221673,0.043717753500026664,0.00517187027748676
seasonal_sum_RDenY_120_200,thetaR,-0.026098211560071246,0.03752238199408425,0.044449876491605,0.004070747038985261
seasonal_sum_RDenY_120_200,Diffz,0.02489337722775628,0.02545754303685058,0.02134779487901003,0.002416123404177402
seasonal_sum_RDenY_120_200,PhyllFrmTassel,0.023596931363923976,0.02545047923756406,0.025963367873845795,0.0028964191283390893
seasonal_sum_RDenY_120_200,Diffx,-0.00772937889950342,0.013111862528942414,0.015276159615639783,0.0012518688447751166
seasonal_sum_RDenY_20_40,JuvenileLeaves,0.803554663107181,0.803554663107181,0.3572860379086304,0.04321901856266473
seasonal_sum_RDenY_20_40,thetaS,-0.5454195357744891,0.5454195357744891,0.29174018244095307,0.03550677814267253
seasonal_sum_RDenY_20_40,LM_min,0.3762570053347821,0.37861956233228145,0.243927604259039,0.029080066494951963
seasonal_sum_RDenY_20_40,n,0.27475135936145706,0.2757415807583613,0.19694516241141585,0.021938974385932727
seasonal_sum_RDenY_20_40,Rmax_LTAR,-0.1519865509136743,0.191481258879844,0.23060113155633696,0.022464493003278577
seasonal_sum_RDenY_20_40,thetaR,0.10991198932939832,0.11418186097914514,0.09854384663819302,0.01099399586397336
seasonal_sum_RDenY_20_40,Ks,0.07131119609721805,0.07563765849333219,0.07345943018961344,0.008156174206436648
seasonal_sum_RDenY_20_40,Alfa,0.0039547325509957905,0.06511043346906334,0.09419978863053464,0.0079323201228394
seasonal_sum_RDenY_20_40,Rmax_LTIR,0.01486192958035702,0.0635019058488696,0.12520720371263325,0.013521333323130979
seasonal_sum_RDenY_20_40,StayGreen,0.04243387493596796,0.05518207630818464,0.07088320190734199,0.007074221704022662
seasonal_sum_RDenY_20_40,PhyllFrmTassel,0.02763277597001637,0.034004600519020475,0.04976347145077255,0.005524476193939517
seasonal_sum_RDenY_20_40,Diffx,0.0024913959973561824,0.024167421629201165,0.03461193202717746,0.0029061220592484396
seasonal_sum_RDenY_20_40,Diffz,-0.002307246738465714,0.01601856640977973,0.023030962884469305,0.0019536649588976045
seasonal_sum_RDenY_80_120,JuvenileLeaves,0.8714313954416372,0.8714313954416372,0.30430232173483335,0.036816490769822866
seasonal_sum_RDenY_80_120,LM_min,0.3008515649308602,0.3270808652558677,0.3065207404256381,0.03384088493047383
seasonal_sum_RDenY_80_120,Rmax_LTAR,-0.2949286794865333,0.30720757356814365,0.25317654419466784,0.02768351866405434
seasonal_sum_RDenY_80_120,thetaS,0.0015994276117278607,0.18081862422700792,0.23196613539452207,0.016724002610742604
seasonal_sum_RDenY_80_120,n,-0.020885450193263377,0.1356976985834302,0.18818485209011904,0.015626160973190025
seasonal_sum_RDenY_80_120,Rmax_LTIR,-0.0076124020071358265,0.07749724135640529,0.12703220366924298,0.011963619037823137
seasonal_sum_RDenY_80_120,thetaR,-0.0005333931520263828,0.071486540482631,0.10260809753975095,0.0085544013884121
seasonal_sum_RDenY_80_120,StayGreen,0.049825272130012886,0.05683621439547617,0.09611917885088021,0.010525108064502674
seasonal_sum_RDenY_80_120,Alfa,-0.018931027271999173,0.05517945892754768,0.07644045268245545,0.006612514930638546
seasonal_sum_RDenY_80_120,Ks,0.01105637791710915,0.05206626577586113,0.07383722406924803,0.006539631220529871
seasonal_sum_RDenY_80_120,PhyllFrmTassel,0.023387127381463976,0.026784046869530318,0.034772962186030015,0.0038731488429779174
seasonal_sum_RDenY_80_120,Diffx,-0.002123630742818379,0.022979543859106544,0.03150038229530552,0.0025310218334935472
seasonal_sum_RDenY_80_120,Diffz,0.0005652740405242183,0.013382845756057882,0.019233717973396517,0.0016608729660165583
seasonal_sum_RMassM_0_10,thetaS,-0.748954538991889,0.748954538991889,0.4214245659057174,0.049411243514037036
seasonal_sum_RMassM_0_10,n,0.545954817824516,0.545954817824516,0.3530223543841232,0.04126076446026166
seasonal_sum_RMassM_0_10,JuvenileLeaves,0.4791837205497974,0.4791837205497974,0.3456558545333252,0.04132696971020181
seasonal_sum_RMassM_0_10,LM_min,0.4243146186007483,0.4243146186007483,0.29938220263377946,0.03520294438265797
seasonal_sum_RMassM_0_10,thetaR,0.15959426671052585,0.16064600036832635,0.14237835163783927,0.01588104252171965
seasonal_sum_RMassM_0_10,Rmax_LTAR,0.11848598628932182,0.14976871024681107,0.17478460959079833,0.016815294547260946
seasonal_sum_RMassM_0_10,StayGreen,0.0966017280556354,0.10240201512499113,0.10825304061666562,0.011855922158448728
seasonal_sum_RMassM_0_10,Alfa,0.09201200752170796,0.09902298947544813,0.11210751251671429,0.012427245675540852
seasonal_sum_RMassM_0_10,Diffz,0.09455341739736467,0.09495919143966572,0.06693152955807359,0.007899322285756988
seasonal_sum_RMassM_0_10,Ks,0.08658782474521945,0.0889874851606107,0.09657492202799264,0.011200902498375973
seasonal_sum_RMassM_0_10,Rmax_LTIR,0.009410132621600249,0.03724774772273627,0.08224271505770973,0.009030032446798324
seasonal_sum_RMassM_0_10,PhyllFrmTassel,0.011425788930259794,0.02049019567018934,0.032583911907169284,0.0033580953156978456
seasonal_sum_RMassM_0_10,Diffx,0.004121122412866768,0.019253356892291577,0.031661199906060845,0.003008207817421647
seasonal_sum_RMassM_0_20,thetaS,-0.7557104093440539,0.7557104093440539,0.4021980663962369,0.047433997639218684
seasonal_sum_RMassM_0_20,JuvenileLeaves,0.548812223466717,0.548812223466717,0.3634151725654438,0.043409094601344664
seasonal_sum_RMassM_0_20,n,0.45194798796025637,0.45194798796025637,0.29473768832049463,0.03411119176275145
seasonal_sum_RMassM_0_20,LM_min,0.4194506805074069,0.4194506805074069,0.28463987101784444,0.03369013968464605
seasonal_sum_RMassM_0_20,thetaR,0.15870664105763027,0.15928383883380728,0.1333353254227593,0.015022881857335602
seasonal_sum_RMassM_0_20,Rmax_LTAR,0.05219299630040528,0.1287283589247177,0.17044363449860792,0.013889334753633291
seasonal_sum_RMassM_0_20,StayGreen,0.09082643652381864,0.09568084438983224,0.09630947976280835,0.010646469135565948
seasonal_sum_RMassM_0_20,Ks,0.09442938344828575,0.09514098439713799,0.0891405961055812,0.010403688508424387
seasonal_sum_RMassM_0_20,Alfa,0.04238494397952698,0.07556382579703139,0.10661224011989202,0.009971423677349581
seasonal_sum_RMassM_0_20,Rmax_LTIR,0.010555140419118803,0.041222006672630804,0.0937172537071903,0.010584006245075852
seasonal_sum_RMassM_0_20,Diffz,0.03634500880882,0.03806543358109222,0.03529064118252654,0.004005302560721462
seasonal_sum_RMassM_0_20,PhyllFrmTassel,0.01604179416150992,0.023393967036950583,0.036505425890472266,0.003901854320090895
seasonal_sum_RMassM_0_20,Diffx,0.004690864911252131,0.01890498540200231,0.030221111821408003,0.0028425482524889827
seasonal_sum_RMassM_0_200,JuvenileLeaves,0.8021548353790539,0.8021548353790539,0.33499436164237273,0.04021806836749784
seasonal_sum_RMassM_0_200,n,0.5529747113603861,0.5529747113603861,0.2320896596787792,0.027629161022015417
seasonal_sum_RMassM_0_200,LM_min,0.4650671489847441,0.4650671489847441,0.2248082469689838,0.02705987134583838
seasonal_sum_RMassM_0_200,Rmax_LTAR,0.20035102848260633,0.21750277603855667,0.19281165475814002,0.021167272796607354
seasonal_sum_RMassM_0_200,Alfa,0.1961346879614028,0.1961346879614028,0.08966244731738186,0.010451279991002366
seasonal_sum_RMassM_0_200,StayGreen,0.1565659580841006,0.1565659580841006,0.1118085320933683,0.013447455509154134
seasonal_sum_RMassM_0_200,Rmax_LTIR,-0.06479187974710933,0.08576078849416224,0.09376328371964673,0.008614728819707426
seasonal_sum_RMassM_0_200,thetaS,0.06439970744147182,0.0756509637648624,0.08112956535570816,0.00825468687131124
seasonal_sum_RMassM_0_200,Ks,-0.05632137693889438,0.05801875527756254,0.038174248413119324,0.004206800256933439
seasonal_sum_RMassM_0_200,thetaR,-0.04192054388309559,0.045024514131381754,0.039271198306821464,0.004106309802446178
seasonal_sum_RMassM_0_200,Diffz,0.037068845861294726,0.03716864902781946,0.02359470860683935,0.002716827084975073
seasonal_sum_RMassM_0_200,PhyllFrmTassel,0.016717712701141488,0.017434834145285284,0.019250572541010945,0.0022356495308614565
seasonal_sum_RMassM_0_200,Diffx,-0.012604039337470218,0.015711781029035803,0.015809369964313237,0.0014558608210287877
seasonal_sum_RMassM_10_20,thetaS,-0.752431659448128,0.752431659448128,0.3939868886106956,0.0465526915625046
seasonal_sum_RMassM_10_20,JuvenileLeaves,0.5688353731536363,0.5688353731536363,0.3668600209875244,0.04386668288587079
seasonal_sum_RMassM_10_20,n,0.418803785926113,0.418803785926113,0.2764330238483825,0.031865978623074574
seasonal_sum_RMassM_10_20,LM_min,0.41552318001823796,0.41552318001823796,0.2788146558170527,0.03306021296799795
seasonal_sum_RMassM_10_20,thetaR,0.15697386834940455,0.15754349410785554,0.12967246056140183,0.014674511702388069
seasonal_sum_RMassM_10_20,Rmax_LTAR,0.029969012431421832,0.12606932587733738,0.17341382895794008,0.013915690372543539
seasonal_sum_RMassM_10_20,Ks,0.0959470374875581,0.09635619197509833,0.08636518817236603,0.010097988049146103
seasonal_sum_RMassM_10_20,StayGreen,0.08862125086797716,0.09335839261594658,0.09241558053034406,0.010235407054380807
seasonal_sum_RMassM_10_20,Alfa,0.025581138757156764,0.07324599721068874,0.10564050967169479,0.009235768178318681
seasonal_sum_RMassM_10_20,Rmax_LTIR,0.010996633066928935,0.04268697592719094,0.09773836954489606,0.01111500042436952
seasonal_sum_RMassM_10_20,PhyllFrmTassel,0.01733184650443212,0.02439486144956048,0.03826489779963362,0.004119731355943115
seasonal_sum_RMassM_10_20,Diffz,0.01708331043741273,0.022244153863798806,0.027917003995786886,0.002875290416747483
seasonal_sum_RMassM_10_20,Diffx,0.004790852933366715,0.018907016736081524,0.029801327657495633,0.0027860290237084542
seasonal_sum_RMassM_120_200,JuvenileLeaves,0.7974445892275301,0.7974445892275301,0.3349833339565426,0.04013577466404201
seasonal_sum_RMassM_120_200,n,0.5579563231474425,0.5579563231474425,0.23451245301051662,0.027930891905074577
seasonal_sum_RMassM_120_200,LM_min,0.46318749348430255,0.46318749348430255,0.22526702826753323,0.027116517708411895
seasonal_sum_RMassM_120_200,Rmax_LTAR,0.20667321703393388,0.22339535330411453,0.19621239836742474,0.02161939916528564
seasonal_sum_RMassM_120_200,Alfa,0.1993578784556844,0.1993578784556844,0.09124787373619739,0.010646906197979282
seasonal_sum_RMassM_120_200,StayGreen,0.15613846159456876,0.15613846159456876,0.11169939627721462,0.01343700493149491
seasonal_sum_RMassM_120_200,Rmax_LTIR,-0.06568671171644132,0.08605611339344472,0.09388172895527586,0.008675269472908765
seasonal_sum_RMassM_120_200,thetaS,0.07267347718159371,0.08246117421571181,0.08499895432164271,0.00887640007375931
seasonal_sum_RMassM_120_200,Ks,-0.05836031836472752,0.059963502412554964,0.03924781965999562,0.004351835441349624
seasonal_sum_RMassM_120_200,thetaR,-0.04396328166845597,0.04675994825199391,0.040121699568826254,0.0042383838024568025
seasonal_sum_RMassM_120_200,Diffz,0.03755538715485144,0.03765351386160486,0.023946552781610956,0.0027585660306213115
seasonal_sum_RMassM_120_200,PhyllFrmTassel,0.016521713645466993,0.0173930339810058,0.019685344629595244,0.0022720550980155282
seasonal_sum_RMassM_120_200,Diffx,-0.012783982784305342,0.015926573701758984,0.015982825468819944,0.0014696696046416057
seasonal_sum_RMassM_20_40,JuvenileLeaves,0.7812234406448421,0.7812234406448421,0.35511963604629865,0.04307936126675823
seasonal_sum_RMassM_20_40,thetaS,-0.5208396436433166,0.5208396436433166,0.2881017339403636,0.03500255414654447
seasonal_sum_RMassM_20_40,LM_min,0.4352997492694321,0.4362992215904045,0.28043772817828316,0.033780703587057176
seasonal_sum_RMassM_20_40,n,0.2594471807708248,0.25978450265564357,0.18986353803719544,0.021470488978275488
seasonal_sum_RMassM_20_40,Rmax_LTAR,-0.14202809935331515,0.19076042551765335,0.23568867084164866,0.022605775595930876
seasonal_sum_RMassM_20_40,StayGreen,0.1256677536310795,0.12758838209951073,0.10816829348158402,0.012353541408747108
seasonal_sum_RMassM_20_40,thetaR,0.10011178765829075,0.10499695508458705,0.09284152766466183,0.010206749341912204
seasonal_sum_RMassM_20_40,Ks,0.07094171547373866,0.07461234770379271,0.07179666845815172,0.008067250633596408
seasonal_sum_RMassM_20_40,Alfa,-0.002427237585538461,0.061250134988493514,0.08920464613122138,0.007586457158221489
seasonal_sum_RMassM_20_40,Rmax_LTIR,0.014908573726393507,0.05901331789037764,0.11966302281104142,0.013057956911016043
seasonal_sum_RMassM_20_40,PhyllFrmTassel,0.02466213314918826,0.029150526408785894,0.042962448412466624,0.004830127950660695
seasonal_sum_RMassM_20_40,Diffx,0.0019119467773761427,0.0222659418154043,0.03211518515579941,0.0027274246440486096
seasonal_sum_RMassM_20_40,Diffz,-0.0016595163423038515,0.013514596102578182,0.020240967949640174,0.0017720721766979225
seasonal_sum_RMassM_80_120,JuvenileLeaves,0.8446892916766353,0.8446892916766353,0.3165478135089538,0.03803973590031912
seasonal_sum_RMassM_80_120,LM_min,0.4031997359291149,0.4142378720632911,0.32866474062802425,0.038025555167099316
seasonal_sum_RMassM_80_120,Rmax_LTAR,-0.23592874465133712,0.26090700635430725,0.25912336966156857,0.027505851379158314
seasonal_sum_RMassM_80_120,thetaS,-0.09277134274056525,0.1951881629943279,0.228265407584875,0.017545293350820657
seasonal_sum_RMassM_80_120,StayGreen,0.15686980904674114,0.15695693238957303,0.14627129126483684,0.016913485128562448
seasonal_sum_RMassM_80_120,n,0.021510823791012178,0.13184419325706898,0.17459289668179423,0.013278869554398512
seasonal_sum_RMassM_80_120,Rmax_LTIR,-0.011215578849212931,0.07411195297948496,0.12023544876639745,0.011409786222991517
seasonal_sum_RMassM_80_120,thetaR,0.015839746126876393,0.06689324733161836,0.09325399091997984,0.007789979496782148
seasonal_sum_RMassM_80_120,Alfa,-0.019524637948881353,0.05254535937719958,0.07440688377423979,0.006678563892624781
seasonal_sum_RMassM_80_120,Ks,0.023187343677124952,0.05106494242855538,0.06916188203661709,0.006292878694335325
seasonal_sum_RMassM_80_120,PhyllFrmTassel,0.01878243960978895,0.02099904644289659,0.029107715234540327,0.003310350451490527
seasonal_sum_RMassM_80_120,Diffx,-0.0007123077797612747,0.020159277339556515,0.028144749345922176,0.002318674803785327
seasonal_sum_RMassM_80_120,Diffz,0.0006377175939350792,0.011577382542214206,0.017547338384979013,0.001576828082016709
seasonal_sum_RMassY_0_10,thetaS,-0.7236244929504093,0.7236244929504093,0.4132125240118068,0.04859493047701984
seasonal_sum_RMassY_0_10,n,0.6023963952170966,0.6023963952170966,0.364346733654863,0.042759209149797126
seasonal_sum_RMassY_0_10,JuvenileLeaves,0.49707497707504017,0.49707497707504017,0.34226743398147574,0.040812794458769064
seasonal_sum_RMassY_0_10,LM_min,0.3772809933503204,0.3772809933503204,0.2735391446110025,0.0318150394618838
seasonal_sum_RMassY_0_10,thetaR,0.15757421782756653,0.15978315149272068,0.14565935848744585,0.01613839218347799
seasonal_sum_RMassY_0_10,Rmax_LTAR,0.10757234144397348,0.140751592851328,0.17217275298440315,0.01643420658637923
seasonal_sum_RMassY_0_10,Alfa,0.12519320771640136,0.12915442395103818,0.12511555290886517,0.014250695896477702
seasonal_sum_RMassY_0_10,Diffz,0.0970621835140444,0.09758933955696238,0.06924917087732241,0.00811207746785491
seasonal_sum_RMassY_0_10,Ks,0.07562858003366896,0.08245652426235926,0.10031360671797766,0.01134360192193878
seasonal_sum_RMassY_0_10,StayGreen,0.0408756626475674,0.0606333938487528,0.08093089202447513,0.007420425639800414
seasonal_sum_RMassY_0_10,Rmax_LTIR,0.007885194918492213,0.03994399079585025,0.0833684175894213,0.008955680819864297
seasonal_sum_RMassY_0_10,PhyllFrmTassel,0.012456421540399573,0.02351928670448632,0.03808419850915706,0.00393137596822146
seasonal_sum_RMassY_0_10,Diffx,0.003967315989310534,0.02120022007605794,0.03469358552281059,0.0032871320479125167
seasonal_sum_RMassY_0_20,thetaS,-0.7571399916836765,0.7571399916836765,0.40107775432616133,0.047483763465755176
seasonal_sum_RMassY_0_20,JuvenileLeaves,0.5629558107532986,0.5629558107532986,0.36470169942030045,0.043446557647369044
seasonal_sum_RMassY_0_20,n,0.48074472119980544,0.48074472119980544,0.300274752804669,0.03474733571771811
seasonal_sum_RMassY_0_20,LM_min,0.37726685956142486,0.37726685956142486,0.26125703055665034,0.030582858492368085
seasonal_sum_RMassY_0_20,thetaR,0.16139329823608944,0.16229090810977678,0.13606618540142026,0.01530659254142401
seasonal_sum_RMassY_0_20,Rmax_LTAR,0.050543913451714106,0.12706458869199158,0.16763141348431804,0.013504137723224143
seasonal_sum_RMassY_0_20,Ks,0.09056528994425667,0.09208823704426039,0.08945800722945654,0.010438152618947113
seasonal_sum_RMassY_0_20,Alfa,0.05851088437717363,0.08458664173876557,0.11289529956533768,0.011053369181339612
seasonal_sum_RMassY_0_20,StayGreen,0.035384539619478426,0.052348756141006696,0.06824502142720293,0.00631059427446786
seasonal_sum_RMassY_0_20,Rmax_LTIR,0.009786366963865057,0.04331975217644842,0.09300465626194797,0.01027572760597336
seasonal_sum_RMassY_0_20,Diffz,0.036701569208370574,0.03883544676281827,0.037544390250184655,0.0041988463900058575
seasonal_sum_RMassY_0_20,PhyllFrmTassel,0.01663175986308848,0.025650276465064563,0.04025429628448312,0.0042678850790932804
seasonal_sum_RMassY_0_20,Diffx,0.004658969426637462,0.02051559980745994,0.03322035228399076,0.0031476813586120652
seasonal_sum_RMassY_0_200,JuvenileLeaves,0.8484034322809291,0.8484034322809291,0.3197293549255138,0.03839328161179418
seasonal_sum_RMassY_0_200,n,0.5852667566797165,0.5852667566797165,0.24308362336100864,0.02835350312343082
seasonal_sum_RMassY_0_200,LM_min,0.39041251321695875,0.39041251321695875,0.19178316731409334,0.022777992227524097
seasonal_sum_RMassY_0_200,Alfa,0.19040237184145167,0.19040237184145167,0.08786980465574815,0.010133412197753862
seasonal_sum_RMassY_0_200,Rmax_LTAR,0.10886963549687642,0.14423474795529087,0.16471927314244042,0.0163918533279529
seasonal_sum_RMassY_0_200,Rmax_LTIR,-0.05859039390947597,0.08083060752591723,0.09737721459022343,0.009169230419513737
seasonal_sum_RMassY_0_200,thetaS,-0.020525864606100095,0.07329326738426184,0.094323854524067,0.0074399089544464145
seasonal_sum_RMassY_0_200,StayGreen,0.04888063170778072,0.04984707085579551,0.043567884596409555,0.005179267091420615
seasonal_sum_RMassY_0_200,Ks,-0.04636472389773345,0.04942930923228932,0.039804697574349665,0.00427361468344029
seasonal_sum_RMassY_0_200,thetaR,-0.02365161791002243,0.03615808095559331,0.043304858678286526,0.0038630051573377085
seasonal_sum_RMassY_0_200,PhyllFrmTassel,0.023827363029398908,0.025365988734667274,0.025249247764219426,0.002848166433603792
seasonal_sum_RMassY_0_200,Diffz,0.024536078781800554,0.025095596038980237,0.021007172734291788,0.0023770737136372742
seasonal_sum_RMassY_0_200,Diffx,-0.007585650866124803,0.01294316779555845,0.015141459558258607,0.0012457307571930088
seasonal_sum_RMassY_10_20,thetaS,-0.7606602958747226,0.7606602958747226,0.3936993120942768,0.046686791949622754
seasonal_sum_RMassY_10_20,JuvenileLeaves,0.58185180833506,0.58185180833506,0.3692171727508548,0.04403849117100406
seasonal_sum_RMassY_10_20,n,0.43352171346076673,0.43352171346076673,0.2789760534318161,0.03208141702362114
seasonal_sum_RMassY_10_20,LM_min,0.3740053142626669,0.3740053142626669,0.25615233659521663,0.03005384325269003
seasonal_sum_RMassY_10_20,thetaR,0.16089810032160934,0.16161032975805759,0.13242239473264694,0.014993163664152126
seasonal_sum_RMassY_10_20,Rmax_LTAR,0.029225870407213646,0.12422198140062472,0.17038193273620203,0.013597659854477931
seasonal_sum_RMassY_10_20,Ks,0.09454203189194708,0.09551743718131975,0.0860839705686688,0.010090227380524178
seasonal_sum_RMassY_10_20,Alfa,0.03390623295291513,0.07735042098592444,0.11007886044294521,0.009842761707270619
seasonal_sum_RMassY_10_20,StayGreen,0.033060569744958516,0.049298018530874906,0.06426881046778025,0.005980090595764527
seasonal_sum_RMassY_10_20,Rmax_LTIR,0.010485648599586067,0.04457221962322067,0.09637568790716514,0.010723027924289063
seasonal_sum_RMassY_10_20,PhyllFrmTassel,0.017853356398052866,0.02641284120693373,0.04159760657527154,0.004445976372323849
seasonal_sum_RMassY_10_20,Diffz,0.014419202349989039,0.02205450507956788,0.0297837760192584,0.002943390752599636
seasonal_sum_RMassY_10_20,Diffx,0.004808220254480774,0.020322247248049978,0.032654839961688616,0.00308297272507621
seasonal_sum_RMassY_120_200,JuvenileLeaves,0.843373622216341,0.843373622216341,0.320208076829363,0.038333036374501875
seasonal_sum_RMassY_120_200,n,0.5920383981304919,0.5920383981304919,0.2461848676763862,0.028725477964564948
seasonal_sum_RMassY_120_200,LM_min,0.3886468757116588,0.3886468757116588,0.1928606868335584,0.022899968895143
seasonal_sum_RMassY_120_200,Alfa,0.1942733427415135,0.1942733427415135,0.08970310643489933,0.010357508570278236
seasonal_sum_RMassY_120_200,Rmax_LTAR,0.11596215435330984,0.15052264385516637,0.1690740496568924,0.016906728931943543
seasonal_sum_RMassY_120_200,Rmax_LTIR,-0.059676974693938414,0.08138890987105386,0.0976055716478726,0.009223817182478685
seasonal_sum_RMassY_120_200,thetaS,-0.011420435928625055,0.07393279882896132,0.09845828326472339,0.007839823709601904
seasonal_sum_RMassY_120_200,Ks,-0.04882403385392476,0.05156713753377659,0.04102518063226145,0.004461745476316209
seasonal_sum_RMassY_120_200,StayGreen,0.04861384151574502,0.0497664168841376,0.0437137456991529,0.0051713631406458595
seasonal_sum_RMassY_120_200,thetaR,-0.026102558603692948,0.037522896350449274,0.04445756505305414,0.004072288267436618
seasonal_sum_RMassY_120_200,Diffz,0.024892246670287003,0.025457777739664043,0.021348088526506236,0.002415946273055199
seasonal_sum_RMassY_120_200,PhyllFrmTassel,0.023599248584010427,0.025452503246368486,0.025962250312069092,0.0028961222226005713
seasonal_sum_RMassY_120_200,Diffx,-0.007725199198912741,0.013109030511942066,0.015271622038746558,0.0012510521123589536
seasonal_sum_RMassY_20_40,JuvenileLeaves,0.8035483851120393,0.8035483851120393,0.3572868466151096,0.04321919224056477
seasonal_sum_RMassY_20_40,thetaS,-0.5454336358970383,0.5454336358970383,0.2917369088534606,0.035507102063537174
seasonal_sum_RMassY_20_40,LM_min,0.37625143023814284,0.37861035751456107,0.2439148781017192,0.029078809913627754
seasonal_sum_RMassY_20_40,n,0.2747698078178834,0.2757645919484688,0.1969393215710564,0.02193775503447387
seasonal_sum_RMassY_20_40,Rmax_LTAR,-0.15199855407335544,0.19148663444835207,0.2306012320992136,0.02246532748908319
seasonal_sum_RMassY_20_40,thetaR,0.10991309759897178,0.11417890396441954,0.09853806920590417,0.010994367231397113
seasonal_sum_RMassY_20_40,Ks,0.0713074517454641,0.0756296374476712,0.07343442195105984,0.008154034257680106
seasonal_sum_RMassY_20_40,Alfa,0.003959942694686672,0.06509987576970158,0.09418807051531632,0.007932833061853828
seasonal_sum_RMassY_20_40,Rmax_LTIR,0.014876086373318175,0.06349138048743468,0.12520074616033638,0.01352223166988721
seasonal_sum_RMassY_20_40,StayGreen,0.042420895185375104,0.055176657868546884,0.07087211205468882,0.007072619430160528
seasonal_sum_RMassY_20_40,PhyllFrmTassel,0.027644691729517088,0.03401092864554254,0.04977528382052734,0.005526878163839925
seasonal_sum_RMassY_20_40,Diffx,0.0025007227173444893,0.024149511892236797,0.03459333215794012,0.0029056001530636203
seasonal_sum_RMassY_20_40,Diffz,-0.002307677367688149,0.01601152164432611,0.023039845505321233,0.001955984403009091
seasonal_sum_RMassY_80_120,JuvenileLeaves,0.8714305637274773,0.8714305637274773,0.3042974712071404,0.03681443593689055
seasonal_sum_RMassY_80_120,LM_min,0.30084447524139823,0.32707837339040063,0.30652609413296655,0.033843483522437275
seasonal_sum_RMassY_80_120,Rmax_LTAR,-0.29490086604489707,0.3071872424742692,0.25314687775301675,0.02767886800346256
seasonal_sum_RMassY_80_120,thetaS,0.00159970922891379,0.18082769510116123,0.23197025943304336,0.01672066655751863
seasonal_sum_RMassY_80_120,n,-0.020885950300750786,0.13571831775890433,0.18820651272694172,0.015628281288735692
seasonal_sum_RMassY_80_120,Rmax_LTIR,-0.007627045080932505,0.07750276876411286,0.12704649836685394,0.011965249130333859
seasonal_sum_RMassY_80_120,thetaR,-0.0005269328271322726,0.07147381574422094,0.10259727538628043,0.008554552741204244
seasonal_sum_RMassY_80_120,StayGreen,0.04983659343622052,0.05687029133443292,0.0961407409747831,0.010524605192362023
seasonal_sum_RMassY_80_120,Alfa,-0.01893357371197976,0.0551475504254499,0.0764452212258044,0.006617881490848
seasonal_sum_RMassY_80_120,Ks,0.011088826762487578,0.05206339621926141,0.07388998721713473,0.006550170722806373
seasonal_sum_RMassY_80_120,PhyllFrmTassel,0.0233639125238477,0.02678645872387851,0.034767298564083164,0.003869850117026141
seasonal_sum_RMassY_80_120,Diffx,-0.002113391740783703,0.023003343700907886,0.03152914926522139,0.0025328359577441464
seasonal_sum_RMassY_80_120,Diffz,0.0005524924127804102,0.013396838651876294,0.01925559513871595,0.0016606773465657767
seasonal_sum_RNC,JuvenileLeaves,0.0,0.0,0.0,0.0
seasonal_sum_RNC,Rmax_LTAR,0.0,0.0,0.0,0.0
seasonal_sum_RNC,Rmax_LTIR,0.0,0.0,0.0,0.0
seasonal_sum_RNC,PhyllFrmTassel,0.0,0.0,0.0,0.0
seasonal_sum_RNC,StayGreen,0.0,0.0,0.0,0.0
seasonal_sum_RNC,LM_min,0.0,0.0,0.0,0.0
seasonal_sum_RNC,Diffx,0.0,0.0,0.0,0.0
seasonal_sum_RNC,Diffz,0.0,0.0,0.0,0.0
seasonal_sum_RNC,thetaR,0.0,0.0,0.0,0.0
seasonal_sum_RNC,thetaS,0.0,0.0,0.0,0.0
seasonal_sum_RNC,Alfa,0.0,0.0,0.0,0.0
seasonal_sum_RNC,n,0.0,0.0,0.0,0.0
seasonal_sum_RNC,Ks,0.0,0.0,0.0,0.0
seasonal_sum_RNS,JuvenileLeaves,0.0,0.0,0.0,0.0
seasonal_sum_RNS,Rmax_LTAR,0.0,0.0,0.0,0.0
seasonal_sum_RNS,Rmax_LTIR,0.0,0.0,0.0,0.0
seasonal_sum_RNS,PhyllFrmTassel,0.0,0.0,0.0,0.0
seasonal_sum_RNS,StayGreen,0.0,0.0,0.0,0.0
seasonal_sum_RNS,LM_min,0.0,0.0,0.0,0.0
seasonal_sum_RNS,Diffx,0.0,0.0,0.0,0.0
seasonal_sum_RNS,Diffz,0.0,0.0,0.0,0.0
seasonal_sum_RNS,thetaR,0.0,0.0,0.0,0.0
seasonal_sum_RNS,thetaS,0.0,0.0,0.0,0.0
seasonal_sum_RNS,Alfa,0.0,0.0,0.0,0.0
seasonal_sum_RNS,n,0.0,0.0,0.0,0.0
seasonal_sum_RNS,Ks,0.0,0.0,0.0,0.0
seasonal_sum_SoilEA,LM_min,-0.6400448669990586,0.6420963190332435,0.29533178107015323,0.034173570097264246
seasonal_sum_SoilEA,JuvenileLeaves,-0.6022699873632611,0.6022699873632611,0.25218723206598387,0.0292667518608431
seasonal_sum_SoilEA,n,-0.5748004496201434,0.5748004496201434,0.24057250582741668,0.027415461765065725
seasonal_sum_SoilEA,thetaS,0.3192560322428376,0.3192560322428376,0.14477802754320063,0.01788177884010523
seasonal_sum_SoilEA,StayGreen,-0.24582917144348937,0.25329060710856754,0.1457048527252218,0.015816216399682843
seasonal_sum_SoilEA,Alfa,-0.22748950487359626,0.22748950487359626,0.1071038715326806,0.012461889105193545
seasonal_sum_SoilEA,Rmax_LTAR,-0.04859290010809202,0.10186667306884167,0.13159361208616607,0.011332446749514778
seasonal_sum_SoilEA,thetaR,-0.04979021529696818,0.05396790306334116,0.04766692357971629,0.004968557897908436
seasonal_sum_SoilEA,Ks,0.036659641610252536,0.046572526867287974,0.050904953830695446,0.004881719429581781
seasonal_sum_SoilEA,Diffx,4.9700165019256196e-05,0.01105989452694601,0.017237874323325856,0.0015845960250791145
seasonal_sum_SoilEA,Diffz,-0.004761574829095464,0.010730885624064122,0.01743872149076961,0.0016716061925363575
seasonal_sum_SoilEA,Rmax_LTIR,-0.005108941606663426,0.00873899211473698,0.013903485551831732,0.0014080663294582683
seasonal_sum_SoilEA,PhyllFrmTassel,-0.0023684494239377355,0.0039977799604051885,0.007013040652131412,0.0007149792439716858
seasonal_sum_WATACT,StayGreen,0.8085955653523512,0.8085955653523512,0.3934159522706297,0.04666144760112089
seasonal_sum_WATACT,LM_min,0.5546617117140301,0.5546617117140301,0.38287353056664547,0.04653637001391605
seasonal_sum_WATACT,Rmax_LTAR,-0.17016518864649915,0.23045278219682191,0.3464335551822188,0.03643588443678301
seasonal_sum_WATACT,JuvenileLeaves,-0.13252295537784609,0.21558271532968526,0.29334509457738966,0.02878484053041979
seasonal_sum_WATACT,n,-0.037944979446286116,0.03861905601623243,0.13482853787047727,0.01546938466585382
seasonal_sum_WATACT,Alfa,-0.01839079233577641,0.01839079233577641,0.10032730641609891,0.011645403344154717
seasonal_sum_WATACT,thetaS,0.013416686797313506,0.014954166370195003,0.08984932680089623,0.010236555787769013
seasonal_sum_WATACT,Rmax_LTIR,-0.003215463864160832,0.00806640536773857,0.06579880399353176,0.007794573263831144
seasonal_sum_WATACT,thetaR,-0.004875785587609013,0.008023839627325583,0.059874095272966506,0.0066332545748284755
seasonal_sum_WATACT,Ks,0.0020411131099565666,0.007604537588492923,0.05719214652221709,0.006759329866860477
seasonal_sum_WATACT,Diffz,-0.0003232623746757111,0.0006505003921827222,0.006861865427308887,0.0007631454541096845
seasonal_sum_WATACT,PhyllFrmTassel,0.0,0.0,0.0,0.0
seasonal_sum_WATACT,Diffx,0.0,0.0,0.0,0.0
seasonal_sum_WATPOT,StayGreen,0.8083438092187325,0.8083438092187325,0.3936491537801599,0.04677013064004151
seasonal_sum_WATPOT,LM_min,0.5560519560685976,0.5560519560685976,0.38286837799283,0.046608221009064504
seasonal_sum_WATPOT,Rmax_LTAR,-0.17111743458812112,0.2277627872947965,0.3378687150001499,0.03542683236398511
seasonal_sum_WATPOT,JuvenileLeaves,-0.13091124207458424,0.21394828947674555,0.2925759788085532,0.02876456281495368
seasonal_sum_WATPOT,n,-0.037310192283928664,0.03853307322328961,0.1318406662538791,0.015142606876459143
seasonal_sum_WATPOT,Alfa,-0.018331157052777273,0.018331157052777273,0.10049294112528573,0.011627079858235126
seasonal_sum_WATPOT,thetaS,0.013359393287112189,0.014750022460035664,0.08984321621856718,0.010218092452274013
seasonal_sum_WATPOT,Ks,0.0024838537932346644,0.008047188523869195,0.06081624497334501,0.007172293961520245
seasonal_sum_WATPOT,thetaR,-0.004989247127415079,0.00800650400604738,0.060728393391700594,0.0067210836123839076
seasonal_sum_WATPOT,Rmax_LTIR,-0.0032678960857122547,0.00752175988957586,0.06114317111255758,0.007233882610192332
seasonal_sum_WATPOT,Diffz,-0.0004711452335679549,0.0007662267602481009,0.007882491515261993,0.0008830920062073686
seasonal_sum_WATPOT,PhyllFrmTassel,0.0,0.0,0.0,0.0
seasonal_sum_WATPOT,Diffx,0.0,0.0,0.0,0.0
seasonal_sum_WATRAT,StayGreen,0.8093592987640018,0.8093592987640018,0.3919833713255665,0.04648440441773814
seasonal_sum_WATRAT,LM_min,0.5545204588988485,0.5545204588988485,0.3812842934081026,0.04633222716568312
seasonal_sum_WATRAT,Rmax_LTAR,-0.1689148470459408,0.22952864902902836,0.34504123890732363,0.0362445790553518
seasonal_sum_WATRAT,JuvenileLeaves,-0.13352774162873987,0.21532846514613235,0.2924865013585269,0.02876267597865656
seasonal_sum_WATRAT,n,-0.03797676367659509,0.03863343317111245,0.13490307057170636,0.015476456728051537
seasonal_sum_WATRAT,Alfa,-0.018465712356785114,0.018465712356785114,0.10058661782335733,0.011680051339143478
seasonal_sum_WATRAT,thetaS,0.013435251842198447,0.015005630422861248,0.08999042924865966,0.010253672304009727
seasonal_sum_WATRAT,Rmax_LTIR,-0.003242798396548809,0.008115669091979532,0.06612517028569387,0.00783249354594244
seasonal_sum_WATRAT,thetaR,-0.004863589090710764,0.008033573749330142,0.05986113956012446,0.006631263882745754
seasonal_sum_WATRAT,Ks,0.0019995858964252287,0.007584932825597064,0.05706814285377179,0.006744299697215455
seasonal_sum_WATRAT,Diffz,-0.0003154048151757613,0.0006585133676374175,0.006943797113808575,0.0007717231350837512
seasonal_sum_WATRAT,PhyllFrmTassel,0.0,0.0,0.0,0.0
seasonal_sum_WATRAT,Diffx,0.0,0.0,0.0,0.0
seasonal_sum_WATTSM,JuvenileLeaves,0.0,0.0,0.0,0.0
seasonal_sum_WATTSM,Rmax_LTAR,0.0,0.0,0.0,0.0
seasonal_sum_WATTSM,Rmax_LTIR,0.0,0.0,0.0,0.0
seasonal_sum_WATTSM,PhyllFrmTassel,0.0,0.0,0.0,0.0
seasonal_sum_WATTSM,StayGreen,0.0,0.0,0.0,0.0
seasonal_sum_WATTSM,LM_min,0.0,0.0,0.0,0.0
seasonal_sum_WATTSM,Diffx,0.0,0.0,0.0,0.0
seasonal_sum_WATTSM,Diffz,0.0,0.0,0.0,0.0
seasonal_sum_WATTSM,thetaR,0.0,0.0,0.0,0.0
seasonal_sum_WATTSM,thetaS,0.0,0.0,0.0,0.0
seasonal_sum_WATTSM,Alfa,0.0,0.0,0.0,0.0
seasonal_sum_WATTSM,n,0.0,0.0,0.0,0.0
seasonal_sum_WATTSM,Ks,0.0,0.0,0.0,0.0
seasonal_sum_WaterSink_0_10,thetaS,-0.7221965748015234,0.7221965748015234,0.46707912943608343,0.05301461777356574
seasonal_sum_WaterSink_0_10,JuvenileLeaves,0.4823175568897271,0.4823175568897271,0.4186712234672878,0.050921687311794556
seasonal_sum_WaterSink_0_10,LM_min,0.4353818641254274,0.4353818641254274,0.37601747369374117,0.04417599524480183
seasonal_sum_WaterSink_0_10,n,0.3484922859118217,0.35377325748105837,0.36235940826103785,0.04034753833322562
seasonal_sum_WaterSink_0_10,Rmax_LTAR,0.15620523033925318,0.17733653983553582,0.23935314327620072,0.026019417532885874
seasonal_sum_WaterSink_0_10,thetaR,0.16640370654444803,0.16710550208851113,0.20859199425920438,0.02441110242345316
seasonal_sum_WaterSink_0_10,Alfa,0.07168404993494219,0.10577979673049585,0.15691251692837654,0.01576267668403542
seasonal_sum_WaterSink_0_10,StayGreen,0.1022281636810945,0.10233299297946796,0.1304732899201343,0.01565159772235863
seasonal_sum_WaterSink_0_10,Ks,0.09203960424731207,0.09631705128202105,0.14935836656364362,0.017659399149590003
seasonal_sum_WaterSink_0_10,Diffz,0.04713269825251465,0.052358856137791156,0.052906863293646446,0.00564358181659292
seasonal_sum_WaterSink_0_10,Rmax_LTIR,0.013416747308672003,0.031813753384545944,0.09599157316188686,0.011078171722690227
seasonal_sum_WaterSink_0_10,Diffx,0.00791422476605362,0.018076283073016754,0.05009015867243527,0.0055285705829730206
seasonal_sum_WaterSink_0_10,PhyllFrmTassel,0.003357133425779465,0.011696851526978812,0.027549114670043083,0.0029547689215897914
seasonal_sum_WaterSink_0_20,thetaS,-0.7282105525353372,0.7282105525353372,0.4249629508856246,0.04825484114273511
seasonal_sum_WaterSink_0_20,JuvenileLeaves,0.520079547600092,0.520079547600092,0.4030832543950466,0.04877297394879688
seasonal_sum_WaterSink_0_20,LM_min,0.4214074513337008,0.4214074513337008,0.3427889306011583,0.040265899473448476
seasonal_sum_WaterSink_0_20,n,0.3122082744947154,0.31432938647964515,0.3161855620273217,0.03584339435198225
seasonal_sum_WaterSink_0_20,thetaR,0.1628433134207877,0.16322901634953402,0.23000629349720086,0.027626778057053707
seasonal_sum_WaterSink_0_20,Rmax_LTAR,0.11027793722153259,0.14374529465025904,0.22944233253632637,0.024915773374735602
seasonal_sum_WaterSink_0_20,Alfa,0.055786427707395676,0.09695500111016343,0.1712248071665249,0.017513052907263238
seasonal_sum_WaterSink_0_20,Ks,0.07977945197402614,0.08508613607254138,0.15916651612552005,0.018621653521641596
seasonal_sum_WaterSink_0_20,StayGreen,0.0831435638124174,0.08320152267134748,0.1095797163759347,0.013369955360312368
seasonal_sum_WaterSink_0_20,Rmax_LTIR,0.014909053143696834,0.034089333702462296,0.1111509117525592,0.012948561148078947
seasonal_sum_WaterSink_0_20,Diffz,0.016692759146058896,0.02330819426966543,0.04403818950808366,0.004805760198219349
seasonal_sum_WaterSink_0_20,Diffx,0.010175597568610037,0.01876708405461337,0.05581653496517707,0.006277255173631388
seasonal_sum_WaterSink_0_20,PhyllFrmTassel,0.006151154652308265,0.013851362896604854,0.034897548146492895,0.0038778588605997456
seasonal_sum_WaterSink_0_200,JuvenileLeaves,0.7303467353098521,0.7303467353098521,0.34729462411188194,0.040836723482749894
seasonal_sum_WaterSink_0_200,LM_min,0.5987122766037993,0.5987122766037993,0.31990737982811734,0.03741427653747436
seasonal_sum_WaterSink_0_200,thetaS,-0.3748817214048364,0.3858984917978553,0.3168235960486748,0.0368806645262072
seasonal_sum_WaterSink_0_200,n,0.3658920497510119,0.36696623864356914,0.27877235166229053,0.03269046130515179
seasonal_sum_WaterSink_0_200,Alfa,0.1292308995279361,0.13034496060132747,0.08786540614914534,0.01010778775545423
seasonal_sum_WaterSink_0_200,StayGreen,0.12840903912497237,0.12971906361356214,0.10014808043460013,0.01155311648988931
seasonal_sum_WaterSink_0_200,Rmax_LTAR,0.05854032413869026,0.08969550264673667,0.11518835083731863,0.011356217317455541
seasonal_sum_WaterSink_0_200,thetaR,0.05601767448366894,0.07261965719630516,0.08373154883397815,0.008146395586227052
seasonal_sum_WaterSink_0_200,Ks,0.002124414572096201,0.03723910905277981,0.05194130079367168,0.004297551748104967
seasonal_sum_WaterSink_0_200,Rmax_LTIR,-0.009077079121137373,0.021881455781520162,0.034444217197006376,0.0033162597256856936
seasonal_sum_WaterSink_0_200,PhyllFrmTassel,0.0051623854017164034,0.012851237177645764,0.01926541136851853,0.0017635236033997231
seasonal_sum_WaterSink_0_200,Diffz,0.005918522091549459,0.012106160079705256,0.016621941697399507,0.0015104822778454865
seasonal_sum_WaterSink_0_200,Diffx,-0.0017404878395156276,0.009851039167145755,0.014481959284039172,0.0012673450531334978
seasonal_sum_WaterSink_10_20,thetaS,-0.7022457799451073,0.7197568782888618,0.4452842420719728,0.047646233570663325
seasonal_sum_WaterSink_10_20,JuvenileLeaves,0.5141576327053321,0.5219517038376625,0.4191417420709056,0.049114078248752295
seasonal_sum_WaterSink_10_20,LM_min,0.4051022684865483,0.41041213567348767,0.3527607755738088,0.04069608428676833
seasonal_sum_WaterSink_10_20,n,0.2764512099966214,0.3253831237662342,0.3648628584379386,0.037491877212434396
seasonal_sum_WaterSink_10_20,thetaR,0.15095242192008518,0.16981103744701032,0.2587481266434016,0.02981666722611908
seasonal_sum_WaterSink_10_20,Rmax_LTAR,0.0853320269990833,0.15438252736580915,0.2560585042727519,0.026430462256978534
seasonal_sum_WaterSink_10_20,Alfa,0.04587681363047195,0.10592536485456176,0.19383123850152295,0.019329250031197523
seasonal_sum_WaterSink_10_20,Ks,0.06644323051358465,0.09397179369295963,0.1915432421991249,0.021468855082231227
seasonal_sum_WaterSink_10_20,StayGreen,0.07411224040146429,0.07584570256841419,0.10826308667359125,0.01309709848135282
seasonal_sum_WaterSink_10_20,Rmax_LTIR,0.01631102618644139,0.03648623057361322,0.11878283408222731,0.013838774021370301
seasonal_sum_WaterSink_10_20,Diffx,0.011356799882787446,0.02058404497567195,0.0615342230870945,0.006953447862575112
seasonal_sum_WaterSink_10_20,PhyllFrmTassel,0.005726901541910187,0.017710512536554167,0.04694206012643745,0.005175057462915338
seasonal_sum_WaterSink_10_20,Diffz,0.0036172831234316627,0.016409527775418913,0.04770392840155215,0.0052752174456605185
seasonal_sum_WaterSink_120_200,JuvenileLeaves,0.72591546797526,0.72591546797526,0.3466848665206967,0.0407145764684211
seasonal_sum_WaterSink_120_200,LM_min,0.5950116391893713,0.5950116391893713,0.32011445910934616,0.03739143755101902
seasonal_sum_WaterSink_120_200,thetaS,-0.3677775962004886,0.38388842530317596,0.3258935694408481,0.03732646754528544
seasonal_sum_WaterSink_120_200,n,0.36878093876935886,0.3706226580479091,0.28822565689805757,0.033691351022209284
seasonal_sum_WaterSink_120_200,Alfa,0.1321105434532608,0.13326203643143253,0.0895370027905311,0.010288459221049748
seasonal_sum_WaterSink_120_200,StayGreen,0.12853200804152323,0.1299789352283738,0.1016295889101475,0.011720627641875219
seasonal_sum_WaterSink_120_200,Rmax_LTAR,0.05604619047588731,0.0901069837095282,0.11637034725365011,0.01131829695829751
seasonal_sum_WaterSink_120_200,thetaR,0.053698755868689364,0.07351320212376493,0.08618472439965964,0.00813281901612487
seasonal_sum_WaterSink_120_200,Ks,6.579614796897426e-05,0.0385132470789185,0.05367533916687264,0.004411334339954391
seasonal_sum_WaterSink_120_200,Rmax_LTIR,-0.00962256318911636,0.022532191762445544,0.03509528218353335,0.0033612978113899896
seasonal_sum_WaterSink_120_200,PhyllFrmTassel,0.005166254266830556,0.013298799020268592,0.01987363201547304,0.001804249355038688
seasonal_sum_WaterSink_120_200,Diffz,0.005750933213803839,0.012228162745478397,0.016855581036977377,0.0015214529597110693
seasonal_sum_WaterSink_120_200,Diffx,-0.0018230070666758627,0.009982206852556859,0.014844079897128933,0.0013120621416613963
seasonal_sum_WaterSink_20_40,thetaS,0.44956899779682363,0.5389248297976592,0.5118228280311765,0.050114977429380134
seasonal_sum_WaterSink_20_40,JuvenileLeaves,-0.07161613512741208,0.4824632893770413,0.6072665263848309,0.044717936699073396
seasonal_sum_WaterSink_20_40,LM_min,0.19836021028751394,0.475342815557753,0.5579363838132715,0.04253770787012784
seasonal_sum_WaterSink_20_40,n,-0.4552557412543678,0.4619349945690196,0.3626768171491162,0.040187484085658955
seasonal_sum_WaterSink_20_40,Rmax_LTAR,0.07825654145686728,0.2713168961613945,0.400552846882898,0.03396909028562074
seasonal_sum_WaterSink_20_40,Alfa,-0.15827143879077565,0.1911579957716244,0.22496038181113265,0.023181768552800963
seasonal_sum_WaterSink_20_40,thetaR,-0.06519601010930126,0.17669253439299398,0.25654307780089697,0.022870864793445893
seasonal_sum_WaterSink_20_40,StayGreen,0.08291057128187064,0.13435866640785563,0.18533501894395787,0.017421212247051107
seasonal_sum_WaterSink_20_40,Ks,-0.013315832665304872,0.11925885746129618,0.2037261906047504,0.019655924585784277
seasonal_sum_WaterSink_20_40,Rmax_LTIR,-0.0009943186392011676,0.0655435896312934,0.18093695337808294,0.020297275290548422
seasonal_sum_WaterSink_20_40,Diffx,-0.008281221023469471,0.04671023073688096,0.12054853098754949,0.013094683260743095
seasonal_sum_WaterSink_20_40,PhyllFrmTassel,-0.003879751721304561,0.03421884191004334,0.0809471871277997,0.008451283356700067
seasonal_sum_WaterSink_20_40,Diffz,-0.00494378493910358,0.028670289361532614,0.08347951283900938,0.009410909143210135
seasonal_sum_WaterSink_80_120,JuvenileLeaves,0.7927611039221104,0.8033144665741561,0.3873479873058302,0.042218767625169115
seasonal_sum_WaterSink_80_120,LM_min,0.4403879243668378,0.47149141162011,0.40123739992959495,0.0422422064197933
seasonal_sum_WaterSink_80_120,thetaS,0.18336908755688194,0.28445590401973,0.3051072225546121,0.024863790832063404
seasonal_sum_WaterSink_80_120,Rmax_LTAR,0.0068645594924118996,0.23668190461162253,0.3468065316196647,0.029974975809006384
seasonal_sum_WaterSink_80_120,n,0.009294531775778807,0.15762504711988046,0.25675627164066733,0.023707212742891438
seasonal_sum_WaterSink_80_120,thetaR,-0.09842767263863109,0.14124527553845986,0.21248403478830422,0.0216686723376466
seasonal_sum_WaterSink_80_120,Alfa,0.041345115010472486,0.12088503845759879,0.18396477439306716,0.01653598454055366
seasonal_sum_WaterSink_80_120,Ks,-0.03196730072206688,0.11294109139218796,0.17675356815333862,0.016296032632296384
seasonal_sum_WaterSink_80_120,StayGreen,0.03119661120793511,0.060532704827590766,0.13637312419534156,0.014676606952112183
seasonal_sum_WaterSink_80_120,Rmax_LTIR,-0.012073824921210707,0.057610703977858516,0.09687975910153325,0.009416506253542067
seasonal_sum_WaterSink_80_120,Diffx,-0.01355792572483466,0.03858352679660171,0.07290129249170903,0.0072041659538704846
seasonal_sum_WaterSink_80_120,Diffz,-0.0014189513544581268,0.027592862859061037,0.0547308347389012,0.005531626487868043
seasonal_sum_WaterSink_80_120,PhyllFrmTassel,-0.0008549840611254974,0.0065432187117740685,0.02762506626469114,0.0033071611319160704
seasonal_transpiration_deficit,JuvenileLeaves,0.7137809146372716,0.7137809146372716,0.3397712729164876,0.04061075075798318
seasonal_transpiration_deficit,n,-0.6328741460986937,0.6949923389857097,0.44635620414071814,0.04054604263016379
seasonal_transpiration_deficit,Alfa,-0.23845535199997098,0.25857632756350873,0.17458379494862222,0.017469942074999908
seasonal_transpiration_deficit,thetaS,-0.1835444830313864,0.24166416457878126,0.3523768596865716,0.03600669156187302
seasonal_transpiration_deficit,LM_min,0.22758872038288788,0.23227517042651546,0.23666458698963116,0.027160028561418387
seasonal_transpiration_deficit,Rmax_LTAR,0.09105169719555332,0.13279768115594898,0.18843289818808703,0.01854210441275293
seasonal_transpiration_deficit,Ks,0.1002285834161152,0.10058486639263858,0.07959797369364302,0.00953413954752136
seasonal_transpiration_deficit,Rmax_LTIR,-0.08088914401290151,0.09831121930781818,0.10668312975718525,0.010464770888744304
seasonal_transpiration_deficit,thetaR,0.06561219833000403,0.08021180791777081,0.13048890948820602,0.014001179596871003
seasonal_transpiration_deficit,StayGreen,0.02603823632840291,0.0416846003788072,0.0575457493713782,0.005592913250163086
seasonal_transpiration_deficit,Diffz,0.002701111723808384,0.0104321277744064,0.01790437469878842,0.0017607943216506395
seasonal_transpiration_deficit,Diffx,0.0012063556740774639,0.009413615659508644,0.014063974885555875,0.0011855812784710997
seasonal_transpiration_deficit,PhyllFrmTassel,0.004216140077763896,0.008966665422890794,0.01322090464843227,0.0011820156487811386
silked_flag,JuvenileLeaves,0.0,0.0,0.0,0.0
silked_flag,Rmax_LTAR,0.0,0.0,0.0,0.0
silked_flag,Rmax_LTIR,0.0,0.0,0.0,0.0
silked_flag,PhyllFrmTassel,0.0,0.0,0.0,0.0
silked_flag,StayGreen,0.0,0.0,0.0,0.0
silked_flag,LM_min,0.0,0.0,0.0,0.0
silked_flag,Diffx,0.0,0.0,0.0,0.0
silked_flag,Diffz,0.0,0.0,0.0,0.0
silked_flag,thetaR,0.0,0.0,0.0,0.0
silked_flag,thetaS,0.0,0.0,0.0,0.0
silked_flag,Alfa,0.0,0.0,0.0,0.0
silked_flag,n,0.0,0.0,0.0,0.0
silked_flag,Ks,0.0,0.0,0.0,0.0
silking_doy_censored,JuvenileLeaves,0.877576863356622,0.877576863356622,0.35754126799783664,0.043607796727582054
silking_doy_censored,Rmax_LTAR,-0.6790766769462555,0.6790766769462555,0.2980076998221527,0.035422890781507996
silking_doy_censored,PhyllFrmTassel,0.09668592256317421,0.09668592256317421,0.05129306293438443,0.005914514346001408
silking_doy_censored,Rmax_LTIR,-0.0072233887402530575,0.08259786510317049,0.14739104365484834,0.014085891494242641
silking_doy_censored,Alfa,-0.006106457606910109,0.007220175506221437,0.03901102880281424,0.00451081401084754
silking_doy_censored,n,0.0007489078090948512,0.00672431275130325,0.03538919100538116,0.003948911048122677
silking_doy_censored,thetaS,-0.0015397311832116003,0.006628711559341968,0.035417642297930305,0.004141619668346927
silking_doy_censored,Ks,-0.000580020161302464,0.004522641934740751,0.03651987254903182,0.004422572528810534
silking_doy_censored,thetaR,-0.00299414871127879,0.004474310236977693,0.028328045719310628,0.0033880309029812156
silking_doy_censored,LM_min,-0.0013087435409471215,0.004222745653540584,0.030557759429467465,0.0036325111362111233
silking_doy_censored,StayGreen,0.001071616709864073,0.0020074211332853655,0.020515875893134413,0.0023676408787468234
silking_doy_censored,Diffz,0.00037382157892506835,0.00037382157892506835,0.006232851294381137,0.0007199930921380734
silking_doy_censored,Diffx,0.0,0.0,0.0,0.0
silking_to_grainfill_days,JuvenileLeaves,-0.2668528065948593,0.5108853401822185,0.6696832848149397,0.06379442129141027
silking_to_grainfill_days,Rmax_LTAR,0.1819223315311246,0.4324454369832416,0.6565859393359678,0.0640453508903234
silking_to_grainfill_days,PhyllFrmTassel,-0.10966499537218426,0.1586479010579449,0.37200461741336366,0.04260870493902987
silking_to_grainfill_days,Rmax_LTIR,0.037046602821207586,0.14029570054814555,0.3581848936783247,0.03766231748622546
silking_to_grainfill_days,Alfa,0.014891004783030149,0.07262385792959208,0.2947692321417318,0.03378135657937096
silking_to_grainfill_days,thetaS,-0.0031098451059450483,0.05396141403811666,0.20765387417452058,0.023128801039369
silking_to_grainfill_days,n,-0.002067760583336077,0.05027798196843135,0.20670263694354593,0.023454156444311435
silking_to_grainfill_days,thetaR,0.011272991634604995,0.04951060200457266,0.22071757153074123,0.02567059273752611
silking_to_grainfill_days,LM_min,0.00021041151267759051,0.03840621303059135,0.20885629718261475,0.023809483883966427
silking_to_grainfill_days,Ks,0.00031693958534263257,0.018736905276435383,0.15151852240741157,0.01817164524435872
silking_to_grainfill_days,StayGreen,0.0019695925077250413,0.011389069784098814,0.10231463782022117,0.011714157976376484
silking_to_grainfill_days,Diffz,0.0014246727237074452,0.0014246727237074452,0.02375404131447795,0.0027439681855083715
silking_to_grainfill_days,Diffx,0.0,0.0,0.0,0.0
soil_evap_deficit,n,0.8765257141120618,0.8765257141120618,0.31607608046998276,0.03727397138484748
soil_evap_deficit,Alfa,0.5186385576417814,0.5186385576417814,0.19869322977653125,0.02222022331846705
soil_evap_deficit,thetaS,-0.4586901487144761,0.4586901487144761,0.19919040421164316,0.024665106044462367
soil_evap_deficit,Rmax_LTAR,-0.13219300170504214,0.1511201025862495,0.13969698832340297,0.01382149867074742
soil_evap_deficit,thetaR,0.14040244332811716,0.14180504381848758,0.08480299449956485,0.009591693865997243
soil_evap_deficit,LM_min,0.025675812845855493,0.12992621544285488,0.17678431485957133,0.014144157049674753
soil_evap_deficit,JuvenileLeaves,0.08358818018093055,0.11660954576018522,0.12956433809595994,0.011617098587525075
soil_evap_deficit,Ks,-0.10291903762848587,0.10659169557397995,0.07965193905009828,0.008588652455127748
soil_evap_deficit,StayGreen,0.013828671305123223,0.09073898580609958,0.12136164320007883,0.009332652593063949
soil_evap_deficit,Diffx,0.001220525188834356,0.012384390126207644,0.01976782282065416,0.0018914500778896884
soil_evap_deficit,Diffz,0.005709383150715527,0.01181289757113174,0.018402651014258194,0.0017599680954001858
soil_evap_deficit,Rmax_LTIR,0.00029242153419634,0.010469145125184104,0.02111862869929993,0.0021933716398369616
soil_evap_deficit,PhyllFrmTassel,0.0025804606619251754,0.004468773703924683,0.007425771719570453,0.0007378354123624984
soil_evap_fraction,LM_min,-0.6967010117705692,0.6967010117705692,0.29798282127963976,0.03503540109567492
soil_evap_fraction,JuvenileLeaves,-0.632673568904715,0.632673568904715,0.26288051928355394,0.031028084684695947
soil_evap_fraction,n,-0.5127007861107894,0.5127007861107894,0.2172451844159322,0.024994709726198074
soil_evap_fraction,Alfa,-0.2874410043364624,0.2874410043364624,0.13144623588350016,0.015440149234769131
soil_evap_fraction,StayGreen,-0.2628603183070563,0.26292615289488497,0.16354701949826703,0.018944687873838035
soil_evap_fraction,thetaS,0.16133901611257598,0.16267309082235085,0.0982897426001755,0.011446958622170522
soil_evap_fraction,Rmax_LTAR,-0.07930679081291699,0.10735105422902423,0.12429925227459121,0.011902023089090491
soil_evap_fraction,Ks,0.06690754592221067,0.06797394914823225,0.049372532102309595,0.005465256116857059
soil_evap_fraction,thetaR,-0.025490087624374668,0.0345076186365936,0.038953073868612936,0.0036037593647572823
soil_evap_fraction,Rmax_LTIR,-0.007066102162264098,0.010027633767512601,0.014481275498412247,0.0015265205425885524
soil_evap_fraction,Diffz,-0.0031935487925725996,0.007916424741722857,0.012004518763471693,0.0010824374490105348
soil_evap_fraction,Diffx,-0.00069388165734334,0.007560244397510054,0.01135550188359519,0.0010034277306833399
soil_evap_fraction,PhyllFrmTassel,-0.003333128793234963,0.004278290252043521,0.005575095356018838,0.0005533303295708033
stem_shoot_ratio,JuvenileLeaves,0.8501887482532623,0.8501887482532623,0.34566612463919333,0.04208101677501068
stem_shoot_ratio,Rmax_LTAR,-0.6704893495200319,0.6704893495200319,0.29061409283088896,0.034207302643645715
stem_shoot_ratio,Rmax_LTIR,0.12582181719742264,0.15682003154161953,0.17221499199721912,0.01711941977288135
stem_shoot_ratio,StayGreen,-0.07653998435649044,0.10819347157969268,0.133162891097977,0.01331646514516728
stem_shoot_ratio,LM_min,-0.03540620496826156,0.10672829460903405,0.13998556171410667,0.01163233404570655
stem_shoot_ratio,n,0.018987639031564578,0.039381550205820945,0.05720215393919817,0.005083769686098821
stem_shoot_ratio,thetaS,-0.027890089178559632,0.03915382127616399,0.05183647834128882,0.005150701735590339
stem_shoot_ratio,Alfa,0.0021597467465305597,0.019174016361450465,0.05040599408002301,0.005355823574837333
stem_shoot_ratio,Ks,-0.0001198688514780518,0.015443549311694603,0.056928431893711336,0.006633109639069372
stem_shoot_ratio,PhyllFrmTassel,0.014015451574443375,0.014060346285652912,0.008540742498096377,0.0009620110752849165
stem_shoot_ratio,thetaR,0.005485577747232622,0.013484808813022494,0.0286418851214019,0.0031718776953146076
stem_shoot_ratio,Diffz,0.0013779888058524231,0.004402656567577344,0.014211156363594424,0.0015681466157086768
stem_shoot_ratio,Diffx,0.00045884580573700017,0.003857996398827854,0.0060856097338853055,0.0005461526810535357
tasseled_doy_censored,JuvenileLeaves,0.899014896450839,0.899014896450839,0.34103998825001847,0.0414324185069892
tasseled_doy_censored,Rmax_LTAR,-0.6405629374081764,0.6405629374081764,0.27611142097848074,0.03320850590109982
tasseled_doy_censored,Rmax_LTIR,-0.012314254359180571,0.08420329047224942,0.14904623408469764,0.014231670046785543
tasseled_doy_censored,Alfa,-0.0030786766356451713,0.0043552962958251186,0.03452231136842172,0.00396701963921853
tasseled_doy_censored,thetaS,0.0006269878431464688,0.003999776910986527,0.03167675584076803,0.0037992032279193138
tasseled_doy_censored,Ks,-0.0009114749602937287,0.003648591711043507,0.03206007304629984,0.0038686532726752137
tasseled_doy_censored,n,-0.0008574848855202807,0.0031247700462602754,0.023792214269916002,0.0026233314791544145
tasseled_doy_censored,LM_min,-6.287155093536718e-05,0.0022728853590562636,0.023103790317071462,0.0027621623443373
tasseled_doy_censored,thetaR,-0.0008601774130794726,0.0017998561294274957,0.018445813511166226,0.0022687626755472853
tasseled_doy_censored,StayGreen,0.0013079020838954495,0.0013079020838954495,0.01608856568690546,0.0018829785569001744
tasseled_doy_censored,Diffz,0.00042749612813183145,0.00042749612813183145,0.007127784873284451,0.000823372101888179
tasseled_doy_censored,PhyllFrmTassel,0.0,0.0,0.0,0.0
tasseled_doy_censored,Diffx,0.0,0.0,0.0,0.0
tasseled_flag,JuvenileLeaves,0.0,0.0,0.0,0.0
tasseled_flag,Rmax_LTAR,0.0,0.0,0.0,0.0
tasseled_flag,Rmax_LTIR,0.0,0.0,0.0,0.0
tasseled_flag,PhyllFrmTassel,0.0,0.0,0.0,0.0
tasseled_flag,StayGreen,0.0,0.0,0.0,0.0
tasseled_flag,LM_min,0.0,0.0,0.0,0.0
tasseled_flag,Diffx,0.0,0.0,0.0,0.0
tasseled_flag,Diffz,0.0,0.0,0.0,0.0
tasseled_flag,thetaR,0.0,0.0,0.0,0.0
tasseled_flag,thetaS,0.0,0.0,0.0,0.0
tasseled_flag,Alfa,0.0,0.0,0.0,0.0
tasseled_flag,n,0.0,0.0,0.0,0.0
tasseled_flag,Ks,0.0,0.0,0.0,0.0
tasselinit_doy_censored,JuvenileLeaves,0.9661323087777454,0.9661323087777454,0.22566471943365077,0.027050244241248352
tasselinit_doy_censored,Rmax_LTIR,-0.37645133121428725,0.37645133121428725,0.21953054939944025,0.025928897262100695
tasselinit_doy_censored,Rmax_LTAR,0.030181158486578256,0.1039624114032459,0.14011784785866988,0.01161088079415452
tasselinit_doy_censored,Alfa,-0.012846496947987123,0.012846496947987123,0.05019320309082676,0.005698661435025172
tasselinit_doy_censored,thetaS,-0.008032763772013476,0.009262953642619176,0.04209925712605208,0.005002943476447366
tasselinit_doy_censored,n,0.007419778347902412,0.007419778347902412,0.036754352093234924,0.004035047538130129
tasselinit_doy_censored,Ks,0.004659125055023229,0.004659125055023229,0.02758892180866378,0.0034319506552124074
tasselinit_doy_censored,thetaR,-0.0031271724807748567,0.0037436019042212535,0.027059741160471038,0.00325420417593291
tasselinit_doy_censored,LM_min,-0.0013572740782616982,0.0022225996281892684,0.019126098264018447,0.002220804083515838
tasselinit_doy_censored,Diffz,0.0005369016777283797,0.0012286346487329221,0.015827442921541812,0.0019123099660181572
tasselinit_doy_censored,Diffx,0.0007268798353106802,0.0007268798353106802,0.012119508818627769,0.001444277331868889
tasselinit_doy_censored,PhyllFrmTassel,0.0,0.0,0.0,0.0
tasselinit_doy_censored,StayGreen,0.0,0.0,0.0,0.0
tasselinit_flag,JuvenileLeaves,0.0,0.0,0.0,0.0
tasselinit_flag,Rmax_LTAR,0.0,0.0,0.0,0.0
tasselinit_flag,Rmax_LTIR,0.0,0.0,0.0,0.0
tasselinit_flag,PhyllFrmTassel,0.0,0.0,0.0,0.0
tasselinit_flag,StayGreen,0.0,0.0,0.0,0.0
tasselinit_flag,LM_min,0.0,0.0,0.0,0.0
tasselinit_flag,Diffx,0.0,0.0,0.0,0.0
tasselinit_flag,Diffz,0.0,0.0,0.0,0.0
tasselinit_flag,thetaR,0.0,0.0,0.0,0.0
tasselinit_flag,thetaS,0.0,0.0,0.0,0.0
tasselinit_flag,Alfa,0.0,0.0,0.0,0.0
tasselinit_flag,n,0.0,0.0,0.0,0.0
tasselinit_flag,Ks,0.0,0.0,0.0,0.0
transpiration_fraction,LM_min,0.6967010117705693,0.6967010117705693,0.2979828212796399,0.03503540109567493
transpiration_fraction,JuvenileLeaves,0.632673568904715,0.632673568904715,0.262880519283554,0.03102808468469596
transpiration_fraction,n,0.5127007861107894,0.5127007861107894,0.21724518441593219,0.024994709726198057
transpiration_fraction,Alfa,0.2874410043364623,0.2874410043364623,0.13144623588350013,0.015440149234769128
transpiration_fraction,StayGreen,0.2628603183070562,0.26292615289488486,0.16354701949826714,0.01894468787383803
transpiration_fraction,thetaS,-0.1613390161125761,0.162673090822351,0.09828974260017569,0.011446958622170518
transpiration_fraction,Rmax_LTAR,0.07930679081291703,0.10735105422902429,0.12429925227459118,0.011902023089090472
transpiration_fraction,Ks,-0.0669075459222106,0.06797394914823221,0.049372532102309595,0.005465256116857049
transpiration_fraction,thetaR,0.025490087624374873,0.034507618636593726,0.03895307386861283,0.0036037593647572762
transpiration_fraction,Rmax_LTIR,0.007066102162264032,0.01002763376751245,0.01448127549841215,0.001526520542588549
transpiration_fraction,Diffz,0.0031935487925726716,0.00791642474172275,0.01200451876347192,0.0010824374490105795
transpiration_fraction,Diffx,0.0006938816573433497,0.007560244397510294,0.011355501883595623,0.001003427730683391
transpiration_fraction,PhyllFrmTassel,0.0033331287932351957,0.0042782902520436894,0.005575095356018828,0.0005533303295708023
water_sink_0_20_share,thetaS,-0.7812965458505009,0.784403391377533,0.4377973974483727,0.04845413589461488
water_sink_0_20_share,JuvenileLeaves,0.35066621542749915,0.384139667671903,0.39137973759259226,0.04282244371247333
water_sink_0_20_share,LM_min,0.2840780457643794,0.3411619181729343,0.38147095562261757,0.03886338749154517
water_sink_0_20_share,n,0.21408874262565578,0.284883550012346,0.37858428128278176,0.03757079510343657
water_sink_0_20_share,thetaR,0.1824181605177155,0.18939057264552656,0.27377586173408697,0.032992303765536045
water_sink_0_20_share,Rmax_LTAR,0.10900576945326862,0.18519491672025376,0.27300007775579876,0.027138677059800765
water_sink_0_20_share,Ks,0.1007742364403708,0.11357033387309817,0.19783406192456543,0.022525205000073354
water_sink_0_20_share,Alfa,0.0023403301401541546,0.10635615017989221,0.20201764087201532,0.020046701429615257
water_sink_0_20_share,StayGreen,0.05450562025813633,0.0801815136603053,0.14432843977251059,0.015559651903724835
water_sink_0_20_share,Rmax_LTIR,0.019698431982918194,0.04568608076841802,0.1271097485794476,0.014423156086569508
water_sink_0_20_share,Diffz,0.022472494650349024,0.031098797458883682,0.056978077890391804,0.00624632991366628
water_sink_0_20_share,Diffx,0.017990639303913824,0.02894826990524698,0.07409122483920944,0.00824348617087168
water_sink_0_20_share,PhyllFrmTassel,0.005108222347206935,0.022389203573016873,0.05562006887066219,0.006087940423872241
