metric,parameter,mu,mu_star,sigma,mu_star_conf
actual_et,LM_min,0.5194340811808619,0.5234083928717556,0.3220305082161763,0.03497296647566754
actual_et,thetaS,0.5123500272349689,0.5123500272349689,0.2667052678882786,0.03144229673337162
actual_et,n,-0.45632081436610566,0.4840644592892793,0.34165196506609025,0.03379429320743823
actual_et,JuvenileLeaves,0.4240629473422457,0.4391136800672816,0.28612017603466644,0.029488948058218677
actual_et,StayGreen,0.2112872819806799,0.26981349132248716,0.2990007516626727,0.028154433391135526
actual_et,Alfa,-0.231553524372084,0.2359424895699911,0.12963400909637357,0.014036419180100743
actual_et,Rmax_LTAR,0.13126165185602456,0.2035677481640492,0.21970762179995923,0.017508291634036204
actual_et,thetaR,-0.105786640644256,0.10680471018036108,0.07940190720122227,0.008493384874230915
actual_et,Ks,0.007357953313270841,0.03752085350016513,0.05984163607669735,0.005248372588133516
actual_et,Rmax_LTIR,0.006297020979374711,0.02010575747194053,0.033385972461800105,0.0030572228041346535
actual_et,Diffz,-0.001179060542310466,0.012987089855062856,0.02045345112440041,0.0017568995362593025
actual_et,Diffx,0.0013062824063532665,0.012721372794274438,0.018084421749151924,0.0013757809477743196
actual_et,PhyllFrmTassel,0.004350071246390947,0.010125746094835365,0.014872267699759646,0.0013142863203239007
date_max_lai_doy,JuvenileLeaves,0.8348222543896774,0.8348222543896774,0.3325255361326813,0.03802951182425276
date_max_lai_doy,Rmax_LTAR,-0.7025019460003248,0.7042742185914961,0.34388041297306243,0.03902619658893688
date_max_lai_doy,StayGreen,0.042787938400914105,0.12863764322388618,0.1974042200875448,0.01767042603048983
date_max_lai_doy,LM_min,0.0826615005821001,0.12409902289517237,0.16932901487498675,0.015218372645481367
date_max_lai_doy,Rmax_LTIR,0.002235944819484364,0.07604280580645216,0.14150639256903857,0.013193767924517383
date_max_lai_doy,Alfa,-0.01915583678583692,0.06057524020652854,0.12769939526402488,0.012967473193559769
date_max_lai_doy,n,0.010163436420653428,0.05922644210921098,0.12049197749237421,0.012022362164729196
date_max_lai_doy,thetaS,-0.006173975744794649,0.054136854764108525,0.12324981750950252,0.01258169994543724
date_max_lai_doy,Ks,0.011103671286631955,0.05361325098419132,0.1275431521826907,0.01320367408874354
date_max_lai_doy,thetaR,-0.008153653416220919,0.046662481473309064,0.10667176734059348,0.010918951887077895
date_max_lai_doy,Diffx,-0.0008347910216217939,0.03038144268634294,0.07293942789066833,0.007567710085347176
date_max_lai_doy,Diffz,0.005966595085736591,0.022465992606987766,0.06031729503725662,0.0064116524216763825
date_max_lai_doy,PhyllFrmTassel,0.0,0.0,0.0,0.0
drainage_rain_ratio,thetaS,-0.8230486698618797,0.8230486698618797,0.35769868493001106,0.041346094780532854
drainage_rain_ratio,JuvenileLeaves,0.436946873149015,0.436946873149015,0.24958709272373125,0.028156736846702668
drainage_rain_ratio,LM_min,0.4085194586852654,0.4085194586852654,0.23658124521554427,0.02624026380057778
drainage_rain_ratio,n,0.31299975064851177,0.31469256689099995,0.24823340916116002,0.02834160315025049
drainage_rain_ratio,thetaR,0.16190246809285938,0.1619403919951597,0.10629097621491551,0.011908256623447699
drainage_rain_ratio,Rmax_LTAR,0.10428329074011528,0.12024299862241618,0.136950464283329,0.013668587519205144
drainage_rain_ratio,Ks,0.09286932612203437,0.09298848540055166,0.08295361674920561,0.009324607562611296
drainage_rain_ratio,StayGreen,0.07761120506972508,0.07781009392062677,0.10125670880198344,0.011824625548622332
drainage_rain_ratio,Alfa,0.035173693159947395,0.06462771386849137,0.09992333577487719,0.009199574245812237
drainage_rain_ratio,Rmax_LTIR,0.009125430760713827,0.014296585614028811,0.041080005950588604,0.004517385040171888
drainage_rain_ratio,Diffz,0.0049165288093210935,0.010353777914250713,0.03924588914542069,0.0042671218434289955
drainage_rain_ratio,PhyllFrmTassel,0.007963915732480982,0.009723490110904998,0.03811371543068455,0.004199304283939579
drainage_rain_ratio,Diffx,0.0011425134443690638,0.00638062696050357,0.026734134082030278,0.0027822386767168746
ear_shoot_ratio,JuvenileLeaves,-0.9252681557281206,0.9252681557281206,0.2548428680077202,0.029248210093030972
ear_shoot_ratio,Rmax_LTAR,0.4602795809309195,0.4602795809309195,0.21095919351243694,0.023290943792229252
ear_shoot_ratio,Rmax_LTIR,-0.01292749900632672,0.11581966266702177,0.18465749822989827,0.016175653232844676
ear_shoot_ratio,StayGreen,0.05900607444618714,0.0875952414097155,0.09980275873874332,0.008594193702273477
ear_shoot_ratio,LM_min,0.0005639718872077232,0.08671710755872225,0.11233978265543976,0.008068669507779982
ear_shoot_ratio,thetaS,0.02994843068101313,0.03495623444430105,0.04046007452314293,0.004259798857606006
ear_shoot_ratio,n,-0.026766893704396454,0.03488251687524571,0.04211467289946679,0.0039032200985934535
ear_shoot_ratio,Alfa,-0.0037249031946217158,0.014418472728930567,0.04134863009119837,0.004361927160205436
ear_shoot_ratio,Ks,-0.0004888947831638925,0.01047043971135777,0.04264003361228263,0.00466845290472463
ear_shoot_ratio,thetaR,-0.005493607390814757,0.010232837938608215,0.026982694456045394,0.002947367848969158
ear_shoot_ratio,PhyllFrmTassel,-0.0068425029283841945,0.006910488494102878,0.004543775343994018,0.0005012972487483151
ear_shoot_ratio,Diffz,-0.0007652609306961018,0.0031579632212388555,0.010834107768024811,0.0011738314850010304
ear_shoot_ratio,Diffx,-0.0003278813815739113,0.002655998243250201,0.0039028890605840513,0.0003253235269692288
emerged_flag,JuvenileLeaves,0.0,0.0,0.0,0.0
emerged_flag,Rmax_LTAR,0.0,0.0,0.0,0.0
emerged_flag,Rmax_LTIR,0.0,0.0,0.0,0.0
emerged_flag,PhyllFrmTassel,0.0,0.0,0.0,0.0
emerged_flag,StayGreen,0.0,0.0,0.0,0.0
emerged_flag,LM_min,0.0,0.0,0.0,0.0
emerged_flag,Diffx,0.0,0.0,0.0,0.0
emerged_flag,Diffz,0.0,0.0,0.0,0.0
emerged_flag,thetaR,0.0,0.0,0.0,0.0
emerged_flag,thetaS,0.0,0.0,0.0,0.0
emerged_flag,Alfa,0.0,0.0,0.0,0.0
emerged_flag,n,0.0,0.0,0.0,0.0
emerged_flag,Ks,0.0,0.0,0.0,0.0
emergence_doy_censored,Alfa,-0.016808048173048873,0.016808048173048873,0.1518734603135489,0.017243770449438048
emergence_doy_censored,Ks,0.008590920108878,0.008590920108878,0.10519707828304106,0.012230818775434341
emergence_doy_censored,thetaR,-0.006405126152203487,0.006405126152203487,0.11094003924504585,0.013179631288523263
emergence_doy_censored,thetaS,-0.003333333333333333,0.003333333333333333,0.05773502691896257,0.006309300429504677
emergence_doy_censored,JuvenileLeaves,0.0,0.0,0.0,0.0
emergence_doy_censored,Rmax_LTAR,0.0,0.0,0.0,0.0
emergence_doy_censored,Rmax_LTIR,0.0,0.0,0.0,0.0
emergence_doy_censored,PhyllFrmTassel,0.0,0.0,0.0,0.0
emergence_doy_censored,StayGreen,0.0,0.0,0.0,0.0
emergence_doy_censored,LM_min,0.0,0.0,0.0,0.0
emergence_doy_censored,Diffx,0.0,0.0,0.0,0.0
emergence_doy_censored,Diffz,0.0,0.0,0.0,0.0
emergence_doy_censored,n,0.0,0.0,0.0,0.0
emergence_to_silking_days,JuvenileLeaves,0.8653211944293302,0.8653211944293302,0.35124464155260593,0.040278178640004866
emergence_to_silking_days,Rmax_LTAR,-0.6758535013753647,0.6758535013753647,0.29598958144207327,0.03309967536243517
emergence_to_silking_days,PhyllFrmTassel,0.09612510046933104,0.09612510046933104,0.05032185699932159,0.005593715215174348
emergence_to_silking_days,Rmax_LTIR,-0.0067332996156614444,0.08329271656726187,0.1479488667870226,0.013730786973860052
emergence_to_silking_days,Alfa,-0.005058706156094794,0.008032659864802326,0.03945793350636457,0.004490091342106104
emergence_to_silking_days,n,0.0010689222366566554,0.006606130816436438,0.034390051787081315,0.00371217025017177
emergence_to_silking_days,thetaS,-0.0012737414583405516,0.006291577737607037,0.034193268676217435,0.0040050340657816225
emergence_to_silking_days,Ks,-0.001143415548708347,0.004759966717752113,0.03583685956420874,0.003972978807934168
emergence_to_silking_days,thetaR,-0.0023810242047062357,0.004548040533549744,0.02818411559971638,0.0031900390884711137
emergence_to_silking_days,LM_min,-0.0011924314572343611,0.0038927400815709696,0.029288369830890917,0.0032276828607568815
emergence_to_silking_days,StayGreen,0.0006785170864321375,0.0021747246482196757,0.020501528537108238,0.0022384317786267624
emergence_to_silking_days,Diffz,0.00034640799647056326,0.00034640799647056326,0.005999962500351558,0.000676214695775062
emergence_to_silking_days,Diffx,0.0,0.0,0.0,0.0
emergence_to_tasselinit_days,JuvenileLeaves,0.9652988754660239,0.9652988754660239,0.22728271415106527,0.025734505665583947
emergence_to_tasselinit_days,Rmax_LTIR,-0.38162127238569815,0.38162127238569815,0.22113281482975572,0.0246884035884052
emergence_to_tasselinit_days,Rmax_LTAR,0.028533432325014787,0.10522447128851958,0.14178786093714466,0.0113811876969776
emergence_to_tasselinit_days,Alfa,-0.010526106768074998,0.01412516627366989,0.05174993751187849,0.006038535343494378
emergence_to_tasselinit_days,thetaS,-0.006944653202385536,0.009082711601840722,0.041575317725977355,0.004626794167836911
emergence_to_tasselinit_days,n,0.0068756612690562355,0.0068756612690562355,0.03542936699273438,0.004029110222731651
emergence_to_tasselinit_days,Ks,0.003120029671433582,0.0062800589887293526,0.031888443240701135,0.0035194382352411557
emergence_to_tasselinit_days,thetaR,-0.002377795531359022,0.003989122065404038,0.0276257122945663,0.003184189876428501
emergence_to_tasselinit_days,LM_min,-0.0016491083463697593,0.0024509766893026402,0.019595419393656464,0.002158482818607416
emergence_to_tasselinit_days,Diffz,0.0004975288880282986,0.0011385347744925077,0.015234683489163837,0.001716835458644254
emergence_to_tasselinit_days,Diffx,0.0006735753140545636,0.0006735753140545636,0.01166666666666667,0.001253045184839579
emergence_to_tasselinit_days,StayGreen,0.00040102208598815644,0.00040102208598815644,0.00694590627888742,0.0007859790107851176
emergence_to_tasselinit_days,PhyllFrmTassel,0.0,0.0,0.0,0.0
et_deficit,LM_min,-0.683415862664089,0.683415862664089,0.2892092995402401,0.032629256445401565
et_deficit,JuvenileLeaves,-0.510444955599691,0.5112324281045716,0.2572947190986921,0.02860043274532833
et_deficit,n,0.41763770424725505,0.42425881036675633,0.23275807749619218,0.024436347152887488
et_deficit,thetaS,-0.3725486548084385,0.3725486548084385,0.1931395728645759,0.022650648604375098
et_deficit,StayGreen,-0.27563521924929757,0.27563521924929757,0.1378746004964191,0.015406378609079913
et_deficit,Alfa,0.2693075647742171,0.26985690667898393,0.12792202040042014,0.014250118787067575
et_deficit,Rmax_LTAR,-0.2292699689209915,0.23019363526948639,0.17009006661742648,0.01851843178987393
et_deficit,thetaR,0.14497508209773424,0.14507456248633166,0.08940986188015194,0.009777813825379974
et_deficit,Ks,-0.03480950180918495,0.04899073439588024,0.05627129590006781,0.005085628427649182
et_deficit,Rmax_LTIR,-0.012085494184105407,0.016864426155406013,0.024115056392147404,0.0023648758587858196
et_deficit,Diffz,0.003072463126556896,0.009478700962826643,0.015572065979135088,0.0013817468077192273
et_deficit,Diffx,-0.0001274752334002846,0.009230027511855423,0.014204371170423788,0.001189939982782456
et_deficit,PhyllFrmTassel,-0.0005315522194604362,0.0052066321043164054,0.007704351113973328,0.0006500414824163953
et_supply_demand_ratio,n,0.816643330976475,0.8213640447605208,0.42837931132340507,0.04688143676296927
et_supply_demand_ratio,JuvenileLeaves,-0.5722073023101639,0.5722073023101639,0.3498318631143841,0.037905963867063935
et_supply_demand_ratio,LM_min,-0.3341081251879905,0.33653234505997515,0.33234388585328284,0.03769063244988916
et_supply_demand_ratio,Alfa,0.1711983525168527,0.18183067515693244,0.15855786801929567,0.01666465908841739
et_supply_demand_ratio,thetaS,0.005582430092767736,0.14881595123884028,0.23951355569444324,0.021276433720618167
et_supply_demand_ratio,Rmax_LTAR,-0.038759098656664444,0.11095325349205334,0.17461514306722467,0.01584723356344065
et_supply_demand_ratio,StayGreen,-0.0582719050002588,0.08160983943297868,0.12364963206503292,0.012951742107056807
et_supply_demand_ratio,thetaR,-0.014816179854068887,0.070355182533383,0.11565206611270198,0.010151229237998178
et_supply_demand_ratio,Rmax_LTIR,0.030487166673833745,0.07013093660110752,0.0938490150812599,0.007731295217963741
et_supply_demand_ratio,Ks,-0.04206270970328194,0.06778940962848329,0.0843240617932379,0.0073124119972621405
et_supply_demand_ratio,Diffz,0.0005136975478800021,0.042781941263004004,0.07479745875623402,0.006837327617561211
et_supply_demand_ratio,Diffx,-0.0033360071089452922,0.03443864517268786,0.0544853439334605,0.004633173754065141
et_supply_demand_ratio,PhyllFrmTassel,-0.0011115675602931007,0.02438139382718669,0.04242045573971579,0.003858796495975626
final_CO2Conc_0_10,n,-0.7513578076495435,0.7513578076495435,0.32710283823096264,0.037007535299555944
final_CO2Conc_0_10,thetaS,-0.7204075701867686,0.7204075701867686,0.32894505012748787,0.038868438978397896
final_CO2Conc_0_10,JuvenileLeaves,0.24743819847933154,0.2508339326583504,0.15709193270775643,0.017442781559735172
final_CO2Conc_0_10,thetaR,0.14585843740417567,0.14585843740417567,0.08210889577983548,0.009391142805361751
final_CO2Conc_0_10,LM_min,-0.11897376830347502,0.14372560288890054,0.18163241668103028,0.017950011001909193
final_CO2Conc_0_10,Rmax_LTAR,-0.0901634907243254,0.13840015768009148,0.1546440767867813,0.012572204825211004
final_CO2Conc_0_10,StayGreen,-0.1243406731424569,0.138253729063197,0.17568657640616636,0.01839565480212894
final_CO2Conc_0_10,Rmax_LTIR,-0.030840442288064988,0.0498095817203348,0.06242767710867423,0.005484546266749609
final_CO2Conc_0_10,Ks,-0.04061430799393662,0.04330332885833824,0.034514853532863446,0.0035274654408719076
final_CO2Conc_0_10,Alfa,-0.009775505899095337,0.040912254519569695,0.06288196465413769,0.005365251636703118
final_CO2Conc_0_10,PhyllFrmTassel,0.011154174303389518,0.012002330215968348,0.012700632651772518,0.0013655401442550675
final_CO2Conc_0_10,Diffx,-0.0007990564315235891,0.006150882859313753,0.009894879756189238,0.0008835602563785233
final_CO2Conc_0_10,Diffz,-0.00012596997339556868,0.005906021935083542,0.009457073842441568,0.0008299254950146091
final_CO2Conc_0_20,n,-0.7556523410783066,0.7556523410783066,0.32729184859303667,0.03703601951011249
final_CO2Conc_0_20,thetaS,-0.7140964082326008,0.7140964082326008,0.3279084088832897,0.03876473690309326
final_CO2Conc_0_20,JuvenileLeaves,0.24623622640340634,0.25008743017857893,0.1595654097422633,0.017636644786984217
final_CO2Conc_0_20,LM_min,-0.12283159191685054,0.14784573109415328,0.18477842788176987,0.018241774719482583
final_CO2Conc_0_20,thetaR,0.14468412961306792,0.14468412961306792,0.08173956142790276,0.0093375844858313
final_CO2Conc_0_20,Rmax_LTAR,-0.09230822046089869,0.14052957261554894,0.15631493262303897,0.012710496587017428
final_CO2Conc_0_20,StayGreen,-0.12458730138626048,0.139620673196405,0.1773710597332051,0.018482424987888664
final_CO2Conc_0_20,Rmax_LTIR,-0.031432761891986294,0.050336845653209804,0.06322277246979492,0.005562422223408916
final_CO2Conc_0_20,Ks,-0.03978833608025209,0.04264076234102018,0.035009433758943095,0.0035647170587250663
final_CO2Conc_0_20,Alfa,-0.013517292099489205,0.041754896516662,0.06220408976889587,0.005327290873380849
final_CO2Conc_0_20,PhyllFrmTassel,0.01140317109316614,0.012206661021878512,0.012035902108617035,0.0012616249590210909
final_CO2Conc_0_20,Diffx,-0.0010631144726576684,0.006093001027729934,0.009044222360905527,0.0007842202631427692
final_CO2Conc_0_20,Diffz,-0.0001738466711743919,0.005716645641558218,0.008602146835909758,0.00073259880215924
final_CO2Conc_0_200,thetaS,-0.7934253214768493,0.7934253214768493,0.3379940477440062,0.03955896846437484
final_CO2Conc_0_200,n,-0.6098510664087892,0.6098510664087892,0.2918857681149351,0.032758759078521486
final_CO2Conc_0_200,JuvenileLeaves,0.3246025629047521,0.3265563979589255,0.18810139768857323,0.02100478232997323
final_CO2Conc_0_200,StayGreen,-0.1424113950233027,0.1644883712866352,0.20451486156083762,0.020896764180423265
final_CO2Conc_0_200,thetaR,0.16236179302612647,0.16236179302612647,0.08536386532760404,0.009720748205952687
final_CO2Conc_0_200,LM_min,-0.11115919780378845,0.15392925817102385,0.2142597897992657,0.020991804014111826
final_CO2Conc_0_200,Rmax_LTAR,-0.05474659264316635,0.13347947959444031,0.1823068244458266,0.015415760131392554
final_CO2Conc_0_200,Rmax_LTIR,-0.04246368397351015,0.05908659845969885,0.07032771580015293,0.006432131594000701
final_CO2Conc_0_200,Alfa,-0.024327471963738835,0.04191410798587072,0.049272835760533505,0.0040544010924560845
final_CO2Conc_0_200,Ks,-0.014666522243535622,0.021923821673722404,0.025629291469625427,0.002195126909276818
final_CO2Conc_0_200,PhyllFrmTassel,0.010378762211520075,0.01066437696598875,0.009881369804317903,0.0011059410307364302
final_CO2Conc_0_200,Diffx,-0.0011689485882386118,0.005807257868682217,0.007958323957379798,0.0006487324631466561
final_CO2Conc_0_200,Diffz,0.0005385943792848131,0.005202871713844933,0.008258644779806422,0.0007223583649749104
final_CO2Conc_10_20,n,-0.7563150431027421,0.7563150431027421,0.32730960878314413,0.0370389196670445
final_CO2Conc_10_20,thetaS,-0.7130760495618529,0.7130760495618529,0.3277396221038853,0.03874751301348027
final_CO2Conc_10_20,JuvenileLeaves,0.24603891356619514,0.24996937454582943,0.15998750745177678,0.017670166164584115
final_CO2Conc_10_20,LM_min,-0.12343957086282922,0.1484996122546503,0.18529549144925178,0.018290064633725428
final_CO2Conc_10_20,thetaR,0.14449417102326576,0.14449417102326576,0.08170321940692353,0.00933152973879598
final_CO2Conc_10_20,Rmax_LTAR,-0.09264548022635029,0.14086805726691448,0.1565894376354692,0.012734341435364331
final_CO2Conc_10_20,StayGreen,-0.12462409983301119,0.13983487625543434,0.17764547506090236,0.018497109898271732
final_CO2Conc_10_20,Rmax_LTIR,-0.03152569031162399,0.05041861835832647,0.06336883406933531,0.005577677223887475
final_CO2Conc_10_20,Ks,-0.039656437595519886,0.04253456892627566,0.035146685066490546,0.0035779857989002455
final_CO2Conc_10_20,Alfa,-0.01411117778670447,0.04191913156673176,0.0621363916652719,0.005324864740546622
final_CO2Conc_10_20,PhyllFrmTassel,0.011441957797704674,0.012238408893317839,0.012075019748787894,0.0012628817846124544
final_CO2Conc_10_20,Diffx,-0.00110490561705999,0.0060861445116199685,0.009090439011798184,0.0007932920928342455
final_CO2Conc_10_20,Diffz,-0.00018099386345016996,0.005685968957839084,0.008590055745797423,0.0007361355240744589
final_CO2Conc_120_200,thetaS,-0.8205110754352724,0.8205110754352724,0.33562734597148713,0.03901333537781508
final_CO2Conc_120_200,n,-0.5297083280268353,0.5297083280268353,0.2697286445753657,0.03031495927270707
final_CO2Conc_120_200,JuvenileLeaves,0.3575570563226015,0.3629104886062936,0.20375696543674704,0.0219711406863396
final_CO2Conc_120_200,StayGreen,-0.15608579360134225,0.17815818917794218,0.21584334687033238,0.022113492002568624
final_CO2Conc_120_200,thetaR,0.16721544337963398,0.16721544337963398,0.08561069249983237,0.009759058055871067
final_CO2Conc_120_200,LM_min,-0.10164844776143478,0.15717447352766234,0.2296085563321411,0.022312188922703705
final_CO2Conc_120_200,Rmax_LTAR,-0.024886909160997023,0.12892931823885057,0.19987336309424253,0.017915189896268238
final_CO2Conc_120_200,Rmax_LTIR,-0.046129669769438095,0.06056628857898192,0.06956266638868701,0.006452090031861674
final_CO2Conc_120_200,Alfa,-0.015571071956081886,0.03662773958347405,0.044808842378773896,0.0035111636024021437
final_CO2Conc_120_200,Ks,-0.009202496347510625,0.018410168419700963,0.025679263539566847,0.002276620303113088
final_CO2Conc_120_200,PhyllFrmTassel,0.00945852020548579,0.00976246356045865,0.009425311169823702,0.0010699838367480522
final_CO2Conc_120_200,Diffx,-0.0011781872063246228,0.005642766394880646,0.007860418777165125,0.0006500595992544539
final_CO2Conc_120_200,Diffz,0.0007512861295763875,0.005070314257661972,0.00821298428279422,0.0007197223525191715
final_CO2Conc_20_40,n,-0.7561008541536597,0.7561008541536597,0.3262747166976361,0.03679338413211211
final_CO2Conc_20_40,thetaS,-0.7035410453522093,0.7035410453522093,0.3268440560590134,0.0386128171723637
final_CO2Conc_20_40,JuvenileLeaves,0.24850020643453138,0.2529651050770074,0.16962013317474808,0.01880387149872712
final_CO2Conc_20_40,LM_min,-0.13282757430788952,0.15779196129197198,0.19053965524518643,0.01889416901940414
final_CO2Conc_20_40,Rmax_LTAR,-0.09759164090864049,0.1447767024010359,0.1593670019808163,0.013030989915624337
final_CO2Conc_20_40,thetaR,0.1441217657799572,0.1441217657799572,0.08318781186255327,0.009469554060949185
final_CO2Conc_20_40,StayGreen,-0.12576111730570771,0.14291076222675095,0.18179744311988544,0.01879614280664767
final_CO2Conc_20_40,Rmax_LTIR,-0.03357760123313244,0.05228997180613351,0.06567273434076326,0.005850271325526243
final_CO2Conc_20_40,Alfa,-0.025889658038354448,0.048424208620077965,0.06530230601468824,0.0056456857852088095
final_CO2Conc_20_40,Ks,-0.03404838043217686,0.03833554848285678,0.03440900323356062,0.0033498704351853227
final_CO2Conc_20_40,PhyllFrmTassel,0.011490088594699261,0.012268244829097967,0.01177170953518568,0.001243876177500755
final_CO2Conc_20_40,Diffx,-0.00103729859921003,0.006399064136080237,0.009031261768901538,0.0007526070933771197
final_CO2Conc_20_40,Diffz,-5.081517822953199e-05,0.005715426569766818,0.00849311297400254,0.0007097921161693538
final_CO2Conc_80_120,thetaS,-0.782159543059987,0.782159543059987,0.3375252679108053,0.03967197204415017
final_CO2Conc_80_120,n,-0.6417081739143569,0.6417081739143569,0.30236837789657195,0.03389421014130045
final_CO2Conc_80_120,JuvenileLeaves,0.3078883238828281,0.30912030577737876,0.18243300127409884,0.020566462796464857
final_CO2Conc_80_120,thetaR,0.16120036782251096,0.16120036782251096,0.08695947227025215,0.00986293370733961
final_CO2Conc_80_120,StayGreen,-0.1289344578293245,0.15395271389288864,0.19676786136023536,0.01989251898402556
final_CO2Conc_80_120,LM_min,-0.11094899288423742,0.1500737189366601,0.20143842793163153,0.01953679035775648
final_CO2Conc_80_120,Rmax_LTAR,-0.07715992879737614,0.13721387469907198,0.16806045993558152,0.013819309336497753
final_CO2Conc_80_120,Rmax_LTIR,-0.04074075551796317,0.0590207406155904,0.07199655935891622,0.006546804993557127
final_CO2Conc_80_120,Alfa,-0.03568340307702577,0.049896781702307325,0.05405153566090874,0.004689387067533802
final_CO2Conc_80_120,Ks,-0.012633880848254519,0.021772598438265962,0.02702708397593018,0.0022925005064364083
final_CO2Conc_80_120,PhyllFrmTassel,0.010993745978081301,0.011274148882674515,0.010962865941488136,0.0012122466894678007
final_CO2Conc_80_120,Diffx,-0.0012108102672785425,0.005886418576677595,0.008578575033683967,0.0007302321629361652
final_CO2Conc_80_120,Diffz,0.0005090863097830826,0.005440464892728049,0.008982232777458223,0.0008130896269030639
final_Flux,JuvenileLeaves,0.0,0.0,0.0,0.0
final_Flux,Rmax_LTAR,0.0,0.0,0.0,0.0
final_Flux,Rmax_LTIR,0.0,0.0,0.0,0.0
final_Flux,PhyllFrmTassel,0.0,0.0,0.0,0.0
final_Flux,StayGreen,0.0,0.0,0.0,0.0
final_Flux,LM_min,0.0,0.0,0.0,0.0
final_Flux,Diffx,0.0,0.0,0.0,0.0
final_Flux,Diffz,0.0,0.0,0.0,0.0
final_Flux,thetaR,0.0,0.0,0.0,0.0
final_Flux,thetaS,0.0,0.0,0.0,0.0
final_Flux,Alfa,0.0,0.0,0.0,0.0
final_Flux,n,0.0,0.0,0.0,0.0
final_Flux,Ks,0.0,0.0,0.0,0.0
final_Humus_C,n,0.8811665271358158,0.8941084687859077,0.3321718220274805,0.03387626162402996
final_Humus_C,thetaS,-0.17369855111035407,0.35687135127528125,0.3981416120529255,0.029287732828656227
final_Humus_C,Alfa,0.08333583260559728,0.20738244291901148,0.26637663288173974,0.01973955719307782
final_Humus_C,Rmax_LTAR,0.1644011233793945,0.1645257342796148,0.10553060456246453,0.011931282220359832
final_Humus_C,JuvenileLeaves,0.11937873675594118,0.12273510016514365,0.10270692457335107,0.011131053284483843
final_Humus_C,LM_min,0.0720288580786525,0.11457198382358005,0.137980551543978,0.012090003058288015
final_Humus_C,StayGreen,-0.08673931934433962,0.09127042384156679,0.116710494224918,0.013238427731517611
final_Humus_C,thetaR,0.0022288101692593608,0.07523217136190834,0.12371205992839708,0.010900099325700989
final_Humus_C,Ks,-0.012409357021245179,0.023056319807444624,0.030109098051817204,0.002565083529821312
final_Humus_C,Rmax_LTIR,0.004725093468944463,0.008748375122571742,0.012229492186699123,0.0011167127380665033
final_Humus_C,Diffx,0.0004246091426634588,0.004707144515519096,0.0073736478933133735,0.0005946575685707066
final_Humus_C,Diffz,2.4205303525055634e-05,0.004243298263191629,0.0062848698959404705,0.0005314470748966532
final_Humus_C,PhyllFrmTassel,0.0003592842478430496,0.002681658394762693,0.005765217213544236,0.0005946703252205098
final_Humus_N,n,0.8829066168620036,0.8954667915902803,0.3289868746655226,0.03361270327197486
final_Humus_N,thetaS,-0.17464240127763658,0.35646549976995306,0.3968724203991271,0.02917337026686482
final_Humus_N,Alfa,0.08502830137227645,0.20717509872218717,0.26402162658255446,0.01951876629088459
final_Humus_N,Rmax_LTAR,0.16242092740217942,0.16255056079357316,0.10473672307644502,0.011842568345576506
final_Humus_N,JuvenileLeaves,0.11595530513706023,0.12038492235870507,0.10242968293544129,0.010956839135475408
final_Humus_N,LM_min,0.07059055066821945,0.11395888278393632,0.1371557965535958,0.01190136808925121
final_Humus_N,StayGreen,-0.08525377372357218,0.09013405494063081,0.11525535889351465,0.013039628026570856
final_Humus_N,thetaR,0.0019556954740930993,0.07471594299783413,0.12263442817693564,0.01078703515786026
final_Humus_N,Ks,-0.013063355800466624,0.023683024310063704,0.03085641289223165,0.0026475096397155524
final_Humus_N,Rmax_LTIR,0.004533496275869067,0.009056051373750262,0.01276041515696221,0.0011577005341997942
final_Humus_N,Diffx,0.0003951918445798985,0.004897175955221041,0.007725063060442169,0.000626854026610359
final_Humus_N,Diffz,-0.0001252709829816775,0.004451878600994405,0.006839434147103242,0.0005915947952900835
final_Humus_N,PhyllFrmTassel,0.0004907522708249488,0.0028036379436141732,0.005947231013298081,0.0006212527786100011
final_Litter_C,JuvenileLeaves,0.0,0.0,0.0,0.0
final_Litter_C,Rmax_LTAR,0.0,0.0,0.0,0.0
final_Litter_C,Rmax_LTIR,0.0,0.0,0.0,0.0
final_Litter_C,PhyllFrmTassel,0.0,0.0,0.0,0.0
final_Litter_C,StayGreen,0.0,0.0,0.0,0.0
final_Litter_C,LM_min,0.0,0.0,0.0,0.0
final_Litter_C,Diffx,0.0,0.0,0.0,0.0
final_Litter_C,Diffz,0.0,0.0,0.0,0.0
final_Litter_C,thetaR,0.0,0.0,0.0,0.0
final_Litter_C,thetaS,0.0,0.0,0.0,0.0
final_Litter_C,Alfa,0.0,0.0,0.0,0.0
final_Litter_C,n,0.0,0.0,0.0,0.0
final_Litter_C,Ks,0.0,0.0,0.0,0.0
final_Litter_N,JuvenileLeaves,0.0,0.0,0.0,0.0
final_Litter_N,Rmax_LTAR,0.0,0.0,0.0,0.0
final_Litter_N,Rmax_LTIR,0.0,0.0,0.0,0.0
final_Litter_N,PhyllFrmTassel,0.0,0.0,0.0,0.0
final_Litter_N,StayGreen,0.0,0.0,0.0,0.0
final_Litter_N,LM_min,0.0,0.0,0.0,0.0
final_Litter_N,Diffx,0.0,0.0,0.0,0.0
final_Litter_N,Diffz,0.0,0.0,0.0,0.0
final_Litter_N,thetaR,0.0,0.0,0.0,0.0
final_Litter_N,thetaS,0.0,0.0,0.0,0.0
final_Litter_N,Alfa,0.0,0.0,0.0,0.0
final_Litter_N,n,0.0,0.0,0.0,0.0
final_Litter_N,Ks,0.0,0.0,0.0,0.0
final_Manure_C,JuvenileLeaves,0.0,0.0,0.0,0.0
final_Manure_C,Rmax_LTAR,0.0,0.0,0.0,0.0
final_Manure_C,Rmax_LTIR,0.0,0.0,0.0,0.0
final_Manure_C,PhyllFrmTassel,0.0,0.0,0.0,0.0
final_Manure_C,StayGreen,0.0,0.0,0.0,0.0
final_Manure_C,LM_min,0.0,0.0,0.0,0.0
final_Manure_C,Diffx,0.0,0.0,0.0,0.0
final_Manure_C,Diffz,0.0,0.0,0.0,0.0
final_Manure_C,thetaR,0.0,0.0,0.0,0.0
final_Manure_C,thetaS,0.0,0.0,0.0,0.0
final_Manure_C,Alfa,0.0,0.0,0.0,0.0
final_Manure_C,n,0.0,0.0,0.0,0.0
final_Manure_C,Ks,0.0,0.0,0.0,0.0
final_Manure_N,JuvenileLeaves,0.0,0.0,0.0,0.0
final_Manure_N,Rmax_LTAR,0.0,0.0,0.0,0.0
final_Manure_N,Rmax_LTIR,0.0,0.0,0.0,0.0
final_Manure_N,PhyllFrmTassel,0.0,0.0,0.0,0.0
final_Manure_N,StayGreen,0.0,0.0,0.0,0.0
final_Manure_N,LM_min,0.0,0.0,0.0,0.0
final_Manure_N,Diffx,0.0,0.0,0.0,0.0
final_Manure_N,Diffz,0.0,0.0,0.0,0.0
final_Manure_N,thetaR,0.0,0.0,0.0,0.0
final_Manure_N,thetaS,0.0,0.0,0.0,0.0
final_Manure_N,Alfa,0.0,0.0,0.0,0.0
final_Manure_N,n,0.0,0.0,0.0,0.0
final_Manure_N,Ks,0.0,0.0,0.0,0.0
final_N2OConc_0_10,n,-0.7191377857198813,0.7191377857198813,0.29225988760755417,0.032574363826135086
final_N2OConc_0_10,thetaS,0.7190236970423879,0.7190236970423879,0.28951679741292086,0.032305041449903024
final_N2OConc_0_10,JuvenileLeaves,-0.2202341706510159,0.23688121455154762,0.19292631019589182,0.01982645389798676
final_N2OConc_0_10,StayGreen,0.14320929639579139,0.2354339367034377,0.29242840333914977,0.026222360287153062
final_N2OConc_0_10,LM_min,-0.028114820650553842,0.2276597993635115,0.2886721509264236,0.020174319942444306
final_N2OConc_0_10,Ks,-0.1725571348556103,0.1725571348556103,0.07947060379126368,0.008672222884614172
final_N2OConc_0_10,Rmax_LTAR,-0.07162002759741114,0.14063429110099246,0.1857367824428024,0.016494654355243776
final_N2OConc_0_10,thetaR,-0.13890346939810588,0.13890346939810588,0.0709201947191295,0.007793811190895913
final_N2OConc_0_10,Alfa,0.08135488077817025,0.09573668314919795,0.09658683120986125,0.009621158620316855
final_N2OConc_0_10,Rmax_LTIR,-0.004893499530962844,0.013031993597222397,0.02305616810697756,0.0022937161812429468
final_N2OConc_0_10,PhyllFrmTassel,-0.005139959742018424,0.007018848662437769,0.009473518505026557,0.0009161526675896969
final_N2OConc_0_10,Diffz,-0.005305010377250579,0.006725812976635055,0.008616418132220586,0.0008424693935313793
final_N2OConc_0_10,Diffx,-0.002119489725618402,0.0059219401109417286,0.008326513397179507,0.0006943763122382905
final_N2OConc_0_20,thetaS,0.7284103633889448,0.7284103633889448,0.29340209733906764,0.03284788978115011
final_N2OConc_0_20,n,-0.7125459859619516,0.7125459859619516,0.2927334077398356,0.032622630444093116
final_N2OConc_0_20,JuvenileLeaves,-0.23751877103414956,0.2512973458716196,0.1933109220898174,0.020147410269815154
final_N2OConc_0_20,StayGreen,0.14135911417648084,0.22830430971668125,0.2853019082358801,0.02586671793780308
final_N2OConc_0_20,LM_min,-0.04129457508031237,0.22396307334566312,0.2815108156990728,0.019664215665886168
final_N2OConc_0_20,Ks,-0.16416889718145575,0.16416889718145575,0.07705277875773721,0.008383087951369102
final_N2OConc_0_20,thetaR,-0.14050566728438776,0.14050566728438776,0.07148664687323784,0.00784917142793119
final_N2OConc_0_20,Rmax_LTAR,-0.07673560969111963,0.13987913681584374,0.1833546430888133,0.016592303806599526
final_N2OConc_0_20,Alfa,0.06419702072722304,0.08677835272855618,0.09454624019129335,0.0086896891784609
final_N2OConc_0_20,Rmax_LTIR,-0.004879155096953412,0.013723578072054356,0.02457883285670064,0.0024125220767746967
final_N2OConc_0_20,PhyllFrmTassel,-0.00536649224195219,0.007154525290543337,0.010225653491850305,0.0010245519404739668
final_N2OConc_0_20,Diffz,-0.004482354834121258,0.006206828577724283,0.009040497593811023,0.0008945233134150112
final_N2OConc_0_20,Diffx,-0.0022786999110886177,0.0059513382150956536,0.008988130348996516,0.0007922568646726616
final_N2OConc_0_200,thetaS,0.7184426805853531,0.7184426805853531,0.2981702612439747,0.03303331155625691
final_N2OConc_0_200,n,-0.4954440165347537,0.4954440165347537,0.2613671699653787,0.02889943414866697
final_N2OConc_0_200,StayGreen,0.2534345829023689,0.40124188976944664,0.465540226845598,0.04018894191547203
final_N2OConc_0_200,LM_min,0.04013246408588707,0.3756984698382794,0.4711640489258778,0.032555309341536366
final_N2OConc_0_200,JuvenileLeaves,-0.27248871602739616,0.29996309675803895,0.23974222998353995,0.022793502479788046
final_N2OConc_0_200,Rmax_LTAR,-0.10364228145964549,0.24046887496012279,0.31672600129878037,0.026571436255420747
final_N2OConc_0_200,thetaR,-0.1365560031363025,0.1365560031363025,0.07099762286793102,0.007540059759842773
final_N2OConc_0_200,Ks,-0.08703452649527006,0.08791712966592398,0.05769157292265231,0.006494685421640439
final_N2OConc_0_200,Alfa,-0.05523977384577312,0.06696672133754507,0.07403697110640818,0.007219178353636976
final_N2OConc_0_200,Rmax_LTIR,-0.005595437003015389,0.015362080995484065,0.028421812702306776,0.0028607682606247038
final_N2OConc_0_200,PhyllFrmTassel,-0.006728985932358602,0.00944910009838285,0.016020251628575555,0.0016562878032905335
final_N2OConc_0_200,Diffz,-0.0023560021483591967,0.006522171993879697,0.011898034456810815,0.0011428093162562476
final_N2OConc_0_200,Diffx,-0.0013641002439130192,0.006522116698416912,0.012089352296123387,0.0011288449041921382
final_N2OConc_10_20,thetaS,0.7297248735153742,0.7297248735153742,0.29396078417265153,0.03292702023816312
final_N2OConc_10_20,n,-0.7114805514162973,0.7114805514162973,0.29278608160831154,0.03262741160643758
final_N2OConc_10_20,JuvenileLeaves,-0.2400780123888315,0.253498062515948,0.19345609041129191,0.02020482303085005
final_N2OConc_10_20,StayGreen,0.1410592579143373,0.22720944773250873,0.28420635837967817,0.025810703110072497
final_N2OConc_10_20,LM_min,-0.043266539622585136,0.22350253719184962,0.2804612573260112,0.0195848335457781
final_N2OConc_10_20,Ks,-0.16289834457560792,0.16289834457560792,0.07673920050273528,0.00834533711829753
final_N2OConc_10_20,thetaR,-0.14072694570446978,0.14072694570446978,0.07163001801686192,0.007864340627970923
final_N2OConc_10_20,Rmax_LTAR,-0.07748872944963324,0.13977803541410394,0.18302345873963627,0.01660938609534831
final_N2OConc_10_20,Alfa,0.06163263989364945,0.0855798981852448,0.09432584841748125,0.008557410245618596
final_N2OConc_10_20,Rmax_LTIR,-0.00487665226876507,0.013827327483027715,0.024895316846384137,0.0024420014349610763
final_N2OConc_10_20,PhyllFrmTassel,-0.005400538342349529,0.007175179631439349,0.010493706069359123,0.0010612488008021957
final_N2OConc_10_20,Diffz,-0.004360175722319248,0.00613009043953856,0.009344119067617578,0.0009348661641982894
final_N2OConc_10_20,Diffx,-0.002301355482214171,0.005957656804456821,0.009243326937336704,0.0008271850182152795
final_N2OConc_120_200,thetaS,0.5927056300707138,0.5927056300707138,0.30933261638868925,0.03456177062893685
final_N2OConc_120_200,StayGreen,0.2983155818389931,0.5371018703643233,0.5996674018989693,0.04567336337887925
final_N2OConc_120_200,LM_min,0.11192732127957884,0.49497686375822675,0.6040973270863127,0.04214233000088835
final_N2OConc_120_200,n,-0.3415813274731985,0.350698562299624,0.26288746901507154,0.027750778837657555
final_N2OConc_120_200,Rmax_LTAR,-0.07770482018701944,0.3275044268572827,0.4233125524335608,0.031737402551289304
final_N2OConc_120_200,JuvenileLeaves,-0.24571983867702754,0.3002014002739654,0.2912918939280232,0.02669052824151942
final_N2OConc_120_200,Alfa,-0.11751919481497713,0.11822072694370805,0.08512733967191172,0.009608570330500554
final_N2OConc_120_200,thetaR,-0.11354407452718794,0.1136201084474024,0.07483615197638932,0.008060092307057194
final_N2OConc_120_200,Ks,-0.03184981149946451,0.047217345810883236,0.05407058710722988,0.004581374388643536
final_N2OConc_120_200,Rmax_LTIR,-0.006085364967956406,0.01650369012621462,0.033665887991657574,0.0034430672089047053
final_N2OConc_120_200,PhyllFrmTassel,-0.006128613849032736,0.009680360099128744,0.018950158487538494,0.0019778960489019717
final_N2OConc_120_200,Diffz,-0.0026937291681868457,0.008088082656451051,0.016661743759645017,0.0016035565266025178
final_N2OConc_120_200,Diffx,-0.0008665631873286602,0.006977270801949936,0.01550411448193297,0.001584369825529164
final_N2OConc_20_40,thetaS,0.7625116957412953,0.7625116957412953,0.2969242405947391,0.03333896829670434
final_N2OConc_20_40,n,-0.6739905187014807,0.6739905187014807,0.28176510532398497,0.031298827866500296
final_N2OConc_20_40,JuvenileLeaves,-0.28637220934944946,0.2913250399903093,0.1809585897816687,0.019660706276105947
final_N2OConc_20_40,LM_min,-0.07914548236284112,0.22418234028929712,0.2676096875965971,0.01852545711990025
final_N2OConc_20_40,StayGreen,0.1426279833953547,0.22051395444531924,0.27630969957218626,0.0254790863762479
final_N2OConc_20_40,thetaR,-0.14504705802364673,0.14504705802364673,0.06747279875235941,0.007313156166836074
final_N2OConc_20_40,Rmax_LTAR,-0.08941051581560198,0.1404876220501063,0.18262228595384852,0.01700659787634425
final_N2OConc_20_40,Ks,-0.13584967210020393,0.13584967210020393,0.06452737083819539,0.006988626426432486
final_N2OConc_20_40,Alfa,0.010264324910832687,0.06479909754720405,0.08206154166559905,0.005926021597791208
final_N2OConc_20_40,Rmax_LTIR,-0.006540014268113906,0.014125399122139613,0.02614378506122819,0.002659395143491207
final_N2OConc_20_40,PhyllFrmTassel,-0.005853310611425513,0.007748040762688609,0.010329331674010275,0.0010312922329221202
final_N2OConc_20_40,Diffx,-0.0025681231857254743,0.006280084472782032,0.009339269194675603,0.0008279024419294218
final_N2OConc_20_40,Diffz,-0.003616385336185505,0.005892744206489245,0.008273256106064322,0.0007705271072898802
final_N2OConc_80_120,thetaS,0.7764542133282323,0.7764542133282323,0.3098818543244382,0.03454084582738785
final_N2OConc_80_120,n,-0.5096544884089272,0.5096544884089272,0.26322393950570167,0.029211831330607434
final_N2OConc_80_120,StayGreen,0.22697938119488847,0.34432516456822043,0.408350982513039,0.03665204678292444
final_N2OConc_80_120,LM_min,-0.002036829452649697,0.32158243422193844,0.3986969744033502,0.026767903020326944
final_N2OConc_80_120,JuvenileLeaves,-0.2846530250701841,0.30145096397059196,0.21984675735554154,0.02190480430323434
final_N2OConc_80_120,Rmax_LTAR,-0.09917822207740395,0.20574293747722558,0.27123104337810816,0.023428499121181744
final_N2OConc_80_120,thetaR,-0.145498282237742,0.145498282237742,0.07621054202135243,0.008101952116483744
final_N2OConc_80_120,Ks,-0.10249427851764714,0.10281041788883097,0.0668537747642288,0.007488510839986732
final_N2OConc_80_120,Alfa,-0.041084111537753015,0.05896877776363502,0.07833568709806683,0.007486342605764672
final_N2OConc_80_120,Rmax_LTIR,-0.0049075618451731775,0.01507554995286257,0.031094143662977858,0.0031918233277570185
final_N2OConc_80_120,PhyllFrmTassel,-0.007381479184585343,0.00972287589754892,0.023790469175598156,0.002591922083397663
final_N2OConc_80_120,Diffx,-0.0011375444686068353,0.006339700566245102,0.018475254964837325,0.0018933094854490964
final_N2OConc_80_120,Diffz,-0.0012729475165796655,0.005670705975777394,0.01744945326169514,0.0018674487528409925
final_NH4N_0_10,thetaS,0.6518292601803267,0.6660955573690249,0.330821328398884,0.03400399958356172
final_NH4N_0_10,n,-0.6401323947099415,0.6522120598896715,0.32383857513839565,0.0345402539757304
final_NH4N_0_10,JuvenileLeaves,-0.45525830620158064,0.4621246882133598,0.2551569578702122,0.027217063346492175
final_NH4N_0_10,LM_min,-0.4200258179959019,0.43074939964517245,0.25838259415203335,0.02700996483003976
final_NH4N_0_10,Rmax_LTAR,-0.06940886901572454,0.12125519576681415,0.15308797788484665,0.013179587748241236
final_NH4N_0_10,thetaR,-0.09414161601249148,0.10644614530947104,0.09592986836550572,0.009288808363294595
final_NH4N_0_10,Alfa,-0.09057914090510343,0.1016591695370357,0.09776569720732063,0.009678546144775365
final_NH4N_0_10,StayGreen,-0.09391504130927164,0.10081677742116876,0.11292074545529017,0.011946474648248136
final_NH4N_0_10,Diffz,-0.08493210827914581,0.08519564791720953,0.05226872901778728,0.0056173693079570475
final_NH4N_0_10,Ks,-0.05669568877344279,0.0696328035570578,0.07213429639904718,0.006510398773803684
final_NH4N_0_10,Rmax_LTIR,-0.012868727623983976,0.033633436189291585,0.06174890318465974,0.006260178240054305
final_NH4N_0_10,PhyllFrmTassel,-0.011973102041647058,0.021761858443914463,0.034634661710604954,0.0033773205338662074
final_NH4N_0_10,Diffx,-0.0044501116039215895,0.019202525473807894,0.029102550482396017,0.0025866377466048913
final_NH4N_0_20,thetaS,0.6149477346231286,0.6599207872417687,0.4088533296391513,0.037090303546311064
final_NH4N_0_20,n,-0.5977038294509688,0.6360616018754255,0.3912516301394976,0.03717043398080094
final_NH4N_0_20,JuvenileLeaves,-0.4745600501154607,0.5000058696233797,0.3275502659837663,0.03176881551596711
final_NH4N_0_20,LM_min,-0.42141500054308795,0.44771597738985436,0.3184975279513267,0.0315300463411004
final_NH4N_0_20,Rmax_LTAR,-0.04508862206253597,0.1254774423052647,0.17104781516090914,0.01393421820505423
final_NH4N_0_20,thetaR,-0.09234164345306423,0.12127186457704914,0.15572044427516932,0.01497750211648435
final_NH4N_0_20,Alfa,-0.09519343655770514,0.1104590268619357,0.12127265898129018,0.011931920760946969
final_NH4N_0_20,StayGreen,-0.09435575783067707,0.10374325411879375,0.12107478043795881,0.01267515057216467
final_NH4N_0_20,Diffz,-0.07487576583277172,0.07582644411380739,0.057164907125871016,0.006166051728798533
final_NH4N_0_20,Ks,-0.046815496627339595,0.07436346248616907,0.10428565694267851,0.009177653344588955
final_NH4N_0_20,Rmax_LTIR,-0.014738223439947937,0.03760926140330328,0.06836330028113229,0.006961726553624668
final_NH4N_0_20,PhyllFrmTassel,-0.013268772046707091,0.02425767557284771,0.039382831079679215,0.0038312006462799925
final_NH4N_0_20,Diffx,-0.005834941814351905,0.02156744343375807,0.03563312631554099,0.003335770761882674
final_NH4N_0_200,n,0.47620319164362995,0.7199981269959601,0.7094878018383257,0.05307050000570816
final_NH4N_0_200,JuvenileLeaves,0.06308646887038825,0.5513948212472632,0.6633751496078821,0.04125863554672266
final_NH4N_0_200,thetaS,-0.02572685394497893,0.5232730799915258,0.6461369747663218,0.04092582431441748
final_NH4N_0_200,LM_min,-0.10177994321063293,0.37021151982186645,0.4730960022775774,0.035561847651289745
final_NH4N_0_200,Rmax_LTAR,0.08253825617473824,0.18027405726565537,0.24459637602079562,0.02152683481527891
final_NH4N_0_200,Alfa,0.062281198516517026,0.1611035089542052,0.24021922784077648,0.02137103793523476
final_NH4N_0_200,thetaR,0.02832879715205948,0.13940923562157306,0.20690229004673844,0.01741333591515886
final_NH4N_0_200,StayGreen,-0.06518503066904936,0.10322763833808754,0.15505675996034407,0.014805549475527991
final_NH4N_0_200,Ks,-0.007283790945414038,0.07005166439591856,0.10688787228407279,0.009246009349293231
final_NH4N_0_200,Rmax_LTIR,-0.03171978180305588,0.0689168710065879,0.11907422377712518,0.011408146823284542
final_NH4N_0_200,Diffz,-0.038424567219568086,0.057530535848548205,0.07774952893176834,0.0072309553707480805
final_NH4N_0_200,Diffx,-0.0010681316608995785,0.03809789605793256,0.08434917038301917,0.00806289716451085
final_NH4N_0_200,PhyllFrmTassel,-0.004509417084305437,0.0145659230786553,0.02568464335853207,0.002442279147019107
final_NH4N_10_20,thetaS,0.5140346974073522,0.6049357529518659,0.5132475926548568,0.04450596288070998
final_NH4N_10_20,n,-0.46737699585990383,0.5856877112587308,0.524467928270671,0.04499774088885567
final_NH4N_10_20,JuvenileLeaves,-0.48508761306800713,0.5636139552686281,0.4830789442096023,0.044067786646911765
final_NH4N_10_20,LM_min,-0.3942818211787192,0.46375864020225827,0.438310425282403,0.0408400143996987
final_NH4N_10_20,Rmax_LTAR,0.01637255964382157,0.15325896901019292,0.24707899812326084,0.021636380370012316
final_NH4N_10_20,Alfa,-0.10457041691333546,0.13791997743440024,0.2022771780605603,0.02012626442781664
final_NH4N_10_20,thetaR,-0.08845761905701051,0.13755934892255886,0.20091901119155664,0.01939266936217167
final_NH4N_10_20,StayGreen,-0.08866173445160179,0.10379860576530545,0.14677010480476996,0.01531929750104945
final_NH4N_10_20,Ks,-0.02947516083635592,0.08753495987470887,0.14111726857780799,0.012061499096477695
final_NH4N_10_20,Diffz,-0.04364902016266987,0.048489673550199355,0.06034310553473217,0.0063321752558196795
final_NH4N_10_20,Rmax_LTIR,-0.01766879936754907,0.0481155858815358,0.10135326451867784,0.010583931831157986
final_NH4N_10_20,PhyllFrmTassel,-0.01735050936616339,0.031026935354909118,0.05966795203802842,0.006048167015180516
final_NH4N_10_20,Diffx,-0.006570731475806379,0.025345980534892697,0.045524998315594964,0.00443141395808995
final_NH4N_120_200,n,0.8641780537847463,0.8688921447056549,0.3346661031279387,0.03688247196790527
final_NH4N_120_200,thetaS,-0.08812347927450977,0.3066173048837906,0.38471894534347206,0.027898812596001236
final_NH4N_120_200,JuvenileLeaves,0.03568777512026003,0.22220802312489582,0.28225328321855264,0.020284010335594217
final_NH4N_120_200,Alfa,0.08033205576221214,0.17927271619715046,0.2536441251052548,0.02229644401398005
final_NH4N_120_200,LM_min,-0.07269354357585331,0.16861456256476492,0.24123867463612292,0.02088959502207728
final_NH4N_120_200,StayGreen,-0.11657651859195747,0.14102974599717533,0.21316941441684525,0.02196509633401352
final_NH4N_120_200,Rmax_LTAR,0.028258937683734834,0.13364398826902996,0.18785879171597786,0.014681267047236704
final_NH4N_120_200,thetaR,0.015081116561738212,0.09338678829319622,0.1437120622787395,0.012553355345634579
final_NH4N_120_200,Ks,-0.01449781980994547,0.06120508928369964,0.09648959563361642,0.008735339440039246
final_NH4N_120_200,Rmax_LTIR,0.002471752797532282,0.04512914610436315,0.0744109623340815,0.006793620424540757
final_NH4N_120_200,Diffz,-0.004485054414023929,0.023572790805780647,0.050277663520031476,0.005213042580419729
final_NH4N_120_200,Diffx,0.0012845568027981438,0.021973405799129708,0.04066010382024921,0.0037674235779732138
final_NH4N_120_200,PhyllFrmTassel,-0.002494749402648168,0.0052188574292731105,0.009312884648786547,0.0008923718440324035
final_NH4N_20_40,thetaS,-0.3533333751374382,0.5626249544806456,0.658055861247322,0.05601168526890602
final_NH4N_20_40,n,0.2373299312369236,0.5490696755145804,0.7181395370217204,0.05807406285826022
final_NH4N_20_40,JuvenileLeaves,0.02548747456863102,0.5362162767735698,0.7144480976398591,0.05502589233734233
final_NH4N_20_40,Rmax_LTAR,0.2910727321512465,0.3296650171496296,0.3617573187794225,0.03596977417068228
final_NH4N_20_40,LM_min,0.10857512204632712,0.3235065570345963,0.47747238312158496,0.04248871091573213
final_NH4N_20_40,thetaR,0.14137034760749492,0.2126722622430127,0.3272163117754916,0.03197737920375721
final_NH4N_20_40,Alfa,0.032451541293871754,0.18750372068135945,0.30951053803401557,0.027969643685620035
final_NH4N_20_40,Ks,0.05712925031600884,0.13430801112893154,0.20323663364043357,0.018618206169164268
final_NH4N_20_40,Rmax_LTIR,-0.05677713451580245,0.10181181362085812,0.18482765379417349,0.018635297191359212
final_NH4N_20_40,StayGreen,-0.0025375289822879006,0.07373973324664937,0.1324543557524174,0.012413233872513843
final_NH4N_20_40,Diffx,-0.006756257731788821,0.050735939681657155,0.1322868594202971,0.013361986369548624
final_NH4N_20_40,Diffz,0.020399128012631825,0.04592124983464597,0.09857755616635905,0.010183191642757746
final_NH4N_20_40,PhyllFrmTassel,-0.01272100363957459,0.020472299579722533,0.04153155853293835,0.004251585458618709
final_NH4N_80_120,n,0.7915339730064286,0.8009624332696013,0.49104630637649477,0.053424278033715744
final_NH4N_80_120,thetaS,-0.3726736464940067,0.39996929170497486,0.4158422580720655,0.043812846370983295
final_NH4N_80_120,JuvenileLeaves,0.3386577499459763,0.3604308108656496,0.38157015517939163,0.04058749625140521
final_NH4N_80_120,LM_min,0.1609982637983259,0.1913716330704856,0.26021251727130534,0.027432400075449344
final_NH4N_80_120,Alfa,0.09825655993404171,0.13555225011363864,0.189591114620709,0.018262132542053427
final_NH4N_80_120,Rmax_LTAR,0.09496584906645532,0.12267611647986089,0.18892342632507703,0.019572600676570996
final_NH4N_80_120,thetaR,0.07666985673527882,0.10785722626623384,0.16115716295155583,0.016166845794726138
final_NH4N_80_120,Ks,0.021010670463994695,0.0525304666267098,0.09156801713444315,0.009185283237891011
final_NH4N_80_120,Rmax_LTIR,-0.011787384832440375,0.044314707410315964,0.084974547574461,0.008225994586645118
final_NH4N_80_120,StayGreen,0.006284908202015802,0.040618012591698595,0.08143607189481063,0.007789961947405298
final_NH4N_80_120,Diffx,0.0031787668505395576,0.023185054805827856,0.06305941304328477,0.006280420405628025
final_NH4N_80_120,Diffz,0.006395306557581565,0.021813345688773158,0.05345697746524764,0.0056530626850475486
final_NH4N_80_120,PhyllFrmTassel,0.0010309644235026744,0.0028641237990742903,0.006788415621054212,0.000690483002357534
final_NO3N_0_10,thetaS,0.5895489200230382,0.5895489200230382,0.298255916315212,0.03402391255044567
final_NO3N_0_10,n,-0.5783488496213823,0.5840519615516496,0.3311638617264378,0.03700183166785964
final_NO3N_0_10,JuvenileLeaves,-0.5333217468213591,0.5333217468213591,0.2876819476450965,0.03222377164234401
final_NO3N_0_10,LM_min,-0.4661772367009876,0.4668164988678281,0.28305484992202645,0.031320021153471524
final_NO3N_0_10,Alfa,-0.1678839256206306,0.17620480658775756,0.14627838394146594,0.015366732776037772
final_NO3N_0_10,thetaR,-0.16729770109480432,0.16925782169497816,0.11467292948392532,0.012591545441884781
final_NO3N_0_10,Rmax_LTAR,-0.08278065465345151,0.14411925011508303,0.18286063805533564,0.01576673136746851
final_NO3N_0_10,Diffz,-0.12109270970339059,0.1215303488633879,0.0733853334306207,0.007837608554816973
final_NO3N_0_10,StayGreen,-0.08579078437665742,0.10303527838874532,0.12396540594982032,0.012184978399810552
final_NO3N_0_10,Ks,-0.03183068967006896,0.06613703504824497,0.08163916866827446,0.006435847824436893
final_NO3N_0_10,Rmax_LTIR,-0.015283259466146688,0.04571667519597879,0.083688448406437,0.008320287798184436
final_NO3N_0_10,PhyllFrmTassel,-0.015362673490882056,0.02940024410586688,0.047942263459568986,0.00465688779200913
final_NO3N_0_10,Diffx,-0.005109844766194748,0.02567757938790537,0.038977218186501114,0.003399440774999003
final_NO3N_0_20,thetaS,0.5801423963324501,0.5801423963324501,0.3188095199223221,0.03567573007478648
final_NO3N_0_20,n,-0.5667064840803693,0.566759730739723,0.31901972206602774,0.036813322815010735
final_NO3N_0_20,JuvenileLeaves,-0.5651347225088111,0.5654954005344363,0.3163903536993418,0.03554103052613988
final_NO3N_0_20,LM_min,-0.4676255295418791,0.46984221499312157,0.31186858114739163,0.03411647436015223
final_NO3N_0_20,Alfa,-0.16236458391915298,0.1731651185547358,0.16163650382827124,0.016714124807167698
final_NO3N_0_20,thetaR,-0.1675341467635833,0.169842968917794,0.11837315446247229,0.012952630511027642
final_NO3N_0_20,Rmax_LTAR,-0.061287245290306484,0.14265150385794234,0.18547751158861273,0.015012611035615306
final_NO3N_0_20,Diffz,-0.10428069600688795,0.10482746169633718,0.07005389839544518,0.007463080030235503
final_NO3N_0_20,StayGreen,-0.08127824708962164,0.10126358154950495,0.12673655667813635,0.012379371443609405
final_NO3N_0_20,Ks,-0.03220609029545174,0.0709888799084734,0.08976855443439422,0.007271618898713084
final_NO3N_0_20,Rmax_LTIR,-0.014165094755419489,0.047853673947341475,0.08838140996176504,0.00878054807019413
final_NO3N_0_20,PhyllFrmTassel,-0.017108121713559295,0.031705332674523044,0.05173593729674856,0.0050089457305705675
final_NO3N_0_20,Diffx,-0.006119278689483266,0.027019765182005873,0.04214551542228711,0.0037559210704954235
final_NO3N_0_200,JuvenileLeaves,-0.6087894432917584,0.6087894432917584,0.3127027105747997,0.03492013171685515
final_NO3N_0_200,n,-0.577558760687955,0.577558760687955,0.3075491326060619,0.03517824115541037
final_NO3N_0_200,thetaS,0.5539881199656321,0.555312112969511,0.29908542989028136,0.03343937460533871
final_NO3N_0_200,LM_min,-0.46785600111141074,0.4689038734730953,0.2899033522015087,0.0317443268925435
final_NO3N_0_200,thetaR,-0.17334209389511412,0.17721724414465162,0.11759439248332201,0.01256591909680187
final_NO3N_0_200,Alfa,-0.13506580929142056,0.14911609479972587,0.1442991126436538,0.01445069547406265
final_NO3N_0_200,Rmax_LTAR,-0.03465582488479859,0.13590490163903005,0.17930733353280393,0.013643179516682435
final_NO3N_0_200,StayGreen,-0.07691014728305587,0.09526494011676402,0.11653256814812994,0.011308937728747508
final_NO3N_0_200,Diffz,-0.09173043204224074,0.09225321552713353,0.06148756946245366,0.006569087285047874
final_NO3N_0_200,Ks,-0.03825038767438709,0.06875355109579791,0.08525777112964569,0.007125551575134144
final_NO3N_0_200,Rmax_LTIR,-0.014681303083845458,0.048456811903417586,0.08897117935616658,0.008795028016866699
final_NO3N_0_200,PhyllFrmTassel,-0.01829006532916173,0.03171790195140632,0.04937253144390575,0.0047396544930696964
final_NO3N_0_200,Diffx,-0.007655728560751314,0.026401189410682296,0.04070586447735789,0.00364863156076752
final_NO3N_10_20,JuvenileLeaves,-0.5838430681396718,0.6008425315259818,0.437690115524685,0.047059698888118555
final_NO3N_10_20,thetaS,0.48792855679702163,0.5202608083486283,0.45985250561556,0.04692482646024407
final_NO3N_10_20,LM_min,-0.41966319056118995,0.46544933199720295,0.437673621443139,0.04238678562737327
final_NO3N_10_20,n,-0.44968436293493985,0.4629949234753275,0.38627845986166626,0.04180415537880643
final_NO3N_10_20,Alfa,-0.13298786066102847,0.2313949217164549,0.3271671481247254,0.0292606656005807
final_NO3N_10_20,thetaR,-0.16220666281270327,0.1707071078033459,0.16807442200242298,0.01797881400615448
final_NO3N_10_20,Rmax_LTAR,0.0010799224163312398,0.1627900140489812,0.2360621753747815,0.019418264772931293
final_NO3N_10_20,Ks,-0.027087956622019713,0.0980092963697769,0.16781366000781073,0.015856259399227347
final_NO3N_10_20,StayGreen,-0.059016870030239234,0.09656902711251655,0.15323159892094562,0.015163797002347552
final_NO3N_10_20,Diffz,-0.05336331469391738,0.058060170271301365,0.06447198797297156,0.006626324544754404
final_NO3N_10_20,Rmax_LTIR,-0.007814016982583478,0.05354480351057048,0.1120733485002183,0.011552882347158734
final_NO3N_10_20,PhyllFrmTassel,-0.02119304922533775,0.037552634176644145,0.06354538432254074,0.006153660043075191
final_NO3N_10_20,Diffx,-0.007282320713784549,0.03097280596988056,0.05646313761200517,0.005472176454422766
final_NO3N_120_200,JuvenileLeaves,-0.6617063021073072,0.6623074919304538,0.3445298628276008,0.03756718377061757
final_NO3N_120_200,n,0.053659227334436586,0.47231439322461505,0.557282376657838,0.034039133324058064
final_NO3N_120_200,thetaS,-0.37586710292408354,0.450613560576846,0.49376648613529267,0.04925013406531502
final_NO3N_120_200,LM_min,-0.05814596755721914,0.26817507541593294,0.3498616003378035,0.026025084491781324
final_NO3N_120_200,StayGreen,0.06789644160588923,0.23224937570020168,0.33939564476713235,0.02963810310787353
final_NO3N_120_200,Alfa,0.060835978942381436,0.2270544465888733,0.3837358125082857,0.03609518515274987
final_NO3N_120_200,Rmax_LTAR,0.1514353715926805,0.22511927278302798,0.2502393636799351,0.021042616709257524
final_NO3N_120_200,thetaR,-0.08794623991933939,0.2029600406718549,0.2810260695055031,0.023372952818498424
final_NO3N_120_200,Rmax_LTIR,0.07657876698396852,0.09968623461033153,0.1323560182383085,0.012807963550770848
final_NO3N_120_200,Ks,0.03289185896146981,0.0812123670455186,0.13336925582525938,0.01282202770115678
final_NO3N_120_200,Diffx,-0.006133786199616309,0.013729759707433734,0.029462945308019014,0.003033133468942653
final_NO3N_120_200,Diffz,-0.0013342103109226199,0.010918037718171337,0.020410668835708787,0.0019290043613947225
final_NO3N_120_200,PhyllFrmTassel,-0.0070205240371023605,0.009914942981107542,0.018618343911324248,0.0018812815615936531
final_NO3N_20_40,n,-0.28144223382102734,0.6132032126116079,0.6389412015207224,0.03770903672853472
final_NO3N_20_40,thetaS,0.1732827318362521,0.5966635467090051,0.6545312005815898,0.03608737640843895
final_NO3N_20_40,JuvenileLeaves,-0.49533600297442004,0.5279764356088875,0.4602592735599475,0.04753394526498576
final_NO3N_20_40,LM_min,-0.1775373051985431,0.3460629208513554,0.44845966316922825,0.03896599965497171
final_NO3N_20_40,Rmax_LTAR,0.14925155173784066,0.21575324529805404,0.2479825180690796,0.021495954072635496
final_NO3N_20_40,thetaR,-0.1347542842483156,0.18171824113992568,0.204191395567492,0.01786395879644895
final_NO3N_20_40,Alfa,0.020003074816831997,0.1622669672898312,0.2861218797160603,0.02666666695098698
final_NO3N_20_40,Ks,-0.035186374469100175,0.12450727038301501,0.20427965059387748,0.01880293017455306
final_NO3N_20_40,StayGreen,0.002490913352446779,0.05687514215737081,0.08839902336391105,0.007577959813041377
final_NO3N_20_40,Rmax_LTIR,-0.020162615124812187,0.05509065558093082,0.10164532114290753,0.00994856371626225
final_NO3N_20_40,PhyllFrmTassel,-0.022100468003646487,0.02864676488155792,0.04867426144996183,0.005038026104757319
final_NO3N_20_40,Diffx,-0.012757946892847484,0.023296059050442946,0.05677915821363201,0.0060322517843942915
final_NO3N_20_40,Diffz,0.009525352861424584,0.018543063259434667,0.025669346311653844,0.0023238437868280185
final_NO3N_80_120,n,-0.596904313417581,0.6687634660672738,0.5749283456418126,0.0550318348118055
final_NO3N_80_120,thetaS,0.21644715114395854,0.47148957949828685,0.6639249241932261,0.05878887179046705
final_NO3N_80_120,JuvenileLeaves,-0.1818503715639169,0.3691063312700979,0.5395541363958015,0.0495589818091323
final_NO3N_80_120,LM_min,-0.21359967072001704,0.27227698376195164,0.3927758063787326,0.03841312643628437
final_NO3N_80_120,thetaR,-0.08475544569544961,0.1509106207382529,0.2934723931475573,0.030600990750875173
final_NO3N_80_120,Alfa,-0.10640425881786664,0.1336681177174995,0.2854148153802937,0.03044192463831789
final_NO3N_80_120,Ks,0.0003230025994042074,0.11015208908719917,0.23651061292906012,0.023657357190627292
final_NO3N_80_120,Rmax_LTAR,0.013395721067528633,0.0927126190179147,0.19559327717553507,0.019174114567431524
final_NO3N_80_120,StayGreen,-0.08606434602982842,0.09189449914728243,0.15110521603427243,0.016608042056624684
final_NO3N_80_120,Rmax_LTIR,-0.002309706955347925,0.020364405798931284,0.047390485127720566,0.004749283856744456
final_NO3N_80_120,Diffz,0.004739719096427795,0.016781347843862284,0.06817708577198635,0.007580706616089097
final_NO3N_80_120,PhyllFrmTassel,-0.008403657872931307,0.015553457547521103,0.04372687448078227,0.004666029354651651
final_NO3N_80_120,Diffx,-0.0010764018522296589,0.013709774735687902,0.035097669397802185,0.0036648358811152706
final_O2Conc_0_10,thetaS,0.11820025102772547,0.11820025102772547,0.35903950588113404,0.039276306617248936
final_O2Conc_0_10,n,0.09710878256577775,0.09710878256577775,0.3433117620940879,0.0381157541886886
final_O2Conc_0_10,JuvenileLeaves,-0.07297346724745893,0.07297346724745893,0.271475179479181,0.029328075480238892
final_O2Conc_0_10,LM_min,0.010887521828260444,0.0425027293900235,0.225253230737764,0.02518592527404034
final_O2Conc_0_10,thetaR,-0.04048796561220616,0.04048796561220616,0.22008335272401666,0.02408957310605066
final_O2Conc_0_10,StayGreen,0.011022067016839983,0.037450719206589086,0.18340873636690913,0.020390193133449905
final_O2Conc_0_10,Rmax_LTAR,-0.024928313530570963,0.037199351229456806,0.22336029215839984,0.025325032025373565
final_O2Conc_0_10,Rmax_LTIR,0.023685982401151048,0.023685982401151048,0.17522573102511388,0.019741228957465964
final_O2Conc_0_10,Ks,-0.009008819054539258,0.020527420380347064,0.1648345525854782,0.019237551745942362
final_O2Conc_0_10,Alfa,0.007741130405229389,0.007741130405229389,0.09601968428098362,0.010509172342052567
final_O2Conc_0_10,PhyllFrmTassel,-0.005458780842060271,0.005458780842060271,0.06060551741968834,0.006849628484085139
final_O2Conc_0_10,Diffz,-0.003686522664274654,0.003686522664274654,0.04102201525002626,0.004667783741611309
final_O2Conc_0_10,Diffx,0.0,0.0,0.0,0.0
final_O2Conc_0_20,thetaS,0.6161103756666619,0.6161103756666619,0.4904190419241068,0.05396309908634136
final_O2Conc_0_20,JuvenileLeaves,-0.3704911256332633,0.3704911256332633,0.4437702501101135,0.04934685061712377
final_O2Conc_0_20,n,0.19089629428937022,0.19825254997995098,0.4043396064617555,0.043509442194122276
final_O2Conc_0_20,thetaR,-0.1273851393043811,0.1273851393043811,0.32591423627235067,0.037795215365997274
final_O2Conc_0_20,StayGreen,0.07928107896757942,0.1227899123861293,0.32360728388648513,0.034587663865536314
final_O2Conc_0_20,Rmax_LTAR,0.024751915031764216,0.11834567379429761,0.3332922168876258,0.03521751965014865
final_O2Conc_0_20,LM_min,-0.017968455528073732,0.09554846323472323,0.2883922918796218,0.03117179880884085
final_O2Conc_0_20,Rmax_LTIR,0.04393620187762633,0.06688948544277613,0.24385207555948973,0.026127383881671167
final_O2Conc_0_20,Ks,-0.0004990139231409211,0.04346915452926152,0.20025306226420386,0.022184384228010882
final_O2Conc_0_20,PhyllFrmTassel,-0.01610418522084249,0.019378229578801167,0.11449751631164803,0.013513428638770308
final_O2Conc_0_20,Alfa,0.005007544978754969,0.014774523809749548,0.10572789801324932,0.011537097116780302
final_O2Conc_0_20,Diffx,0.0038662504802484603,0.007148481790535988,0.061164812613817884,0.0069306573238422185
final_O2Conc_0_20,Diffz,-0.00036556257994918145,0.0026889074830400757,0.022199580786335972,0.002468339473645852
final_O2Conc_0_200,thetaS,0.8223881542587254,0.8223881542587254,0.34766997660532734,0.03943018276201553
final_O2Conc_0_200,JuvenileLeaves,-0.5017687918104726,0.510004542960426,0.2851169923364828,0.02982849658240533
final_O2Conc_0_200,n,0.35415492956647004,0.3559557924682751,0.24031783886426303,0.026486757098457842
final_O2Conc_0_200,StayGreen,0.13558153848114382,0.17677112258288777,0.2570727184879587,0.026015116672914194
final_O2Conc_0_200,LM_min,0.03668435197032294,0.17320980577843534,0.2869703751724353,0.027086207464222647
final_O2Conc_0_200,thetaR,-0.1607835846161969,0.16128040457183318,0.12103952081904767,0.013759719397303385
final_O2Conc_0_200,Rmax_LTAR,0.025982311487534174,0.1501447069416063,0.2528005309852138,0.023821725478281795
final_O2Conc_0_200,Rmax_LTIR,0.04898758085861302,0.07059097553585868,0.10315557456946572,0.009988266308952321
final_O2Conc_0_200,Alfa,0.009766758807555348,0.031479035421790987,0.05722063456063282,0.005537886384167409
final_O2Conc_0_200,Ks,0.0037013350601231426,0.023761720608286473,0.04685379946197731,0.0044697499447671355
final_O2Conc_0_200,PhyllFrmTassel,-0.012308708559649571,0.01261948025766519,0.022282806839102477,0.002526884400532897
final_O2Conc_0_200,Diffx,0.001579872950052934,0.006485181317200454,0.01773671270822206,0.001866855383019671
final_O2Conc_0_200,Diffz,-0.0005651949504699673,0.00510543250962047,0.013774783333488052,0.0014977955337679386
final_O2Conc_10_20,thetaS,0.6157201430554111,0.6157201430554111,0.4877605576843935,0.053821566017472976
final_O2Conc_10_20,JuvenileLeaves,-0.3745047083947002,0.3745047083947002,0.4469967173331301,0.04935300340937362
final_O2Conc_10_20,n,0.18648117912984957,0.19383743482043025,0.39556809187907893,0.042517711085591735
final_O2Conc_10_20,thetaR,-0.12554562663649688,0.12554562663649688,0.32934784937588046,0.03842652809842835
final_O2Conc_10_20,StayGreen,0.08142715915918163,0.12027653155232064,0.32416722023486405,0.035066521709621455
final_O2Conc_10_20,Rmax_LTAR,0.02727740032045806,0.11718287916581943,0.3332419752872179,0.03529248438457659
final_O2Conc_10_20,LM_min,-0.01917505814989157,0.09188569444640074,0.2787935811571809,0.030172919755110196
final_O2Conc_10_20,Rmax_LTIR,0.04434095518494459,0.06729423875009449,0.24552997505015592,0.026299717129154587
final_O2Conc_10_20,Ks,-0.00027814050079165003,0.04133205963007342,0.2007587553597461,0.022284562054402633
final_O2Conc_10_20,PhyllFrmTassel,-0.01600590303273579,0.019279947390694597,0.12133033572977121,0.014406329667168018
final_O2Conc_10_20,Alfa,0.0033443265867707556,0.013736193810544044,0.1012171457566941,0.01109681238576447
final_O2Conc_10_20,Diffx,0.0041620626261336825,0.00744429393642115,0.062317469347035456,0.007086328032282319
final_O2Conc_10_20,Diffz,0.00045852288924478534,0.002192646044367372,0.023703243315848433,0.002682580953743282
final_O2Conc_120_200,thetaS,0.8157911131934105,0.8157911131934105,0.3511574691127407,0.039889455684726106
final_O2Conc_120_200,JuvenileLeaves,-0.4902302461025954,0.5016792755523085,0.2804841158866324,0.02890996241450843
final_O2Conc_120_200,n,0.36970128377887485,0.36970128377887485,0.2330296886840834,0.02624619492591456
final_O2Conc_120_200,StayGreen,0.15844948846023008,0.1922782193846775,0.26050251470760427,0.026560423658709555
final_O2Conc_120_200,LM_min,0.04980631433991759,0.18010177320262036,0.29760598401511074,0.028088157482118396
final_O2Conc_120_200,thetaR,-0.15888474553986215,0.15888474553986215,0.11615655493769812,0.013154098673533746
final_O2Conc_120_200,Rmax_LTAR,0.011657081379279536,0.15282732042000507,0.26539551920463145,0.025406827171199502
final_O2Conc_120_200,Rmax_LTIR,0.054809490558264076,0.07341953711422257,0.10653608500920576,0.010473736997446536
final_O2Conc_120_200,Alfa,0.005375186966188817,0.03150961258814781,0.058292070067887634,0.005607287289953091
final_O2Conc_120_200,Ks,0.01059444366661941,0.02483242224087535,0.04973749537295689,0.004743428013230348
final_O2Conc_120_200,PhyllFrmTassel,-0.011844419196566536,0.0120239006604429,0.023080978381629983,0.002670244752634801
final_O2Conc_120_200,Diffx,0.0025590734334535797,0.0069473891665386475,0.0179678532155419,0.0019190954162754945
final_O2Conc_120_200,Diffz,0.00018449731161259537,0.005128518404348909,0.012155911458578665,0.0012487319389062849
final_O2Conc_20_40,thetaS,0.7703871324477416,0.7703871324477416,0.3607704752924798,0.04163295372013086
final_O2Conc_20_40,JuvenileLeaves,-0.504687704996062,0.504687704996062,0.39890956572046793,0.044443219326981594
final_O2Conc_20_40,n,0.2556543305127735,0.2727348563555746,0.33946732708931915,0.03774835593512426
final_O2Conc_20_40,LM_min,-0.008834011302181284,0.1555850493587145,0.3349011120765695,0.034157907481721796
final_O2Conc_20_40,thetaR,-0.14646960899743044,0.14646960899743044,0.2751440495936555,0.03184371239122436
final_O2Conc_20_40,StayGreen,0.10387356096977808,0.13293965608982553,0.281968775602958,0.030006538910810746
final_O2Conc_20_40,Rmax_LTAR,0.017970824266657526,0.11991843301220342,0.28090196692054425,0.029575631122326366
final_O2Conc_20_40,Rmax_LTIR,0.019178938915144078,0.051320959992125395,0.1720441008870944,0.018275152544314787
final_O2Conc_20_40,Ks,-0.004535334103450101,0.028795059678360577,0.11074759544034855,0.011617275501698183
final_O2Conc_20_40,Alfa,-0.0015416361390324792,0.024292405798978126,0.1147253904139234,0.012692095443709197
final_O2Conc_20_40,PhyllFrmTassel,-0.015922995556209962,0.016530608377102116,0.0721539426739979,0.008021338095994493
final_O2Conc_20_40,Diffx,-0.001161966398261137,0.008830926121012743,0.052507744786045654,0.0060769736980354665
final_O2Conc_20_40,Diffz,-0.003653996552178529,0.0060554564177959,0.042060796382940906,0.004892036386504495
final_O2Conc_80_120,thetaS,0.8118031689904348,0.8118031689904348,0.3473604071741035,0.03917760822152751
final_O2Conc_80_120,JuvenileLeaves,-0.48810723530737304,0.4941914766490487,0.2839567331918672,0.03008412998256712
final_O2Conc_80_120,n,0.3620674041419428,0.3620674041419428,0.26683763083724127,0.029654197477647973
final_O2Conc_80_120,StayGreen,0.11434764156695257,0.16600808171278175,0.28103002363344365,0.028883306476572407
final_O2Conc_80_120,LM_min,0.03628634493702723,0.16515253536258337,0.2889771748992711,0.02806923519176072
final_O2Conc_80_120,thetaR,-0.1550459578478837,0.15660493757912577,0.1727681572115266,0.0191161589331355
final_O2Conc_80_120,Rmax_LTAR,0.044377732865877276,0.14952890599534996,0.2700714433787767,0.026203323840119024
final_O2Conc_80_120,Rmax_LTIR,0.050625485651873796,0.06754490223366214,0.13963317393861222,0.01464726866532518
final_O2Conc_80_120,Alfa,0.01991762108614884,0.034423862139647446,0.09667903799776748,0.010516481358367432
final_O2Conc_80_120,Ks,-0.0024800382822174074,0.018011701187786132,0.06634067152830898,0.007141486084012576
final_O2Conc_80_120,PhyllFrmTassel,-0.010357874149634478,0.010357874149634478,0.04432202235074788,0.005077309964863171
final_O2Conc_80_120,Diffz,-0.0007213304656201025,0.004724423512740689,0.02766981215470498,0.0031432426368766275
final_O2Conc_80_120,Diffx,0.0011713384322404703,0.00447578235872898,0.026387233237278037,0.0029101259971139686
final_PARInt,JuvenileLeaves,0.0,0.0,0.0,0.0
final_PARInt,Rmax_LTAR,0.0,0.0,0.0,0.0
final_PARInt,Rmax_LTIR,0.0,0.0,0.0,0.0
final_PARInt,PhyllFrmTassel,0.0,0.0,0.0,0.0
final_PARInt,StayGreen,0.0,0.0,0.0,0.0
final_PARInt,LM_min,0.0,0.0,0.0,0.0
final_PARInt,Diffx,0.0,0.0,0.0,0.0
final_PARInt,Diffz,0.0,0.0,0.0,0.0
final_PARInt,thetaR,0.0,0.0,0.0,0.0
final_PARInt,thetaS,0.0,0.0,0.0,0.0
final_PARInt,Alfa,0.0,0.0,0.0,0.0
final_PARInt,n,0.0,0.0,0.0,0.0
final_PARInt,Ks,0.0,0.0,0.0,0.0
final_RADInt,JuvenileLeaves,0.0,0.0,0.0,0.0
final_RADInt,Rmax_LTAR,0.0,0.0,0.0,0.0
final_RADInt,Rmax_LTIR,0.0,0.0,0.0,0.0
final_RADInt,PhyllFrmTassel,0.0,0.0,0.0,0.0
final_RADInt,StayGreen,0.0,0.0,0.0,0.0
final_RADInt,LM_min,0.0,0.0,0.0,0.0
final_RADInt,Diffx,0.0,0.0,0.0,0.0
final_RADInt,Diffz,0.0,0.0,0.0,0.0
final_RADInt,thetaR,0.0,0.0,0.0,0.0
final_RADInt,thetaS,0.0,0.0,0.0,0.0
final_RADInt,Alfa,0.0,0.0,0.0,0.0
final_RADInt,n,0.0,0.0,0.0,0.0
final_RADInt,Ks,0.0,0.0,0.0,0.0
final_RNC,JuvenileLeaves,0.0,0.0,0.0,0.0
final_RNC,Rmax_LTAR,0.0,0.0,0.0,0.0
final_RNC,Rmax_LTIR,0.0,0.0,0.0,0.0
final_RNC,PhyllFrmTassel,0.0,0.0,0.0,0.0
final_RNC,StayGreen,0.0,0.0,0.0,0.0
final_RNC,LM_min,0.0,0.0,0.0,0.0
final_RNC,Diffx,0.0,0.0,0.0,0.0
final_RNC,Diffz,0.0,0.0,0.0,0.0
final_RNC,thetaR,0.0,0.0,0.0,0.0
final_RNC,thetaS,0.0,0.0,0.0,0.0
final_RNC,Alfa,0.0,0.0,0.0,0.0
final_RNC,n,0.0,0.0,0.0,0.0
final_RNC,Ks,0.0,0.0,0.0,0.0
final_RNS,JuvenileLeaves,0.0,0.0,0.0,0.0
final_RNS,Rmax_LTAR,0.0,0.0,0.0,0.0
final_RNS,Rmax_LTIR,0.0,0.0,0.0,0.0
final_RNS,PhyllFrmTassel,0.0,0.0,0.0,0.0
final_RNS,StayGreen,0.0,0.0,0.0,0.0
final_RNS,LM_min,0.0,0.0,0.0,0.0
final_RNS,Diffx,0.0,0.0,0.0,0.0
final_RNS,Diffz,0.0,0.0,0.0,0.0
final_RNS,thetaR,0.0,0.0,0.0,0.0
final_RNS,thetaS,0.0,0.0,0.0,0.0
final_RNS,Alfa,0.0,0.0,0.0,0.0
final_RNS,n,0.0,0.0,0.0,0.0
final_RNS,Ks,0.0,0.0,0.0,0.0
final_Root_C,JuvenileLeaves,0.8395693969975659,0.8395693969975659,0.31564392448000084,0.034502123169970804
final_Root_C,n,0.6093581354248262,0.6093581354248262,0.2535576702172604,0.029205780551287905
final_Root_C,LM_min,0.3741696871462489,0.3741696871462489,0.18495412821965604,0.020742939577549368
final_Root_C,Alfa,0.1899957837854216,0.1899957837854216,0.08878715835725573,0.009816333102284223
final_Root_C,Rmax_LTAR,0.09751281575139081,0.13929648837818767,0.162157239135169,0.013764553005834547
final_Root_C,thetaS,-0.04545392930666302,0.08625831632034969,0.1010803744921614,0.007648309274522045
final_Root_C,Rmax_LTIR,-0.057113898266904224,0.07995914814347987,0.09761455961091152,0.008833510398276777
final_Root_C,Ks,-0.043865372836558066,0.047579260102463244,0.04081544080010896,0.0042145858954736985
final_Root_C,thetaR,-0.01886220112078225,0.03544026553745042,0.044313016769329555,0.0037118962905795796
final_Root_C,StayGreen,0.029814707749898885,0.0339740197706052,0.03639054505074144,0.0037475694749376075
final_Root_C,PhyllFrmTassel,0.025263910089582082,0.027030809183516566,0.026567917891881343,0.0028989777081874727
final_Root_C,Diffz,0.02174384900516245,0.022550073749091324,0.021105756563881497,0.0022754846183053027
final_Root_C,Diffx,-0.00725103768769,0.013052602769109866,0.015838054201542523,0.0012882006854041043
final_Root_N,JuvenileLeaves,0.8568762030108039,0.8568762030108039,0.3017501659639475,0.03325334411838513
final_Root_N,n,0.6118995749589982,0.6118995749589982,0.2682017071664603,0.031005709161818662
final_Root_N,LM_min,0.2582231805852092,0.26833498934984573,0.19822666184740778,0.020235541708243647
final_Root_N,thetaS,-0.17860913311390608,0.19490767564134118,0.15769798629073153,0.0150891844448275
final_Root_N,Alfa,0.17055297887779045,0.1706352519295812,0.09241362600748018,0.010605804734121566
final_Root_N,Rmax_LTAR,0.019213954970504404,0.1264618753503355,0.16519316855921173,0.012084502606173192
final_Root_N,StayGreen,-0.11009089826138409,0.11453383511909948,0.11292742736308191,0.012418957314057469
final_Root_N,Rmax_LTIR,-0.04794083923430277,0.07311189946156416,0.09999564602455793,0.009231340874597056
final_Root_N,thetaR,0.008117612650446178,0.05108348817887535,0.06634503768125094,0.004773228330269764
final_Root_N,Ks,-0.025674883136119167,0.043135099507309566,0.05284402561584555,0.004624005614577208
final_Root_N,PhyllFrmTassel,0.03373002989372917,0.03746362043444355,0.03666624402763566,0.003857368674848542
final_Root_N,Diffx,-0.002986322357206455,0.015046301309077586,0.020911930526402476,0.0017004449467947257
final_Root_N,Diffz,0.003705952667084891,0.01431559380647337,0.02178299002152765,0.001909223852909998
final_SoilEA,StayGreen,-0.3075472576077325,0.6413222241964774,0.711689648144768,0.04922067068579513
final_SoilEA,LM_min,-0.22592898202885697,0.6186281403719065,0.7315840215747387,0.05025210139176016
final_SoilEA,Rmax_LTAR,-0.1019630783358041,0.4232551077769766,0.5673428246143135,0.04274581180067072
final_SoilEA,JuvenileLeaves,0.07631618833632245,0.31144054450811354,0.4498720484913669,0.03789927732289406
final_SoilEA,n,-0.24093535593554585,0.28494600031281053,0.3246191530536767,0.03168583023874485
final_SoilEA,thetaS,0.11444968706965865,0.14000284714983446,0.176286153115313,0.01785308307641688
final_SoilEA,Alfa,-0.07048039061897164,0.11891831440056905,0.1792432485183373,0.017395943891614023
final_SoilEA,thetaR,-0.022768966963851688,0.051262840423990555,0.10364467183574244,0.01071381497219523
final_SoilEA,Ks,0.012823204085360975,0.048514236516338925,0.13439862353957416,0.014258799266264558
final_SoilEA,Rmax_LTIR,0.0043562965897349926,0.022740132748927184,0.06494465158112755,0.006965979457863727
final_SoilEA,Diffz,0.00279500046791479,0.015216493844739961,0.05180653531934121,0.005519173052840953
final_SoilEA,Diffx,-0.0007732378217355921,0.01504168815829353,0.03944627941745314,0.004248730962100376
final_SoilEA,PhyllFrmTassel,0.00177654607509645,0.011637649820949756,0.03336584497614833,0.0035680763771492223
final_Temp_0_10,JuvenileLeaves,-0.028786448452653192,0.028786448452653192,0.20898780127412958,0.022481009329697498
final_Temp_0_10,LM_min,-0.027358203766576637,0.027358203766576637,0.19824457411801102,0.02276289741238323
final_Temp_0_10,StayGreen,-0.02696976986371711,0.02696976986371711,0.17782872643359876,0.020357704108751217
final_Temp_0_10,thetaR,0.020777460548845432,0.020777460548845432,0.17227838001390547,0.01990897621905431
final_Temp_0_10,Rmax_LTAR,0.013662668068017036,0.013662668068017036,0.12861394525499023,0.014166488324703642
final_Temp_0_10,thetaS,-0.013044243252854436,0.013044243252854436,0.12263230905068999,0.01448376376616575
final_Temp_0_10,n,-0.003535533905932738,0.003535533905932738,0.06123724356957946,0.006865543670804889
final_Temp_0_10,Ks,0.0004284787472741956,0.0004284787472741956,0.0074214696024237125,0.000807624902125872
final_Temp_0_10,Rmax_LTIR,0.0,0.0,0.0,0.0
final_Temp_0_10,PhyllFrmTassel,0.0,0.0,0.0,0.0
final_Temp_0_10,Diffx,0.0,0.0,0.0,0.0
final_Temp_0_10,Diffz,0.0,0.0,0.0,0.0
final_Temp_0_10,Alfa,0.0,0.0,0.0,0.0
final_Temp_0_20,LM_min,-0.5269626368455118,0.5269626368455118,0.45977404802316596,0.05180624917433145
final_Temp_0_20,StayGreen,-0.4736815710933835,0.4736815710933835,0.4730546398892143,0.05298489068913137
final_Temp_0_20,JuvenileLeaves,-0.24746654634880283,0.24746654634880283,0.3952869981642034,0.04538263706307784
final_Temp_0_20,Rmax_LTAR,0.2236891856625572,0.2236891856625572,0.38990961578502903,0.044821621355751705
final_Temp_0_20,thetaS,-0.055568332864489714,0.07029132248841559,0.25598630563025127,0.029961284303496212
final_Temp_0_20,n,0.03245894020772422,0.03632980965990626,0.17669371915604565,0.019714493580635286
final_Temp_0_20,Alfa,0.01985202965886495,0.02928012007468558,0.16363986128613228,0.018423558949603153
final_Temp_0_20,thetaR,0.010718143425610803,0.020094728041710787,0.12221164801873223,0.013607270847889371
final_Temp_0_20,Ks,-0.011914670587583422,0.012895222301811053,0.10383688751058003,0.011319053657914767
final_Temp_0_20,Rmax_LTIR,-0.006662224200183775,0.009284223445049677,0.08840920607000245,0.010212209325876648
final_Temp_0_20,Diffx,8.654716610229171e-05,0.0029232784956212607,0.03112426359959141,0.0034619738989100906
final_Temp_0_20,Diffz,-0.0015871173484876212,0.002616938869550253,0.037513577973248294,0.0042926282193592605
final_Temp_0_20,PhyllFrmTassel,9.787633998262305e-05,0.0022959065503880068,0.02406587672561067,0.0027262341903769647
final_Temp_0_200,StayGreen,-0.23427541565283364,0.8462625991789283,0.9061659940801778,0.04513288395942796
final_Temp_0_200,LM_min,-0.2211850323882496,0.7319191811109408,0.8202027009265999,0.0494935628468813
final_Temp_0_200,Rmax_LTAR,0.09309454453188974,0.3528632896547716,0.45667891744970124,0.032775174355799984
final_Temp_0_200,JuvenileLeaves,-0.07901703133656278,0.27806620508492974,0.37408622517790663,0.029198369855299392
final_Temp_0_200,n,0.013543629684697646,0.059201090401861334,0.13435990161492295,0.013886977140712752
final_Temp_0_200,thetaS,-0.009807953980513175,0.0427898848344291,0.12223685065266919,0.012965418040260468
final_Temp_0_200,Alfa,0.025828405837566164,0.04200807167422734,0.11185798947303116,0.011483112458693332
final_Temp_0_200,thetaR,0.025117575767969347,0.03750138556717085,0.08425746529251228,0.008806784753122956
final_Temp_0_200,Ks,-0.008793371499504338,0.02190199938930982,0.07632210365136502,0.00831352151519919
final_Temp_0_200,Rmax_LTIR,0.0059924592134559486,0.014672493543640067,0.0830649366780395,0.009414732165185178
final_Temp_0_200,Diffz,-0.0011793319533628794,0.006239880077694874,0.025853387981755557,0.002813112356627469
final_Temp_0_200,Diffx,-0.0005569528022765062,0.004814671444623323,0.00928200100247945,0.000895039054436957
final_Temp_0_200,PhyllFrmTassel,0.00044601310223557134,0.003848295207393604,0.009581673875852499,0.0009744195226549384
final_Temp_10_20,LM_min,-0.5271943446152143,0.5271943446152143,0.4580205616761011,0.051686278770781705
final_Temp_10_20,StayGreen,-0.47290083680396205,0.47290083680396205,0.47131373549641575,0.05278230353760312
final_Temp_10_20,JuvenileLeaves,-0.2454603623831451,0.2454603623831451,0.39293114118997097,0.04497661750349343
final_Temp_10_20,Rmax_LTAR,0.22224662251135052,0.22224662251135052,0.3885222606002596,0.04463422274063104
final_Temp_10_20,thetaS,-0.05415937479421606,0.06888236441814162,0.25612332981601676,0.029998368273883178
final_Temp_10_20,n,0.03309693169249895,0.035790335186612295,0.1763937893827201,0.019682783374891044
final_Temp_10_20,Alfa,0.019904276194023865,0.029332366609844496,0.1637631946378178,0.018439286575951504
final_Temp_10_20,thetaR,0.008411297417670481,0.017787882033770987,0.12143660376947853,0.013425471593444658
final_Temp_10_20,Ks,-0.01197585556777211,0.012834037321622275,0.10382439858282702,0.011318036307582238
final_Temp_10_20,Rmax_LTIR,-0.00666222420018402,0.009284223445049661,0.08840920607000233,0.010212209325876626
final_Temp_10_20,Diffx,8.654716610282499e-05,0.0029232784956215218,0.031124263599592607,0.003461973898910235
final_Temp_10_20,Diffz,-0.0015871173484873905,0.0026169388695502977,0.0375135779732473,0.004292628219359152
final_Temp_10_20,PhyllFrmTassel,9.78763399828785e-05,0.0022959065503883967,0.024065876725614003,0.002726234190377352
final_Temp_120_200,StayGreen,-0.171494457365729,0.8401478446344264,0.920148261761169,0.046436693477292595
final_Temp_120_200,LM_min,-0.08050662993988521,0.647232619111385,0.7964551765999048,0.05485679863216035
final_Temp_120_200,Rmax_LTAR,-0.0036654753201281545,0.33393164873952297,0.4717628117142025,0.037018811806134255
final_Temp_120_200,JuvenileLeaves,0.0483056956862027,0.2690540222905444,0.385779923798209,0.0323627870098656
final_Temp_120_200,n,0.017459790177615505,0.06305206195659921,0.16061345945612876,0.01691303534751882
final_Temp_120_200,Alfa,0.02427841487548404,0.04108341489015633,0.13099392828564552,0.01356217843089609
final_Temp_120_200,thetaR,0.024437186026352094,0.035866208161240996,0.10517265761648789,0.011381299754768117
final_Temp_120_200,thetaS,-0.010025866969696795,0.034015032169117394,0.10100544022886704,0.010586526726875902
final_Temp_120_200,Ks,-0.0078741597872292,0.02129124030621267,0.08706334685894307,0.009679786795834075
final_Temp_120_200,Rmax_LTIR,0.006045989715963808,0.0168781019904543,0.10042183909798304,0.01142700644426334
final_Temp_120_200,Diffz,-0.0012049971329554968,0.005914350947529785,0.02393043496644632,0.0026101266346637434
final_Temp_120_200,Diffx,-0.00035948526787569856,0.004148903714478435,0.00827330744368176,0.0007901425661419601
final_Temp_120_200,PhyllFrmTassel,1.3401065083721945e-05,0.003014234207784461,0.007460981678064023,0.0007720626100429499
final_Temp_20_40,LM_min,-0.6943871987491961,0.6943871987491961,0.3663709285951101,0.04027880607984324
final_Temp_20_40,StayGreen,-0.5897079264278863,0.5897079264278863,0.4186954712932546,0.04720840199195709
final_Temp_20_40,JuvenileLeaves,-0.3381061458386823,0.3381061458386823,0.3495964803604373,0.03954527671297948
final_Temp_20_40,Rmax_LTAR,0.29019497482128853,0.29019497482128853,0.36213082412334846,0.04106777499801495
final_Temp_20_40,thetaS,-0.009357972993800234,0.03924339311427634,0.15744051668870188,0.016771180141607694
final_Temp_20_40,Alfa,0.029460601026163692,0.038099245038845965,0.16805076652061865,0.018255758167239997
final_Temp_20_40,n,0.03738408658715773,0.03738408658715773,0.13971127692612204,0.016016517892185056
final_Temp_20_40,thetaR,0.002044749780489828,0.013707942513656481,0.09233657798556945,0.010026669400243202
final_Temp_20_40,Ks,-0.004064791030724241,0.007207087314721613,0.0687907579099815,0.008024857630631228
final_Temp_20_40,Rmax_LTIR,-0.0053509055563602794,0.005931338696296894,0.07340645659906535,0.00820921060189708
final_Temp_20_40,Diffx,-0.0004537471349347629,0.0017944555635379803,0.016407120486992683,0.0018500994609084427
final_Temp_20_40,PhyllFrmTassel,0.00036497489588501044,0.00036497489588501044,0.006321550631599993,0.0007276466876310162
final_Temp_20_40,Diffz,-0.00021535472136342045,0.00021535472136342045,0.0037300531905128296,0.0004009836788181499
final_Temp_80_120,LM_min,-0.7081675075409648,0.7091011421299604,0.3777082604617805,0.04176643392455246
final_Temp_80_120,JuvenileLeaves,-0.5422433684224139,0.5422433684224139,0.3330684451771531,0.03742990903413866
final_Temp_80_120,StayGreen,-0.47770984296705665,0.48422300355274844,0.3493779109665021,0.038004308947198855
final_Temp_80_120,Rmax_LTAR,0.40614859487746247,0.41739462198291905,0.30410658333629875,0.03285541357265223
final_Temp_80_120,n,-0.01135803007891132,0.044721549243225196,0.12707476591796035,0.013836944507787724
final_Temp_80_120,thetaR,0.022908969978493534,0.03981188977597105,0.11373922848595547,0.012375046748281604
final_Temp_80_120,thetaS,-0.014315248157244333,0.036645717475175615,0.10758690245314419,0.011761330569668738
final_Temp_80_120,Alfa,0.00453246898934959,0.03339169648142706,0.10945787375400434,0.011615873880115089
final_Temp_80_120,Ks,-0.006666560547512129,0.018321091452881192,0.07726401369969563,0.008324574485383087
final_Temp_80_120,Rmax_LTIR,-0.006639311855412368,0.00933202015590222,0.06103261538800806,0.007131285838107442
final_Temp_80_120,PhyllFrmTassel,0.002171862424170014,0.006196771459083054,0.040334458133437806,0.004257977725726954
final_Temp_80_120,Diffx,-0.00035349243470548825,0.004600168730993844,0.025562464426508395,0.0028765955518143043
final_Temp_80_120,Diffz,0.0018431534391837945,0.0040484745347157255,0.027561920444373316,0.0030343180522076642
final_WATACT,StayGreen,0.2561429003293358,0.759005981602965,0.8170809069009165,0.04539445576266656
final_WATACT,LM_min,0.1350369022804112,0.5757913565665084,0.7105029713741805,0.05006239399735591
final_WATACT,JuvenileLeaves,-0.18198912688432387,0.38828304461142304,0.5565345349224181,0.047076675234732135
final_WATACT,Rmax_LTAR,0.08326342114911073,0.37717224220768636,0.602667689755232,0.05333021606852249
final_WATACT,n,-0.03388466060630093,0.06673693873623907,0.255350702534671,0.028239075186603083
final_WATACT,Alfa,-0.012219939503722486,0.028744668918453772,0.15049826765793864,0.017138363100360907
final_WATACT,thetaS,0.007851666585184401,0.021039777439809018,0.12193835748693707,0.01304675731546828
final_WATACT,Ks,0.0039169057890741646,0.014851103637196834,0.10575671988159534,0.0116392291474771
final_WATACT,thetaR,-0.011047156430423363,0.014043791660131267,0.10065582156118041,0.01145732806772787
final_WATACT,Rmax_LTIR,0.003128361353451074,0.009557616418974653,0.08999181618662193,0.010346382275398367
final_WATACT,Diffz,0.0014985886917605123,0.0027493401911378103,0.03768961819432149,0.003894886029801065
final_WATACT,PhyllFrmTassel,0.0,0.0,0.0,0.0
final_WATACT,Diffx,0.0,0.0,0.0,0.0
final_WATPOT,StayGreen,-0.8101545175650818,0.8101545175650818,0.39193560638107094,0.04502938987385995
final_WATPOT,LM_min,-0.556507369431696,0.556507369431696,0.38197432875714116,0.04316214958452398
final_WATPOT,Rmax_LTAR,0.17496849776555617,0.23145992203468765,0.3340392218856346,0.03304450235106775
final_WATPOT,JuvenileLeaves,0.12142648398394518,0.21144789393445676,0.29112896101202507,0.026836507379822582
final_WATPOT,n,0.03462834762293044,0.035709859151058114,0.1272841524535015,0.014209075551445523
final_WATPOT,Alfa,0.017971123630811728,0.018756706796288262,0.09880396091022094,0.010877281793705564
final_WATPOT,thetaS,-0.011997024383807236,0.014147381799234405,0.08691920719088084,0.0095529111195329
final_WATPOT,thetaR,0.008277094033997793,0.011101726680757243,0.07976549155020685,0.009104805175933801
final_WATPOT,Ks,-0.00561414232151901,0.010799738707956934,0.07755303503212835,0.008800582916514388
final_WATPOT,Rmax_LTIR,0.0030666734318354934,0.00703453778589923,0.05928794358432082,0.006910800058893461
final_WATPOT,Diffz,0.00042193449954561554,0.0007180888759166185,0.007653457007361628,0.0008334060466581003
final_WATPOT,PhyllFrmTassel,0.0,0.0,0.0,0.0
final_WATPOT,Diffx,0.0,0.0,0.0,0.0
final_WATRAT,StayGreen,0.31742324126828037,0.7504144699015579,0.7898878952328506,0.046368577589286704
final_WATRAT,LM_min,0.1788881805249243,0.5687689584293119,0.7009207248766985,0.051039878506049706
final_WATRAT,JuvenileLeaves,-0.18098280985357718,0.3872780889996992,0.55666039179753,0.04710034636174348
final_WATRAT,Rmax_LTAR,0.06866183706558705,0.3718249898962985,0.5990051430474012,0.052796908046259895
final_WATRAT,n,-0.035577768346678695,0.06425463350686353,0.2483184518711227,0.027640317965325144
final_WATRAT,Alfa,-0.013993704412637673,0.028355860363455936,0.1477568488260788,0.016906873171095894
final_WATRAT,thetaS,0.008744364375471644,0.02069531763095989,0.12253826837455122,0.013178752331305534
final_WATRAT,Ks,0.0035595168748697235,0.014474329796405951,0.10332566912150712,0.011392794350483106
final_WATRAT,thetaR,-0.010918670302161024,0.013411157258614139,0.09837279305196465,0.011225766985636404
final_WATRAT,Rmax_LTIR,0.0028095029147192805,0.009077859747329216,0.08734778437597011,0.010012033941985446
final_WATRAT,Diffz,0.0013529646987074076,0.0027414911807194537,0.036675073294901606,0.0037944197604393407
final_WATRAT,PhyllFrmTassel,0.0,0.0,0.0,0.0
final_WATRAT,Diffx,0.0,0.0,0.0,0.0
final_WATTSM,JuvenileLeaves,0.0,0.0,0.0,0.0
final_WATTSM,Rmax_LTAR,0.0,0.0,0.0,0.0
final_WATTSM,Rmax_LTIR,0.0,0.0,0.0,0.0
final_WATTSM,PhyllFrmTassel,0.0,0.0,0.0,0.0
final_WATTSM,StayGreen,0.0,0.0,0.0,0.0
final_WATTSM,LM_min,0.0,0.0,0.0,0.0
final_WATTSM,Diffx,0.0,0.0,0.0,0.0
final_WATTSM,Diffz,0.0,0.0,0.0,0.0
final_WATTSM,thetaR,0.0,0.0,0.0,0.0
final_WATTSM,thetaS,0.0,0.0,0.0,0.0
final_WATTSM,Alfa,0.0,0.0,0.0,0.0
final_WATTSM,n,0.0,0.0,0.0,0.0
final_WATTSM,Ks,0.0,0.0,0.0,0.0
final_drainage,thetaS,-0.8242657594356883,0.8242657594356883,0.3574452030312075,0.04131737331784569
final_drainage,JuvenileLeaves,0.43487468763857784,0.43487468763857784,0.24829638371337137,0.02805106230279299
final_drainage,LM_min,0.4073068196883779,0.4073068196883779,0.2358503048640939,0.026153674934195646
final_drainage,n,0.31421900037796385,0.31576410973846747,0.24830554830687213,0.028387445763048465
final_drainage,thetaR,0.1615517412306397,0.1615517412306397,0.10601409188578624,0.011866618776703669
final_drainage,Rmax_LTAR,0.10543842066652576,0.11970220810146237,0.13628789901740895,0.013772400751676683
final_drainage,Ks,0.0930151693277786,0.0930151693277786,0.08279687006399794,0.009306684572799255
final_drainage,StayGreen,0.07670425973638709,0.07670425973638709,0.1002354352079404,0.011744582050457242
final_drainage,Alfa,0.03506212262990461,0.06433662820288434,0.10034052060173124,0.009281110650072895
final_drainage,Rmax_LTIR,0.009099012242116816,0.014068062775255609,0.04107405817417654,0.004525425798642873
final_drainage,Diffz,0.004982468747270048,0.010001643198731489,0.03927526668348922,0.004273201874909051
final_drainage,PhyllFrmTassel,0.007915647456941143,0.009566080488816549,0.03809715858457854,0.004201408875351547
final_drainage,Diffx,0.0011578693077160724,0.00592972014925103,0.026850315769007448,0.0028078806210865897
final_dropped_leaf_dm,JuvenileLeaves,0.9494482841336166,0.9494482841336166,0.2058964920001005,0.023962688102693832
final_dropped_leaf_dm,Rmax_LTAR,-0.18215757692514137,0.24750512176702819,0.23905167778035766,0.0192875770051567
final_dropped_leaf_dm,LM_min,0.09373118705333792,0.20533914967994155,0.22778436786146683,0.015682903148701893
final_dropped_leaf_dm,StayGreen,-0.029630259822384795,0.15558098604438128,0.2526142275633595,0.022436338359275606
final_dropped_leaf_dm,Rmax_LTIR,-0.08391235812098224,0.13413406900604272,0.16439128764594313,0.014057629516767787
final_dropped_leaf_dm,n,-0.00903465822125968,0.02162388154373086,0.06122820315627886,0.006607907385054895
final_dropped_leaf_dm,Alfa,-0.0013498445663980632,0.014982591766921148,0.04800168128294391,0.00511142721161921
final_dropped_leaf_dm,thetaS,0.005246782056340404,0.011630234482249549,0.031571112469876504,0.003404353084660409
final_dropped_leaf_dm,thetaR,-0.0008551449325393586,0.01022229546980841,0.04208606023607729,0.004415694528630347
final_dropped_leaf_dm,Ks,-0.0019200631636393057,0.009967652724274476,0.04093765305886199,0.004477278979290536
final_dropped_leaf_dm,Diffz,-0.00036232769768226256,0.0027094998681600666,0.012509893433274168,0.0013873088010106546
final_dropped_leaf_dm,Diffx,-0.00045607888432764367,0.0025985792421995674,0.013457914063046661,0.0015256409107332256
final_dropped_leaf_dm,PhyllFrmTassel,0.0,0.0,0.0,0.0
final_dropped_leaves,JuvenileLeaves,0.9567340934240246,0.9567340934240246,0.17797460810826937,0.020377016536451995
final_dropped_leaves,Rmax_LTAR,-0.060940014783960855,0.18618608890096264,0.23819757297054883,0.01792579411727784
final_dropped_leaves,StayGreen,-0.03817971172120934,0.14913935564026173,0.24390221901089582,0.02195681791060425
final_dropped_leaves,LM_min,-0.05847861608945817,0.1307604389395522,0.2211918258839397,0.02205388570714269
final_dropped_leaves,Rmax_LTIR,-0.009915111106932327,0.10702601328447789,0.18533075110488592,0.016688448701855887
final_dropped_leaves,n,-0.004279673497996899,0.012933210135783213,0.059148001290352685,0.0065926486045314705
final_dropped_leaves,Alfa,-0.003855087073372875,0.010726330529312352,0.05460903016737991,0.005974441201748517
final_dropped_leaves,Ks,-0.0019842132850378833,0.008210497876932774,0.04882549216942825,0.005396748782479885
final_dropped_leaves,thetaR,0.0014788484168072,0.005938628849032158,0.04085726826667263,0.0044152773129097714
final_dropped_leaves,thetaS,0.00027483019009360464,0.005525082876766167,0.034883985533886455,0.00400335489439254
final_dropped_leaves,Diffz,-0.00017809621874080713,0.0010469431686755733,0.013027095032601544,0.0014904408723819412
final_dropped_leaves,Diffx,-0.0006560182447174706,0.0006560182447174706,0.011362569305428123,0.0013075323585802936
final_dropped_leaves,PhyllFrmTassel,0.0,0.0,0.0,0.0
final_ear_dm,JuvenileLeaves,-0.6821719062447855,0.6826193249049267,0.3409025144523869,0.03789906885748276
final_ear_dm,Rmax_LTAR,0.54913793493216,0.54913793493216,0.28639958951653405,0.03121060085383206
final_ear_dm,LM_min,0.4201450220914601,0.44131423894493205,0.36500323643296123,0.03686073454947634
final_ear_dm,StayGreen,0.19490865539666044,0.2633654227926478,0.2887204542040951,0.025495267371319238
final_ear_dm,thetaS,0.1288890642099345,0.12920392499318362,0.09119659931359363,0.010390967106574658
final_ear_dm,Rmax_LTIR,0.03139791081376859,0.12914434053202314,0.20767012285018763,0.018687303161076283
final_ear_dm,n,-0.12493393828304733,0.12868441988441828,0.09356155552311667,0.0099702989698524
final_ear_dm,thetaR,-0.02709349238460367,0.02872862693546158,0.02811524159592528,0.002972067577442371
final_ear_dm,Alfa,-0.021953532845750197,0.02813697227382425,0.03812063482461455,0.0038446212488671685
final_ear_dm,Ks,-0.007527244612654445,0.015606292436049518,0.04488212456464851,0.004850519748128838
final_ear_dm,PhyllFrmTassel,-0.0030396864453905363,0.00715753324643118,0.00854185141136247,0.0006159567326545429
final_ear_dm,Diffz,-0.0006024758982252486,0.0038543024013330328,0.01221310114915009,0.0013135088004484336
final_ear_dm,Diffx,0.00010629414757183361,0.0035025456484398853,0.004977241511317727,0.00040088846662143676
final_hNew_0_10,thetaS,0.8586124368307031,0.8586124368307031,0.40148533206780873,0.045729726622922504
final_hNew_0_10,JuvenileLeaves,-0.43384011259886335,0.43384011259886335,0.2975250111012902,0.03376987980176888
final_hNew_0_10,LM_min,-0.3819837144903811,0.3819837144903811,0.24885934221241576,0.028652627768591808
final_hNew_0_10,Alfa,0.23584052904895803,0.2428330212352165,0.16854510377060708,0.01792167923407614
final_hNew_0_10,n,0.09935243656015914,0.20993565368802677,0.2656081136815631,0.02182411435136738
final_hNew_0_10,thetaR,-0.18357919417440344,0.18357919417440344,0.13516422651032642,0.01485096016462933
final_hNew_0_10,Ks,-0.18261985817632007,0.18261985817632007,0.1097777393769243,0.012458663688454118
final_hNew_0_10,Rmax_LTAR,-0.12652104042373968,0.13694826882661437,0.14135257912880292,0.015119299246212041
final_hNew_0_10,StayGreen,-0.06715749532669792,0.0674015338278407,0.06340533353360657,0.006908262184462173
final_hNew_0_10,Rmax_LTIR,-0.00906964340782342,0.01987453374189173,0.04379457593465989,0.004572830724710075
final_hNew_0_10,PhyllFrmTassel,-0.007332123162509184,0.009577867766304546,0.01607552999306652,0.0016807770084866292
final_hNew_0_10,Diffz,-0.00449410814953998,0.007602343901425064,0.012550231718130774,0.0012110889003792695
final_hNew_0_10,Diffx,-0.0027462056033534413,0.007545606034045973,0.012046657121701665,0.0011034357074114487
final_hNew_0_20,thetaS,0.8532663403475111,0.8532663403475111,0.42739267337524045,0.04833461113574422
final_hNew_0_20,JuvenileLeaves,-0.44617280251364977,0.44617280251364977,0.32467772905912706,0.03694451153283869
final_hNew_0_20,LM_min,-0.38281513869207656,0.38281513869207656,0.2694373413514277,0.030795911449833582
final_hNew_0_20,n,-0.0020540482045752267,0.2057311007771873,0.29992352353243135,0.024858433076197686
final_hNew_0_20,Alfa,0.1744204866082648,0.18732240486146723,0.16171524550215013,0.016585273790344135
final_hNew_0_20,thetaR,-0.18478619177335184,0.18478619177335184,0.14489289727223117,0.015746234466562536
final_hNew_0_20,Ks,-0.16733695563810622,0.16733695563810622,0.11043823796780493,0.012602421471006696
final_hNew_0_20,Rmax_LTAR,-0.13644920976599603,0.1473265633958956,0.16001802352593067,0.017362630291548557
final_hNew_0_20,StayGreen,-0.059308966991897,0.05964241351355639,0.05874705807734598,0.0064202280394068615
final_hNew_0_20,Rmax_LTIR,-0.009577337163631593,0.021390909063543777,0.04829097382316461,0.005021109915715853
final_hNew_0_20,PhyllFrmTassel,-0.0076021956484485535,0.009841960942222073,0.017371216705347123,0.0018114494616142498
final_hNew_0_20,Diffx,-0.0028655526682446054,0.007924133808288124,0.013745640109629361,0.0013144980264779673
final_hNew_0_20,Diffz,-0.0037501980994041183,0.007515375356348026,0.013687886079698406,0.0013268593342280167
final_hNew_0_200,thetaS,0.5256896028214694,0.6384999099178359,0.5216041993865366,0.04278334960256609
final_hNew_0_200,JuvenileLeaves,-0.4755559256171368,0.4755559256171368,0.3303734589566835,0.03759663694325686
final_hNew_0_200,LM_min,-0.46933891308907266,0.46933891308907266,0.2890916289014134,0.03305536923500317
final_hNew_0_200,n,-0.38470477784432167,0.4474832028944803,0.4497655005152491,0.04397078933157193
final_hNew_0_200,Rmax_LTAR,-0.14285284099561724,0.16226410305231298,0.1856649905664985,0.018149810805007036
final_hNew_0_200,Alfa,-0.1381190224151302,0.1482279779969136,0.17699084178171023,0.01907953540811671
final_hNew_0_200,thetaR,-0.10747435388541494,0.13944635448517015,0.15289036957783747,0.014387061549811378
final_hNew_0_200,StayGreen,-0.10758774944471312,0.11442029913101773,0.0979844830553072,0.010041530066637607
final_hNew_0_200,Ks,0.016161885603906145,0.09264838834021179,0.13552410464597991,0.01138941854361198
final_hNew_0_200,Rmax_LTIR,-0.007943669585449993,0.018067221913767226,0.0339619560592083,0.0033007658657483218
final_hNew_0_200,PhyllFrmTassel,-0.0051212820131274605,0.009237269450102205,0.017628720709304088,0.001774647493592468
final_hNew_0_200,Diffx,-0.002714011107666728,0.008943698067245228,0.01641007379878162,0.001520638443706543
final_hNew_0_200,Diffz,0.0020265587094283246,0.00771227829745133,0.012559892737338721,0.001111221060480496
final_hNew_10_20,thetaS,0.8503147072280931,0.8503147072280931,0.43638690499888144,0.04927310585541787
final_hNew_10_20,JuvenileLeaves,-0.45057251336580234,0.45057251336580234,0.33463942166131366,0.03806158912717822
final_hNew_10_20,LM_min,-0.3828976769192078,0.3828976769192078,0.27779280363097725,0.03169803146512103
final_hNew_10_20,n,-0.04282778664721614,0.20687070232834345,0.30973926527052337,0.026716556475501377
final_hNew_10_20,thetaR,-0.18518138796813996,0.18518138796813996,0.1501631289517424,0.016278444626760327
final_hNew_10_20,Alfa,0.14937988085388054,0.1679741665402672,0.15856904710791156,0.015703267334104366
final_hNew_10_20,Ks,-0.16074651309202334,0.16074651309202334,0.11118289776350523,0.012705372661937069
final_hNew_10_20,Rmax_LTAR,-0.13983971692711336,0.15097028218136496,0.16727837607006515,0.018208065622629506
final_hNew_10_20,StayGreen,-0.05606099566741814,0.05643290390822005,0.05693316022508658,0.006217207474269813
final_hNew_10_20,Rmax_LTIR,-0.009872874714124647,0.02198968967011389,0.05015800594529379,0.005213417131935521
final_hNew_10_20,PhyllFrmTassel,-0.007699572006012801,0.00994661834116279,0.017986920575689527,0.0018758284578073428
final_hNew_10_20,Diffx,-0.0028860949373288635,0.008077085779313133,0.014426007128034922,0.001396448504903797
final_hNew_10_20,Diffz,-0.0034716187150948515,0.00754832906903471,0.014157750661120823,0.0013743908279609928
final_hNew_120_200,n,0.8552201357321276,0.8552201357321276,0.29770248810607164,0.034541448380542655
final_hNew_120_200,LM_min,-0.3802073087695555,0.38169229180967224,0.24144459927473616,0.02583914525752006
final_hNew_120_200,StayGreen,-0.3588252499341899,0.36131400990039964,0.23528928669449237,0.027259440359752432
final_hNew_120_200,thetaS,-0.26841016605053863,0.26841016605053863,0.15282316809346227,0.017229572576989215
final_hNew_120_200,JuvenileLeaves,-0.10063774960346071,0.17257345082141232,0.20615933468358227,0.017197748848411843
final_hNew_120_200,Rmax_LTAR,0.02987410718516903,0.11209485092515126,0.14197727053236858,0.010490481680979982
final_hNew_120_200,Alfa,0.07401817559098722,0.09770668064645431,0.09873465000077988,0.008266823043848227
final_hNew_120_200,Ks,0.08018899542688819,0.08184872945793234,0.07405227778962815,0.007840553759635846
final_hNew_120_200,thetaR,0.047705183584723455,0.052072059877777264,0.047929794217363625,0.004734405527382925
final_hNew_120_200,Rmax_LTIR,0.0004138883152507991,0.014310051686561897,0.024908370373068697,0.002298000173239174
final_hNew_120_200,Diffx,0.0010702302450909594,0.00889200457255431,0.018992371888240458,0.0018297527738647661
final_hNew_120_200,Diffz,0.001258139051120504,0.007639544916794307,0.01620475194517167,0.001637472699778896
final_hNew_120_200,PhyllFrmTassel,0.002569065443127624,0.007509742581585832,0.014201724377837817,0.0013964071789460274
final_hNew_20_40,thetaS,0.8308187214611548,0.8308187214611548,0.4080903394874311,0.047278529815502
final_hNew_20_40,JuvenileLeaves,-0.4521420972582962,0.4521420972582962,0.3412285344265291,0.03885331483920826
final_hNew_20_40,LM_min,-0.3709222938449313,0.3709222938449313,0.28313036193412805,0.03161514038294232
final_hNew_20_40,n,-0.29648486409679786,0.30457605969615903,0.29839279275787234,0.032715047412842424
final_hNew_20_40,thetaR,-0.1747865483548885,0.1747865483548885,0.1391067065952546,0.015482263731391029
final_hNew_20_40,Rmax_LTAR,-0.12367251211119656,0.13627830072269992,0.13766790759539257,0.013666295577077645
final_hNew_20_40,Ks,-0.10641918396965411,0.10641918396965411,0.07959470205050694,0.009044485320965962
final_hNew_20_40,Alfa,0.002807405361415649,0.07397659548287439,0.10203685189475081,0.007995324966009652
final_hNew_20_40,StayGreen,-0.03251090048160215,0.03403539089277749,0.0377513912661432,0.003993652068144139
final_hNew_20_40,Rmax_LTIR,-0.013552579990606854,0.022261919961658258,0.05411495560666474,0.00578219606334273
final_hNew_20_40,PhyllFrmTassel,-0.006880943928488033,0.00970264914811881,0.018558830369829908,0.0019217242800716355
final_hNew_20_40,Diffx,-0.0028496093049642417,0.007655312531346287,0.013339032766319134,0.0013025488519113526
final_hNew_20_40,Diffz,-0.0014627144650401942,0.007014880976894655,0.012480707419712788,0.0011359859900378208
final_hNew_80_120,thetaS,0.4546529202117107,0.6703792286333518,0.6219713742173743,0.04324412336093851
final_hNew_80_120,n,-0.4595614886361403,0.5670916788884702,0.5262348050317626,0.047370256149169135
final_hNew_80_120,JuvenileLeaves,-0.4064590050057138,0.41219504454673833,0.32939896582944445,0.03620712506132693
final_hNew_80_120,LM_min,-0.3813017864830715,0.3864145182677479,0.2799486508090436,0.03169858765072891
final_hNew_80_120,Alfa,-0.17062041385585103,0.17345329789310768,0.18205255084300703,0.0200169154890876
final_hNew_80_120,thetaR,-0.07963346344059193,0.1572202003533124,0.1827606344028056,0.014160201033416303
final_hNew_80_120,Rmax_LTAR,-0.13771582364828117,0.1547860768471912,0.18302462965535313,0.0183749105350888
final_hNew_80_120,Ks,0.0341547301138707,0.11785200804012308,0.16460486900938345,0.013261602550913422
final_hNew_80_120,StayGreen,-0.062438988782967636,0.07189444036558984,0.08831400958927929,0.009051868897315981
final_hNew_80_120,Rmax_LTIR,-0.006496869473894989,0.015913842088371228,0.030299649448964485,0.0029434375960239304
final_hNew_80_120,Diffx,-0.00213712510530225,0.00844459697730518,0.016945221854869182,0.0016221952191238023
final_hNew_80_120,PhyllFrmTassel,-0.004092942958899384,0.008414676616852763,0.01659913034901782,0.0016630401956269144
final_hNew_80_120,Diffz,0.0024962113784282613,0.00681063561176841,0.01067468964595829,0.0009610585152701503
final_la_dead,JuvenileLeaves,0.9358198352448992,0.9358198352448992,0.32907635831292387,0.03773106486817441
final_la_dead,LM_min,0.5817994708213348,0.5817994708213348,0.26674060700159974,0.029980046049704234
final_la_dead,StayGreen,-0.08499715599858443,0.08645629582985949,0.1651458544875412,0.017212328736969533
final_la_dead,Rmax_LTAR,-0.043266368645028815,0.06483855593769655,0.0652092456801996,0.0048839678042685184
final_la_dead,n,0.012541853875004177,0.014538741469642659,0.0201340447032373,0.002068239288762908
final_la_dead,Rmax_LTIR,0.008400151411196018,0.013876824418369068,0.02471936910993548,0.002516292747135122
final_la_dead,Alfa,0.0034659085081642517,0.007881108645348703,0.014929402464781734,0.0015138150996221137
final_la_dead,thetaS,-0.0018262224090294247,0.00764485110095091,0.017955048479930305,0.0018882536530910573
final_la_dead,thetaR,-0.0015076805488928725,0.005316375528777921,0.009756013490596774,0.0009402391630887959
final_la_dead,Ks,-0.00021118432527890123,0.004936996420626111,0.01443498497818569,0.0015705855430727558
final_la_dead,Diffz,0.00025918338098881126,0.002026288244137351,0.008048170280613418,0.0008750741694206664
final_la_dead,Diffx,-0.0001401734876923917,0.0016309019566357109,0.0031948269670211333,0.00031108595029826614
final_la_dead,PhyllFrmTassel,-2.271871973697676e-05,8.560154638442506e-05,0.0003441057350299275,3.824039666317521e-05
final_lai,LM_min,0.5517713729490449,0.5517713729490449,0.5124341680914218,0.05974879583032656
final_lai,JuvenileLeaves,0.2467512995203505,0.5443460353420297,0.6436938756906156,0.047597254529025496
final_lai,StayGreen,0.3839132189240427,0.44439071506200095,0.5918871199779249,0.06054751932668909
final_lai,Rmax_LTAR,-0.1401114543041766,0.14103692508718912,0.3054538353612711,0.03429664707145016
final_lai,n,-0.017536323206463606,0.062454093307780977,0.18030553072265246,0.01878315323086983
final_lai,thetaS,0.010830652274453602,0.0394838408573199,0.15801131032441473,0.016628645795858186
final_lai,Alfa,-0.0016536009147361272,0.03755611450407021,0.15137283276863936,0.016076311999628896
final_lai,Ks,0.01507831305883155,0.029845678472359048,0.14924333905411544,0.016245072707535172
final_lai,thetaR,-0.006619769186927359,0.023092970716091035,0.10607870971203713,0.011909207289547044
final_lai,Rmax_LTIR,0.00688804811741909,0.021061419004432036,0.11323331683608966,0.01249187828128809
final_lai,Diffx,-0.002715188267174596,0.012045340441388127,0.08421180174640405,0.009438315710275999
final_lai,Diffz,-0.00405498257006695,0.006140601203047607,0.04435875172701814,0.005065330705749844
final_lai,PhyllFrmTassel,0.00010398516694996003,0.00010398516694996003,0.0018010759239086276,0.0002036790228239084
final_leaf_dm,JuvenileLeaves,0.9776600682840612,0.9776600682840612,0.15905539014664632,0.018002460640682623
final_leaf_dm,LM_min,0.16973490049877693,0.1699407843909203,0.07400614000948628,0.008146174566858427
final_leaf_dm,Rmax_LTAR,-0.15507172092177085,0.161185166635817,0.11529718552513825,0.01191706053596676
final_leaf_dm,Rmax_LTIR,-0.08858298895061509,0.14397054166692708,0.17334427090843635,0.014543937759302468
final_leaf_dm,n,-0.0047847010101432835,0.01340398011457037,0.024097355703331696,0.0023207993967231297
final_leaf_dm,StayGreen,0.011660074115728,0.011767485528286846,0.011520404008659774,0.0012485980076623788
final_leaf_dm,thetaS,0.006117694302601013,0.010172994142203195,0.021687821341064506,0.0022683308276655635
final_leaf_dm,Alfa,-0.0001629706926990406,0.0094760455780467,0.026008193503765556,0.00268459750048265
final_leaf_dm,Ks,-0.0016572965576144654,0.0064875312128301055,0.02495398914176979,0.0027133731346288964
final_leaf_dm,thetaR,-0.002935273233994542,0.006263734378572723,0.018409790467162915,0.0020403049373816495
final_leaf_dm,Diffz,0.0003476989378746362,0.002341518030913739,0.0078122489984318744,0.0008330725245576125
final_leaf_dm,Diffx,0.00034274036813967767,0.0020771287189428997,0.003295202365101446,0.00029324279805598716
final_leaf_dm,PhyllFrmTassel,-1.409238844563311e-06,1.409238844563311e-06,2.4408732787833137e-05,2.7022933810165442e-06
final_leaf_n,StayGreen,-0.41395429664757916,0.41395429664757916,0.5391202864923517,0.06077725250596669
final_leaf_n,LM_min,-0.3810567319197512,0.3810567319197512,0.5286725173638872,0.060666250561283386
final_leaf_n,Rmax_LTAR,0.24417381637528854,0.24417381637528854,0.41217554702657566,0.04592330190690325
final_leaf_n,JuvenileLeaves,-0.019449738107303015,0.09947086134419783,0.2735415606796499,0.02798361864671319
final_leaf_n,n,0.005472336054046157,0.01190682090086892,0.05143495188369921,0.005827302065271819
final_leaf_n,Rmax_LTIR,0.006521887805059421,0.008004088798530056,0.10185628177894229,0.011651370486344225
final_leaf_n,thetaR,-0.007721846879693059,0.007896065214452639,0.05879639160571312,0.006646278391608376
final_leaf_n,Ks,-0.0021793743861626977,0.004557557264537266,0.030783693899640606,0.003541333230269101
final_leaf_n,Alfa,-0.0024090388342273,0.0039490317287163845,0.013408237183829231,0.0014953706069806606
final_leaf_n,thetaS,0.0029645285059315177,0.0037177686248003254,0.00981440194291335,0.0011290283813089326
final_leaf_n,Diffx,-0.0001996588276234645,0.0012863441039187165,0.006282665930729537,0.0006920304867608718
final_leaf_n,Diffz,-0.00034834616510296583,0.0009204902795344272,0.004218121050839194,0.00047014224199377934
final_leaf_n,PhyllFrmTassel,7.113631348920892e-06,4.478409429549109e-05,0.0002882525531813886,3.196359026078787e-05
final_leaves,JuvenileLeaves,0.9862062089864541,0.9862062089864541,0.09950646514398179,0.011425744775717162
final_leaves,Rmax_LTIR,-0.0037701854732399755,0.10609250246156428,0.18135898702792022,0.01620437299846452
final_leaves,Rmax_LTAR,-0.04244992135994059,0.06182589392690448,0.1262357563883794,0.013102884204964051
final_leaves,Alfa,-0.0032888182519631624,0.004355924786526445,0.03539345185612936,0.003941780282424882
final_leaves,Ks,-0.00039859398217531925,0.0037546682945850634,0.03334773556323754,0.0037252701411330438
final_leaves,n,-0.0009051070353271011,0.003704381193877376,0.028801118508805755,0.0031629624832768253
final_leaves,thetaS,0.0006666182051786545,0.0034970923036816808,0.028144116500605405,0.0032308977057933707
final_leaves,LM_min,6.4659315432668e-05,0.0028020512297924375,0.03004034073809247,0.003320419172199503
final_leaves,thetaR,-0.00035279125182094916,0.0019997799362557376,0.02490945658873992,0.0028874573566168614
final_leaves,StayGreen,0.001228950603124932,0.001228950603124932,0.01535773377660911,0.0016825063377227077
final_leaves,Diffz,0.0005312127152597307,0.0005312127152597307,0.009200874124564724,0.0010369675304875022
final_leaves,PhyllFrmTassel,0.0,0.0,0.0,0.0
final_leaves,Diffx,0.0,0.0,0.0,0.0
final_massbl_All_C,n,0.9263802405546657,0.9285634620609116,0.3005141444059517,0.03371863221345297
final_massbl_All_C,thetaS,-0.37639123312430817,0.40486631984064286,0.27794594138235573,0.026782373832318976
final_massbl_All_C,JuvenileLeaves,0.22942753811335384,0.23136400934968648,0.14924704852873574,0.01631495994598617
final_massbl_All_C,LM_min,0.15023638523898555,0.1664522096680375,0.1452153834985563,0.01420259182289691
final_massbl_All_C,Alfa,0.12262873555057131,0.16638049300065405,0.17081939702535354,0.013778972871651033
final_massbl_All_C,Rmax_LTAR,0.14032598276935063,0.14032598276935063,0.10124156496774844,0.011458458239136021
final_massbl_All_C,thetaR,0.04611857530905694,0.0779349095265121,0.1329952310221165,0.013171735228286597
final_massbl_All_C,StayGreen,-0.07362940016860653,0.07645539172500496,0.10667785598834877,0.011997387331118834
final_massbl_All_C,Ks,0.0012703580524249783,0.027852638814280257,0.05892962157335915,0.005916216153745494
final_massbl_All_C,Rmax_LTIR,0.003861687079606495,0.007650166813881271,0.013430809648212246,0.0012956804705260589
final_massbl_All_C,Diffx,0.0007967041983786813,0.0038601488291681277,0.008132684498318365,0.0007943893050827229
final_massbl_All_C,Diffz,-0.0012663742179366566,0.003244305081831926,0.00484581502975029,0.0004198403476881198
final_massbl_All_C,PhyllFrmTassel,0.00134029559160648,0.0030843341683369006,0.005779618708050138,0.0005963665963382875
final_massbl_All_N,n,0.9208222291879499,0.9239003683326836,0.28522250969530494,0.03196363030140068
final_massbl_All_N,thetaS,-0.30064971709566424,0.3483896814855342,0.2838123397779804,0.02544898416416822
final_massbl_All_N,JuvenileLeaves,0.15120155645001251,0.20071188466220188,0.20574431415737024,0.017872393324110936
final_massbl_All_N,Alfa,0.12630611274043332,0.1741353044590175,0.1863862988043171,0.015368218343681626
final_massbl_All_N,LM_min,0.07935996529486344,0.15861895059810038,0.1953818886349829,0.015702506857295587
final_massbl_All_N,Rmax_LTAR,0.14873640260103696,0.15019976068386642,0.11471364568362354,0.012867207461601231
final_massbl_All_N,StayGreen,-0.0988726347228823,0.10284552280760333,0.14846151505965888,0.01675027389907803
final_massbl_All_N,thetaR,0.03266757890227729,0.07235105539228982,0.1333926958616973,0.013035941632090297
final_massbl_All_N,Ks,-0.011058240000271441,0.037012571058437825,0.06645393280301545,0.006360575041433792
final_massbl_All_N,Diffz,-0.01695592668628656,0.018127766300289016,0.01433741958712969,0.001443691941111697
final_massbl_All_N,Rmax_LTIR,3.682132236071519e-05,0.012052819365146012,0.020268567074114372,0.001899506986652932
final_massbl_All_N,Diffx,-0.0004358456032347226,0.007076954293333898,0.01137286500401146,0.0009906641455603997
final_massbl_All_N,PhyllFrmTassel,-0.0014055504702256483,0.005509338832564491,0.008726808980269837,0.0007855960195631806
final_massbl_CFlux,Alfa,0.9418522597170549,0.9418522597170549,0.2677969666123729,0.029803204795445837
final_massbl_CFlux,n,-0.29415643623665044,0.3347096634293755,0.30939077084332833,0.030531494700391456
final_massbl_CFlux,Ks,-0.30218603309422093,0.30218603309422093,0.11994093797466664,0.014056845595647594
final_massbl_CFlux,thetaR,0.12013179932516176,0.12013179932516176,0.05080129688183889,0.005511403763766826
final_massbl_CFlux,thetaS,0.10885147202043004,0.10885147202043004,0.05199442311930237,0.005718751593656161
final_massbl_CFlux,LM_min,0.09785195528571637,0.09785195528571637,0.0491524836521647,0.005507684965853134
final_massbl_CFlux,JuvenileLeaves,0.09319977987826768,0.09319977987826768,0.0469534284792273,0.00526286615548693
final_massbl_CFlux,Rmax_LTAR,0.07801697369232168,0.07801697369232168,0.0371913041450639,0.004210784407405822
final_massbl_CFlux,StayGreen,0.002955771099589276,0.004590931935697199,0.006145987457521583,0.0005517496181155967
final_massbl_CFlux,Diffz,0.0028822553462749703,0.0034501243702051644,0.003367135257561815,0.00030349208113829
final_massbl_CFlux,Rmax_LTIR,0.00202679121295282,0.0033133136398316465,0.005824011988376432,0.0005954841755475268
final_massbl_CFlux,Diffx,0.0007067607958837313,0.002217247789384063,0.003139065201683344,0.0002687778547042456
final_massbl_CFlux,PhyllFrmTassel,0.000793128343890504,0.0010537409244389883,0.001900779992665891,0.00020195973302852106
final_massbl_Denitr,JuvenileLeaves,0.0,0.0,0.0,0.0
final_massbl_Denitr,Rmax_LTAR,0.0,0.0,0.0,0.0
final_massbl_Denitr,Rmax_LTIR,0.0,0.0,0.0,0.0
final_massbl_Denitr,PhyllFrmTassel,0.0,0.0,0.0,0.0
final_massbl_Denitr,StayGreen,0.0,0.0,0.0,0.0
final_massbl_Denitr,LM_min,0.0,0.0,0.0,0.0
final_massbl_Denitr,Diffx,0.0,0.0,0.0,0.0
final_massbl_Denitr,Diffz,0.0,0.0,0.0,0.0
final_massbl_Denitr,thetaR,0.0,0.0,0.0,0.0
final_massbl_Denitr,thetaS,0.0,0.0,0.0,0.0
final_massbl_Denitr,Alfa,0.0,0.0,0.0,0.0
final_massbl_Denitr,n,0.0,0.0,0.0,0.0
final_massbl_Denitr,Ks,0.0,0.0,0.0,0.0
final_massbl_Humus_C,n,0.9255426155901341,0.9277286551728078,0.30109503481297967,0.0337922466736585
final_massbl_Humus_C,thetaS,-0.3769334505397328,0.4054210787118117,0.2788878583151785,0.026906946886048763
final_massbl_Humus_C,JuvenileLeaves,0.2310044530652734,0.23295791965129894,0.1505169718903286,0.016458353338564213
final_massbl_Humus_C,LM_min,0.15189405854205404,0.16799633975802783,0.1464230639311508,0.014348577336248803
final_massbl_Humus_C,Alfa,0.12156114496953464,0.1659472713025279,0.17116092673616196,0.013767330819778087
final_massbl_Humus_C,Rmax_LTAR,0.13978329237949969,0.1397909621408068,0.10135362530805932,0.011467859767596027
final_massbl_Humus_C,thetaR,0.046229381438046606,0.07826209597832555,0.13388460568824334,0.013268389551825457
final_massbl_Humus_C,StayGreen,-0.07244150586315845,0.07588589926092759,0.108168362463647,0.012125825926214586
final_massbl_Humus_C,Ks,0.001468274419329846,0.02822067450972953,0.059962436441463283,0.006025772947800536
final_massbl_Humus_C,Rmax_LTIR,0.003840851647416891,0.0076599898719998715,0.013489845984301797,0.001301724513637264
final_massbl_Humus_C,Diffx,0.000833778347551858,0.003885094883336809,0.008248369491081575,0.0008096394782524519
final_massbl_Humus_C,Diffz,-0.0012663985362570288,0.0032451435670902435,0.004819690244581562,0.00041576688943669224
final_massbl_Humus_C,PhyllFrmTassel,0.0013678182284750206,0.0031160604724215627,0.005875562638210936,0.0006057800217339551
final_massbl_Humus_N,n,0.9270662896174635,0.92910162140279,0.30099485232271533,0.033861866961610324
final_massbl_Humus_N,thetaS,-0.3755939631767226,0.40413681260398765,0.2784134055419296,0.026869586916090232
final_massbl_Humus_N,JuvenileLeaves,0.2250399641400699,0.22746514424710076,0.148355520535723,0.01611497546490657
final_massbl_Humus_N,Alfa,0.12420338140907287,0.1672673810315154,0.17028439593926878,0.0137567557165372
final_massbl_Humus_N,LM_min,0.1495889142731868,0.1650491367093634,0.14369953991313872,0.01424752423456377
final_massbl_Humus_N,Rmax_LTAR,0.1369841511459251,0.1369841511459251,0.09784335817737155,0.0111585563384123
final_massbl_Humus_N,thetaR,0.04470736268565309,0.07684690908383779,0.13034916434108929,0.012805015352840933
final_massbl_Humus_N,StayGreen,-0.07077595350849245,0.0744622292575658,0.10560687083811662,0.01181673092985201
final_massbl_Humus_N,Ks,-4.590012720237531e-05,0.028135854931498658,0.05883638171968731,0.005833811686833447
final_massbl_Humus_N,Rmax_LTIR,0.0037123072940978465,0.007907526382433964,0.013593796906843088,0.0013014426055439233
final_massbl_Humus_N,Diffx,0.000701182081730192,0.0040601437964294254,0.008655388333497278,0.0008490974082640179
final_massbl_Humus_N,Diffz,-0.0013086348797668886,0.003393674747434668,0.004935685667896563,0.00041759100755151923
final_massbl_Humus_N,PhyllFrmTassel,0.0014109887570321077,0.0031315622969212836,0.005892305285870212,0.0006069789583407728
final_massbl_Litter_C,JuvenileLeaves,0.0,0.0,0.0,0.0
final_massbl_Litter_C,Rmax_LTAR,0.0,0.0,0.0,0.0
final_massbl_Litter_C,Rmax_LTIR,0.0,0.0,0.0,0.0
final_massbl_Litter_C,PhyllFrmTassel,0.0,0.0,0.0,0.0
final_massbl_Litter_C,StayGreen,0.0,0.0,0.0,0.0
final_massbl_Litter_C,LM_min,0.0,0.0,0.0,0.0
final_massbl_Litter_C,Diffx,0.0,0.0,0.0,0.0
final_massbl_Litter_C,Diffz,0.0,0.0,0.0,0.0
final_massbl_Litter_C,thetaR,0.0,0.0,0.0,0.0
final_massbl_Litter_C,thetaS,0.0,0.0,0.0,0.0
final_massbl_Litter_C,Alfa,0.0,0.0,0.0,0.0
final_massbl_Litter_C,n,0.0,0.0,0.0,0.0
final_massbl_Litter_C,Ks,0.0,0.0,0.0,0.0
final_massbl_Litter_N,JuvenileLeaves,0.0,0.0,0.0,0.0
final_massbl_Litter_N,Rmax_LTAR,0.0,0.0,0.0,0.0
final_massbl_Litter_N,Rmax_LTIR,0.0,0.0,0.0,0.0
final_massbl_Litter_N,PhyllFrmTassel,0.0,0.0,0.0,0.0
final_massbl_Litter_N,StayGreen,0.0,0.0,0.0,0.0
final_massbl_Litter_N,LM_min,0.0,0.0,0.0,0.0
final_massbl_Litter_N,Diffx,0.0,0.0,0.0,0.0
final_massbl_Litter_N,Diffz,0.0,0.0,0.0,0.0
final_massbl_Litter_N,thetaR,0.0,0.0,0.0,0.0
final_massbl_Litter_N,thetaS,0.0,0.0,0.0,0.0
final_massbl_Litter_N,Alfa,0.0,0.0,0.0,0.0
final_massbl_Litter_N,n,0.0,0.0,0.0,0.0
final_massbl_Litter_N,Ks,0.0,0.0,0.0,0.0
final_massbl_Min_N,n,-0.6748396346134354,0.6748396346134354,0.31166021807240496,0.03561354897874771
final_massbl_Min_N,thetaS,0.6157837000813583,0.616013718598374,0.30974634686887914,0.03480570025700022
final_massbl_Min_N,JuvenileLeaves,-0.5107431473444548,0.5107431473444548,0.27779227046246296,0.03140110115182303
final_massbl_Min_N,LM_min,-0.4099336070354335,0.41013549839953783,0.255750149192821,0.02822008099316684
final_massbl_Min_N,Alfa,-0.11052666432894265,0.11725020443757245,0.11301998411716958,0.01180520248148502
final_massbl_Min_N,Rmax_LTAR,-0.04515495394948875,0.11323684834562897,0.148478576187038,0.011758551266222744
final_massbl_Min_N,thetaR,-0.10092571533171801,0.10522374616640429,0.08430546966762753,0.008737485160088865
final_massbl_Min_N,StayGreen,-0.06951783050443794,0.08061460595530363,0.09791064786285447,0.0099066808582266
final_massbl_Min_N,Diffz,-0.07074840770769872,0.07112685627140235,0.049822431913818195,0.0053298804678442585
final_massbl_Min_N,Ks,-0.04930627137170608,0.06165355437426366,0.06358359714729402,0.005691862953491524
final_massbl_Min_N,Rmax_LTIR,-0.010791744898834053,0.03607120599119128,0.06658295373021232,0.00666242843026396
final_massbl_Min_N,PhyllFrmTassel,-0.01404705789114774,0.024269573825679864,0.0379626523398936,0.0036339749784820505
final_massbl_Min_N,Diffx,-0.0056770511832981005,0.020126346134214285,0.031217662313437266,0.0028331440484332007
final_massbl_OM_CO2_C,n,-0.7711955034156381,0.7735300314242558,0.37781055949484876,0.0429368289289997
final_massbl_OM_CO2_C,thetaS,0.39999908044154914,0.4624411111875289,0.3794358545162156,0.03520447365940463
final_massbl_OM_CO2_C,JuvenileLeaves,-0.34241958027343616,0.34668864908318187,0.2767264948608763,0.030541922416957863
final_massbl_OM_CO2_C,LM_min,-0.2778402315323304,0.32775764373844996,0.29840997730042124,0.02744609419624176
final_massbl_OM_CO2_C,StayGreen,-0.04949344342839114,0.22791739369582661,0.28401943152464015,0.020720757691896814
final_massbl_OM_CO2_C,Alfa,-0.020374921764644796,0.17830442066894317,0.24065850059860203,0.01767014311110433
final_massbl_OM_CO2_C,Rmax_LTAR,-0.07371634826610787,0.14063438217836113,0.19681150387666643,0.017673982200521073
final_massbl_OM_CO2_C,thetaR,-0.06106645484525617,0.11775421185426078,0.17141965951372432,0.01550078170301417
final_massbl_OM_CO2_C,Ks,-0.021464641118293295,0.06501031860360099,0.11961793407369163,0.011559928617297018
final_massbl_OM_CO2_C,Rmax_LTIR,-0.001980536116446004,0.015808561482180367,0.03286313556563846,0.0033826205968059708
final_massbl_OM_CO2_C,Diffx,-0.004029821065571155,0.011783238253496474,0.03060457280761045,0.003221981960946064
final_massbl_OM_CO2_C,PhyllFrmTassel,-0.00383026275010784,0.010386263339380671,0.02580264968657576,0.002656592381417655
final_massbl_OM_CO2_C,Diffz,0.0017394754123862485,0.008674589326579319,0.01870753709731525,0.0018833063283252166
final_massbl_Root_CO2_C,JuvenileLeaves,0.9165627339327631,0.9165627339327631,0.24754500890219905,0.02688041830854481
final_massbl_Root_CO2_C,LM_min,0.28664839358192534,0.2953227419707139,0.26539693212709997,0.02994628635669669
final_massbl_Root_CO2_C,n,0.2520169742818541,0.2538644483430346,0.15622835735777918,0.017241967886586468
final_massbl_Root_CO2_C,StayGreen,-0.02954369261816217,0.23921198764872997,0.2880844415876421,0.018955755600686425
final_massbl_Root_CO2_C,thetaS,-0.1788200526338306,0.1797896770739579,0.09956066644428471,0.011246394013678104
final_massbl_Root_CO2_C,Rmax_LTAR,-0.022502855314358357,0.1482874459403206,0.19323767248970222,0.014081757398476535
final_massbl_Root_CO2_C,Rmax_LTIR,-0.08140165866615488,0.11976584781888597,0.1459944015882026,0.012742864078972562
final_massbl_Root_CO2_C,Alfa,0.05207030064287508,0.062460303698846475,0.07347501285522323,0.007051276853408541
final_massbl_Root_CO2_C,thetaR,0.03687015171446388,0.04329389854973165,0.04300600444307582,0.00399789727681084
final_massbl_Root_CO2_C,Ks,0.01049171085217678,0.030517458816055894,0.0437647351098336,0.0037210684813695476
final_massbl_Root_CO2_C,PhyllFrmTassel,0.023442507267754865,0.02567063921028778,0.02229205550835978,0.0021604089788402423
final_massbl_Root_CO2_C,Diffz,-0.0004227799051953979,0.01287482783886595,0.021565467090030585,0.0019445363060966966
final_massbl_Root_CO2_C,Diffx,-0.0005059280036990754,0.01260530939983544,0.0190315247987126,0.0015635008256679613
final_massbl_water,n,-0.8948626293061152,0.8948626293061152,0.3023004701424044,0.03430136770067404
final_massbl_water,thetaS,0.5051461394873692,0.5051461394873692,0.22177015929067787,0.025265092175874925
final_massbl_water,LM_min,-0.23871540323146714,0.23923977193450313,0.17751775249222454,0.019854386755907047
final_massbl_water,thetaR,0.2156843948965486,0.2156843948965486,0.11051761990811172,0.012639595269599164
final_massbl_water,JuvenileLeaves,-0.1940866454971518,0.1940866454971518,0.12252472750192372,0.014109331440492128
final_massbl_water,StayGreen,-0.09135821085892493,0.11666998478773341,0.13645321776921182,0.013206373766893724
final_massbl_water,Rmax_LTAR,-0.042525496831574174,0.0774616697478529,0.09227309894440908,0.007098218029976993
final_massbl_water,Alfa,-0.07003554515914535,0.07003554515914535,0.04069638392237448,0.004664597177163415
final_massbl_water,Ks,-0.028732002154027707,0.02935192128529844,0.019660767168100998,0.0020652090000126064
final_massbl_water,Rmax_LTIR,-0.0027332648648235756,0.005426136635897607,0.009051256850049096,0.0008824916991100247
final_massbl_water,PhyllFrmTassel,-0.0017227967129999527,0.0032382045531248404,0.0047819338054549305,0.00044485293455600737
final_massbl_water,Diffx,-0.0008959079856382836,0.002843862266175316,0.004362344670245018,0.0003894664917647083
final_massbl_water,Diffz,0.00014394759159374937,0.002355453060028535,0.003569659436843225,0.00031588972309753375
final_mature_leaves,JuvenileLeaves,0.9862062089864541,0.9862062089864541,0.09950646514398179,0.011425744775717162
final_mature_leaves,Rmax_LTIR,-0.0037701854732399755,0.10609250246156428,0.18135898702792022,0.01620437299846452
final_mature_leaves,Rmax_LTAR,-0.04244992135994059,0.06182589392690448,0.1262357563883794,0.013102884204964051
final_mature_leaves,Alfa,-0.0032888182519631624,0.004355924786526445,0.03539345185612936,0.003941780282424882
final_mature_leaves,Ks,-0.00039859398217531925,0.0037546682945850634,0.03334773556323754,0.0037252701411330438
final_mature_leaves,n,-0.0009051070353271011,0.003704381193877376,0.028801118508805755,0.0031629624832768253
final_mature_leaves,thetaS,0.0006666182051786545,0.0034970923036816808,0.028144116500605405,0.0032308977057933707
final_mature_leaves,LM_min,6.4659315432668e-05,0.0028020512297924375,0.03004034073809247,0.003320419172199503
final_mature_leaves,thetaR,-0.00035279125182094916,0.0019997799362557376,0.02490945658873992,0.0028874573566168614
final_mature_leaves,StayGreen,0.001228950603124932,0.001228950603124932,0.01535773377660911,0.0016825063377227077
final_mature_leaves,Diffz,0.0005312127152597307,0.0005312127152597307,0.009200874124564724,0.0010369675304875022
final_mature_leaves,PhyllFrmTassel,0.0,0.0,0.0,0.0
final_mature_leaves,Diffx,0.0,0.0,0.0,0.0
final_n_demand,LM_min,0.7802457856830869,0.7802457856830869,0.35067941146519116,0.037817228049249696
final_n_demand,JuvenileLeaves,0.5851794012955801,0.5869651557336172,0.3227534049494567,0.0349772244478202
final_n_demand,StayGreen,0.22511140006866331,0.32136613910217837,0.32332901515625745,0.02557022064581159
final_n_demand,Rmax_LTAR,0.2310719757242178,0.267236386075904,0.2990600809598583,0.029253392616999423
final_n_demand,thetaS,0.15758477451792538,0.15758477451792538,0.13748641946446225,0.01633406701451501
final_n_demand,n,-0.15213215216355414,0.15213215216355414,0.13667690382399017,0.015389455727170036
final_n_demand,PhyllFrmTassel,0.04027831525505098,0.04027831525505098,0.030381892284663124,0.0032812795436295704
final_n_demand,Rmax_LTIR,0.028562059299900213,0.03960909567444401,0.04766662373674286,0.0043561276880385
final_n_demand,thetaR,-0.038379587172523474,0.039581899756614816,0.044820315811870584,0.004863212344047085
final_n_demand,Alfa,-0.024592927403958777,0.029799963028467442,0.03792979899915188,0.003870773964771485
final_n_demand,Ks,-0.013356092747854967,0.01691025831052922,0.0205203968787419,0.0020086503191618474
final_n_demand,Diffx,0.001186717958459436,0.006529352716492032,0.01018258743522078,0.0009139188121559871
final_n_demand,Diffz,-2.8281285128779154e-05,0.005407094015105088,0.008850523193833868,0.0007897916605427595
final_n_leach,thetaS,-0.739123985286508,0.739123985286508,0.4128932798403414,0.04748798901105984
final_n_leach,JuvenileLeaves,0.47999679353274305,0.47999679353274305,0.32570211045434694,0.0370455943128988
final_n_leach,LM_min,0.4523936688474546,0.4523936688474546,0.3154313987364802,0.035143117342870824
final_n_leach,n,0.36596591708032095,0.3698392417866597,0.3195218171624895,0.036314209899210505
final_n_leach,thetaR,0.16191975382296359,0.16191975382296359,0.12288500356016109,0.013775259946126585
final_n_leach,Rmax_LTAR,0.1009405960626953,0.12211609598212386,0.15562308359223573,0.015315041084925578
final_n_leach,StayGreen,0.09224000034411564,0.09449046496698026,0.11729927089497427,0.013215305992298408
final_n_leach,Alfa,0.06590406402119911,0.07708726590909072,0.10756258467322755,0.011257095858937626
final_n_leach,Ks,0.07426589782474621,0.07426589782474621,0.06612859474690606,0.007258250065369789
final_n_leach,Diffz,0.046651682220858595,0.047143099770617154,0.04308888785312794,0.004533951165473375
final_n_leach,Rmax_LTIR,0.008283503590445796,0.02178169660720231,0.0429391426403404,0.004347671906332099
final_n_leach,PhyllFrmTassel,0.010932987481801909,0.015760204413485922,0.0313677933834068,0.0033592793175813837
final_n_leach,Diffx,0.002491233883675429,0.011116415264189324,0.022680483829265095,0.0022708340584354954
final_n_uptake,n,-0.7240292302634362,0.7989769656659197,0.4878874393710867,0.04001235366232056
final_n_uptake,thetaS,0.34566810788119073,0.41139241861626413,0.34562422787875335,0.030172478386301337
final_n_uptake,JuvenileLeaves,-0.15136866974950214,0.2796092224542965,0.38563373614410185,0.03395458324501986
final_n_uptake,LM_min,-0.05110097038083612,0.22297488589373174,0.3107179901540784,0.02508634606822325
final_n_uptake,Alfa,0.12219586131357019,0.20809651434426524,0.2911702121851257,0.026860720941597593
final_n_uptake,Rmax_LTAR,-0.007617979048477809,0.15373566876390823,0.20783966337966764,0.016001367000376146
final_n_uptake,StayGreen,0.09122723984190681,0.12395556797103263,0.1642495694319563,0.01600625126344833
final_n_uptake,Ks,-0.06452900828446659,0.09925798407629233,0.12084405441919782,0.010621536197806048
final_n_uptake,thetaR,0.02608310477484087,0.09061860800415207,0.1541499059955315,0.014047307573350262
final_n_uptake,Rmax_LTIR,-0.012914711034891143,0.07370200013517215,0.11701782736491485,0.010277613953987836
final_n_uptake,Diffz,-0.005590198976035037,0.05809183321033846,0.10411855351609173,0.010137239744937979
final_n_uptake,Diffx,-0.003217235752128444,0.047583480517327505,0.07393800425250767,0.006178232650716002
final_n_uptake,PhyllFrmTassel,0.0010908606826267712,0.007309115791319004,0.01311009997077451,0.0012295494675120951
final_root_depth_d95,JuvenileLeaves,0.0,0.0,0.0,0.0
final_root_depth_d95,Rmax_LTAR,0.0,0.0,0.0,0.0
final_root_depth_d95,Rmax_LTIR,0.0,0.0,0.0,0.0
final_root_depth_d95,PhyllFrmTassel,0.0,0.0,0.0,0.0
final_root_depth_d95,StayGreen,0.0,0.0,0.0,0.0
final_root_depth_d95,LM_min,0.0,0.0,0.0,0.0
final_root_depth_d95,Diffx,0.0,0.0,0.0,0.0
final_root_depth_d95,Diffz,0.0,0.0,0.0,0.0
final_root_depth_d95,thetaR,0.0,0.0,0.0,0.0
final_root_depth_d95,thetaS,0.0,0.0,0.0,0.0
final_root_depth_d95,Alfa,0.0,0.0,0.0,0.0
final_root_depth_d95,n,0.0,0.0,0.0,0.0
final_root_depth_d95,Ks,0.0,0.0,0.0,0.0
final_root_depth_max,JuvenileLeaves,0.0,0.0,0.0,0.0
final_root_depth_max,Rmax_LTAR,0.0,0.0,0.0,0.0
final_root_depth_max,Rmax_LTIR,0.0,0.0,0.0,0.0
final_root_depth_max,PhyllFrmTassel,0.0,0.0,0.0,0.0
final_root_depth_max,StayGreen,0.0,0.0,0.0,0.0
final_root_depth_max,LM_min,0.0,0.0,0.0,0.0
final_root_depth_max,Diffx,0.0,0.0,0.0,0.0
final_root_depth_max,Diffz,0.0,0.0,0.0,0.0
final_root_depth_max,thetaR,0.0,0.0,0.0,0.0
final_root_depth_max,thetaS,0.0,0.0,0.0,0.0
final_root_depth_max,Alfa,0.0,0.0,0.0,0.0
final_root_depth_max,n,0.0,0.0,0.0,0.0
final_root_depth_max,Ks,0.0,0.0,0.0,0.0
final_root_dm,JuvenileLeaves,0.9647777882444285,0.9647777882444285,0.2340459720831354,0.02577598866368034
final_root_dm,LM_min,0.3049436262826288,0.3049436262826288,0.12912659682987387,0.014525748262905024
final_root_dm,n,0.23121589955832783,0.23121685199964076,0.1451107169646329,0.016096661032857142
final_root_dm,thetaS,-0.18118847480712133,0.18118847480712133,0.09009147950038016,0.010154192540760444
final_root_dm,Rmax_LTIR,-0.0927010353830108,0.12843829237573526,0.14930383399149397,0.013207354957275201
final_root_dm,Rmax_LTAR,-0.027387562279026945,0.08915292865545674,0.1198912411417723,0.009397168245295568
final_root_dm,Alfa,0.0367806289554046,0.050091731555366115,0.059307674090456015,0.005418090025320583
final_root_dm,thetaR,0.031783645561293594,0.036128010867718816,0.033977915254589326,0.0033078648387160187
final_root_dm,Ks,0.0151886388552658,0.025999247184522532,0.033995641488703016,0.0029901827543109137
final_root_dm,PhyllFrmTassel,0.02396540029288566,0.024195630126176218,0.01621100491522831,0.001790937697183799
final_root_dm,StayGreen,0.015620096933861903,0.023018489583452244,0.02706084035490406,0.002347930047278125
final_root_dm,Diffx,-0.0006309778882773516,0.010162923591255361,0.014184147689055958,0.0011063221393977777
final_root_dm,Diffz,-0.00029477077220965513,0.009357957770141418,0.014958053164634057,0.0013042454171564692
final_runoff,JuvenileLeaves,0.0,0.0,0.0,0.0
final_runoff,Rmax_LTAR,0.0,0.0,0.0,0.0
final_runoff,Rmax_LTIR,0.0,0.0,0.0,0.0
final_runoff,PhyllFrmTassel,0.0,0.0,0.0,0.0
final_runoff,StayGreen,0.0,0.0,0.0,0.0
final_runoff,LM_min,0.0,0.0,0.0,0.0
final_runoff,Diffx,0.0,0.0,0.0,0.0
final_runoff,Diffz,0.0,0.0,0.0,0.0
final_runoff,thetaR,0.0,0.0,0.0,0.0
final_runoff,thetaS,0.0,0.0,0.0,0.0
final_runoff,Alfa,0.0,0.0,0.0,0.0
final_runoff,n,0.0,0.0,0.0,0.0
final_runoff,Ks,0.0,0.0,0.0,0.0
final_shoot_dm,LM_min,0.776528289241721,0.7775573900515345,0.35496516544433016,0.038009070097574864
final_shoot_dm,JuvenileLeaves,0.44336072740461363,0.48583575482169183,0.3482728958597834,0.03230986000528232
final_shoot_dm,StayGreen,0.20534995367613912,0.33630057376205547,0.35212984737033154,0.026320184438238536
final_shoot_dm,Rmax_LTAR,0.24218225044080327,0.2783955094342671,0.30617589152497704,0.029909836663377293
final_shoot_dm,thetaS,0.22659662141996223,0.22659662141996223,0.18431875419276283,0.02187710517099618
final_shoot_dm,n,-0.22534140279605935,0.22534140279605935,0.18266810502792105,0.020230885164671534
final_shoot_dm,Rmax_LTIR,0.07448573438156479,0.07828108510275816,0.07328763892195002,0.007677507973562955
final_shoot_dm,thetaR,-0.051154482277983714,0.051186801412994976,0.049556019210051754,0.005535424267727496
final_shoot_dm,Alfa,-0.03870904460288896,0.04201996945650834,0.05266043647593641,0.005758905415008587
final_shoot_dm,Ks,-0.018432960028953883,0.02071080851136344,0.024348422959443106,0.0025665888042234806
final_shoot_dm,PhyllFrmTassel,0.008489736774641755,0.010723303387821029,0.013171598272292383,0.0012424729572722854
final_shoot_dm,Diffx,0.0011980532256317274,0.0062417052318043224,0.009233745093347923,0.0008066291675218827
final_shoot_dm,Diffz,0.0001033399904021341,0.005042827487388029,0.008462732200012079,0.0007548645642317635
final_soil_root_dm,JuvenileLeaves,0.9643390281531875,0.9643390281531875,0.23470407040407248,0.025855696139219255
final_soil_root_dm,LM_min,0.30547645418884223,0.30547645418884223,0.1291461964373062,0.014503240709241083
final_soil_root_dm,n,0.2339862126664869,0.2339862126664869,0.1457213386337563,0.016165810601805962
final_soil_root_dm,thetaS,-0.18240753891302747,0.18240753891302747,0.09108782097713362,0.010266580582958148
final_soil_root_dm,Rmax_LTIR,-0.09235509930669626,0.12797818278279174,0.1488142376203751,0.013160283103650505
final_soil_root_dm,Rmax_LTAR,-0.030999398146266312,0.0891641120386204,0.11920062665136556,0.009423867780612726
final_soil_root_dm,Alfa,0.037647457786359695,0.05068780795378269,0.059612322768596064,0.00547021532724665
final_soil_root_dm,thetaR,0.03206403009182282,0.036367134167401505,0.034186760364163134,0.00333466606066986
final_soil_root_dm,Ks,0.015202169435456063,0.026078324840024373,0.034102167357567985,0.0030084386364443343
final_soil_root_dm,PhyllFrmTassel,0.02384606484207475,0.024091528339862507,0.016242295448372333,0.001794176317313984
final_soil_root_dm,StayGreen,0.015867565549746485,0.023109441185654885,0.02705311727959491,0.0023556905320579404
final_soil_root_dm,Diffx,-0.0011885308121420194,0.010208923207687477,0.014218152084497199,0.0011149484042584003
final_soil_root_dm,Diffz,-0.00020682404739503447,0.00937044627218642,0.015010910688369844,0.00131517479600045
final_soluble_c,StayGreen,-0.5272044653842588,0.5381875968626203,0.5310557045669644,0.05742167253433891
final_soluble_c,LM_min,-0.35955311087192243,0.4401132074524344,0.5439846841323821,0.05437597605157578
final_soluble_c,Rmax_LTAR,0.21459741444022779,0.3121198117329192,0.480778266311953,0.0457730089783959
final_soluble_c,JuvenileLeaves,0.15953802143815315,0.2646089564893233,0.43913247385686494,0.04497755785824784
final_soluble_c,n,-0.002788865030856605,0.09515077903046422,0.22116175500871826,0.02221775836401823
final_soluble_c,thetaS,-0.0040503476792695696,0.042158615901654234,0.13387861404804713,0.014117338080425037
final_soluble_c,Alfa,0.0019170658255345289,0.0401254443455091,0.10851937757585813,0.011392195005055615
final_soluble_c,Ks,0.00015701951989241552,0.03353275513636507,0.09197320901030195,0.009652365316104613
final_soluble_c,thetaR,-0.006669137808441583,0.03006335345799869,0.09591081433686967,0.010659131624615242
final_soluble_c,Rmax_LTIR,0.005505851051851729,0.022298843714400426,0.07378605451445411,0.007870023643825946
final_soluble_c,Diffx,0.0009456572971704972,0.013691947847423088,0.06223281572965149,0.006608734022639206
final_soluble_c,Diffz,0.002235096104260101,0.00872653219758115,0.045084104395191164,0.0048842007030258806
final_soluble_c,PhyllFrmTassel,0.00023740819344655374,0.0005137648069947664,0.00521903706617669,0.0005662836158959244
final_stem_dm,JuvenileLeaves,0.89339215337139,0.89339215337139,0.31285033485728636,0.03614078566769385
final_stem_dm,Rmax_LTAR,-0.5572923211407533,0.5572923211407533,0.24480033388521535,0.027012105347946982
final_stem_dm,LM_min,0.20251127950444006,0.20384919531087592,0.10787192743759151,0.011780223892018028
final_stem_dm,Rmax_LTIR,0.14028771568391402,0.15095847094628875,0.1556041479880851,0.017287003831948665
final_stem_dm,n,-0.04011105064468747,0.04767263311252899,0.06168480515916644,0.006335958775571627
final_stem_dm,thetaS,0.03037127123300543,0.03468035764293189,0.048891787835549136,0.005234318886827069
final_stem_dm,Alfa,-0.007582506996729685,0.02025762476794629,0.052109226427294035,0.0054228774090156
final_stem_dm,Ks,-0.00418868694463181,0.014940495078215864,0.05468778687476462,0.005957086834509512
final_stem_dm,PhyllFrmTassel,0.014598949702869844,0.014598949702869844,0.007597259071536838,0.0008587747850548911
final_stem_dm,thetaR,-0.007176400317317666,0.013326146404399749,0.03373618425128516,0.0036174869813686687
final_stem_dm,StayGreen,0.0023488058290616893,0.007112438284581712,0.020910925168379505,0.002166859796465508
final_stem_dm,Diffz,0.0013552754204618938,0.004099078128472466,0.01253027311914887,0.0013484504003358517
final_stem_dm,Diffx,0.0006140625115379675,0.004069954112731139,0.00634628738806799,0.0005503794755247545
final_sum_GasSink_0_10,thetaS,-0.6343709385289676,0.7571630205883589,0.5339057209279866,0.03896258685601827
final_sum_GasSink_0_10,n,-0.6361123151824014,0.6544681680694293,0.39016051767306653,0.04032320419104485
final_sum_GasSink_0_10,Alfa,-0.10096863095111422,0.2514917817718583,0.355168103800966,0.03028358830649513
final_sum_GasSink_0_10,JuvenileLeaves,0.09840725983484684,0.21835552779590386,0.34731233327485156,0.03257445111756814
final_sum_GasSink_0_10,thetaR,0.13783553908281165,0.1750653938209085,0.1917870694015152,0.01685580009731644
final_sum_GasSink_0_10,LM_min,0.04620007495958752,0.1568610108616646,0.2896960686410777,0.027633996797098857
final_sum_GasSink_0_10,Rmax_LTAR,-0.012223243329256265,0.09042457122468685,0.2483011031984165,0.02617084703822321
final_sum_GasSink_0_10,Ks,-0.01751712712456486,0.07272130006925262,0.21565744222084604,0.023595754538233663
final_sum_GasSink_0_10,Diffz,0.02887168611773023,0.03038044174940011,0.022719128324812682,0.0023718721400764046
final_sum_GasSink_0_10,StayGreen,-0.005399320893867918,0.021392745799229455,0.05220918649198478,0.005556676121283125
final_sum_GasSink_0_10,Rmax_LTIR,0.002107145072576384,0.014347970211500445,0.033302169870084476,0.0033713485950062684
final_sum_GasSink_0_10,PhyllFrmTassel,0.002569661483288561,0.011609219442107108,0.036717467613831475,0.003865418671858119
final_sum_GasSink_0_10,Diffx,0.0009169745668813449,0.007483860286485406,0.01937438719601195,0.002019214549295215
final_sum_GasSink_0_20,thetaS,-0.7462358486845072,0.8069203581876045,0.4706783533920671,0.04336312649526749
final_sum_GasSink_0_20,n,-0.5112642196402991,0.541966029669231,0.38925273630326335,0.03918137889889213
final_sum_GasSink_0_20,JuvenileLeaves,0.2049227225142657,0.2789870469862729,0.30503534358206724,0.027886386675068403
final_sum_GasSink_0_20,Alfa,-0.03936999403668672,0.2455746105784196,0.3472394366782176,0.027535840531840345
final_sum_GasSink_0_20,thetaR,0.15973335689421653,0.19203016824845986,0.1883418500645577,0.016432692028054852
final_sum_GasSink_0_20,LM_min,0.08538312350852686,0.1794843282136343,0.22290344385819366,0.017527775327485517
final_sum_GasSink_0_20,Rmax_LTAR,-0.029934480992682904,0.11262643846091151,0.2010704767035459,0.019189800205907145
final_sum_GasSink_0_20,Ks,-0.010336657283961851,0.09091109238827322,0.20777951632991287,0.020953662658540307
final_sum_GasSink_0_20,StayGreen,-0.018331661558825624,0.036466610035472774,0.08745834779432729,0.009351421941655415
final_sum_GasSink_0_20,Rmax_LTIR,0.00390879170630868,0.02775177484342419,0.06325966429663583,0.006527682630950828
final_sum_GasSink_0_20,Diffz,0.020321347926501514,0.024728111375322968,0.028843163669790107,0.0028268550026232086
final_sum_GasSink_0_20,PhyllFrmTassel,0.008885860287113466,0.019640888867878684,0.038768447048442824,0.0038105848471733494
final_sum_GasSink_0_20,Diffx,0.00011825195326742638,0.014119011896429896,0.03210258796098431,0.0033602342212744676
final_sum_GasSink_0_200,JuvenileLeaves,0.7234180361334709,0.7316897449268263,0.3224861659803897,0.034137897572854514
final_sum_GasSink_0_200,StayGreen,-0.28243411138452734,0.4834516049417302,0.5108482395413683,0.03729216962522152
final_sum_GasSink_0_200,thetaS,-0.39337807992002155,0.3958941960084584,0.18444745639737964,0.020336483150488673
final_sum_GasSink_0_200,LM_min,0.09826073144373207,0.32710032048786236,0.4304306348722989,0.03419744668417437
final_sum_GasSink_0_200,n,0.23485651933872712,0.24500709245393992,0.18703045286107775,0.02038315798378487
final_sum_GasSink_0_200,Rmax_LTAR,0.05198980983561083,0.20472246881770448,0.30843632551841627,0.026973387851862807
final_sum_GasSink_0_200,Alfa,0.1452699591612059,0.1461976562321375,0.09420108165877207,0.010197335999459656
final_sum_GasSink_0_200,thetaR,0.0691952007068668,0.07091735444265886,0.07993073170022878,0.008922790524678403
final_sum_GasSink_0_200,Rmax_LTIR,-0.04685944088494242,0.06667904169396871,0.08433021201277922,0.007551509555032333
final_sum_GasSink_0_200,Ks,-0.04172718060571421,0.053058378947605206,0.0803398256439656,0.008471120393952277
final_sum_GasSink_0_200,PhyllFrmTassel,0.01996246040190746,0.021144969833050656,0.020369896376345318,0.0021897563258615436
final_sum_GasSink_0_200,Diffz,0.012803398945852864,0.014401657615297499,0.015750830397623667,0.0016339646297395525
final_sum_GasSink_0_200,Diffx,-0.005513799924876001,0.01143952044840536,0.014706749088029769,0.0012296996520028778
final_sum_GasSink_10_20,thetaS,-0.8093352336539807,0.8206737882697357,0.4001295372033987,0.045628268975178805
final_sum_GasSink_10_20,n,-0.30248216340319684,0.39481174578272904,0.3986748075188626,0.0344751765078336
final_sum_GasSink_10_20,JuvenileLeaves,0.3111936370558459,0.385758863743737,0.3446909429859406,0.028814590078323717
final_sum_GasSink_10_20,LM_min,0.1298080537562116,0.26398142288552856,0.3395887581840209,0.027897582418365808
final_sum_GasSink_10_20,thetaR,0.17447066839389508,0.21043116043365218,0.20192262401032834,0.018341514836284867
final_sum_GasSink_10_20,Alfa,-0.0027952058015183255,0.2054786340767757,0.34643328104614146,0.03145984712552472
final_sum_GasSink_10_20,Rmax_LTAR,-0.01921298165643519,0.13718255889628259,0.22835387072582933,0.020642208084757644
final_sum_GasSink_10_20,Ks,0.025332938630247357,0.10034828812857706,0.20817524379945085,0.02040518724717121
final_sum_GasSink_10_20,StayGreen,-0.029453073629057927,0.05124917813479044,0.12952048428058394,0.01380443603488936
final_sum_GasSink_10_20,Rmax_LTIR,0.0064675312283267,0.04067906453579232,0.09144878701007915,0.009522699787217991
final_sum_GasSink_10_20,PhyllFrmTassel,0.014099465585863594,0.026807518205410403,0.05463443788801185,0.005485956313051292
final_sum_GasSink_10_20,Diffz,0.008154731119126254,0.020855130240607055,0.05033025185363394,0.0051247865587136865
final_sum_GasSink_10_20,Diffx,-0.0001600854998554054,0.02032048634049294,0.053500500297026646,0.005733482028404401
final_sum_GasSink_120_200,JuvenileLeaves,0.7178786289254873,0.7261849996054243,0.32340636599606737,0.03430931593957905
final_sum_GasSink_120_200,StayGreen,-0.28368375857550393,0.4870805228381096,0.5142649084473726,0.03746420891916528
final_sum_GasSink_120_200,thetaS,-0.38569218314692993,0.3884834520856157,0.18248736284114386,0.020043970676832078
final_sum_GasSink_120_200,LM_min,0.09739539539759967,0.3295583043390319,0.4339073564747973,0.03444659526604812
final_sum_GasSink_120_200,n,0.2499203689228879,0.25887846584941915,0.1883629526591781,0.020812261483333042
final_sum_GasSink_120_200,Rmax_LTAR,0.05709281819148041,0.20724296669813916,0.3101312432535693,0.027073278577484948
final_sum_GasSink_120_200,Alfa,0.1474712149098934,0.14838724614171284,0.09472609546732057,0.010244330647343983
final_sum_GasSink_120_200,thetaR,0.06729288322573872,0.06927908690286498,0.0799715634016412,0.008883739270640467
final_sum_GasSink_120_200,Rmax_LTIR,-0.04724767805620621,0.06647248616731387,0.08408156174269212,0.007578317234493853
final_sum_GasSink_120_200,Ks,-0.04191602629926427,0.05327454628855862,0.08067073587064161,0.008510926164962697
final_sum_GasSink_120_200,PhyllFrmTassel,0.019621930540186926,0.0210030451495545,0.020717503662689925,0.002210487126549959
final_sum_GasSink_120_200,Diffz,0.012786856622832158,0.014423901117908533,0.01584574828550839,0.0016400123726609346
final_sum_GasSink_120_200,Diffx,-0.005503799516686732,0.011431953946423263,0.014751834326382,0.0012325840845755882
final_sum_GasSink_20_40,n,-0.5066930009818003,0.557053872078557,0.4153767191847681,0.037779057674153176
final_sum_GasSink_20_40,JuvenileLeaves,0.4892920468275491,0.5482838841633096,0.43109540773723404,0.040148519590417764
final_sum_GasSink_20_40,thetaS,-0.4489938399175107,0.5106053215605907,0.4440961068034183,0.04277608699859825
final_sum_GasSink_20_40,LM_min,0.05309631257161552,0.29525798929964775,0.3805278557566149,0.027981032229760932
final_sum_GasSink_20_40,Rmax_LTAR,-0.24228885404820158,0.26365765417576975,0.26718060879041466,0.028334190805948047
final_sum_GasSink_20_40,Alfa,-0.012751710606526294,0.14266053943714457,0.23815861986430328,0.02178656853712462
final_sum_GasSink_20_40,thetaR,0.1038116149231297,0.13085399059526154,0.14505196376393184,0.012892455041212711
final_sum_GasSink_20_40,Ks,-0.0016107168495322647,0.08176077234294309,0.14790791155378039,0.014147270668554906
final_sum_GasSink_20_40,StayGreen,-0.05708851644255659,0.07618314138091002,0.10686384513955452,0.010664913106262887
final_sum_GasSink_20_40,Rmax_LTIR,-0.002221729774223394,0.06515358893596214,0.1144631426599337,0.01061280615063346
final_sum_GasSink_20_40,PhyllFrmTassel,0.027407993256839114,0.03735204818000331,0.05648103855525264,0.005734191072739191
final_sum_GasSink_20_40,Diffx,-0.0034494744761565423,0.029050475348601678,0.05157666500348463,0.004716427143234689
final_sum_GasSink_20_40,Diffz,-0.0043060222079958155,0.018191802345954602,0.025529087651988455,0.0021110952819677017
final_sum_GasSink_80_120,JuvenileLeaves,0.7179358497277648,0.721648830027827,0.3597874518010867,0.03988990710412204
final_sum_GasSink_80_120,n,-0.5247356684096107,0.5280961224394745,0.28861087271601654,0.03266928267766021
final_sum_GasSink_80_120,Rmax_LTAR,-0.31372919688280415,0.3238935363149969,0.2521296156704027,0.02665050413733207
final_sum_GasSink_80_120,LM_min,0.09630146234575515,0.2293323316751555,0.3168434676983504,0.027607358657204928
final_sum_GasSink_80_120,thetaS,-0.16876039621687847,0.2002236844521798,0.2219687703846333,0.02175526728352307
final_sum_GasSink_80_120,StayGreen,-0.06326432725392692,0.08794081952234666,0.12662950298082723,0.01237252778767909
final_sum_GasSink_80_120,Alfa,-0.06942660709471223,0.08719784655351437,0.1021248735368814,0.01000196150578279
final_sum_GasSink_80_120,thetaR,0.04787882103498917,0.08300193541253358,0.11652381953032012,0.010767330311510125
final_sum_GasSink_80_120,Rmax_LTIR,-0.010704602908986,0.07774443982795193,0.12968773353990048,0.011668107067977638
final_sum_GasSink_80_120,Ks,-0.001603498225689749,0.05581629368433755,0.08624756124647667,0.00756240617169232
final_sum_GasSink_80_120,PhyllFrmTassel,0.026481186310380444,0.02944077006503051,0.035806855990130365,0.003923646801740604
final_sum_GasSink_80_120,Diffx,-0.0026634126054029157,0.02428909573662958,0.0341977759799812,0.0026692898658453555
final_sum_GasSink_80_120,Diffz,0.0005870944231737139,0.014376198874143362,0.02108313498428079,0.0017657860159167817
final_sum_NitSink_0_10,thetaS,0.504699075795461,0.7600483045048585,0.6766723074489671,0.04193483139671048
final_sum_NitSink_0_10,JuvenileLeaves,-0.14767870084919715,0.4927052132040952,0.5716808349027841,0.03623312435653533
final_sum_NitSink_0_10,LM_min,-0.24135848013048805,0.48851544292060944,0.5282404964170696,0.035809437156527055
final_sum_NitSink_0_10,n,0.046399061960564696,0.4613313585016734,0.5770919454318587,0.0382422294040859
final_sum_NitSink_0_10,Alfa,0.22542790914047994,0.26942263174232406,0.2671534791693711,0.02480947202844585
final_sum_NitSink_0_10,StayGreen,-0.17500357355025514,0.1991623183875849,0.21484181462013033,0.02237981650477543
final_sum_NitSink_0_10,Rmax_LTAR,-0.010741041663097278,0.17348013577585505,0.24034520709889037,0.019007449865149805
final_sum_NitSink_0_10,Ks,-0.12476648517413517,0.14786545132179105,0.13668871060968735,0.013098987045098914
final_sum_NitSink_0_10,thetaR,-0.027436364256805786,0.1227733210767146,0.1682728300670077,0.012808477040125391
final_sum_NitSink_0_10,Diffz,0.07433512585037073,0.10949014951251283,0.1383591285986787,0.012396658037575052
final_sum_NitSink_0_10,Rmax_LTIR,-0.016681575558967265,0.041314665870085344,0.07265101595903987,0.007191002011359485
final_sum_NitSink_0_10,PhyllFrmTassel,-0.005503818542779511,0.02341242836269432,0.037950778442632886,0.003540686506090058
final_sum_NitSink_0_10,Diffx,-0.0007798928034128366,0.022323183013774152,0.03231913547402781,0.0026333290766927084
final_sum_NitSink_0_20,thetaS,0.6790253509842863,0.7131488864460545,0.426058823934015,0.04223802666655592
final_sum_NitSink_0_20,LM_min,-0.44766171265782534,0.46670748024162984,0.3417323282022008,0.0356614949439762
final_sum_NitSink_0_20,JuvenileLeaves,-0.36087074258016905,0.42298265526521,0.3633956500403208,0.03376159019203933
final_sum_NitSink_0_20,n,-0.20102983254144893,0.3454000755676453,0.3785338852133128,0.028669129983594593
final_sum_NitSink_0_20,StayGreen,-0.23013883904021754,0.23127722719086918,0.22670331410394215,0.025920731881234088
final_sum_NitSink_0_20,Alfa,0.16656432557169434,0.21242616194237715,0.2114531048148614,0.018740490665591747
final_sum_NitSink_0_20,Rmax_LTAR,-0.023801849454005458,0.15686083779112409,0.21184087499054202,0.016737868379329317
final_sum_NitSink_0_20,Ks,-0.13368360068901305,0.14065291981228134,0.1230603049991214,0.013427260147834635
final_sum_NitSink_0_20,thetaR,-0.06057804617959422,0.10016806871835184,0.12750414743527205,0.011152180791089204
final_sum_NitSink_0_20,Diffz,0.037078312063050956,0.08021895936592592,0.12095943400575135,0.010936726151479635
final_sum_NitSink_0_20,Rmax_LTIR,-0.018786067491876956,0.03900379747383667,0.06716754532955742,0.006778931786314024
final_sum_NitSink_0_20,Diffx,-0.0053987821865372375,0.020064301293538696,0.029813806693169843,0.0025911349311713125
final_sum_NitSink_0_20,PhyllFrmTassel,-0.010012397489090134,0.019036295919014807,0.030065294637599348,0.0029600208558067435
final_sum_NitSink_0_200,StayGreen,-0.18977971573085875,0.5447822365719783,0.647241167702448,0.044092786572862364
final_sum_NitSink_0_200,LM_min,-0.2261726258807112,0.5190960648010414,0.5884389143990147,0.039942884080042894
final_sum_NitSink_0_200,n,-0.3161786591870005,0.4472095699485523,0.47549477635525866,0.039855909663978444
final_sum_NitSink_0_200,Rmax_LTAR,-0.06279167626288536,0.39359732589384977,0.5239129442614794,0.03989174983569203
final_sum_NitSink_0_200,JuvenileLeaves,-0.09606567321433979,0.3848810388941795,0.5164581518551685,0.040169689459430155
final_sum_NitSink_0_200,thetaS,0.1731822807443714,0.3635299307926194,0.45884841962268197,0.038289912827612335
final_sum_NitSink_0_200,Alfa,0.04896365825833325,0.2862648533124167,0.41903410601120783,0.03454823133734933
final_sum_NitSink_0_200,Ks,-0.08015856898611656,0.2580835106261617,0.4043811282432544,0.037501443237526855
final_sum_NitSink_0_200,thetaR,-0.022797165275768076,0.24226292031169497,0.39960266233111663,0.03599665592567734
final_sum_NitSink_0_200,Diffz,-0.03247274598021208,0.22759047219914816,0.39106367634498534,0.03553614937531672
final_sum_NitSink_0_200,Rmax_LTIR,-0.032936000042823085,0.20956638126763005,0.36729170396602673,0.03357307685453282
final_sum_NitSink_0_200,Diffx,-0.006760974414850479,0.18800640270926341,0.3560640455852418,0.034731673472269665
final_sum_NitSink_0_200,PhyllFrmTassel,-0.040890941944780775,0.1654804282720197,0.334138670828083,0.03277954203030438
final_sum_NitSink_10_20,thetaS,0.42484464828805774,0.5968397623414322,0.5964461833797137,0.04793482669903809
final_sum_NitSink_10_20,JuvenileLeaves,-0.37309540208252345,0.5186598055330518,0.5221623966822274,0.04396462410877577
final_sum_NitSink_10_20,n,-0.4399232594504095,0.5034358534600635,0.4696792138603142,0.045326568531437746
final_sum_NitSink_10_20,LM_min,-0.3798873062156977,0.4931025827157817,0.5032717339323748,0.04305075565471392
final_sum_NitSink_10_20,Alfa,-0.06997782112501236,0.2649356740691726,0.4154854800162386,0.03725321040296487
final_sum_NitSink_10_20,Rmax_LTAR,-0.019101381199235292,0.16097349875179948,0.2596089804702132,0.02346383365728172
final_sum_NitSink_10_20,Ks,-0.03333981245759834,0.13603778859775564,0.25294371198037885,0.024006986663437306
final_sum_NitSink_10_20,StayGreen,-0.11755310440185894,0.13245878428366803,0.1974534847824557,0.021063021973798984
final_sum_NitSink_10_20,thetaR,-0.06995438199831115,0.1289581347626681,0.2005981752924318,0.019197033857466406
final_sum_NitSink_10_20,Diffz,-0.05680017255452005,0.059081984292472176,0.06435856221889329,0.0069709128853724794
final_sum_NitSink_10_20,Rmax_LTIR,-0.004457858830458192,0.04242884245857187,0.10842054648459634,0.011508520257030468
final_sum_NitSink_10_20,Diffx,-0.008990455425019717,0.029155018470307822,0.06914444493522956,0.007227377113852591
final_sum_NitSink_10_20,PhyllFrmTassel,-0.015391476274629588,0.028768498411677394,0.0721295920010626,0.007439349934875955
final_sum_NitSink_120_200,StayGreen,-0.1664587303957103,0.5700505634958701,0.6779731561427564,0.04431683897659226
final_sum_NitSink_120_200,LM_min,-0.1324222320447214,0.521405079126811,0.623713117793691,0.04154622633435641
final_sum_NitSink_120_200,n,-0.2216489048131523,0.40524926048291204,0.48872525355688856,0.03951779444331701
final_sum_NitSink_120_200,Rmax_LTAR,-0.049114496499041135,0.40303214563493595,0.5390011824965091,0.04031496466516906
final_sum_NitSink_120_200,JuvenileLeaves,0.005621762708710387,0.39647692069979573,0.542409601441662,0.040549200289524585
final_sum_NitSink_120_200,thetaS,-0.013525637915061199,0.3340963602201098,0.4608303521012207,0.03571906429398738
final_sum_NitSink_120_200,Alfa,0.021791056750184154,0.30041437151656064,0.4416454986276422,0.036210215456795036
final_sum_NitSink_120_200,Ks,-0.05003514789708465,0.26356974204472844,0.4363310068824426,0.040936822683419936
final_sum_NitSink_120_200,thetaR,-0.006366532961416332,0.24493730449374576,0.4134848435564859,0.03736002149202502
final_sum_NitSink_120_200,Diffz,-0.04131524241649807,0.2345826975455492,0.4073888032016841,0.03751799526648869
final_sum_NitSink_120_200,Rmax_LTIR,-0.035009637032209454,0.22082457852816048,0.389905440725271,0.03578789887734812
final_sum_NitSink_120_200,Diffx,-0.0043501147454138005,0.19837845121743738,0.3775210372556948,0.03692300912386386
final_sum_NitSink_120_200,PhyllFrmTassel,-0.044974037649480894,0.17337488492526365,0.3564890656328768,0.03520932034566229
final_sum_NitSink_20_40,n,-0.4188272994018048,0.6702763044798051,0.64708141911636,0.04273065909626597
final_sum_NitSink_20_40,thetaS,0.41915589845364937,0.6363225864531669,0.6129620856589427,0.04353105251816584
final_sum_NitSink_20_40,JuvenileLeaves,-0.24807043656030922,0.46281002081735323,0.5443033927887176,0.04270641859179177
final_sum_NitSink_20_40,LM_min,-0.193891792251602,0.41917106464479664,0.5199607115853648,0.04198177379466077
final_sum_NitSink_20_40,thetaR,-0.07271964499828325,0.1543490980727045,0.21275787477838867,0.018173783737715388
final_sum_NitSink_20_40,Alfa,0.024415111768461853,0.13710484933519534,0.25477132192678914,0.024544031006579144
final_sum_NitSink_20_40,Rmax_LTAR,-0.05008637998176169,0.13336719529328098,0.20612587152879028,0.01809800353785322
final_sum_NitSink_20_40,Ks,-0.05900133014889481,0.12315677018946436,0.2082170151361111,0.02018558812235393
final_sum_NitSink_20_40,StayGreen,-0.012854926423985892,0.05361660304425583,0.093063845862639,0.008607829851853271
final_sum_NitSink_20_40,Rmax_LTIR,-0.008096917160730124,0.025020896330385452,0.0714047231918799,0.007528118810338688
final_sum_NitSink_20_40,Diffx,-0.008090751348496126,0.017971671853808626,0.07701804033112107,0.00870528524717125
final_sum_NitSink_20_40,Diffz,0.006793361690945643,0.012099291302356046,0.019623827415782127,0.0018862152657060439
final_sum_NitSink_20_40,PhyllFrmTassel,-0.002455245102389027,0.01038354543787539,0.027281662393123192,0.002908550377170594
final_sum_NitSink_80_120,n,-0.5721835435906009,0.6490327091763605,0.5864549243895995,0.05616901240067251
final_sum_NitSink_80_120,thetaS,0.2213545655943446,0.49794702380706723,0.6906136401405512,0.06025303196297519
final_sum_NitSink_80_120,JuvenileLeaves,-0.11679019291001207,0.317761580140744,0.4973617127987455,0.0458037846667902
final_sum_NitSink_80_120,LM_min,-0.2047099195627093,0.261006955278065,0.3926145243486826,0.03933993064516208
final_sum_NitSink_80_120,thetaR,-0.0731881764537478,0.14511523222800501,0.292751579040227,0.03049307221885392
final_sum_NitSink_80_120,Alfa,-0.10504379217735015,0.12394303984881243,0.260747279971594,0.028201352455341368
final_sum_NitSink_80_120,Ks,0.009046678049864474,0.11361107346060241,0.2614060154797349,0.02687070650800888
final_sum_NitSink_80_120,StayGreen,-0.08342619382210094,0.08698894808526442,0.1486760963793484,0.016467808438490144
final_sum_NitSink_80_120,Rmax_LTAR,-0.030285743890492125,0.07748427397673742,0.17290333457123766,0.01718213458916447
final_sum_NitSink_80_120,PhyllFrmTassel,-0.012380638451613555,0.01889180677469865,0.10509965104542547,0.011554094669749554
final_sum_NitSink_80_120,Diffz,0.0021414788203395724,0.015272716738802658,0.07116775723371278,0.008019765592562084
final_sum_NitSink_80_120,Diffx,-0.0013167619739505327,0.013300191683634237,0.057174102772691825,0.006264319493321859
final_sum_NitSink_80_120,Rmax_LTIR,-0.006264235906649049,0.011476731595045909,0.02959396815371473,0.003090837158140986
final_sum_RDenM_0_10,thetaS,-0.7193749872023062,0.7193749872023062,0.4144332706547662,0.04752749490251094
final_sum_RDenM_0_10,n,0.6019520791550392,0.6019520791550392,0.36801987453587187,0.04196679639683989
final_sum_RDenM_0_10,JuvenileLeaves,0.4900950064259202,0.4900950064259202,0.3393686172341545,0.03794459190173634
final_sum_RDenM_0_10,LM_min,0.3690013795506348,0.3690013795506348,0.2685146103119624,0.030246903785583146
final_sum_RDenM_0_10,thetaR,0.15707983781352894,0.1590955274383276,0.145305116320291,0.015674177755450287
final_sum_RDenM_0_10,Rmax_LTAR,0.10505047736357966,0.1368518360333994,0.16961423632809206,0.016566145906138408
final_sum_RDenM_0_10,Alfa,0.12189733237097866,0.12566598450608746,0.12350173087533721,0.01356017014062213
final_sum_RDenM_0_10,Diffz,0.09387985576097606,0.09436784819849961,0.06835883217634355,0.007446952675736432
final_sum_RDenM_0_10,Ks,0.0736122402895738,0.08040929678294693,0.09885206606407437,0.010591653036299093
final_sum_RDenM_0_10,StayGreen,0.043662009140320715,0.06551115886236936,0.09123599745020707,0.008295381754545394
final_sum_RDenM_0_10,Rmax_LTIR,0.007497697730802863,0.03929006730113332,0.08102640787979148,0.008325401560974503
final_sum_RDenM_0_10,PhyllFrmTassel,0.013221474932674964,0.02356879402606536,0.037788692149015334,0.0036362310964969864
final_sum_RDenM_0_10,Diffx,0.0040141906113242394,0.02049499630138363,0.033736620824425786,0.0030250120233932566
final_sum_RDenM_0_20,thetaS,-0.7502328146350867,0.7502328146350867,0.4026857605165414,0.046340825714122305
final_sum_RDenM_0_20,JuvenileLeaves,0.5540630613796986,0.5540630613796986,0.36173493571777726,0.04013057640829939
final_sum_RDenM_0_20,n,0.4880405331454917,0.4880405331454917,0.30538484087976536,0.03440830452676226
final_sum_RDenM_0_20,LM_min,0.3682177489405078,0.3682177489405078,0.25518919491820374,0.028801745811560798
final_sum_RDenM_0_20,thetaR,0.1604898368396724,0.16129635746386217,0.13580235131146903,0.014718261268557225
final_sum_RDenM_0_20,Rmax_LTAR,0.05076449186715534,0.12441574934026756,0.1643763456287742,0.013087323972681785
final_sum_RDenM_0_20,Ks,0.08801074827412297,0.08981686571996134,0.08866146509112738,0.00995752686760337
final_sum_RDenM_0_20,Alfa,0.059026520629726464,0.08376929101223202,0.1114131621258913,0.010530849539994412
final_sum_RDenM_0_20,StayGreen,0.036831781595091664,0.05614454602987654,0.07699493444424584,0.007064294022726243
final_sum_RDenM_0_20,Rmax_LTIR,0.009562527227911122,0.04249217041376961,0.09048163876649483,0.009434282490737675
final_sum_RDenM_0_20,Diffz,0.03563985221235579,0.03776448377739921,0.0369874176309617,0.003830146132828449
final_sum_RDenM_0_20,PhyllFrmTassel,0.017199080992619548,0.02565725053864511,0.039903797014714096,0.003911628948214829
final_sum_RDenM_0_20,Diffx,0.0047294825754964544,0.019815078416115524,0.03225793700478792,0.002884928259387452
final_sum_RDenM_0_200,JuvenileLeaves,0.832976034206176,0.832976034206176,0.31767010097368437,0.03471455558530526
final_sum_RDenM_0_200,n,0.6058821069916647,0.6058821069916647,0.2503695443677004,0.028781125952942996
final_sum_RDenM_0_200,LM_min,0.38802995979301924,0.38802995979301924,0.18926025750834735,0.021261291813056894
final_sum_RDenM_0_200,Alfa,0.19179425819215715,0.19179425819215715,0.08884935732789148,0.009779836512544705
final_sum_RDenM_0_200,Rmax_LTAR,0.1076612046069293,0.14407097067752542,0.16484387877025122,0.014316336850682797
final_sum_RDenM_0_200,Rmax_LTIR,-0.058084133928676694,0.08083060170159562,0.09710620592547498,0.008728808123857614
final_sum_RDenM_0_200,thetaS,-0.027007536091274514,0.07542254510182267,0.09540481952489216,0.007056756825106715
final_sum_RDenM_0_200,StayGreen,0.0493639657851437,0.05045150137776683,0.045037106868261984,0.004973605201060217
final_sum_RDenM_0_200,Ks,-0.04605565660253369,0.04914323107129783,0.03977606893362224,0.0041536518057241475
final_sum_RDenM_0_200,thetaR,-0.02258927826489682,0.035457768379916724,0.042235702285621145,0.003651240370644036
final_sum_RDenM_0_200,PhyllFrmTassel,0.023920161107120384,0.025469998981721587,0.025527578462307427,0.0028038401096911214
final_sum_RDenM_0_200,Diffz,0.024126929890601313,0.024731182215961656,0.02141709934990063,0.0023331854234402674
final_sum_RDenM_0_200,Diffx,-0.007823817424100925,0.013099652128825695,0.01563326982772128,0.001284941552059823
final_sum_RDenM_10_20,thetaS,-0.7537018753511683,0.7537018753511683,0.3955208565943501,0.04562663708407595
final_sum_RDenM_10_20,JuvenileLeaves,0.572726179665669,0.572726179665669,0.36650173893877547,0.040709805999731785
final_sum_RDenM_10_20,n,0.4435217460292657,0.4435217460292657,0.284364947026457,0.03184827008228711
final_sum_RDenM_10_20,LM_min,0.3648569011917308,0.3648569011917308,0.24976343331005732,0.028089028459111938
final_sum_RDenM_10_20,thetaR,0.15986360834321922,0.16049627968954638,0.13218064699241516,0.014349914707695354
final_sum_RDenM_10_20,Rmax_LTAR,0.030316816541427767,0.12146275498532975,0.16671500186957808,0.012848338205484543
final_sum_RDenM_10_20,Ks,0.09194145260390553,0.09327906743609894,0.08547421031199227,0.009713921745778063
final_sum_RDenM_10_20,Alfa,0.035751087934574606,0.07704553616991679,0.10881598086204836,0.00941303132955453
final_sum_RDenM_10_20,StayGreen,0.03394116737523955,0.05275237852113277,0.07221162320056777,0.00665037590759669
final_sum_RDenM_10_20,Rmax_LTIR,0.010356616269139751,0.04368015219452874,0.09384495600250035,0.00982183958835954
final_sum_RDenM_10_20,PhyllFrmTassel,0.018386199204882978,0.026467770855872774,0.04122569909061272,0.004075510507684807
final_sum_RDenM_10_20,Diffz,0.013954739616131142,0.02154141753702082,0.02937002881954193,0.002719681988672294
final_sum_RDenM_10_20,Diffx,0.0049257798390188404,0.019643195519419416,0.031727869529298014,0.0028233757057874232
final_sum_RDenM_120_200,JuvenileLeaves,0.828111437056439,0.828111437056439,0.31814265906678363,0.03480202848548926
final_sum_RDenM_120_200,n,0.6122486267140629,0.6122486267140629,0.2531836305920827,0.029081157263060715
final_sum_RDenM_120_200,LM_min,0.38625893479486045,0.38625893479486045,0.19019056758861028,0.02131494852312969
final_sum_RDenM_120_200,Alfa,0.19555149838401145,0.19555149838401145,0.09064929486453208,0.00997726182669861
final_sum_RDenM_120_200,Rmax_LTAR,0.114666613304231,0.15031658048638918,0.16912963910226175,0.014767409650595144
final_sum_RDenM_120_200,Rmax_LTIR,-0.0591636413228364,0.08136393417797255,0.09725798501465102,0.008795047716985794
final_sum_RDenM_120_200,thetaS,-0.018039627579387398,0.07587206171885605,0.09941295019364634,0.007264630644911464
final_sum_RDenM_120_200,Ks,-0.04845448107149587,0.0512110973400722,0.040991617474411164,0.004347359034768132
final_sum_RDenM_120_200,StayGreen,0.04911237190017206,0.05038880644085425,0.04513415524458445,0.004955134041608039
final_sum_RDenM_120_200,thetaR,-0.02508330884566415,0.036785432842904926,0.043360164561643474,0.003846325036969506
final_sum_RDenM_120_200,PhyllFrmTassel,0.023676394420880414,0.0255622532909167,0.026255168794367716,0.002860868788736288
final_sum_RDenM_120_200,Diffz,0.024471501846838623,0.025084969052841237,0.021759641675876046,0.002366716645314535
final_sum_RDenM_120_200,Diffx,-0.007981061850772403,0.013284487336829232,0.015827818592659956,0.0012988734725028238
final_sum_RDenM_20_40,JuvenileLeaves,0.7860848531901716,0.7860848531901716,0.3618107918030138,0.04013698895089531
final_sum_RDenM_20_40,thetaS,-0.5474294201074815,0.5474294201074815,0.2944116237133294,0.03367562306942091
final_sum_RDenM_20_40,LM_min,0.3715159563379376,0.37381897077854387,0.24492466533213647,0.027205303572932504
final_sum_RDenM_20_40,n,0.3013915795627086,0.30200201527085035,0.2134320451005643,0.024294061562678097
final_sum_RDenM_20_40,Rmax_LTAR,-0.15121381047671809,0.18956165698753943,0.22743910524548713,0.021964789197107457
final_sum_RDenM_20_40,thetaR,0.11063523023025373,0.11509813613540122,0.09856312150393855,0.010021920809352207
final_sum_RDenM_20_40,Ks,0.07018956221719339,0.07522227492664357,0.07427653279438293,0.00785639311666075
final_sum_RDenM_20_40,Alfa,0.008867678497158164,0.06707105925393568,0.09616222786511142,0.0074904799910715985
final_sum_RDenM_20_40,Rmax_LTIR,0.015885651712216925,0.06323181211421584,0.12477381890302926,0.012446264940657087
final_sum_RDenM_20_40,StayGreen,0.04266799896997418,0.057943630629316116,0.07770433818730015,0.007431829852521681
final_sum_RDenM_20_40,PhyllFrmTassel,0.02847767247638444,0.03450100286371611,0.04949547600338342,0.00514282115695795
final_sum_RDenM_20_40,Diffx,0.002923599767999701,0.024011594300321324,0.034260531499141364,0.0027164400914853814
final_sum_RDenM_20_40,Diffz,-0.0024151095654279596,0.01599562306561879,0.022967718604593946,0.0018782447008014107
final_sum_RDenM_80_120,JuvenileLeaves,0.8464003848498375,0.8466440618902007,0.31633892751454235,0.036145528062818566
final_sum_RDenM_80_120,LM_min,0.3038428558052106,0.33158750835577827,0.32190016776822206,0.03324451119663312
final_sum_RDenM_80_120,Rmax_LTAR,-0.2986214602841658,0.31059407294440444,0.25494000366284864,0.026383585009255056
final_sum_RDenM_80_120,thetaS,0.0005352001572116312,0.1797272912828453,0.23195366920389868,0.016968715673717587
final_sum_RDenM_80_120,n,0.01423494983828298,0.15241456539483966,0.21184363385696958,0.016386191929774876
final_sum_RDenM_80_120,Rmax_LTIR,-0.006459427664977067,0.07843229506267889,0.12955434297158555,0.011218466272658524
final_sum_RDenM_80_120,thetaR,0.0019468111352237709,0.07210746173501065,0.10289379572356087,0.008548849164612135
final_sum_RDenM_80_120,StayGreen,0.04879955081354816,0.05761844576951712,0.09630133404245407,0.010127536833425162
final_sum_RDenM_80_120,Alfa,-0.013765068724175284,0.05651886388018499,0.07918032919023102,0.006503192384562622
final_sum_RDenM_80_120,Ks,0.011351963402681207,0.05277178610419823,0.07594339800853558,0.006439273954203466
final_sum_RDenM_80_120,PhyllFrmTassel,0.024133365521165386,0.02757209210169794,0.035561222908920935,0.003712603208914722
final_sum_RDenM_80_120,Diffx,-0.0017830117110759999,0.023815036636759532,0.03219890327963514,0.0024301262158886124
final_sum_RDenM_80_120,Diffz,0.0007159122759122317,0.013286778780634893,0.019157654514712193,0.0015797715971648993
final_sum_RDenY_0_10,n,0.7662711685952767,0.7662711685952767,0.39534282886315647,0.0448965645572359
final_sum_RDenY_0_10,thetaS,-0.5145914522650763,0.5182231682937201,0.4013202911731646,0.045253346170346515
final_sum_RDenY_0_10,JuvenileLeaves,0.46652756038664334,0.4683283060579666,0.3425729883342236,0.03901471649897598
final_sum_RDenY_0_10,LM_min,0.18831713501476002,0.25575666063818914,0.30534113252547995,0.02831458447222423
final_sum_RDenY_0_10,Alfa,0.23166356637766436,0.23356954409705522,0.17961796244304346,0.019922677633695728
final_sum_RDenY_0_10,Rmax_LTAR,0.07625129281706902,0.1496472120611839,0.20928957077707067,0.018722310610028044
final_sum_RDenY_0_10,thetaR,0.125756814187365,0.14061847829608495,0.16545056985112475,0.016864978223017184
final_sum_RDenY_0_10,StayGreen,-0.1098045009214045,0.1186050658455187,0.14757619247830533,0.016100866939930843
final_sum_RDenY_0_10,Diffz,0.1084301353516309,0.10914169872926521,0.07555141230503461,0.008215521108338508
final_sum_RDenY_0_10,Ks,0.02013823292285154,0.08048860627295686,0.12456345172857702,0.010919635981712873
final_sum_RDenY_0_10,Rmax_LTIR,0.0012415675799155354,0.045661399581572004,0.08142940910518359,0.007802949775219444
final_sum_RDenY_0_10,PhyllFrmTassel,0.01596915707552346,0.030219635447422514,0.04946354835083184,0.004741340389419997
final_sum_RDenY_0_10,Diffx,0.0030138400067609484,0.0243498928630586,0.03853479743688392,0.0033367656824710317
final_sum_RDenY_0_20,thetaS,-0.6986061204196822,0.6986061204196822,0.3912785424770512,0.04462745973353392
final_sum_RDenY_0_20,n,0.5847969065196589,0.5847969065196589,0.32961911046167136,0.03701259295365182
final_sum_RDenY_0_20,JuvenileLeaves,0.5583328547301828,0.5583328547301828,0.3512627000140007,0.03918176211287414
final_sum_RDenY_0_20,LM_min,0.23268489871925438,0.25928982381761595,0.2535479160094767,0.025810988438803646
final_sum_RDenY_0_20,thetaR,0.15429263680792887,0.15787714380145806,0.1441976968819558,0.015408559015153962
final_sum_RDenY_0_20,Rmax_LTAR,0.05779762422131984,0.14256710092220903,0.18789243186883248,0.01506780970684978
final_sum_RDenY_0_20,Alfa,0.11280849854005043,0.12509095587253863,0.1335294615477309,0.01385969577725197
final_sum_RDenY_0_20,StayGreen,-0.10792770356657849,0.11297233425440514,0.13941070759322036,0.015419868916665849
final_sum_RDenY_0_20,Ks,0.06609875138647546,0.0776478185782899,0.092341505358955,0.009485462876682355
final_sum_RDenY_0_20,Diffz,0.04549285122444336,0.04863343977288519,0.048626120085843,0.0050363882269949594
final_sum_RDenY_0_20,Rmax_LTIR,0.007345319496911964,0.04804917219427609,0.09236553646828682,0.009289338702642284
final_sum_RDenY_0_20,PhyllFrmTassel,0.018343613282361663,0.030900297641677538,0.0483122209675928,0.004627291482594774
final_sum_RDenY_0_20,Diffx,0.004313570208784915,0.023684807040606083,0.03822833507491417,0.0033773921469387874
final_sum_RDenY_0_200,JuvenileLeaves,0.8195438625884636,0.8195438625884636,0.29978682460959133,0.033387181987406304
final_sum_RDenY_0_200,n,0.5739457175758408,0.5739457175758408,0.2665152208230059,0.030833208572799076
final_sum_RDenY_0_200,thetaS,-0.3010484522924507,0.31168453790417466,0.21166204546369607,0.02169333521052208
final_sum_RDenY_0_200,StayGreen,-0.23957203362052107,0.2405523451529866,0.2026401410642696,0.02324733605719308
final_sum_RDenY_0_200,LM_min,0.12518074331852982,0.21474048794592213,0.25487952754062,0.020520047743061213
final_sum_RDenY_0_200,Rmax_LTAR,-0.06859531302149156,0.16495684565948715,0.19910199270760673,0.014737591673916892
final_sum_RDenY_0_200,Alfa,0.13645781254317133,0.13980317847656665,0.09788296283632891,0.01107851363643271
final_sum_RDenY_0_200,thetaR,0.03702177787309577,0.0739154303515226,0.08946730389429354,0.0067880249235467115
final_sum_RDenY_0_200,Rmax_LTIR,-0.035801017537802855,0.0648947635985944,0.0993347331498308,0.00923912081913572
final_sum_RDenY_0_200,Ks,-0.007207742343387045,0.04911489394150462,0.06637928921831371,0.005167832728449581
final_sum_RDenY_0_200,PhyllFrmTassel,0.040571755385781054,0.04636775405916303,0.04852082987513117,0.004994486194974549
final_sum_RDenY_0_200,Diffz,-0.015072491996213045,0.02252589264280582,0.027623210851825536,0.002458160443670583
final_sum_RDenY_0_200,Diffx,0.0014760277930422326,0.01946693274428503,0.028155939269159127,0.0023306433484572256
final_sum_RDenY_10_20,thetaS,-0.7499762242471157,0.7499762242471157,0.39521208064885227,0.04537887293479667
final_sum_RDenY_10_20,JuvenileLeaves,0.5761752896186396,0.5761752896186396,0.36679676634120734,0.04059267988978149
final_sum_RDenY_10_20,n,0.47725182952245604,0.47725182952245604,0.302217619675376,0.033682640129899716
final_sum_RDenY_10_20,LM_min,0.2456873919203871,0.26043836918542024,0.24050661718734037,0.025534114973468296
final_sum_RDenY_10_20,thetaR,0.16285749635538135,0.16425990268219035,0.14247973717403448,0.015463574636199792
final_sum_RDenY_10_20,Rmax_LTAR,0.04801326838986289,0.13924271476681616,0.18653761258786328,0.014594037587483868
final_sum_RDenY_10_20,StayGreen,-0.10331717967036685,0.10709935959681914,0.13578659184812888,0.01501278033502226
final_sum_RDenY_10_20,Ks,0.08540719037526015,0.08925172248751481,0.08820648903365097,0.009865010947844408
final_sum_RDenY_10_20,Alfa,0.05189193821756016,0.0877608160419991,0.11815411079921305,0.010681514403674637
final_sum_RDenY_10_20,Rmax_LTIR,0.01022589199276233,0.04747827273588019,0.09353040391395166,0.009532574798707649
final_sum_RDenY_10_20,PhyllFrmTassel,0.018682336898972474,0.029971450083696616,0.04694964484953518,0.00452901943638418
final_sum_RDenY_10_20,Diffz,0.011726519562807704,0.02463701640077604,0.03677870875330199,0.0034068380182268997
final_sum_RDenY_10_20,Diffx,0.004788403063945492,0.022728844271460553,0.037398173074393415,0.0033477099421273925
final_sum_RDenY_120_200,JuvenileLeaves,0.8135075952590317,0.8135075952590317,0.29980408002754544,0.033441355626994546
final_sum_RDenY_120_200,n,0.5808314949608031,0.5808314949608031,0.2713724299406108,0.03139598514334044
final_sum_RDenY_120_200,thetaS,-0.2944947032554606,0.308565668105664,0.21866185142262054,0.022012858823255453
final_sum_RDenY_120_200,StayGreen,-0.23925478003223694,0.24036452928192564,0.20304355017155362,0.023300890778627372
final_sum_RDenY_120_200,LM_min,0.12413975010002204,0.2163707603645121,0.25971164261962254,0.020968434912709288
final_sum_RDenY_120_200,Rmax_LTAR,-0.06380234742736679,0.16568664508833852,0.20220975435315064,0.014893264745552378
final_sum_RDenY_120_200,Alfa,0.13927807528619454,0.14296057963333197,0.10033546658548106,0.011285851473973678
final_sum_RDenY_120_200,thetaR,0.034065226364303494,0.0758121532080851,0.09314450790551272,0.006960398730192199
final_sum_RDenY_120_200,Rmax_LTIR,-0.036895040137182304,0.06551552076007332,0.1003376948714164,0.009387042875768173
final_sum_RDenY_120_200,Ks,-0.009583588171011152,0.05082407757898778,0.06864209224371816,0.005432303442953573
final_sum_RDenY_120_200,PhyllFrmTassel,0.0405328304057911,0.047118292316802673,0.050422367527726525,0.005150539178981115
final_sum_RDenY_120_200,Diffz,-0.015969799455170346,0.023405930009805585,0.028542633018857608,0.00255953672448099
final_sum_RDenY_120_200,Diffx,0.0015109618506000634,0.019849003802193888,0.028743431576057944,0.0023761922699478935
final_sum_RDenY_20_40,JuvenileLeaves,0.7650122823097351,0.7650122823097351,0.35862996855065893,0.0392379629856875
final_sum_RDenY_20_40,thetaS,-0.5928678158542321,0.5928678158542321,0.32111979686480535,0.03632322849563279
final_sum_RDenY_20_40,n,0.34372107440584165,0.3461152811518596,0.25105888141991717,0.027466462303121976
final_sum_RDenY_20_40,LM_min,0.1706527830957304,0.24311013264829673,0.2624498147035125,0.023144592977655695
final_sum_RDenY_20_40,Rmax_LTAR,-0.11036832527551321,0.2101269136347071,0.26648390639544856,0.02172791489337182
final_sum_RDenY_20_40,StayGreen,-0.18374900719973541,0.18570356661834234,0.1785234791039633,0.019857907552166668
final_sum_RDenY_20_40,thetaR,0.12834857824214196,0.13382754894627968,0.12080993188498745,0.012324036256270788
final_sum_RDenY_20_40,Alfa,0.02510313330697163,0.08177443445812585,0.11460914873806492,0.009014611250143299
final_sum_RDenY_20_40,Ks,0.0683722328270277,0.08059606176816322,0.08467826400651438,0.008506203709577692
final_sum_RDenY_20_40,Rmax_LTIR,0.01360857844934479,0.07079517033856969,0.13031395330003434,0.012721976067131942
final_sum_RDenY_20_40,PhyllFrmTassel,0.0314157850538783,0.04286888343514242,0.062426756105509004,0.006183670823000229
final_sum_RDenY_20_40,Diffx,0.003399062542024889,0.02830425402729925,0.041071558903637305,0.0032899737157109747
final_sum_RDenY_20_40,Diffz,-0.004652474996287851,0.02312565162490326,0.03370133856688184,0.0028951293032031663
final_sum_RDenY_80_120,JuvenileLeaves,0.7562001668214801,0.759493205794056,0.3346863962547301,0.036779446700548404
final_sum_RDenY_80_120,Rmax_LTAR,-0.34954840059253495,0.38341171065367435,0.30449412140351584,0.029163916922298236
final_sum_RDenY_80_120,thetaS,0.27982252347775083,0.31453730841607136,0.2924242060098163,0.02862732398772352
final_sum_RDenY_80_120,StayGreen,-0.28611396680744394,0.29177597132536,0.25008005047412246,0.028243875420983933
final_sum_RDenY_80_120,LM_min,-0.08471990786332016,0.263042000815458,0.3552494420506671,0.028158470231423715
final_sum_RDenY_80_120,n,-0.10555570644751107,0.2091149009436295,0.27597752932774455,0.024635815940576143
final_sum_RDenY_80_120,thetaR,-0.032074384903750836,0.09541145910176299,0.12812909206780318,0.010528418272856346
final_sum_RDenY_80_120,Rmax_LTIR,-0.0044534672517046354,0.07834561791006336,0.13265473397018948,0.011641362508671139
final_sum_RDenY_80_120,Alfa,-0.010354745089745092,0.07160842582245808,0.1000909338204548,0.007847128908003482
final_sum_RDenY_80_120,Ks,-0.023168657812772987,0.06832324005673146,0.09166292422580699,0.007631486914921803
final_sum_RDenY_80_120,PhyllFrmTassel,0.032762998646486456,0.039992389713126825,0.04534078061568601,0.004447892771566794
final_sum_RDenY_80_120,Diffx,-0.003818346250926828,0.031072670171980798,0.04316002545376071,0.003333273926171627
final_sum_RDenY_80_120,Diffz,-0.00042077308336976887,0.02137549409275999,0.030416785994370373,0.0024553402814336887
final_sum_RMassM_0_10,thetaS,-0.7194381714372265,0.7194381714372265,0.4144084222944092,0.04752018082438938
final_sum_RMassM_0_10,n,0.6019944106690883,0.6019944106690883,0.368015695754149,0.041967144274748715
final_sum_RMassM_0_10,JuvenileLeaves,0.49008793113204074,0.49008793113204074,0.3393375618932132,0.03794379771927613
final_sum_RMassM_0_10,LM_min,0.3690256534233179,0.3690256534233179,0.2685869134514306,0.030252942245468012
final_sum_RMassM_0_10,thetaR,0.15710631457811255,0.1591451113430403,0.14531858309335538,0.015670063366690884
final_sum_RMassM_0_10,Rmax_LTAR,0.10508872725594445,0.13687228319360134,0.16962268835892924,0.016566806777375976
final_sum_RMassM_0_10,Alfa,0.12189063683891407,0.1256510982294132,0.12350897137932304,0.01356399608290601
final_sum_RMassM_0_10,Diffz,0.09385967829348793,0.09434497063747022,0.06832713545785433,0.007441596110906659
final_sum_RMassM_0_10,Ks,0.0735019472154021,0.08032054466264672,0.09878867256685718,0.010581934350149898
final_sum_RMassM_0_10,StayGreen,0.04362637102502673,0.06549441746988044,0.0912451184346731,0.008297939953429466
final_sum_RMassM_0_10,Rmax_LTIR,0.007536208679214585,0.03928175874942946,0.0809548668965993,0.008317950275381594
final_sum_RMassM_0_10,PhyllFrmTassel,0.01317841540810131,0.02356395680572399,0.03774438718956962,0.003629123304237879
final_sum_RMassM_0_10,Diffx,0.003934102301258276,0.020526276074270346,0.033708763723362845,0.0030205112279646
final_sum_RMassM_0_20,thetaS,-0.7502193458163665,0.7502193458163665,0.4026471037721199,0.04633357001705068
final_sum_RMassM_0_20,JuvenileLeaves,0.5540936566069031,0.5540936566069031,0.3617200758123228,0.0401275862861228
final_sum_RMassM_0_20,n,0.48804062591338054,0.48804062591338054,0.30537131465561373,0.034406949442370494
final_sum_RMassM_0_20,LM_min,0.36817405242344264,0.36817405242344264,0.25518670434451524,0.028801508946797796
final_sum_RMassM_0_20,thetaR,0.1605136407427088,0.16134762499145439,0.13581864185138498,0.014717230475162978
final_sum_RMassM_0_20,Rmax_LTAR,0.05078092804710491,0.1244310220039739,0.16439289124731216,0.01309122047950507
final_sum_RMassM_0_20,Ks,0.08802904024481545,0.08981497696947048,0.08862104486433732,0.009953882241635027
final_sum_RMassM_0_20,Alfa,0.05898870032563664,0.08368890970299588,0.11135286806884548,0.010524897018713212
final_sum_RMassM_0_20,StayGreen,0.0367776382439556,0.0561678519818494,0.0769383030784553,0.007051251972735573
final_sum_RMassM_0_20,Rmax_LTIR,0.009517458128173097,0.04249260783413669,0.0903917424111005,0.009426571428544942
final_sum_RMassM_0_20,Diffz,0.03561563880840056,0.03775815957056177,0.03695992460800062,0.003825495819124741
final_sum_RMassM_0_20,PhyllFrmTassel,0.017191813255596777,0.025629808998863187,0.03980030908573533,0.0038994049171396914
final_sum_RMassM_0_20,Diffx,0.00475925242063968,0.01988085865289177,0.032307725403374225,0.0028934281263295375
final_sum_RMassM_0_200,JuvenileLeaves,0.833008969693872,0.833008969693872,0.31761697199827266,0.034710671134359085
final_sum_RMassM_0_200,n,0.6057546521323532,0.6057546521323532,0.25030879971490333,0.028771758972123702
final_sum_RMassM_0_200,LM_min,0.3880159823168906,0.3880159823168906,0.1892779236220726,0.021256385064592227
final_sum_RMassM_0_200,Alfa,0.19188809369152962,0.19188809369152962,0.08885592142029698,0.00977742613269214
final_sum_RMassM_0_200,Rmax_LTAR,0.10767597868699712,0.14402375178099244,0.16479193852870289,0.014315136373484777
final_sum_RMassM_0_200,Rmax_LTIR,-0.05809650505893918,0.08085188553797913,0.0971798924140038,0.008738987730903404
final_sum_RMassM_0_200,thetaS,-0.026917119643224314,0.07543092144104704,0.09551345324940204,0.007068226645414595
final_sum_RMassM_0_200,StayGreen,0.04930162629929548,0.05037772552177672,0.04519591762052599,0.004996987902162175
final_sum_RMassM_0_200,Ks,-0.04605201095167737,0.049176097546954074,0.03980801276062746,0.004150342607795942
final_sum_RMassM_0_200,thetaR,-0.022557795779446613,0.035536777976273665,0.042301412721089615,0.0036500068998597925
final_sum_RMassM_0_200,PhyllFrmTassel,0.02396865310649346,0.02548566502285667,0.02555436163051861,0.002802173547335506
final_sum_RMassM_0_200,Diffz,0.024104241207309106,0.024688013681559196,0.02135093590247908,0.002331340538912449
final_sum_RMassM_0_200,Diffx,-0.007802953677154387,0.013113460069881192,0.015595143518321112,0.0012766483916480146
final_sum_RMassM_10_20,thetaS,-0.7536700030324861,0.7536700030324861,0.3954855881199872,0.045620585604097985
final_sum_RMassM_10_20,JuvenileLeaves,0.57277642323347,0.57277642323347,0.36649269678506796,0.040705738045298236
final_sum_RMassM_10_20,n,0.4435140471924141,0.4435140471924141,0.2843633243113801,0.03184624028662584
final_sum_RMassM_10_20,LM_min,0.36479296353165896,0.36479296353165896,0.24972646946572455,0.0280855822271327
final_sum_RMassM_10_20,thetaR,0.15988008650502192,0.1605454200008581,0.13219036066557693,0.01434817664685029
final_sum_RMassM_10_20,Rmax_LTAR,0.030343707560355627,0.12147290999477078,0.16673144375281182,0.012855291968203364
final_sum_RMassM_10_20,Ks,0.09200147132859114,0.09331019571351092,0.08543843107790491,0.009712324887106176
final_sum_RMassM_10_20,Alfa,0.03570552202019822,0.0769572564460078,0.10870919162530165,0.009397778932321675
final_sum_RMassM_10_20,StayGreen,0.033881529192628615,0.05278566233420487,0.07213223212198684,0.006632097577026023
final_sum_RMassM_10_20,Rmax_LTIR,0.010287039197519094,0.04368163601008807,0.09374985601870782,0.009813582838842538
final_sum_RMassM_10_20,PhyllFrmTassel,0.018399113770622214,0.026416384963983776,0.04111730154108358,0.004067067527945358
final_sum_RMassM_10_20,Diffz,0.013926928580333155,0.021544961135488573,0.029349928515971034,0.0027150952445895013
final_sum_RMassM_10_20,Diffx,0.0049974859429545715,0.019719244898545287,0.03179369476829301,0.0028350888027397587
final_sum_RMassM_120_200,JuvenileLeaves,0.8281455276196646,0.8281455276196646,0.31808096868603825,0.03479700606091224
final_sum_RMassM_120_200,n,0.6121204060104097,0.6121204060104097,0.25312740567,0.029072042406305027
final_sum_RMassM_120_200,LM_min,0.3862457478113177,0.3862457478113177,0.1902143184767261,0.02131091596634075
final_sum_RMassM_120_200,Alfa,0.19564851316771828,0.19564851316771828,0.09066028505719569,0.009975468498718418
final_sum_RMassM_120_200,Rmax_LTAR,0.11468088409346722,0.15026050099579757,0.16907233222276777,0.014766617024243396
final_sum_RMassM_120_200,Rmax_LTIR,-0.05917237063537178,0.08138210090348147,0.09732811274024337,0.008805031324797336
final_sum_RMassM_120_200,thetaS,-0.017947884546301605,0.07586936143617219,0.09952350686271026,0.007281739075447191
final_sum_RMassM_120_200,Ks,-0.048447232627378004,0.05123752123202507,0.041024734873130846,0.004344561563605201
final_sum_RMassM_120_200,StayGreen,0.049046035764401995,0.05032957797538086,0.04530119766366924,0.004977802962312624
final_sum_RMassM_120_200,thetaR,-0.025050732347656347,0.03687660515289598,0.0434311639024236,0.00384433389553476
final_sum_RMassM_120_200,PhyllFrmTassel,0.023722730139748745,0.02558130718756246,0.026280322068884004,0.002857785651562799
final_sum_RMassM_120_200,Diffz,0.024448738898244764,0.025041590168972866,0.021690640301413006,0.002364561904215451
final_sum_RMassM_120_200,Diffx,-0.007963083594899086,0.01329338425552268,0.015793468575335475,0.0012919925274134853
final_sum_RMassM_20_40,JuvenileLeaves,0.7862001767564312,0.7862001767564312,0.36197127365658566,0.040158656345522875
final_sum_RMassM_20_40,thetaS,-0.5474452158745667,0.5474452158745667,0.2943840018744031,0.03367817268954826
final_sum_RMassM_20_40,LM_min,0.37138176430548336,0.37370551441235905,0.24477433926910042,0.027178079008218628
final_sum_RMassM_20_40,n,0.30150280381081246,0.30212107494082585,0.21360846807094455,0.02431366350118999
final_sum_RMassM_20_40,Rmax_LTAR,-0.15120550454472537,0.18941323283397285,0.22743162289305022,0.021983741685294166
final_sum_RMassM_20_40,thetaR,0.11074082713677119,0.11521053656714504,0.09864332109905796,0.010043966791313613
final_sum_RMassM_20_40,Ks,0.07002430723571203,0.07506290757956213,0.07423130977293252,0.007844870361083405
final_sum_RMassM_20_40,Alfa,0.008784068446001214,0.06701570897912042,0.09601941627794955,0.007475788635057291
final_sum_RMassM_20_40,Rmax_LTIR,0.015808566651151556,0.0632600573220607,0.12475417120526745,0.012444282209948808
final_sum_RMassM_20_40,StayGreen,0.04268500972834224,0.05803485652900857,0.07767126899170432,0.007420182867675771
final_sum_RMassM_20_40,PhyllFrmTassel,0.02850874775342305,0.03454940725039389,0.049497060452536365,0.00514666515782281
final_sum_RMassM_20_40,Diffx,0.002921037064056314,0.02389756609742722,0.03419113216868804,0.002719839159320635
final_sum_RMassM_20_40,Diffz,-0.0023898265661441214,0.0158483121441805,0.022827773553144994,0.00187420342752472
final_sum_RMassM_80_120,JuvenileLeaves,0.8462021684881248,0.846467091988165,0.3162337360662389,0.036127837357393784
final_sum_RMassM_80_120,LM_min,0.30394321321492374,0.3316346531477987,0.32184069146217553,0.033241288535468774
final_sum_RMassM_80_120,Rmax_LTAR,-0.29848692809016625,0.31031891738289885,0.25467214839483526,0.026378578657330707
final_sum_RMassM_80_120,thetaS,0.0005586088051384855,0.17942937994204444,0.23165310384744447,0.016947535000328737
final_sum_RMassM_80_120,n,0.01408935180799985,0.15248625176433986,0.21215087335035468,0.016439816388766584
final_sum_RMassM_80_120,Rmax_LTIR,-0.006631036738301725,0.078649430877317,0.1298778535567554,0.011235400819972308
final_sum_RMassM_80_120,thetaR,0.0016621474988860049,0.07212280581947648,0.10328452418798252,0.008626611281028033
final_sum_RMassM_80_120,StayGreen,0.04905212349566626,0.057782425455902314,0.09647406236171803,0.010155248400760512
final_sum_RMassM_80_120,Alfa,-0.01389408133105999,0.05616605671014618,0.07876503427270279,0.006492324126218124
final_sum_RMassM_80_120,Ks,0.011243269375998122,0.05265152076233833,0.07584003682206023,0.006429810832479176
final_sum_RMassM_80_120,PhyllFrmTassel,0.024318934127831433,0.027679329462187284,0.03547449686882086,0.003724789771319381
final_sum_RMassM_80_120,Diffx,-0.0016601228387525316,0.02376897572592448,0.03193390463490015,0.0023874788632322168
final_sum_RMassM_80_120,Diffz,0.0005492359741535781,0.013370671554884996,0.01940862324209763,0.001610718067179164
final_sum_RMassY_0_10,n,0.7663521454191876,0.7663521454191876,0.39541073100971147,0.04489843295330299
final_sum_RMassY_0_10,thetaS,-0.5145936228476307,0.5182264154302751,0.40134592103437144,0.04525233646960145
final_sum_RMassY_0_10,JuvenileLeaves,0.46652004842386174,0.4683394153532,0.3426236449962041,0.03901105960507088
final_sum_RMassY_0_10,LM_min,0.18822461263848747,0.25569244419227005,0.3053052345138247,0.028311022428058573
final_sum_RMassY_0_10,Alfa,0.23159869251432752,0.23350642312926173,0.17961662713888724,0.01991995968043372
final_sum_RMassY_0_10,Rmax_LTAR,0.0761144799461175,0.14958778126841282,0.20924699254950552,0.01871500965180931
final_sum_RMassY_0_10,thetaR,0.12588004752751938,0.14075394037153463,0.16544846246815295,0.01685517424328844
final_sum_RMassY_0_10,StayGreen,-0.10983430280851969,0.11870672999455917,0.147647652510065,0.01610081318821444
final_sum_RMassY_0_10,Diffz,0.10845196864653786,0.10915270166256477,0.07550672256581371,0.008211613057548356
final_sum_RMassY_0_10,Ks,0.020163600171863746,0.08033856872104544,0.12438563433246594,0.010908586208695892
final_sum_RMassY_0_10,Rmax_LTIR,0.0013636712908676933,0.04558340047837589,0.08140821500424794,0.007804416752891751
final_sum_RMassY_0_10,PhyllFrmTassel,0.015930247345581326,0.030177263448402367,0.04936632132168544,0.0047327077975290646
final_sum_RMassY_0_10,Diffx,0.0030300652547072325,0.024387716824633778,0.03864518953048677,0.003354778352548942
final_sum_RMassY_0_20,thetaS,-0.6986939479174019,0.6986939479174019,0.391271281944853,0.044628404808942236
final_sum_RMassY_0_20,n,0.5848433779867097,0.5848433779867097,0.32957907218014204,0.03700615652971052
final_sum_RMassY_0_20,JuvenileLeaves,0.5582447588175682,0.5582447588175682,0.35123281664907224,0.039180602400231336
final_sum_RMassY_0_20,LM_min,0.23267009836951444,0.2593106318334175,0.2536059262137797,0.025814279509074667
final_sum_RMassY_0_20,thetaR,0.15431790947871263,0.15789731707567392,0.14418763036169058,0.015403345181774993
final_sum_RMassY_0_20,Rmax_LTAR,0.057788377246082684,0.14252390585523478,0.18797241071215112,0.015080818595313149
final_sum_RMassY_0_20,Alfa,0.11289635628863115,0.12517968434172674,0.1335424714884517,0.01385635752343275
final_sum_RMassY_0_20,StayGreen,-0.1079491669272674,0.11306433572779158,0.1394532232127152,0.015418651187253055
final_sum_RMassY_0_20,Ks,0.06613208376812665,0.07765087679120088,0.09224825538010245,0.009474667814460958
final_sum_RMassY_0_20,Diffz,0.04541921143519066,0.0486050667409522,0.04867645297710441,0.005044848127761738
final_sum_RMassY_0_20,Rmax_LTIR,0.007402697477426227,0.04803155849685855,0.09234188318204356,0.00928376085784923
final_sum_RMassY_0_20,PhyllFrmTassel,0.018271833761909446,0.030920360649074923,0.04834530005973663,0.004630638398283319
final_sum_RMassY_0_20,Diffx,0.0042568595859874036,0.023651004031196347,0.0382275666764411,0.0033756083407949426
final_sum_RMassY_0_200,JuvenileLeaves,0.8195327262908391,0.8195327262908391,0.2997818295845877,0.03338084500646942
final_sum_RMassY_0_200,n,0.573969564079048,0.573969564079048,0.26655453661455014,0.030842160772980454
final_sum_RMassY_0_200,thetaS,-0.3011034209411474,0.3117436950447962,0.21170695043980056,0.021700423677757808
final_sum_RMassY_0_200,StayGreen,-0.2395918971328219,0.24056785548738455,0.2027432850748177,0.0232584699480039
final_sum_RMassY_0_200,LM_min,0.1251959499309012,0.21480757549708565,0.2549906815900014,0.02052775391841605
final_sum_RMassY_0_200,Rmax_LTAR,-0.06861273459629073,0.16508108287019313,0.19919107388218998,0.014736039785825925
final_sum_RMassY_0_200,Alfa,0.1364457397016677,0.13980723284611063,0.09781611371240621,0.01106355982309137
final_sum_RMassY_0_200,thetaR,0.036978104764556735,0.07380684373881378,0.08942861505515054,0.006792379930705127
final_sum_RMassY_0_200,Rmax_LTIR,-0.03577171532247532,0.06483747911836,0.09931086175145122,0.009236501267829425
final_sum_RMassY_0_200,Ks,-0.007170570105261684,0.0491389669236176,0.06636733427730734,0.005156608747510422
final_sum_RMassY_0_200,PhyllFrmTassel,0.04056692353238127,0.04636526638583061,0.04849239982633682,0.004996445832700596
final_sum_RMassY_0_200,Diffz,-0.01504219770608767,0.022503536297241392,0.02767104962076256,0.0024638743534759885
final_sum_RMassY_0_200,Diffx,0.0014663599496032508,0.019474939443289967,0.02817514778488507,0.0023324560593365115
final_sum_RMassY_10_20,thetaS,-0.7501340839454045,0.7501340839454045,0.39522450941931864,0.04538475275462442
final_sum_RMassY_10_20,JuvenileLeaves,0.5760357442001647,0.5760357442001647,0.3667205313991884,0.04058699395987488
final_sum_RMassY_10_20,n,0.4772740563111308,0.4772740563111308,0.30222478138408204,0.03368155009654786
final_sum_RMassY_10_20,LM_min,0.24569538129647717,0.2604803577970389,0.2405407369492132,0.025535713213818714
final_sum_RMassY_10_20,thetaR,0.1628214092018152,0.1642009101817577,0.1424252089320117,0.015455796717598362
final_sum_RMassY_10_20,Rmax_LTAR,0.04808179727709939,0.13923495211224912,0.1866825943276661,0.014616617521944358
final_sum_RMassY_10_20,StayGreen,-0.10336505486077996,0.10717944769598596,0.1358904710211195,0.015025061499223474
final_sum_RMassY_10_20,Ks,0.08547543229147102,0.08929057345961586,0.08817112617384423,0.009867019607063156
final_sum_RMassY_10_20,Alfa,0.0520514303404662,0.08781765719795608,0.11815266367398554,0.010683721396028283
final_sum_RMassY_10_20,Rmax_LTIR,0.010251368475875015,0.0474673189421763,0.09346644396286555,0.009518330239658037
final_sum_RMassY_10_20,PhyllFrmTassel,0.01860028487711932,0.029987278136473658,0.04703593533383285,0.004535516511678797
final_sum_RMassY_10_20,Diffz,0.01163128914708565,0.0246213494614656,0.03693565554344475,0.0034294158593048216
final_sum_RMassY_10_20,Diffx,0.004685094021769823,0.022653830426836354,0.037349902238415764,0.0033386157409676437
final_sum_RMassY_120_200,JuvenileLeaves,0.813494974346314,0.813494974346314,0.2997946919485963,0.03343389429196666
final_sum_RMassY_120_200,n,0.5808526047892051,0.5808526047892051,0.2714128768555676,0.03140527051606606
final_sum_RMassY_120_200,thetaS,-0.29455308825114324,0.3086406055159881,0.21872663151127064,0.022019988948885877
final_sum_RMassY_120_200,StayGreen,-0.23926822440830628,0.24037339880451247,0.20314819557640185,0.02331216084067865
final_sum_RMassY_120_200,LM_min,0.1241593716817609,0.2164480807222212,0.2598255704474558,0.020975769467329586
final_sum_RMassY_120_200,Rmax_LTAR,-0.06381875386821075,0.16581001348178187,0.2023029507477628,0.014893100258094105
final_sum_RMassY_120_200,Alfa,0.13926861156022588,0.14296718092952343,0.10027334316545519,0.011271339876293286
final_sum_RMassY_120_200,thetaR,0.03401842217836081,0.07571068181082467,0.09311430060879997,0.006963790369702764
final_sum_RMassY_120_200,Rmax_LTIR,-0.0368662225338936,0.06545875926259434,0.10030945206527286,0.009383664848631753
final_sum_RMassY_120_200,Ks,-0.00954275632096629,0.050844145237199746,0.06861848338361302,0.005419585544730118
final_sum_RMassY_120_200,PhyllFrmTassel,0.04052469040789452,0.04711885114909835,0.050389007006511714,0.0051509407351832065
final_sum_RMassY_120_200,Diffz,-0.015940293326967166,0.023380237685227304,0.028577067218285238,0.002563884865559156
final_sum_RMassY_120_200,Diffx,0.0015025644156958248,0.019860442568051796,0.028766740354001192,0.0023783987124227496
final_sum_RMassY_20_40,JuvenileLeaves,0.7651789807483783,0.7651789807483783,0.35864376803533127,0.03924148400932326
final_sum_RMassY_20_40,thetaS,-0.5926842074618303,0.5926842074618303,0.32101821201805464,0.03631376526697571
final_sum_RMassY_20_40,n,0.3437635236479142,0.34607593108828655,0.2510262613653367,0.02746942691102894
final_sum_RMassY_20_40,LM_min,0.1706840869322525,0.24321557373868904,0.26264220265116855,0.02317158873832384
final_sum_RMassY_20_40,Rmax_LTAR,-0.11029651732862722,0.21027471079091062,0.26646163564968856,0.021709373746576638
final_sum_RMassY_20_40,StayGreen,-0.1840426410530274,0.18598739456407723,0.17847435725177171,0.019856796255523307
final_sum_RMassY_20_40,thetaR,0.12841360453412298,0.1338267725890074,0.12089377968466476,0.012339434195685312
final_sum_RMassY_20_40,Alfa,0.025094465301611565,0.08172637369867668,0.11458998097270905,0.009021403667072875
final_sum_RMassY_20_40,Ks,0.06831332201783911,0.08050132411176279,0.08450888319283784,0.008471970661000427
final_sum_RMassY_20_40,Rmax_LTIR,0.013626873478846602,0.07096080703231107,0.13043104436872072,0.01273023982747388
final_sum_RMassY_20_40,PhyllFrmTassel,0.03149581884965805,0.04290170069245656,0.062354102984715706,0.006187511214611805
final_sum_RMassY_20_40,Diffx,0.003302369291437222,0.028307093267113993,0.04093616252413344,0.0032627799426106384
final_sum_RMassY_20_40,Diffz,-0.004632244125329381,0.023165972866871738,0.0337523865178972,0.0028943492029475265
final_sum_RMassY_80_120,JuvenileLeaves,0.7562814560511207,0.7595762876402616,0.33463071472013384,0.03678975506985875
final_sum_RMassY_80_120,Rmax_LTAR,-0.3496352583784616,0.38342879543735575,0.3044817288402791,0.029174095142477024
final_sum_RMassY_80_120,thetaS,0.2798562348396312,0.3147096057938134,0.2927462740651269,0.02864458496806004
final_sum_RMassY_80_120,StayGreen,-0.28619905876809937,0.2918779109696733,0.25015446042346673,0.028257432095414897
final_sum_RMassY_80_120,LM_min,-0.08496281276300283,0.2628738924407388,0.3552634871942497,0.028182909407342437
final_sum_RMassY_80_120,n,-0.10520226011450134,0.20938642421024165,0.27621946079075405,0.02461602316233519
final_sum_RMassY_80_120,thetaR,-0.03206010296698159,0.09519384861287779,0.1278142474921131,0.010504935787963143
final_sum_RMassY_80_120,Rmax_LTIR,-0.00433006971266969,0.07823797310615019,0.13257398054752892,0.01165395983810047
final_sum_RMassY_80_120,Alfa,-0.010426656516285666,0.0717833319467127,0.10046573001783496,0.007901397689465552
final_sum_RMassY_80_120,Ks,-0.02323767422623734,0.06813993376796283,0.09112315136165139,0.0075542891472967595
final_sum_RMassY_80_120,PhyllFrmTassel,0.03301327477332566,0.04033302625968505,0.04546868425287686,0.004429545374849784
final_sum_RMassY_80_120,Diffx,-0.003964683226573234,0.031203657482513407,0.04299962731637159,0.003304188430133512
final_sum_RMassY_80_120,Diffz,-0.00015716106798684747,0.02130987394650784,0.03037839236826255,0.00247836728973305
final_sum_WaterSink_0_10,n,-0.0602677251003915,0.07267119855931234,0.3209174580591169,0.0368901270350664
final_sum_WaterSink_0_10,LM_min,0.021335486898572262,0.06319435222496905,0.28432955725912606,0.03065630465805527
final_sum_WaterSink_0_10,thetaS,0.002901327388084325,0.040268444255550866,0.2279028558518023,0.026592945269550944
final_sum_WaterSink_0_10,StayGreen,-0.020119218069798255,0.0365074039635858,0.2173976319745838,0.023344895155589383
final_sum_WaterSink_0_10,thetaR,-0.004809841023937187,0.030767045888267647,0.19532572603522824,0.02216322735788702
final_sum_WaterSink_0_10,Rmax_LTAR,0.026256734419355034,0.026256734419355034,0.17688943502185492,0.02038546814043622
final_sum_WaterSink_0_10,JuvenileLeaves,-0.0141841457145894,0.024888982112460538,0.16064527872604828,0.018764924040805837
final_sum_WaterSink_0_10,Alfa,-0.017058311821750795,0.02119797041304743,0.1740202384712595,0.019454352638580363
final_sum_WaterSink_0_10,Ks,0.010904605576932654,0.019695181535859738,0.1722501134621776,0.01938467337517172
final_sum_WaterSink_0_10,Diffz,0.003763607731191958,0.003763607731191958,0.04135635346544845,0.0045016535774193974
final_sum_WaterSink_0_10,Rmax_LTIR,0.0030385264715268577,0.0034591163353092365,0.040246569056637316,0.004720025719423702
final_sum_WaterSink_0_10,Diffx,0.0018134173513684564,0.0021789634253288506,0.025615093953495167,0.0028496504874773814
final_sum_WaterSink_0_10,PhyllFrmTassel,-0.0005360907702376919,0.0006205053758809242,0.00809012815489835,0.000929347035633767
final_sum_WaterSink_0_20,LM_min,-0.06847425123485484,0.15151849639967757,0.45948388558050735,0.04884242218145975
final_sum_WaterSink_0_20,n,-0.05885516589017833,0.10413179260895716,0.38683863398297497,0.04440693470383852
final_sum_WaterSink_0_20,thetaS,-0.04126349339489049,0.08506253604690749,0.34607869432269317,0.03901410695116996
final_sum_WaterSink_0_20,Rmax_LTAR,0.03762828205659208,0.08055275491257213,0.32654353137034337,0.036622764599811536
final_sum_WaterSink_0_20,StayGreen,-0.06341610086481131,0.0798035095574555,0.31789567055528956,0.035642841447323416
final_sum_WaterSink_0_20,JuvenileLeaves,-0.022385815624857017,0.06718612880945697,0.2812862242915989,0.03079841024861225
final_sum_WaterSink_0_20,Alfa,-0.016109916890823594,0.04176725564376775,0.23754322739717354,0.026440527375931975
final_sum_WaterSink_0_20,Ks,0.01661993291586345,0.02409033094842773,0.2006973513868021,0.02282843034564929
final_sum_WaterSink_0_20,thetaR,-0.007897252258420157,0.01746608737158286,0.11990634197649312,0.014316671296411955
final_sum_WaterSink_0_20,Rmax_LTIR,0.007254011287144264,0.009328032068349451,0.07785282628726818,0.00876076350027277
final_sum_WaterSink_0_20,Diffz,-0.0007382237136954432,0.00881233541539697,0.08084593535414177,0.009439539379843735
final_sum_WaterSink_0_20,Diffx,0.0007559922287671974,0.005510682483787492,0.0482993319536544,0.005299631191823047
final_sum_WaterSink_0_20,PhyllFrmTassel,0.002311971597360466,0.005232174515172941,0.0631978476669022,0.007097402386215666
final_sum_WaterSink_0_200,LM_min,0.08077608484274741,0.6401053946680735,0.8360009520786302,0.06173345451892248
final_sum_WaterSink_0_200,StayGreen,0.13878975779416572,0.5067037170974653,0.6922269108767902,0.05703851254372132
final_sum_WaterSink_0_200,JuvenileLeaves,-0.14418894315769806,0.5056771218133004,0.7108131944363334,0.059893940511891924
final_sum_WaterSink_0_200,Rmax_LTAR,0.04335376362707035,0.398239607277509,0.6053855184705412,0.050600770189764395
final_sum_WaterSink_0_200,n,-0.08595531580724745,0.27386848636762795,0.4998137741116984,0.04929313438215124
final_sum_WaterSink_0_200,Alfa,-0.06835567187198957,0.14947937035604716,0.32506248947055305,0.03313323534596992
final_sum_WaterSink_0_200,thetaS,-0.014963530734253338,0.12847370936369815,0.31689623071582257,0.032991976618880314
final_sum_WaterSink_0_200,Ks,-0.0016794527766869109,0.07774718345038785,0.23406565810922475,0.024552583520946875
final_sum_WaterSink_0_200,thetaR,-0.013342378431308602,0.07761426101993725,0.2339817707314322,0.024371318459519443
final_sum_WaterSink_0_200,Rmax_LTIR,0.007764086885538983,0.03991363717150445,0.1889587442635685,0.021096345411406127
final_sum_WaterSink_0_200,Diffx,-0.0038227872965698175,0.01751126731491102,0.08842172982851321,0.00994892273430668
final_sum_WaterSink_0_200,Diffz,0.0051981839304099334,0.015643857103793193,0.08640041980722522,0.009574563529628004
final_sum_WaterSink_0_200,PhyllFrmTassel,-0.005477956391202771,0.010283903329109285,0.10964913470934515,0.012295612379296227
final_sum_WaterSink_10_20,LM_min,-0.08756825126112013,0.13328873172652927,0.4350892484345912,0.04834908105133629
final_sum_WaterSink_10_20,StayGreen,-0.06627585387284694,0.08152632315094903,0.3287924880301252,0.036124088087875456
final_sum_WaterSink_10_20,thetaS,-0.03869091031089746,0.07919784653159645,0.3460389542955211,0.038974053504987165
final_sum_WaterSink_10_20,n,-0.04545494694101784,0.07832810020087586,0.34373523182197074,0.03926488823589638
final_sum_WaterSink_10_20,Rmax_LTAR,0.026992533157437524,0.06991700601341758,0.3121981220024427,0.035121726529050164
final_sum_WaterSink_10_20,JuvenileLeaves,-0.02591729797263963,0.06120062826115411,0.2742524816862158,0.030297918926531903
final_sum_WaterSink_10_20,Alfa,-0.007584628515152648,0.03151844604988989,0.20451153527081176,0.022739601836613277
final_sum_WaterSink_10_20,Ks,0.022537406236033317,0.02714942883310205,0.210535879203482,0.024675339504343717
final_sum_WaterSink_10_20,thetaR,-0.011528650978640694,0.011528650978640694,0.1252497802783973,0.014265238051144505
final_sum_WaterSink_10_20,Diffx,0.00021362101690751035,0.009639546344046538,0.0970512529032525,0.010969700468386807
final_sum_WaterSink_10_20,Diffz,-0.002660321377903009,0.009582652491932716,0.08384514097055942,0.00981688138789869
final_sum_WaterSink_10_20,Rmax_LTIR,0.005418411646488347,0.00944566789604008,0.07712841857575947,0.008604942700864766
final_sum_WaterSink_10_20,PhyllFrmTassel,0.0029377315861309596,0.005060896468987993,0.06305024201405361,0.007117660692587177
final_sum_WaterSink_120_200,LM_min,0.10188839463432307,0.6322676587877936,0.8304774183832614,0.062337099887791916
final_sum_WaterSink_120_200,StayGreen,0.1494603784657394,0.5087732286282047,0.6877552795652127,0.05594822049304308
final_sum_WaterSink_120_200,JuvenileLeaves,-0.11763621944380233,0.4968135495628032,0.7103987249221083,0.06014613482704964
final_sum_WaterSink_120_200,Rmax_LTAR,0.021291145682961695,0.407215666616634,0.6168898097311417,0.051377066035690935
final_sum_WaterSink_120_200,n,-0.052272807147472955,0.2621640980240103,0.4907351147751958,0.04753542909064879
final_sum_WaterSink_120_200,Alfa,-0.05912895963420439,0.1442402790068192,0.3171021543002412,0.03198247494067412
final_sum_WaterSink_120_200,thetaS,-0.010043976785557053,0.11823952763629109,0.31146167299869826,0.03231541345156991
final_sum_WaterSink_120_200,thetaR,-0.0060947400749048145,0.08510263611935953,0.2624064009587561,0.02749708342783416
final_sum_WaterSink_120_200,Ks,-0.003477847950091218,0.06977251641308391,0.21871897597970824,0.023320549397943816
final_sum_WaterSink_120_200,Rmax_LTIR,0.004251791848239471,0.0362405867751205,0.1821496521402132,0.020014151022133473
final_sum_WaterSink_120_200,Diffx,-0.003095838695330321,0.016772768852041972,0.08691048880806093,0.009838440753232851
final_sum_WaterSink_120_200,Diffz,0.004479871611790845,0.014280374707842942,0.08545550687058705,0.009536395754511942
final_sum_WaterSink_120_200,PhyllFrmTassel,-0.004899223092760723,0.011430871052310406,0.11646624348463222,0.013030347798680566
final_sum_WaterSink_20_40,LM_min,-0.056089440755045517,0.07939838866329718,0.31484702990184404,0.03504422366878399
final_sum_WaterSink_20_40,JuvenileLeaves,-0.052009367604206755,0.07354722776247495,0.3154032721727898,0.03532289213456861
final_sum_WaterSink_20_40,Rmax_LTAR,0.017774496903355766,0.0650372126765909,0.28726776988509645,0.0324315408757016
final_sum_WaterSink_20_40,thetaS,0.060099675981982494,0.06034653422685475,0.2702702657991084,0.03196316442953593
final_sum_WaterSink_20_40,StayGreen,-0.0450614986297843,0.05614723277337458,0.2571991244326564,0.02886730590762011
final_sum_WaterSink_20_40,n,-0.03675905461186437,0.03759197266099403,0.22546760492423007,0.02593948864909984
final_sum_WaterSink_20_40,Alfa,-0.005805556980346537,0.028687565982564334,0.1906330564070698,0.021195872280171946
final_sum_WaterSink_20_40,Ks,-0.0016316717364197653,0.009127991396210164,0.08259571467883438,0.009813415140426086
final_sum_WaterSink_20_40,Diffz,8.483127671467047e-05,0.008776718019415227,0.09053863927733177,0.010256514985973075
final_sum_WaterSink_20_40,Diffx,-0.005765329709998911,0.007432220003319416,0.07955551395168461,0.009429650543577734
final_sum_WaterSink_20_40,PhyllFrmTassel,-0.005816849372404369,0.006083524023502476,0.08822931163017356,0.010063980400441363
final_sum_WaterSink_20_40,Rmax_LTIR,-0.0011535528245416166,0.00142226012248154,0.02179330729170324,0.0024911424273391007
final_sum_WaterSink_20_40,thetaR,0.00016813332249406823,0.0006231639255801888,0.004740025924545567,0.0005396141539260313
final_sum_WaterSink_80_120,JuvenileLeaves,0.0,0.0,0.0,0.0
final_sum_WaterSink_80_120,Rmax_LTAR,0.0,0.0,0.0,0.0
final_sum_WaterSink_80_120,Rmax_LTIR,0.0,0.0,0.0,0.0
final_sum_WaterSink_80_120,PhyllFrmTassel,0.0,0.0,0.0,0.0
final_sum_WaterSink_80_120,StayGreen,0.0,0.0,0.0,0.0
final_sum_WaterSink_80_120,LM_min,0.0,0.0,0.0,0.0
final_sum_WaterSink_80_120,Diffx,0.0,0.0,0.0,0.0
final_sum_WaterSink_80_120,Diffz,0.0,0.0,0.0,0.0
final_sum_WaterSink_80_120,thetaR,0.0,0.0,0.0,0.0
final_sum_WaterSink_80_120,thetaS,0.0,0.0,0.0,0.0
final_sum_WaterSink_80_120,Alfa,0.0,0.0,0.0,0.0
final_sum_WaterSink_80_120,n,0.0,0.0,0.0,0.0
final_sum_WaterSink_80_120,Ks,0.0,0.0,0.0,0.0
final_thNew_0_10,n,-0.8635855722164054,0.8635855722164054,0.3423875120361933,0.03901899676777622
final_thNew_0_10,thetaS,0.7041897327053603,0.7041897327053603,0.30698223248716083,0.03438692656363899
final_thNew_0_10,JuvenileLeaves,-0.209277783485225,0.209277783485225,0.10604990176239991,0.012244858404252053
final_thNew_0_10,LM_min,-0.18382638200115162,0.18382638200115162,0.08878132517013843,0.010053364075596299
final_thNew_0_10,thetaR,0.08558627921770266,0.08584010169419945,0.0493791516813108,0.005539833213991697
final_thNew_0_10,Ks,-0.0833997444805577,0.0833997444805577,0.03749824990179235,0.004236325675870973
final_thNew_0_10,Rmax_LTAR,-0.053138885022399725,0.05955820999579726,0.05266373448335862,0.005056756771721593
final_thNew_0_10,StayGreen,-0.03309489200627787,0.033245114050792966,0.028588976145877375,0.0032678493315824028
final_thNew_0_10,Alfa,-0.015600444466323858,0.031057164049754688,0.04089567963511535,0.0035200935540060955
final_thNew_0_10,Rmax_LTIR,-0.002904043743391385,0.007335120290104108,0.012873542806974378,0.0012622851668159065
final_thNew_0_10,PhyllFrmTassel,-0.003081036781678885,0.004236731249701819,0.006183276208270035,0.0006127960068064598
final_thNew_0_10,Diffz,-0.0022086549658370935,0.003455544869430438,0.0056156369212322565,0.0005513977530492435
final_thNew_0_10,Diffx,-0.0013436827595006934,0.003332536634215834,0.004997746407436756,0.00045686434522047674
final_thNew_0_20,n,-0.8598271068879844,0.8598271068879844,0.34042602998215854,0.03870417164600238
final_thNew_0_20,thetaS,0.7021291872624232,0.7021291872624232,0.30531057297165753,0.03428214352659565
final_thNew_0_20,JuvenileLeaves,-0.2242601350048065,0.2242601350048065,0.11499902739288208,0.013315286594820262
final_thNew_0_20,LM_min,-0.19194023827298012,0.19194023827298012,0.09303527170270291,0.010451686287206526
final_thNew_0_20,Ks,-0.07979431212003792,0.07979431212003792,0.03653847920643406,0.004100762950905079
final_thNew_0_20,thetaR,0.0784474148619369,0.07917114578395548,0.04678505668742349,0.005198745111223746
final_thNew_0_20,Rmax_LTAR,-0.057152371508005104,0.06409811254966663,0.05692497326296755,0.005434880060371346
final_thNew_0_20,Alfa,-0.025940879764365665,0.03666315589859432,0.04441876342026372,0.004106515659898762
final_thNew_0_20,StayGreen,-0.031443380321487156,0.03164727952805998,0.02743568570421927,0.003134201813060383
final_thNew_0_20,Rmax_LTIR,-0.003227803700037561,0.008052547499014604,0.014016099930584305,0.0013679618126410174
final_thNew_0_20,PhyllFrmTassel,-0.003335749854543524,0.0045906781830588805,0.006708680882090803,0.0006691285125466015
final_thNew_0_20,Diffx,-0.001322697050363428,0.0037305875317778076,0.005694382564430951,0.0005130929147157484
final_thNew_0_20,Diffz,-0.0016204083174723087,0.0033879155150802745,0.0057515989450828975,0.0005557341389607853
final_thNew_0_200,n,-0.8948199021048661,0.8948199021048661,0.30204246004341295,0.03427623964916186
final_thNew_0_200,thetaS,0.5046224152237202,0.5046224152237202,0.22151803411163243,0.02521906453692472
final_thNew_0_200,LM_min,-0.23928773287830102,0.23981295571164618,0.17747045230722974,0.019823783804541646
final_thNew_0_200,thetaR,0.21576758506875895,0.21576758506875895,0.11042952659013834,0.01263788260217987
final_thNew_0_200,JuvenileLeaves,-0.19468319322282449,0.19468319322282449,0.1225743997249141,0.014121237567007934
final_thNew_0_200,StayGreen,-0.0920677303798492,0.1170021351456492,0.13655995123635933,0.013256903327596941
final_thNew_0_200,Rmax_LTAR,-0.041938849839764966,0.07720890661419377,0.092238980637849,0.007089412773363723
final_thNew_0_200,Alfa,-0.06993466590730243,0.06993466590730243,0.040648637710967515,0.004669054808880311
final_thNew_0_200,Ks,-0.02874017739407639,0.02937157204032846,0.01987972293225167,0.0020990564584452646
final_thNew_0_200,Rmax_LTIR,-0.002816969523740321,0.005478168373626525,0.008997533156330272,0.00087007279489324
final_thNew_0_200,PhyllFrmTassel,-0.0016605670820441754,0.0034106105949580066,0.004988100624182768,0.00045143173768122965
final_thNew_0_200,Diffx,-0.0008305154697959359,0.0028813191991077427,0.004304385178334413,0.0003736649305035783
final_thNew_0_200,Diffz,0.00010491574067352068,0.0025922819054694833,0.0040877045594193305,0.00036244670409955394
final_thNew_10_20,n,-0.8572774123129395,0.8572774123129395,0.339358809299478,0.038522547337147356
final_thNew_10_20,thetaS,0.7005833679835664,0.7005833679835664,0.30448498396610774,0.034241467336104586
final_thNew_10_20,JuvenileLeaves,-0.23310704859622747,0.23310704859622747,0.12058862993519372,0.013988851294169593
final_thNew_10_20,LM_min,-0.1967060800986954,0.1967060800986954,0.09614726455853569,0.010759202090721823
final_thNew_10_20,Ks,-0.07760121941300632,0.07760121941300632,0.036544036044055705,0.00408488203664861
final_thNew_10_20,thetaR,0.07421660460311136,0.07545016940606428,0.046135739394020873,0.0050597361473841505
final_thNew_10_20,Rmax_LTAR,-0.059526885190970776,0.06682154228852033,0.059781109018226405,0.005698297057799509
final_thNew_10_20,Alfa,-0.03206191855659427,0.04058549700399683,0.0471529600940933,0.004564156508861201
final_thNew_10_20,StayGreen,-0.030452358518003292,0.030689707178491846,0.026949837092960345,0.0030744205968271142
final_thNew_10_20,Rmax_LTIR,-0.0034252502795283422,0.008482898422463457,0.014928800523436554,0.0014624462402789825
final_thNew_10_20,PhyllFrmTassel,-0.0034787678040512898,0.004800558229548066,0.0074044653376737725,0.0007444156586893392
final_thNew_10_20,Diffx,-0.0013116984593442272,0.004014974961587634,0.006616163794915525,0.0006200337623088853
final_thNew_10_20,Diffz,-0.0012701762094809504,0.003387643158459873,0.006289527902927738,0.0006212445532612305
final_thNew_120_200,n,-0.8197962516845081,0.8197962516845081,0.2722924081648388,0.030444995743429782
final_thNew_120_200,thetaR,0.337038332140206,0.337038332140206,0.15049002718956192,0.017084385289793412
final_thNew_120_200,LM_min,-0.278903126244456,0.3345327907727272,0.358781610324265,0.03530974191119713
final_thNew_120_200,StayGreen,-0.209066397647795,0.3040699189801794,0.33872497437130106,0.028374093695661514
final_thNew_120_200,thetaS,0.2738987099523457,0.2738987099523457,0.13422955055204067,0.015131284195964946
final_thNew_120_200,Rmax_LTAR,-0.00917065256679727,0.17745379253516783,0.22654243481141673,0.01568203910887593
final_thNew_120_200,JuvenileLeaves,-0.08579363643107871,0.14657688276408826,0.16897796828827166,0.013796118777963749
final_thNew_120_200,Alfa,-0.0630980758309496,0.06382290829226706,0.045793106155798846,0.0051971130963635705
final_thNew_120_200,Ks,0.020426465460335462,0.025305349232755982,0.02411918474033838,0.0020761137774918345
final_thNew_120_200,Rmax_LTIR,-0.0001583867433424424,0.00560222820581858,0.008432974077128468,0.0007221067762821317
final_thNew_120_200,PhyllFrmTassel,0.0013353644323549636,0.003940914142472572,0.006599749284117157,0.0006246856029970972
final_thNew_120_200,Diffz,0.001011105266560955,0.0034576685163184152,0.005689750158782535,0.0005206470892123481
final_thNew_120_200,Diffx,-3.797605005576965e-05,0.0031196447599908406,0.005351294260652081,0.0004859225379771252
final_thNew_20_40,n,-0.8505945097453497,0.8505945097453497,0.3346621523273032,0.038101778460025965
final_thNew_20_40,thetaS,0.6615545112098294,0.6615545112098294,0.30312469091315425,0.034335798538891446
final_thNew_20_40,JuvenileLeaves,-0.27002640946510215,0.27002640946510215,0.15620338878919438,0.017903300296523754
final_thNew_20_40,LM_min,-0.22259250324316818,0.22259250324316818,0.12122790432142816,0.01355641725639711
final_thNew_20_40,thetaR,0.08308090640903189,0.08310951736021215,0.06759500672397416,0.007577848461230117
final_thNew_20_40,Rmax_LTAR,-0.06802699683213681,0.07685491634217645,0.07309593594301148,0.006926053540337406
final_thNew_20_40,Alfa,-0.0697444384633457,0.070058378557125,0.06404549250372982,0.007215192512482825
final_thNew_20_40,Ks,-0.05880907787585132,0.05880907787585132,0.0323978306550032,0.003506472523383886
final_thNew_20_40,StayGreen,-0.022035309981502584,0.022580235468000805,0.02115010032190394,0.002331242536636164
final_thNew_20_40,Rmax_LTIR,-0.004818138239629596,0.00919627584545809,0.017084792983342346,0.0017083392884510884
final_thNew_20_40,PhyllFrmTassel,-0.003526606349129493,0.00504421568702351,0.008029686351309106,0.0008054603777913332
final_thNew_20_40,Diffx,-0.0015190405848219083,0.0041515684277750745,0.006727081316101507,0.0006438922780654416
final_thNew_20_40,Diffz,-0.0003552885130139696,0.00353821924518677,0.006145697287528531,0.0005478924713544051
final_thNew_80_120,n,-0.9013775818760034,0.9013775818760034,0.29211027068344486,0.03290280624580114
final_thNew_80_120,thetaS,0.35628990684478934,0.38077259590369344,0.2974689851726895,0.030392365409365667
final_thNew_80_120,thetaR,0.2975771785386776,0.2975771785386776,0.19830398439040386,0.022659880330935234
final_thNew_80_120,JuvenileLeaves,-0.1686721820062153,0.16943600451790528,0.12113925920224801,0.013804869502738855
final_thNew_80_120,LM_min,-0.15929915256280086,0.16001804648265752,0.10626779991451624,0.011552825588995024
final_thNew_80_120,Alfa,-0.09785865249866489,0.09785865249866489,0.04878530267147807,0.005531181138779968
final_thNew_80_120,Rmax_LTAR,-0.050928316727720135,0.05529742526453743,0.05266022471033341,0.0053983728322194655
final_thNew_80_120,Ks,-0.009704799063626588,0.03463791079587529,0.04207155882633424,0.002794053095829763
final_thNew_80_120,StayGreen,-0.020644391800903272,0.02200147255511417,0.022028903502117957,0.0024316206545066167
final_thNew_80_120,Rmax_LTIR,-0.0028520206470322293,0.004759682540263449,0.009382298364458547,0.0009601101044242222
final_thNew_80_120,PhyllFrmTassel,-0.001596805876806197,0.002832618187975681,0.005174526268935138,0.000514707843426599
final_thNew_80_120,Diffx,-0.00040238719511534584,0.002500551752871976,0.004442320814447526,0.00041161057902977077
final_thNew_80_120,Diffz,0.0008198196128172819,0.002189865977986087,0.004938436953666659,0.0005022027329845484
final_theta_avail,LM_min,-0.47648511596857684,0.5781946712994855,0.519242803101086,0.045976568843053844
final_theta_avail,StayGreen,-0.31063250807676485,0.5264871079756738,0.5657136437370505,0.03976323395706052
final_theta_avail,n,-0.4405883853791016,0.45046848968277164,0.3253953257860384,0.03556191038440579
final_theta_avail,Rmax_LTAR,-0.10816438295081103,0.33016223759969765,0.3999591194219089,0.027538504455412442
final_theta_avail,JuvenileLeaves,-0.2083544878211441,0.31633102981064737,0.3217931961060686,0.023812262387388237
final_theta_avail,Alfa,0.19274815547788024,0.19274815547788024,0.15114513541868466,0.01659139360221751
final_theta_avail,thetaS,-0.10070798096420938,0.14761193351623395,0.1886534336402871,0.016925011222061494
final_theta_avail,Ks,0.034106114511001956,0.04432358575314302,0.05054641340933737,0.0048864378987219775
final_theta_avail,thetaR,0.020203100003909392,0.03119198678530921,0.04421332239779918,0.004285836053477724
final_theta_avail,Rmax_LTIR,-0.0019994778879983835,0.009897039418968237,0.0168522161689179,0.0015756167447941033
final_theta_avail,PhyllFrmTassel,0.0016254229952525439,0.007178706888730814,0.01402010158250782,0.0012963881978926843
final_theta_avail,Diffx,-0.0005224107578580635,0.006955284915374351,0.012550240263042975,0.0011765351196030087
final_theta_avail,Diffz,0.0020160879209175403,0.006269596039760173,0.012071336355655103,0.001182620431324178
final_total_dm,JuvenileLeaves,0.881774973388002,0.881774973388002,0.3574014355994208,0.03993801817751068
final_total_dm,LM_min,0.6540452821047201,0.6540452821047201,0.3085670934767723,0.033747013035961296
final_total_dm,StayGreen,0.14023340825182407,0.19786414424026696,0.20166829155201726,0.016224511683484457
final_total_dm,Rmax_LTAR,0.11725749964558081,0.16410085651274434,0.19746598117786185,0.017770659220310656
final_total_dm,n,0.01846511242172016,0.04613922533921286,0.05795003530131614,0.004544036500951249
final_total_dm,Rmax_LTIR,-0.01312728694303277,0.046099652304060094,0.061939771573582235,0.004786441698203437
final_total_dm,thetaS,0.010643583632278976,0.0343338975689782,0.049144792705971725,0.004249710094427705
final_total_dm,PhyllFrmTassel,0.0195455662841258,0.0195455662841258,0.014001202644026265,0.001477775099042212
final_total_dm,Alfa,0.0013483216599237157,0.0162949009751739,0.024606363331997463,0.002070078686622792
final_total_dm,thetaR,-0.007179920762067956,0.015863196452176143,0.02202794659978883,0.0019100637485341039
final_total_dm,Ks,-0.0007431746296073891,0.01269219390258316,0.01883468177695204,0.0016208095737007715
final_total_dm,Diffx,0.0002831299191265057,0.004607747363899282,0.006635266822134856,0.0005245511904776027
final_total_dm,Diffz,0.0002223235900937607,0.004593386870516693,0.008240042046448424,0.0007579028819935106
germinated_flag,JuvenileLeaves,0.0,0.0,0.0,0.0
germinated_flag,Rmax_LTAR,0.0,0.0,0.0,0.0
germinated_flag,Rmax_LTIR,0.0,0.0,0.0,0.0
germinated_flag,PhyllFrmTassel,0.0,0.0,0.0,0.0
germinated_flag,StayGreen,0.0,0.0,0.0,0.0
germinated_flag,LM_min,0.0,0.0,0.0,0.0
germinated_flag,Diffx,0.0,0.0,0.0,0.0
germinated_flag,Diffz,0.0,0.0,0.0,0.0
germinated_flag,thetaR,0.0,0.0,0.0,0.0
germinated_flag,thetaS,0.0,0.0,0.0,0.0
germinated_flag,Alfa,0.0,0.0,0.0,0.0
germinated_flag,n,0.0,0.0,0.0,0.0
germinated_flag,Ks,0.0,0.0,0.0,0.0
germination_doy_censored,JuvenileLeaves,0.0,0.0,0.0,0.0
germination_doy_censored,Rmax_LTAR,0.0,0.0,0.0,0.0
germination_doy_censored,Rmax_LTIR,0.0,0.0,0.0,0.0
germination_doy_censored,PhyllFrmTassel,0.0,0.0,0.0,0.0
germination_doy_censored,StayGreen,0.0,0.0,0.0,0.0
germination_doy_censored,LM_min,0.0,0.0,0.0,0.0
germination_doy_censored,Diffx,0.0,0.0,0.0,0.0
germination_doy_censored,Diffz,0.0,0.0,0.0,0.0
germination_doy_censored,thetaR,0.0,0.0,0.0,0.0
germination_doy_censored,thetaS,0.0,0.0,0.0,0.0
germination_doy_censored,Alfa,0.0,0.0,0.0,0.0
germination_doy_censored,n,0.0,0.0,0.0,0.0
germination_doy_censored,Ks,0.0,0.0,0.0,0.0
grainfill_flag,JuvenileLeaves,0.0,0.0,0.0,0.0
grainfill_flag,Rmax_LTAR,0.0,0.0,0.0,0.0
grainfill_flag,Rmax_LTIR,0.0,0.0,0.0,0.0
grainfill_flag,PhyllFrmTassel,0.0,0.0,0.0,0.0
grainfill_flag,StayGreen,0.0,0.0,0.0,0.0
grainfill_flag,LM_min,0.0,0.0,0.0,0.0
grainfill_flag,Diffx,0.0,0.0,0.0,0.0
grainfill_flag,Diffz,0.0,0.0,0.0,0.0
grainfill_flag,thetaR,0.0,0.0,0.0,0.0
grainfill_flag,thetaS,0.0,0.0,0.0,0.0
grainfill_flag,Alfa,0.0,0.0,0.0,0.0
grainfill_flag,n,0.0,0.0,0.0,0.0
grainfill_flag,Ks,0.0,0.0,0.0,0.0
grainfill_start_doy_censored,JuvenileLeaves,0.8703273061593518,0.8703273061593518,0.35300588337313155,0.040400802611776816
grainfill_start_doy_censored,Rmax_LTAR,-0.6787392803524963,0.6787392803524963,0.2991988744916364,0.03346851937072432
grainfill_start_doy_censored,PhyllFrmTassel,0.08327131481312812,0.08327131481312812,0.05060273564176577,0.005648911762278511
grainfill_start_doy_censored,Rmax_LTIR,-0.0021410912385382962,0.08281284138092095,0.1443126446345893,0.01320746581948097
grainfill_start_doy_censored,Alfa,-0.0062899277305718685,0.007317043173542849,0.03838645162556064,0.004300567682475515
grainfill_start_doy_censored,thetaS,-0.0010895708195903997,0.0056717058774318424,0.03405982671110053,0.0038080602517120165
grainfill_start_doy_censored,n,-1.4030723631192065e-06,0.004523153012423359,0.026493159028644672,0.002857663803805264
grainfill_start_doy_censored,Ks,-0.00037961990636666796,0.003944533192562602,0.032110969443589925,0.0036302873740106543
grainfill_start_doy_censored,LM_min,-0.0016829804386791884,0.003709572991316276,0.02574411629441634,0.002833057619692171
grainfill_start_doy_censored,thetaR,-0.0018300292853460898,0.0028016677655629857,0.02014945138029521,0.0023614123210091774
grainfill_start_doy_censored,StayGreen,0.001292131177534401,0.001292131177534401,0.015835666607890722,0.001739537579910432
grainfill_start_doy_censored,Diffz,0.000576390417704235,0.000576390417704235,0.009983374884595825,0.0011251578339030958
grainfill_start_doy_censored,Diffx,0.0,0.0,0.0,0.0
grainfill_to_maturity_days_censored,JuvenileLeaves,-0.8212846991844889,0.8212846991844889,0.31719033855475726,0.03610660441021412
grainfill_to_maturity_days_censored,Rmax_LTAR,0.5361206112655553,0.5361206112655553,0.266919138293376,0.02918771842944963
grainfill_to_maturity_days_censored,StayGreen,0.312381102538707,0.312381102538707,0.21645731978210647,0.02504731064801178
grainfill_to_maturity_days_censored,LM_min,0.24598985145197114,0.24598985145197114,0.24279886485562321,0.02746591503212723
grainfill_to_maturity_days_censored,Rmax_LTIR,0.004357874120902726,0.07969443343911922,0.13826070075966576,0.012554925901730475
grainfill_to_maturity_days_censored,PhyllFrmTassel,-0.0763821187824517,0.0763821187824517,0.04492449826965855,0.005042928518436597
grainfill_to_maturity_days_censored,n,-0.009552635103750543,0.01518540209879425,0.043819061472527475,0.0047744167478597915
grainfill_to_maturity_days_censored,Alfa,0.0014989311466658644,0.011974649852610968,0.042492467567633474,0.004565908034807726
grainfill_to_maturity_days_censored,thetaS,0.003728694515178166,0.008925594277196197,0.036009485547571086,0.003943607044916741
grainfill_to_maturity_days_censored,Ks,0.0017824968920999214,0.006198628695749487,0.035163556726694536,0.0040075398304881245
grainfill_to_maturity_days_censored,thetaR,-0.0007245039114562119,0.005227706879192265,0.026642038746765313,0.002940012387417197
grainfill_to_maturity_days_censored,Diffz,-0.0008359129753066905,0.0010623549835966028,0.01102449613207984,0.0012201304381097631
grainfill_to_maturity_days_censored,Diffx,0.0,0.0,0.0,0.0
infiltration_rain_ratio,n,0.9194548638237882,0.9194548638237882,0.2822648691481904,0.03128691776779651
infiltration_rain_ratio,Ks,0.41030296326750937,0.41124174209563724,0.21065403707196376,0.023726223766473726
infiltration_rain_ratio,thetaS,0.2068380985398053,0.21053068409419684,0.15330893908966453,0.016711944674339695
infiltration_rain_ratio,Alfa,-0.17465063703444747,0.1788855117618034,0.13020707643542465,0.013931054830394002
infiltration_rain_ratio,JuvenileLeaves,0.04134178764200305,0.044513186276371464,0.03760962048710355,0.0038128022789872453
infiltration_rain_ratio,LM_min,0.035571363843875325,0.04268980467089873,0.04401213027812114,0.0040016764890408694
infiltration_rain_ratio,thetaR,-0.03949427219840668,0.0416909319778033,0.03281327278130354,0.0034740833503261637
infiltration_rain_ratio,Rmax_LTAR,0.008577506835293151,0.01802739018500698,0.02228927917424316,0.0017459286093105975
infiltration_rain_ratio,StayGreen,0.010190748595057147,0.01605226354212914,0.02133605417651767,0.0019436977191606183
infiltration_rain_ratio,Rmax_LTIR,0.0002645062390909192,0.006156241425965117,0.014283273472436192,0.0014749339425652384
infiltration_rain_ratio,Diffz,0.00021584356750754753,0.006140784417586333,0.015286335782254593,0.0015585365217782915
infiltration_rain_ratio,Diffx,-0.0013594967617923085,0.005062815292627283,0.011637050460599001,0.0012239935179029523
infiltration_rain_ratio,PhyllFrmTassel,0.0006193209506201286,0.004825971286257129,0.012437614733182327,0.0012899518584971858
lai_integral,LM_min,0.8205054908441592,0.8205054908441592,0.31947129427578197,0.03546428809162357
lai_integral,JuvenileLeaves,0.7291199527245397,0.7291199527245397,0.30186238279207683,0.03418364200657891
lai_integral,StayGreen,0.3358912737912551,0.3358912737912551,0.1338455658531808,0.014693911122510903
lai_integral,Rmax_LTAR,0.008372865128697523,0.02637134410460703,0.03198179095782137,0.0023057441964825652
lai_integral,Rmax_LTIR,0.00581734207835337,0.006996901063420255,0.009329216785927047,0.0009805612553719727
lai_integral,n,0.0006451873195840183,0.005832265630859433,0.00841936634904442,0.0006951826780137555
lai_integral,thetaS,0.001341672508809254,0.0051399595017512355,0.009683949293555033,0.0009657523518217637
lai_integral,Alfa,0.0012751569637781167,0.004304236877615469,0.00689870419528658,0.0006095134922459147
lai_integral,thetaR,-0.002169209342395262,0.003903984962760916,0.006028847576716386,0.0005724305546396032
lai_integral,Ks,-0.000183168104124878,0.0031755920442475562,0.007107086319139432,0.000743406659270253
lai_integral,Diffz,3.607748842570239e-05,0.001267125399147166,0.003782295589673817,0.0003987526833395599
lai_integral,Diffx,-7.20740989657654e-05,0.001263017803840615,0.0022181555230117098,0.00020990474105673905
lai_integral,PhyllFrmTassel,2.789908578086914e-05,4.069072043405881e-05,0.00010943690200871491,1.2251803000607443e-05
leaf_shoot_ratio,JuvenileLeaves,0.9738453126270376,0.9738453126270376,0.16661128150818624,0.018777194769523026
leaf_shoot_ratio,Rmax_LTAR,-0.20480003631036914,0.20697629730743794,0.13000127469614645,0.014011198481649906
leaf_shoot_ratio,Rmax_LTIR,-0.10898553199864366,0.1658259848480481,0.19628334093061645,0.01685957259635072
leaf_shoot_ratio,LM_min,0.0391248276977804,0.06739058227993401,0.0857941774691219,0.0071548072991015
leaf_shoot_ratio,StayGreen,-0.03229982514155237,0.058074432697789384,0.06754007623679557,0.0053640908580513255
leaf_shoot_ratio,n,0.0324751919304641,0.03475736306468325,0.029203870428297266,0.002979874367762285
leaf_shoot_ratio,thetaS,-0.02940562380875035,0.03141347096467128,0.029575011418045416,0.0031669910497486476
leaf_shoot_ratio,Alfa,0.005794445171489793,0.012149203314970967,0.028453133998765225,0.0029241194022585695
leaf_shoot_ratio,thetaR,0.004745754809062434,0.008013785082103334,0.02067596140773769,0.0022628110108282016
leaf_shoot_ratio,Ks,0.0012129520609570391,0.007265926297645419,0.026892296379586487,0.0029027471856158207
leaf_shoot_ratio,Diffz,0.00023067555573417025,0.0023987296267310295,0.008232717926308461,0.0008845156320730349
leaf_shoot_ratio,Diffx,0.00020340398924339288,0.0020480049173234624,0.00301269455428344,0.00024873051893654305
leaf_shoot_ratio,PhyllFrmTassel,-0.0011139213128168327,0.0015853900509395788,0.0018063952546744893,0.00016299344452705463
matured_flag,StayGreen,-0.4392220373769787,0.4392220373769787,0.5334951548814634,0.058460432834985455
matured_flag,LM_min,-0.2589401957966206,0.2589401957966206,0.46876866037382126,0.0546315369889242
matured_flag,JuvenileLeaves,0.10873809929052344,0.10873809929052344,0.3194447522358726,0.036225032021672585
matured_flag,Rmax_LTAR,0.051200583469452735,0.06389210672569455,0.2585946979959951,0.02886680183494932
matured_flag,n,0.028442499231690354,0.028442499231690354,0.16308722612342044,0.018566415974187376
matured_flag,thetaS,-0.00783884873505209,0.00783884873505209,0.0963069299440528,0.010993974528252567
matured_flag,Alfa,0.00698481705003444,0.00698481705003444,0.08549215574009021,0.00951026980196617
matured_flag,thetaR,0.003892494720807615,0.003892494720807615,0.06741998624632418,0.007395612314864217
matured_flag,Rmax_LTIR,0.003442651863295482,0.003442651863295482,0.05962847939999442,0.006750458371961915
matured_flag,Ks,-0.0017916128329552336,0.0017916128329552336,0.031031644541708765,0.003440261182330384
matured_flag,PhyllFrmTassel,0.0,0.0,0.0,0.0
matured_flag,Diffx,0.0,0.0,0.0,0.0
matured_flag,Diffz,0.0,0.0,0.0,0.0
maturity_doy_censored,StayGreen,0.8208513240541211,0.8208513240541211,0.3902579816671069,0.044801412788805346
maturity_doy_censored,LM_min,0.5657148845494724,0.5657148845494724,0.3848022601975215,0.04378646710551103
maturity_doy_censored,Rmax_LTAR,-0.17741633606011162,0.23010689870677412,0.33678910865403316,0.033534711707511294
maturity_doy_censored,JuvenileLeaves,-0.11413158148885083,0.2031879362957275,0.28668666912471297,0.026618916784667365
maturity_doy_censored,n,-0.035470713531176756,0.03657637798639387,0.12785157346125933,0.014312994326100151
maturity_doy_censored,Alfa,-0.01813138380435635,0.018898630921220932,0.10466604994470144,0.011468869388748769
maturity_doy_censored,thetaS,0.010500246635131206,0.012654367323536088,0.07414451403586939,0.008142076311404711
maturity_doy_censored,thetaR,-0.008140575681840678,0.01027988843104347,0.07583586704509111,0.008548054706266926
maturity_doy_censored,Ks,0.005846910019150339,0.00921140961966869,0.06649010042093045,0.007642536212172048
maturity_doy_censored,Rmax_LTIR,-0.002719023307228029,0.006679613479134726,0.054631706102734726,0.006307862425679436
maturity_doy_censored,Diffz,-0.00042843120898165723,0.0007152371647942011,0.007629673728542211,0.0008303938698392738
maturity_doy_censored,PhyllFrmTassel,0.0,0.0,0.0,0.0
maturity_doy_censored,Diffx,0.0,0.0,0.0,0.0
max_la_dead,JuvenileLeaves,0.9358198352448992,0.9358198352448992,0.32907635831292387,0.03773106486817441
max_la_dead,LM_min,0.5817994708213348,0.5817994708213348,0.26674060700159974,0.029980046049704234
max_la_dead,StayGreen,-0.08499715599858443,0.08645629582985949,0.1651458544875412,0.017212328736969533
max_la_dead,Rmax_LTAR,-0.043266368645028815,0.06483855593769655,0.0652092456801996,0.0048839678042685184
max_la_dead,n,0.012541853875004177,0.014538741469642659,0.0201340447032373,0.002068239288762908
max_la_dead,Rmax_LTIR,0.008400151411196018,0.013876824418369068,0.02471936910993548,0.002516292747135122
max_la_dead,Alfa,0.0034659085081642517,0.007881108645348703,0.014929402464781734,0.0015138150996221137
max_la_dead,thetaS,-0.0018262224090294247,0.00764485110095091,0.017955048479930305,0.0018882536530910573
max_la_dead,thetaR,-0.0015076805488928725,0.005316375528777921,0.009756013490596774,0.0009402391630887959
max_la_dead,Ks,-0.00021118432527890123,0.004936996420626111,0.01443498497818569,0.0015705855430727558
max_la_dead,Diffz,0.00025918338098881126,0.002026288244137351,0.008048170280613418,0.0008750741694206664
max_la_dead,Diffx,-0.0001401734876923917,0.0016309019566357109,0.0031948269670211333,0.00031108595029826614
max_la_dead,PhyllFrmTassel,-2.271871973697676e-05,8.560154638442506e-05,0.0003441057350299275,3.824039666317521e-05
max_la_pl,JuvenileLeaves,0.9199889560701212,0.9199889560701212,0.3588202242691512,0.04075121075421117
max_la_pl,LM_min,0.6820364306545287,0.6820364306545287,0.28798361025808034,0.031864435778727856
max_la_pl,Rmax_LTAR,-0.038540119712896274,0.04496273529760702,0.04608172230925819,0.004571213175221081
max_la_pl,StayGreen,0.023774928579411145,0.02510402081805254,0.023448707821777114,0.0024429694362797885
max_la_pl,Rmax_LTIR,0.009797734200480492,0.012743318024015465,0.023540755902482623,0.0025439033968788142
max_la_pl,n,0.007476920998866759,0.00963444255420459,0.0118775562225439,0.00114587419472168
max_la_pl,thetaS,-0.0006260515029392455,0.006729908201000851,0.018281151133813196,0.0019781747804376885
max_la_pl,Alfa,0.0015130240795030927,0.0061146192474199074,0.011562146533523221,0.0010984757546912563
max_la_pl,thetaR,-0.0026762130187946266,0.005074948912986561,0.008861850012700139,0.0008842982851133431
max_la_pl,Ks,0.00023704994942498665,0.004478873471973026,0.012624144054024644,0.0013645683284564433
max_la_pl,Diffz,0.00027353625432883697,0.0016933672160159966,0.007946102661917335,0.0008670930962237825
max_la_pl,Diffx,-7.749649015200423e-05,0.001500988058451972,0.002742497549331485,0.0002645320494535957
max_la_pl,PhyllFrmTassel,-1.41573297512429e-07,1.41573297512429e-07,2.4521214428659157e-06,2.714746235334386e-07
max_lai,JuvenileLeaves,0.9202304452342469,0.9202304452342469,0.35902373478387506,0.04077938115377778
max_lai,LM_min,0.6823972271385492,0.6823972271385492,0.28820617008085814,0.031881036858836
max_lai,Rmax_LTAR,-0.03880917002974608,0.04534851661176811,0.04668858046680228,0.004653987675046766
max_lai,StayGreen,0.023483381460695098,0.02480846892247167,0.023497465010074388,0.002464193816023568
max_lai,Rmax_LTIR,0.009374890231021685,0.01230224516093647,0.023363177885059462,0.002528132847749982
max_lai,n,0.0074810205731109854,0.009519615414121736,0.01250244958566435,0.0012306362960461585
max_lai,thetaS,-0.001015046479906212,0.006976434887120447,0.018926763799049152,0.0020883376080431558
max_lai,Alfa,0.001135699262767996,0.006270074395127811,0.01211062343000779,0.0011484489552466973
max_lai,thetaR,-0.002516353577138848,0.004871132691347587,0.009704829658215982,0.0010009552927262996
max_lai,Ks,0.0003063919237934912,0.004616000857621104,0.012915778059849168,0.0014189424313866715
max_lai,Diffz,0.0004395028708391072,0.001632819408863738,0.008566525272597334,0.0009515409894462068
max_lai,Diffx,-4.630527271560559e-05,0.0011590388466005046,0.0034615049640076816,0.00037395951838032205
max_lai,PhyllFrmTassel,0.0,0.0,0.0,0.0
max_leaves,JuvenileLeaves,0.9862062089864541,0.9862062089864541,0.09950646514398179,0.011425744775717162
max_leaves,Rmax_LTIR,-0.0037701854732399755,0.10609250246156428,0.18135898702792022,0.01620437299846452
max_leaves,Rmax_LTAR,-0.04244992135994059,0.06182589392690448,0.1262357563883794,0.013102884204964051
max_leaves,Alfa,-0.0032888182519631624,0.004355924786526445,0.03539345185612936,0.003941780282424882
max_leaves,Ks,-0.00039859398217531925,0.0037546682945850634,0.03334773556323754,0.0037252701411330438
max_leaves,n,-0.0009051070353271011,0.003704381193877376,0.028801118508805755,0.0031629624832768253
max_leaves,thetaS,0.0006666182051786545,0.0034970923036816808,0.028144116500605405,0.0032308977057933707
max_leaves,LM_min,6.4659315432668e-05,0.0028020512297924375,0.03004034073809247,0.003320419172199503
max_leaves,thetaR,-0.00035279125182094916,0.0019997799362557376,0.02490945658873992,0.0028874573566168614
max_leaves,StayGreen,0.001228950603124932,0.001228950603124932,0.01535773377660911,0.0016825063377227077
max_leaves,Diffz,0.0005312127152597307,0.0005312127152597307,0.009200874124564724,0.0010369675304875022
max_leaves,PhyllFrmTassel,0.0,0.0,0.0,0.0
max_leaves,Diffx,0.0,0.0,0.0,0.0
max_tcan,n,0.8303942630549251,0.8303942630549251,0.3284971118485907,0.03664697516250271
max_tcan,thetaS,-0.5968216485704023,0.5968216485704023,0.27424118297349565,0.030809085179389732
max_tcan,thetaR,0.3665983517972847,0.3699933489448738,0.21475461489957726,0.023257618769939543
max_tcan,Alfa,0.23120458719851106,0.2603091514002913,0.1983062965434161,0.01807143169699099
max_tcan,Ks,0.002646730282272467,0.08792099730724375,0.14902898101783757,0.013894963075266328
max_tcan,JuvenileLeaves,0.0,0.0,0.0,0.0
max_tcan,Rmax_LTAR,0.0,0.0,0.0,0.0
max_tcan,Rmax_LTIR,0.0,0.0,0.0,0.0
max_tcan,PhyllFrmTassel,0.0,0.0,0.0,0.0
max_tcan,StayGreen,0.0,0.0,0.0,0.0
max_tcan,LM_min,0.0,0.0,0.0,0.0
max_tcan,Diffx,0.0,0.0,0.0,0.0
max_tcan,Diffz,0.0,0.0,0.0,0.0
max_thNew_0_10,n,-0.9310722268301889,0.9310722268301889,0.3204155411485731,0.037114578215044075
max_thNew_0_10,thetaS,0.5693434817663384,0.5693434817663384,0.23371641760568387,0.026799047719797842
max_thNew_0_10,Alfa,-0.24393778740666122,0.24393778740666122,0.10543989766207738,0.011823179008992747
max_thNew_0_10,thetaR,0.12240327387281551,0.12240327387281551,0.05473259284453641,0.006045447488386173
max_thNew_0_10,Ks,-0.0018722549565444969,0.0018722549565444969,0.0067335231709008585,0.0007826467295054194
max_thNew_0_10,Rmax_LTAR,-0.0003372918570492999,0.0003372918570492999,0.002622402480007016,0.0003050156760450387
max_thNew_0_10,LM_min,-0.00020939237145034724,0.00020939237145034724,0.0022632285766498376,0.00025647790672593773
max_thNew_0_10,Diffx,5.69343458186911e-05,7.945321409425127e-05,0.0011977857601619493,0.00013258589108437215
max_thNew_0_10,Rmax_LTIR,1.0174467399389164e-05,1.0174467399389164e-05,0.00017622694475695212,1.965381352089518e-05
max_thNew_0_10,JuvenileLeaves,0.0,0.0,0.0,0.0
max_thNew_0_10,PhyllFrmTassel,0.0,0.0,0.0,0.0
max_thNew_0_10,StayGreen,0.0,0.0,0.0,0.0
max_thNew_0_10,Diffz,0.0,0.0,0.0,0.0
max_thNew_0_20,n,-0.9311826096912111,0.9311826096912111,0.32050262039360317,0.037123909929369286
max_thNew_0_20,thetaS,0.5694809351468925,0.5694809351468925,0.23371408038890668,0.026800663564570414
max_thNew_0_20,Alfa,-0.24381895828979655,0.24381895828979655,0.10543262315510411,0.011821122231181466
max_thNew_0_20,thetaR,0.12236612124186019,0.12236612124186019,0.054772861331582885,0.006055953001979221
max_thNew_0_20,Ks,-0.0018425062655925701,0.0018425062655925701,0.006517816806379307,0.0007641403364965138
max_thNew_0_20,Rmax_LTAR,-0.00038577294570376074,0.00038577294570376074,0.0027027723492472062,0.0003165156192042111
max_thNew_0_20,LM_min,-0.0001851338715611641,0.0001851338715611641,0.0018452836280770906,0.00020693989361575846
max_thNew_0_20,Diffx,2.320471383457665e-05,3.101066933055364e-05,0.0004745844104079127,5.250723886544233e-05
max_thNew_0_20,Rmax_LTIR,7.824768049025253e-06,7.824768049025253e-06,0.00013552895818353338,1.5114946664336835e-05
max_thNew_0_20,JuvenileLeaves,0.0,0.0,0.0,0.0
max_thNew_0_20,PhyllFrmTassel,0.0,0.0,0.0,0.0
max_thNew_0_20,StayGreen,0.0,0.0,0.0,0.0
max_thNew_0_20,Diffz,0.0,0.0,0.0,0.0
max_thNew_0_200,n,-0.929626546449468,0.929626546449468,0.32090521459747645,0.03701771868178303
max_thNew_0_200,thetaS,0.5943977844303201,0.5943977844303201,0.2450837961246617,0.027973915729592392
max_thNew_0_200,Alfa,-0.14342545778040836,0.14342545778040836,0.07124306147246148,0.008113945522015168
max_thNew_0_200,thetaR,0.14144031838412785,0.14144031838412785,0.06556704924823113,0.00724123390760672
max_thNew_0_200,Ks,-0.03175939451413573,0.03175939451413573,0.015280483035667612,0.0017048534785560972
max_thNew_0_200,Rmax_LTAR,-0.00831124229548004,0.008663241300145336,0.013954467188499865,0.001567444819696429
max_thNew_0_200,LM_min,-0.002777455438666332,0.004065537276195994,0.008716144917661203,0.0009481080731072095
max_thNew_0_200,JuvenileLeaves,-0.0017662560628288135,0.003416677878530261,0.008098686210418685,0.0008664522650143529
max_thNew_0_200,StayGreen,-0.00046039222091141715,0.0018131825885720847,0.004369182129630354,0.0004727204497165283
max_thNew_0_200,Diffx,-4.3790546545514954e-05,0.0010139432009225033,0.002438480685327585,0.00024964047917117624
max_thNew_0_200,Diffz,-0.00014453242961665603,0.0007713443753104606,0.002497695213305514,0.000261553049051034
max_thNew_0_200,Rmax_LTIR,-7.61045808905194e-05,0.00013882901301304012,0.0010978467535538898,0.00011909227730475069
max_thNew_0_200,PhyllFrmTassel,0.0,0.0,0.0,0.0
max_thNew_10_20,n,-0.9312605685295263,0.9312605685295263,0.3205603993269117,0.03713047714953129
max_thNew_10_20,thetaS,0.5695824169232615,0.5695824169232615,0.2337066450972553,0.026802010176719026
max_thNew_10_20,Alfa,-0.24372431654168442,0.24372431654168442,0.10540444711879204,0.01181641228039404
max_thNew_10_20,thetaR,0.12233069442723034,0.12233069442723034,0.05478784953692427,0.006063557422294194
max_thNew_10_20,Ks,-0.0018257857872680365,0.0018257857872680365,0.006575325237618962,0.0007730245682780229
max_thNew_10_20,Rmax_LTAR,-0.00042352445443513594,0.00042352445443513594,0.0028666679777831837,0.0003373615695231631
max_thNew_10_20,LM_min,-0.00018922422268388494,0.00018922422268388494,0.0017952123525005034,0.0001998994426510195
max_thNew_10_20,JuvenileLeaves,0.0,0.0,0.0,0.0
max_thNew_10_20,Rmax_LTIR,0.0,0.0,0.0,0.0
max_thNew_10_20,PhyllFrmTassel,0.0,0.0,0.0,0.0
max_thNew_10_20,StayGreen,0.0,0.0,0.0,0.0
max_thNew_10_20,Diffx,0.0,0.0,0.0,0.0
max_thNew_10_20,Diffz,0.0,0.0,0.0,0.0
max_thNew_120_200,n,-0.9189734506651326,0.9189734506651326,0.3196185830643049,0.03664193078808539
max_thNew_120_200,thetaS,0.6084562308565367,0.6084562308565367,0.2494464886660046,0.02842157710655888
max_thNew_120_200,thetaR,0.16850019499367203,0.16850019499367203,0.08045597534444107,0.008884003740099875
max_thNew_120_200,Ks,-0.06688905975169163,0.06688905975169163,0.031195010570044018,0.0034612833814489205
max_thNew_120_200,Alfa,-0.029107718875366572,0.035487930951540236,0.03755403301628457,0.003581237872879766
max_thNew_120_200,Rmax_LTAR,-0.02600391047773952,0.027221965500311095,0.035547957330534716,0.0039311878871309
max_thNew_120_200,LM_min,-0.009760354198964132,0.014188908031034122,0.0255690878586153,0.0026687283095060917
max_thNew_120_200,JuvenileLeaves,-0.005829919287103576,0.011517720106387162,0.02323219007333987,0.0024069118177780474
max_thNew_120_200,StayGreen,-0.0015925463397481671,0.006158556576921891,0.012596206071892565,0.0012903986949955146
max_thNew_120_200,Diffx,5.900677653078908e-06,0.0033675941065125525,0.007487513518794187,0.0007504656441375249
max_thNew_120_200,Diffz,-0.00018792646184426974,0.0026726165752549522,0.0075963592024579805,0.0007827295779348651
max_thNew_120_200,Rmax_LTIR,-0.0002136553664852689,0.00043826563571802886,0.0034996187096784813,0.00038172993733647924
max_thNew_120_200,PhyllFrmTassel,0.0,0.0,0.0,0.0
max_thNew_20_40,n,-0.9310866101346335,0.9310866101346335,0.32020348317159764,0.03703416939389989
max_thNew_20_40,thetaS,0.5721097895857045,0.5721097895857045,0.23606546264485637,0.027112925299696666
max_thNew_20_40,Alfa,-0.24075629067716459,0.24075629067716459,0.10437984940691013,0.01177964717465825
max_thNew_20_40,thetaR,0.12158901076702809,0.12158901076702809,0.05469181059107803,0.006046375103598175
max_thNew_20_40,Ks,-0.002839884763736228,0.0028931212677521536,0.007831998987608401,0.0008716322889150929
max_thNew_20_40,Rmax_LTAR,-0.000572331560638333,0.000572331560638333,0.0036852673199946166,0.0004241407630750243
max_thNew_20_40,StayGreen,-0.00011807190553283208,0.00011807190553283208,0.0015348173702619864,0.00017547329383236446
max_thNew_20_40,Rmax_LTIR,1.711255955516729e-05,7.138794722000817e-05,0.0007436240628399874,8.37725490868389e-05
max_thNew_20_40,LM_min,-6.653935551270083e-05,6.653935551270083e-05,0.0011524954445088608,0.00012744623238918114
max_thNew_20_40,Diffz,-1.236605786798306e-05,1.236605786798306e-05,0.00015130265500813283,1.7379751095334915e-05
max_thNew_20_40,Diffx,9.225338843547734e-06,9.225338843547734e-06,0.00015978755594063388,1.765938873163089e-05
max_thNew_20_40,JuvenileLeaves,0.0,0.0,0.0,0.0
max_thNew_20_40,PhyllFrmTassel,0.0,0.0,0.0,0.0
max_thNew_80_120,n,-0.9296187177661219,0.9296187177661219,0.3223098927754269,0.037328629037794714
max_thNew_80_120,thetaS,0.5833907573467066,0.5833907573467066,0.24362944238478182,0.027908838733869592
max_thNew_80_120,Alfa,-0.2091096366184987,0.2091096366184987,0.09576649988935897,0.011010138904234294
max_thNew_80_120,thetaR,0.12759572016491327,0.12759572016491327,0.06109896243209202,0.006810719768399435
max_thNew_80_120,Ks,-0.01412121527531844,0.01412121527531844,0.012452475178294523,0.0013986649372025963
max_thNew_80_120,Rmax_LTAR,-0.0014128982229629225,0.0014128982229629225,0.0050273929597000515,0.0005925713678592052
max_thNew_80_120,LM_min,-0.000770052433301026,0.000770052433301026,0.003568496444936505,0.00041436613948001716
max_thNew_80_120,JuvenileLeaves,-0.00027815931642646515,0.0003317058730172852,0.0019518291278907485,0.00022255461266393933
max_thNew_80_120,Diffx,-0.00010958365080424778,0.0001568413644836883,0.001796300397188724,0.00019491601128225066
max_thNew_80_120,StayGreen,-5.880663248134252e-05,9.409526210467664e-05,0.0007961215075487162,8.983188532396743e-05
max_thNew_80_120,Diffz,-1.1806582254453838e-05,4.952198386648905e-05,0.000484849871451361,5.518229325523206e-05
max_thNew_80_120,Rmax_LTIR,0.0,0.0,0.0,0.0
max_thNew_80_120,PhyllFrmTassel,0.0,0.0,0.0,0.0
max_vpd,JuvenileLeaves,0.0,0.0,0.0,0.0
max_vpd,Rmax_LTAR,0.0,0.0,0.0,0.0
max_vpd,Rmax_LTIR,0.0,0.0,0.0,0.0
max_vpd,PhyllFrmTassel,0.0,0.0,0.0,0.0
max_vpd,StayGreen,0.0,0.0,0.0,0.0
max_vpd,LM_min,0.0,0.0,0.0,0.0
max_vpd,Diffx,0.0,0.0,0.0,0.0
max_vpd,Diffz,0.0,0.0,0.0,0.0
max_vpd,thetaR,0.0,0.0,0.0,0.0
max_vpd,thetaS,0.0,0.0,0.0,0.0
max_vpd,Alfa,0.0,0.0,0.0,0.0
max_vpd,n,0.0,0.0,0.0,0.0
max_vpd,Ks,0.0,0.0,0.0,0.0
mean_CO2Conc_0_10,n,-0.829091478469433,0.829091478469433,0.3424460530905257,0.0386810028718201
mean_CO2Conc_0_10,thetaS,-0.7122650583621885,0.7122650583621885,0.3280779923498059,0.0386264959220626
mean_CO2Conc_0_10,JuvenileLeaves,0.23763484376123808,0.23763484376123808,0.1251513661119709,0.014061342898434033
mean_CO2Conc_0_10,thetaR,0.13935773933233578,0.13935773933233578,0.07263384232257622,0.00849238813365859
mean_CO2Conc_0_10,Rmax_LTAR,-0.056261255391130964,0.05703981404859628,0.04594334743573713,0.005048971175338391
mean_CO2Conc_0_10,Ks,-0.05136944493316953,0.05139547845154166,0.0340367569787731,0.0039024222198970836
mean_CO2Conc_0_10,Alfa,-0.03213665046296777,0.036382887362107486,0.03572107571581445,0.0035304318767286516
mean_CO2Conc_0_10,Rmax_LTIR,-0.022840584750082608,0.03521831921022588,0.04206004648458969,0.0036442215105330924
mean_CO2Conc_0_10,LM_min,0.0305331722007982,0.034308863706372046,0.035800783125708335,0.0037774194074444733
mean_CO2Conc_0_10,StayGreen,-0.010725581499264815,0.013192274790429318,0.013856443963959264,0.0013003842681383118
mean_CO2Conc_0_10,PhyllFrmTassel,0.007031441511035672,0.007182656370368873,0.005902495062392152,0.0006356530049304416
mean_CO2Conc_0_10,Diffz,0.001132947552211162,0.003007330575506679,0.0044827378142454945,0.0003993626092323349
mean_CO2Conc_0_10,Diffx,-0.00029004802721444305,0.0028514979863317473,0.0038857560524524653,0.00029307362230858317
mean_CO2Conc_0_20,n,-0.8328664558041603,0.8328664558041603,0.3413634919032406,0.03856374701819061
mean_CO2Conc_0_20,thetaS,-0.7069533488577222,0.7069533488577222,0.3261700361721123,0.03841110249281561
mean_CO2Conc_0_20,JuvenileLeaves,0.2361790256495799,0.2361790256495799,0.1255861711664303,0.014110928171634243
mean_CO2Conc_0_20,thetaR,0.13841849120629027,0.13841849120629027,0.07226466535418183,0.008452662627889455
mean_CO2Conc_0_20,Rmax_LTAR,-0.05805241854433838,0.058740612588365625,0.04648925513472889,0.0051297765135199045
mean_CO2Conc_0_20,Ks,-0.051405926502984645,0.05145297858276152,0.03443091244587797,0.003948123845435101
mean_CO2Conc_0_20,Alfa,-0.03337703768042402,0.03722050073324077,0.03574069038196746,0.003560341168580424
mean_CO2Conc_0_20,Rmax_LTIR,-0.02337134105763823,0.03562787976750132,0.04246363237170505,0.003694519176765528
mean_CO2Conc_0_20,LM_min,0.027084245181380005,0.03293564673946915,0.03648219213758247,0.0036768491426756996
mean_CO2Conc_0_20,StayGreen,-0.011060580899689174,0.013471963575186662,0.014089932332092863,0.0013277275386365545
mean_CO2Conc_0_20,PhyllFrmTassel,0.0070562510632289814,0.007181249579552334,0.005847431275381144,0.0006303477755641301
mean_CO2Conc_0_20,Diffz,0.00118158217971516,0.0030212888660168706,0.004470149291995811,0.00039720815545831644
mean_CO2Conc_0_20,Diffx,-0.00032343989200219245,0.0028583401753758146,0.003880143834887297,0.0002928778469876483
mean_CO2Conc_0_200,n,-0.7826642769099351,0.7826642769099351,0.3438228553938155,0.03890461336793671
mean_CO2Conc_0_200,thetaS,-0.7048141969794969,0.7048141969794969,0.35401002161506445,0.04081999474692563
mean_CO2Conc_0_200,JuvenileLeaves,0.28113442503420094,0.28113442503420094,0.15718520180808465,0.017730921639226706
mean_CO2Conc_0_200,thetaR,0.13760757439428256,0.13760757439428256,0.07838022791788493,0.009135972476794176
mean_CO2Conc_0_200,Ks,-0.12639521604992132,0.12639521604992132,0.1437827819625601,0.01633758756102133
mean_CO2Conc_0_200,Alfa,0.0640110006750438,0.06833453979242284,0.08481618355637682,0.009332641148232075
mean_CO2Conc_0_200,LM_min,0.05533524879789461,0.055793537786230335,0.051259164608140874,0.005988710800506334
mean_CO2Conc_0_200,Rmax_LTAR,-0.039249219084491686,0.04269032953803542,0.04195522676697139,0.004225492686293511
mean_CO2Conc_0_200,Rmax_LTIR,-0.02877834298712197,0.03914803559413174,0.046454645562875894,0.0043201015630560035
mean_CO2Conc_0_200,StayGreen,-0.007530834378097886,0.014666640942807417,0.01979599767324678,0.0017486813634272566
mean_CO2Conc_0_200,PhyllFrmTassel,0.006857933262178146,0.0072437146815922246,0.007298475573014712,0.0007843427588974329
mean_CO2Conc_0_200,Diffz,0.002542677988227746,0.003997390731320268,0.006037270627747016,0.0005922149156505975
mean_CO2Conc_0_200,Diffx,-0.0006271411604486856,0.003356141561595596,0.004695382366687877,0.0003884012576898249
mean_CO2Conc_10_20,n,-0.8334607357976571,0.8334607357976571,0.341180515909721,0.03854385472527473
mean_CO2Conc_10_20,thetaS,-0.7060955504112546,0.7060955504112546,0.32586129006897,0.03837620857187985
mean_CO2Conc_10_20,JuvenileLeaves,0.23594357124941184,0.23594357124941184,0.12567181559238336,0.01412070013974552
mean_CO2Conc_10_20,thetaR,0.1382670456561201,0.1382670456561201,0.07221014536096124,0.008446801052373986
mean_CO2Conc_10_20,Rmax_LTAR,-0.05833843905438919,0.059013419263960906,0.04658391689409706,0.005143413437942843
mean_CO2Conc_10_20,Ks,-0.05141139384734482,0.05146203352481014,0.034497654801406895,0.003955799970055083
mean_CO2Conc_10_20,Alfa,-0.033575631718001646,0.037364303652438834,0.03575444674530673,0.0035654558375314885
mean_CO2Conc_10_20,Rmax_LTIR,-0.023455924770265053,0.03569306903110062,0.042528546095096716,0.0037026373021490176
mean_CO2Conc_10_20,LM_min,0.026532713848593105,0.03280004511396348,0.036625799633887186,0.003656049628467246
mean_CO2Conc_10_20,StayGreen,-0.011114106340712103,0.013520219891065123,0.014129135390262327,0.0013319477146633172
mean_CO2Conc_10_20,PhyllFrmTassel,0.007060157111353602,0.007183500308769786,0.005840508963818682,0.0006294438443198418
mean_CO2Conc_10_20,Diffz,0.0011893626821777499,0.003024145475150149,0.004469616793141578,0.0003970434920558544
mean_CO2Conc_10_20,Diffx,-0.00032876645521799495,0.0028604311813497266,0.003881086747785508,0.0002931018206531128
mean_CO2Conc_120_200,n,-0.7600577519889969,0.7600577519889969,0.35334023077704535,0.03989037003002077
mean_CO2Conc_120_200,thetaS,-0.682229750665057,0.682229750665057,0.3670192633546323,0.04171225210258422
mean_CO2Conc_120_200,JuvenileLeaves,0.2900259774931546,0.2900259774931546,0.17148909853530162,0.019392260023458542
mean_CO2Conc_120_200,Ks,-0.17326700894325556,0.17326700894325556,0.19770330686708792,0.022287948418117726
mean_CO2Conc_120_200,thetaR,0.1325555076173043,0.1325555076173043,0.08209252889294584,0.009566832596644663
mean_CO2Conc_120_200,Alfa,0.12039845822182559,0.12047216898836166,0.12648928824762207,0.014459061739391512
mean_CO2Conc_120_200,LM_min,0.0713302987803982,0.07146847951718432,0.06252429118868935,0.00728167587213563
mean_CO2Conc_120_200,Rmax_LTIR,-0.02914200962398412,0.0380482979610083,0.04643529426662312,0.004487257178202501
mean_CO2Conc_120_200,Rmax_LTAR,-0.025312212221626756,0.03349733890469555,0.040072630213214354,0.003682042735011325
mean_CO2Conc_120_200,StayGreen,-0.004738562504956404,0.015791383531420372,0.023790256754203893,0.0021159544020413947
mean_CO2Conc_120_200,PhyllFrmTassel,0.006603747471492769,0.007482895016290471,0.00953355776296292,0.0010026153806831728
mean_CO2Conc_120_200,Diffz,0.0028297343360780248,0.004329981573787999,0.006866368383908515,0.0006912872983464681
mean_CO2Conc_120_200,Diffx,-0.0007085223761866727,0.0036542633764923386,0.00540400998209199,0.00047645551361953376
mean_CO2Conc_20_40,n,-0.8341656467250683,0.8341656467250683,0.33842260317156836,0.0382079674890719
mean_CO2Conc_20_40,thetaS,-0.7028585362675922,0.7028585362675922,0.32527675712697723,0.03836185882609857
mean_CO2Conc_20_40,JuvenileLeaves,0.23636638104898783,0.23636638104898783,0.12583190122520707,0.014167977668700772
mean_CO2Conc_20_40,thetaR,0.13826217472810404,0.13826217472810404,0.07193051674942987,0.00840099417749085
mean_CO2Conc_20_40,Rmax_LTAR,-0.06142259609363772,0.061929416599731474,0.046961371783266107,0.0051932186345070575
mean_CO2Conc_20_40,Ks,-0.04944981651257298,0.049563932385131126,0.03452633887471578,0.003957332364312998
mean_CO2Conc_20_40,Alfa,-0.03750813919157305,0.04079023918623126,0.03702114178243124,0.0037706606744407163
mean_CO2Conc_20_40,Rmax_LTIR,-0.024921867320340404,0.03699492044100434,0.04380538510699612,0.003850282381078577
mean_CO2Conc_20_40,LM_min,0.01997583146159043,0.028037885065753963,0.03345484883431074,0.003225199533566669
mean_CO2Conc_20_40,StayGreen,-0.011891487470110125,0.014283150133271007,0.014719407954581171,0.0013969093287532356
mean_CO2Conc_20_40,PhyllFrmTassel,0.007076283446283271,0.007164631780887793,0.005705459675075407,0.0006181746247787308
mean_CO2Conc_20_40,Diffz,0.0014431475218637292,0.003107271313399784,0.004567285105356569,0.00041288273456943083
mean_CO2Conc_20_40,Diffx,-0.0003868336344907221,0.0028932255556829655,0.0038967374841753816,0.00029336655861907606
mean_CO2Conc_80_120,n,-0.7736088490910129,0.7736088490910129,0.33062921451822097,0.03724451914905964
mean_CO2Conc_80_120,thetaS,-0.7510223148854186,0.7510223148854186,0.3386438449113686,0.03994732843804552
mean_CO2Conc_80_120,JuvenileLeaves,0.284011162993382,0.284011162993382,0.14526036062884462,0.016345244025076984
mean_CO2Conc_80_120,thetaR,0.14848561407202646,0.14848561407202646,0.07634872566496699,0.008868716980743785
mean_CO2Conc_80_120,Rmax_LTAR,-0.05557120017680975,0.05652241517626884,0.04584909543515446,0.004967250500178384
mean_CO2Conc_80_120,Ks,-0.04772917737127231,0.048039057433893056,0.037269018830353266,0.004233187275359609
mean_CO2Conc_80_120,Rmax_LTIR,-0.0312469694632471,0.04343437157783377,0.05060307378307062,0.004597787692751705
mean_CO2Conc_80_120,LM_min,0.03579949203402188,0.037801452838936725,0.03392555952788786,0.003739361537531861
mean_CO2Conc_80_120,Alfa,-0.0066054409616492435,0.023989920615462512,0.032365957145511465,0.002567966386351817
mean_CO2Conc_80_120,StayGreen,-0.011186460921485395,0.01455557465512804,0.01602104969183363,0.001470215978159996
mean_CO2Conc_80_120,PhyllFrmTassel,0.00722520255150815,0.0073256187442741994,0.005592526106728,0.0006084540723447624
mean_CO2Conc_80_120,Diffz,0.002252142645713954,0.0036404886806771244,0.005200178220196319,0.0004920838038599068
mean_CO2Conc_80_120,Diffx,-0.0005319594154873576,0.0030510870865092495,0.004176331275970834,0.0003178983006854752
mean_N2OConc_0_10,n,-0.9775922918516077,0.9775922918516077,0.23860855161557745,0.027472600559198083
mean_N2OConc_0_10,thetaS,0.3237445006266773,0.3237445006266773,0.19132432373623764,0.021937584059686478
mean_N2OConc_0_10,Alfa,-0.19723346855429993,0.19723346855429993,0.0976406648111366,0.011352769332199593
mean_N2OConc_0_10,JuvenileLeaves,-0.09659431575271214,0.11200608020624561,0.1237239859840569,0.01282437061285777
mean_N2OConc_0_10,Ks,-0.08470022498080143,0.08470022498080143,0.04855999953887273,0.005595169423441312
mean_N2OConc_0_10,LM_min,-0.05419033285210237,0.08328389047175323,0.10971414557539208,0.01013060075181806
mean_N2OConc_0_10,Rmax_LTAR,0.055577651985864625,0.06862299493371606,0.05910798938729078,0.004891773557816603
mean_N2OConc_0_10,thetaR,-0.06101326765195611,0.06130816554937653,0.049046432457856344,0.005391570989008197
mean_N2OConc_0_10,StayGreen,-0.021950964109022985,0.028089283986536935,0.03309483152351974,0.003199654379036008
mean_N2OConc_0_10,Rmax_LTIR,-0.0016049245813799938,0.006552266712421678,0.012671813840706496,0.0012699473600750447
mean_N2OConc_0_10,Diffz,-0.003987094708545937,0.004666014415071944,0.0046670312794226225,0.0004577463994580072
mean_N2OConc_0_10,Diffx,-0.0016948631622263324,0.0034386572895954808,0.004449211638267729,0.0003730014121768425
mean_N2OConc_0_10,PhyllFrmTassel,-0.0021794081378664846,0.0032213613634000196,0.0048353397930830004,0.0004668447068241175
mean_N2OConc_0_20,n,-0.9702880780382903,0.9702880780382903,0.2584002334040147,0.02958250103228154
mean_N2OConc_0_20,thetaS,0.36587176869495636,0.36587176869495636,0.20145151390129007,0.023191402318475517
mean_N2OConc_0_20,Alfa,-0.20676249497062407,0.20676249497062407,0.10069667384410105,0.011668805621579889
mean_N2OConc_0_20,JuvenileLeaves,-0.12742736350394723,0.1350901727002828,0.12771610304983022,0.013904214373963834
mean_N2OConc_0_20,LM_min,-0.07909931015241749,0.09664151495124017,0.11206651117983926,0.010970441768044566
mean_N2OConc_0_20,Ks,-0.08077298206009488,0.08077298206009488,0.04816085093838063,0.005515029116074679
mean_N2OConc_0_20,thetaR,-0.06896100279984628,0.06909011460619276,0.051315295448283504,0.005650733201826325
mean_N2OConc_0_20,Rmax_LTAR,0.04648218312250556,0.06199204131266119,0.06008925500518697,0.004944681838426458
mean_N2OConc_0_20,StayGreen,-0.023795706986896138,0.028629947123907897,0.03238084231509653,0.003209986313070017
mean_N2OConc_0_20,Rmax_LTIR,-0.0021445275903954624,0.007371106019911665,0.014270733163018249,0.0014275092346128975
mean_N2OConc_0_20,Diffz,-0.0035928120070367092,0.004327903851050505,0.004634412806744588,0.00045925187272659594
mean_N2OConc_0_20,PhyllFrmTassel,-0.002569621245130881,0.003630615589799872,0.005358932752551627,0.0005239622631550369
mean_N2OConc_0_20,Diffx,-0.001989449743672915,0.0035644555976434523,0.0046856397607842985,0.0004127155541827702
mean_N2OConc_0_200,n,-0.8615848073589818,0.8615848073589818,0.30877753243087736,0.03496599875474535
mean_N2OConc_0_200,thetaS,0.5866179544937128,0.5866179544937128,0.24816823414855674,0.028662475038861056
mean_N2OConc_0_200,Alfa,-0.3239462421974898,0.3239462421974898,0.14660027272901452,0.016672628854635167
mean_N2OConc_0_200,JuvenileLeaves,-0.2639311183735166,0.2639311183735166,0.1292543559576913,0.014535561647402172
mean_N2OConc_0_200,LM_min,-0.22744031808444343,0.22744031808444343,0.12876252800662966,0.01452564565655709
mean_N2OConc_0_200,thetaR,-0.10807844572025146,0.10807844572025146,0.049769714558486985,0.005590357571012148
mean_N2OConc_0_200,StayGreen,-0.06056096665741478,0.060834092505393185,0.05635051422194269,0.006476296729301078
mean_N2OConc_0_200,Rmax_LTAR,0.00801252584815978,0.049052108516486774,0.06733976918444273,0.0052997257627347425
mean_N2OConc_0_200,Ks,-0.028845354752891517,0.034024122781998685,0.0372793297428664,0.0036741062894020417
mean_N2OConc_0_200,Rmax_LTIR,-0.002887643823388957,0.0115156956189955,0.020220150894626133,0.0019084825043528917
mean_N2OConc_0_200,PhyllFrmTassel,-0.003063446430906842,0.004673811133286658,0.006321050192364876,0.0006055393391613211
mean_N2OConc_0_200,Diffx,-0.002307140841994387,0.003885393564272405,0.005305373578364388,0.0004796189755028149
mean_N2OConc_0_200,Diffz,-0.0017996917839814249,0.003579983204726193,0.00465512949549247,0.00041013946246561204
mean_N2OConc_10_20,n,-0.9689418220595716,0.9689418220595716,0.26128098032681957,0.02988577530814481
mean_N2OConc_10_20,thetaS,0.37215743742581875,0.37215743742581875,0.20308623482563049,0.023395054645743756
mean_N2OConc_10_20,Alfa,-0.20815846044377465,0.20815846044377465,0.10117931739646958,0.011718225726044812
mean_N2OConc_10_20,JuvenileLeaves,-0.13207823772409913,0.1388952130170374,0.12855064716613676,0.014071303790459058
mean_N2OConc_10_20,LM_min,-0.08285257827982884,0.09892663609556086,0.1125218991982277,0.011115506215839763
mean_N2OConc_10_20,Ks,-0.08015527761767781,0.08015527761767781,0.04809359012668258,0.0055018879129984525
mean_N2OConc_10_20,thetaR,-0.07014604712754836,0.07025782545725667,0.051709572901541954,0.005695065704617611
mean_N2OConc_10_20,Rmax_LTAR,0.045088773964346525,0.06106814148626962,0.060319711826868655,0.004963193665994525
mean_N2OConc_10_20,StayGreen,-0.024068103580351087,0.028723635064548697,0.032278873915480476,0.0032116629792628823
mean_N2OConc_10_20,Rmax_LTIR,-0.002225666367650621,0.0075009268225229644,0.014527960388755722,0.001452910320848792
mean_N2OConc_10_20,Diffz,-0.0035320875145866326,0.004284144138132629,0.004646100058727683,0.00046051951175846877
mean_N2OConc_10_20,PhyllFrmTassel,-0.0026282226526819583,0.003696778888980927,0.005452217384808761,0.0005340893799102538
mean_N2OConc_10_20,Diffx,-0.0020338377729544393,0.0036097907816701634,0.004751361516306632,0.000420059189140846
mean_N2OConc_120_200,n,-0.7539666258802138,0.7539666258802138,0.2895638530177656,0.03267566208868581
mean_N2OConc_120_200,thetaS,0.6461306977728554,0.6461306977728554,0.27692141557623673,0.03174328793094238
mean_N2OConc_120_200,Alfa,-0.39705817708189484,0.39705817708189484,0.17780604825974353,0.020089934156660362
mean_N2OConc_120_200,JuvenileLeaves,-0.31665397873800083,0.31665397873800083,0.15420173443940258,0.01715098781742258
mean_N2OConc_120_200,LM_min,-0.2922527172661107,0.2922527172661107,0.16669170292028224,0.018879974888236974
mean_N2OConc_120_200,thetaR,-0.12006691747926501,0.12006691747926501,0.05507657912731585,0.006182694549304498
mean_N2OConc_120_200,StayGreen,-0.085632657238321,0.0865457726005143,0.08469618281529549,0.009696055558868938
mean_N2OConc_120_200,Rmax_LTAR,-2.527370290483777e-07,0.06587259743871016,0.08769300815188776,0.006549743952346803
mean_N2OConc_120_200,Ks,0.013145333210831186,0.031250740043187224,0.03878519141842203,0.0030534233396547336
mean_N2OConc_120_200,Rmax_LTIR,-0.0025085953811646473,0.01396692889405534,0.02442889977805476,0.0022961538010720928
mean_N2OConc_120_200,PhyllFrmTassel,-0.0027187586855868845,0.005374729859779325,0.0074311703951178715,0.0006749638093673244
mean_N2OConc_120_200,Diffz,-0.0020372571349540846,0.004330696459800248,0.005734151328283401,0.0004990884345855624
mean_N2OConc_120_200,Diffx,-0.0023548059336876235,0.004274356537401074,0.005845910928165462,0.0005099659083874745
mean_N2OConc_20_40,n,-0.942327604128371,0.942327604128371,0.3008109574212246,0.03412354857278934
mean_N2OConc_20_40,thetaS,0.4725042543204628,0.4725042543204628,0.21247444396822107,0.024732692237595374
mean_N2OConc_20_40,Alfa,-0.24763296851028457,0.24763296851028457,0.11429178316801586,0.013101879029083987
mean_N2OConc_20_40,JuvenileLeaves,-0.20474859236073503,0.20493939622813642,0.12226795986016717,0.013855127755585554
mean_N2OConc_20_40,LM_min,-0.14882496880010387,0.1497931554300349,0.10467774721207802,0.011545084602456788
mean_N2OConc_20_40,thetaR,-0.08693535083315418,0.08693535083315418,0.048079875681623,0.005356836479653734
mean_N2OConc_20_40,Ks,-0.0633122986311708,0.0633122986311708,0.042356800866982465,0.004789273412156969
mean_N2OConc_20_40,Rmax_LTAR,0.022989891767548093,0.04562197023017426,0.05997825080354409,0.005071012016549012
mean_N2OConc_20_40,StayGreen,-0.03219372749322071,0.03358742833734684,0.0322664632703699,0.0035430548542660367
mean_N2OConc_20_40,Rmax_LTIR,-0.003696886467221354,0.00914920521792941,0.016943505833404204,0.001678341498182735
mean_N2OConc_20_40,PhyllFrmTassel,-0.0032814288079597415,0.004379826277634757,0.006015837128213773,0.000598888807936882
mean_N2OConc_20_40,Diffx,-0.0023990029232269006,0.0038484818198535496,0.005180481276992003,0.00048168494729276806
mean_N2OConc_20_40,Diffz,-0.0022391622775405563,0.003475489016694285,0.004457677239065651,0.000417336790050955
mean_N2OConc_80_120,n,-0.8638956365832585,0.8638956365832585,0.3102615641037179,0.03512143861424832
mean_N2OConc_80_120,thetaS,0.5942524206728897,0.5942524206728897,0.250996886106282,0.02894144934513441
mean_N2OConc_80_120,Alfa,-0.30751559972735726,0.30751559972735726,0.1406017077113124,0.0159300189676009
mean_N2OConc_80_120,JuvenileLeaves,-0.2553678965401231,0.2553678965401231,0.12535235052648153,0.014076174051080382
mean_N2OConc_80_120,LM_min,-0.22120228020474628,0.22120228020474628,0.12349586707891903,0.013970657044418923
mean_N2OConc_80_120,thetaR,-0.1086816001499719,0.1086816001499719,0.05005360812822341,0.0056137649400356164
mean_N2OConc_80_120,StayGreen,-0.05695214777394439,0.05702432228774368,0.05124957255860058,0.005935771669461257
mean_N2OConc_80_120,Rmax_LTAR,0.003918614226854171,0.04588125389366896,0.06323517981850192,0.004928618712360053
mean_N2OConc_80_120,Ks,-0.03746040731151608,0.03938714951332493,0.03709703694647509,0.003960576352138138
mean_N2OConc_80_120,Rmax_LTIR,-0.002874231759347032,0.011126680666816385,0.019135222797735604,0.001787399387764597
mean_N2OConc_80_120,PhyllFrmTassel,-0.003169219788555661,0.004419688565698941,0.006047805039631625,0.0006019682591008664
mean_N2OConc_80_120,Diffx,-0.002181993234454764,0.0038958774696427573,0.0053614422213058245,0.00048264008502034255
mean_N2OConc_80_120,Diffz,-0.0012219068952138634,0.003321898613355112,0.00454697735271097,0.00039091888549606826
mean_NH4N_0_10,thetaS,0.7466173960556935,0.7477131366201788,0.3159822842432349,0.037077328385841164
mean_NH4N_0_10,n,-0.5197897785126906,0.5218960001100945,0.25553189744199284,0.028476134481638993
mean_NH4N_0_10,LM_min,-0.4680384109798759,0.47485049192259415,0.24839616446824062,0.026255133896929843
mean_NH4N_0_10,JuvenileLeaves,-0.4300544970561332,0.43283966393807344,0.22044760541969077,0.024240624021348373
mean_NH4N_0_10,Rmax_LTAR,-0.10537996510386864,0.13836247003220048,0.15173613531906058,0.013938309382693971
mean_NH4N_0_10,StayGreen,-0.12381693277727691,0.12571126744070057,0.11489323602022994,0.01263577637482549
mean_NH4N_0_10,Ks,-0.11943405526085599,0.12411136179367555,0.08052921495593689,0.008161231066311581
mean_NH4N_0_10,Alfa,0.09152964748913982,0.1014805600794066,0.0853517319696494,0.008327284925072072
mean_NH4N_0_10,thetaR,-0.0885411068904686,0.09842946211577164,0.08055586172592787,0.007630468756584286
mean_NH4N_0_10,Diffz,-0.05852614451970185,0.05946669134378096,0.0396490145777133,0.004212044764045021
mean_NH4N_0_10,Rmax_LTIR,-0.022765800640378638,0.03665204936172827,0.0625456584062087,0.006517159862501047
mean_NH4N_0_10,Diffx,-0.004479232336612346,0.018807207019106844,0.029157378761775404,0.0025868488198386094
mean_NH4N_0_10,PhyllFrmTassel,-0.01114578240857314,0.016988328312988472,0.025480283869831772,0.0025591360490846466
mean_NH4N_0_20,thetaS,0.7092814415737908,0.7176129165988615,0.3276768994466424,0.03621020394573097
mean_NH4N_0_20,LM_min,-0.5031926790387153,0.5206572679144231,0.3004926202193646,0.030214563390047532
mean_NH4N_0_20,n,-0.4756194091977351,0.48750625817481,0.27214686858403325,0.02812913851239535
mean_NH4N_0_20,JuvenileLeaves,-0.39534358585785856,0.41108979693640163,0.25446442480686765,0.025635576117767008
mean_NH4N_0_20,StayGreen,-0.1580262706375268,0.16187000900170503,0.14291707258542016,0.015523143233655537
mean_NH4N_0_20,Rmax_LTAR,-0.057819924949413265,0.1548301189757649,0.20158830221182056,0.015447021420812895
mean_NH4N_0_20,Ks,-0.11540797740120169,0.1317964304760768,0.11885357704134936,0.011048232021026743
mean_NH4N_0_20,Alfa,0.1069439779851534,0.12363844322806047,0.12511497928670012,0.01194511929156319
mean_NH4N_0_20,thetaR,-0.07351928952890609,0.1083089368870993,0.1243843820096381,0.010457811464361541
mean_NH4N_0_20,Rmax_LTIR,-0.03773420558605569,0.054966386882407195,0.08061385692333926,0.008216660402522046
mean_NH4N_0_20,Diffz,-0.038351871194363944,0.047777108427648436,0.060030754943469766,0.006068180837094415
mean_NH4N_0_20,Diffx,-0.005836984116353915,0.028202180477903235,0.05234367981126157,0.005042642291355677
mean_NH4N_0_20,PhyllFrmTassel,-0.012895049530024983,0.018468480127452225,0.02891581059162781,0.002988895350975998
mean_NH4N_0_200,n,0.6392553400294396,0.6458552265190417,0.40999737465144176,0.04549527178063313
mean_NH4N_0_200,LM_min,-0.40739235117459116,0.44013691464836235,0.3349727234709236,0.03327183898303698
mean_NH4N_0_200,Rmax_LTAR,-0.29698812099553473,0.3661575102318057,0.33429470964445307,0.030176580081660104
mean_NH4N_0_200,JuvenileLeaves,0.29451317054544307,0.35186992952395085,0.33828203242570537,0.031936122726914457
mean_NH4N_0_200,thetaS,-0.20962533626284172,0.2848127748470896,0.3289007785067911,0.030754892519325512
mean_NH4N_0_200,StayGreen,-0.20960546917193332,0.2232653456552874,0.21056840273970256,0.022827525644806657
mean_NH4N_0_200,Alfa,0.062708697381623,0.15941915521498592,0.2350824415684819,0.020104388352274294
mean_NH4N_0_200,thetaR,0.04042174094194537,0.11329712725648941,0.1912534363986288,0.018550986755914708
mean_NH4N_0_200,Rmax_LTIR,-0.0715061148429767,0.11237833552179133,0.157455943190097,0.01457823470675337
mean_NH4N_0_200,Ks,0.013166857650969725,0.08094880109779687,0.12540337154222317,0.01083139546184565
mean_NH4N_0_200,Diffx,0.013919968074164174,0.052696571352544526,0.09765916853747436,0.008847078146053558
mean_NH4N_0_200,Diffz,-0.008383767840873288,0.04575685886916833,0.08532894936706208,0.008340797519221753
mean_NH4N_0_200,PhyllFrmTassel,-0.00398342709760527,0.005321203726192681,0.012777106326952717,0.0013328671650939647
mean_NH4N_10_20,thetaS,0.6608422621010289,0.6854194614126283,0.36684482212282704,0.03679153702121825
mean_NH4N_10_20,LM_min,-0.5161018212418749,0.5533135905634324,0.3594795879779406,0.03363044206283878
mean_NH4N_10_20,n,-0.4204000621489079,0.45986403034458384,0.3245806287431807,0.029990895219013818
mean_NH4N_10_20,JuvenileLeaves,-0.3522742518266418,0.4002016478015968,0.31663223123536655,0.02801958350600568
mean_NH4N_10_20,Rmax_LTAR,-0.01875569939146721,0.19055543193251528,0.2656541134039476,0.020842965918274732
mean_NH4N_10_20,StayGreen,-0.1816279061140365,0.18937531535391963,0.16820403942404363,0.017958561372697628
mean_NH4N_10_20,Alfa,0.12081090811926487,0.14890132999463146,0.18086205269423408,0.017411592751424305
mean_NH4N_10_20,Ks,-0.10984973254953545,0.1392884245084463,0.14962881443694467,0.013299241389325723
mean_NH4N_10_20,thetaR,-0.05939440909730422,0.12269212509960543,0.1645071798643205,0.013504452241984738
mean_NH4N_10_20,Rmax_LTIR,-0.049119971912177235,0.07077013301313959,0.0995505422211288,0.009985557142048612
mean_NH4N_10_20,Diffz,-0.02005345311076903,0.0443032104336352,0.0793609945215661,0.008009954465132583
mean_NH4N_10_20,Diffx,-0.006280439323592371,0.036231005060976526,0.07090632100993702,0.006958025923793577
mean_NH4N_10_20,PhyllFrmTassel,-0.013709519568661626,0.019693607843224475,0.03177332158559874,0.0033502551129919868
mean_NH4N_120_200,n,0.6693114753875196,0.6719002885899243,0.3183690983982013,0.03483666151975502
mean_NH4N_120_200,Rmax_LTAR,-0.4971565965776811,0.5180942034967977,0.32808663540857824,0.03385026978868057
mean_NH4N_120_200,thetaS,-0.43573498216720385,0.45071007547465625,0.2966953735638278,0.030063909372068206
mean_NH4N_120_200,LM_min,-0.3665942308134364,0.38236325787321057,0.267485110217344,0.028395505855416444
mean_NH4N_120_200,JuvenileLeaves,0.2226335677769326,0.2396845316569514,0.19307599433736464,0.019466996532798667
mean_NH4N_120_200,Alfa,-0.14786038329853335,0.1794979118307782,0.20382863437147514,0.019756402359501785
mean_NH4N_120_200,StayGreen,-0.16946064635356406,0.1775253205356104,0.17521704273917293,0.019598639531041604
mean_NH4N_120_200,Ks,0.09632145820252581,0.10977336718324816,0.10145893180048964,0.009970999026194985
mean_NH4N_120_200,thetaR,0.05492415893870629,0.0949201931613924,0.14065772834238963,0.01298578666069904
mean_NH4N_120_200,Rmax_LTIR,-0.046465263286813184,0.07256013259031151,0.10288902569745503,0.009624371821747729
mean_NH4N_120_200,Diffx,0.019575936139577768,0.042294357486339855,0.06640204908030704,0.005946653512927708
mean_NH4N_120_200,Diffz,-0.01056182908847809,0.03532465046809186,0.0700666248275974,0.0069019401982971474
mean_NH4N_120_200,PhyllFrmTassel,-0.00022244165049264172,0.0004809759121781917,0.0010484457334363731,0.00011071889615691042
mean_NH4N_20_40,LM_min,-0.3901189466584858,0.5234843033333221,0.49641112964174666,0.039382796621829
mean_NH4N_20_40,JuvenileLeaves,0.32303824221326627,0.46231610905582965,0.5081085561378572,0.045367262361195655
mean_NH4N_20_40,n,0.07709704906147431,0.4050452849615791,0.5277952772743216,0.041237760467891585
mean_NH4N_20_40,Rmax_LTAR,0.08142921892219487,0.38353025144368547,0.49609926439352836,0.03646743763403104
mean_NH4N_20_40,thetaS,0.08040554900606466,0.343134195982133,0.44949918680520934,0.034204900474330585
mean_NH4N_20_40,Alfa,0.20664487489851135,0.2847322952148114,0.333499183990415,0.030048923287977185
mean_NH4N_20_40,StayGreen,-0.24883093695511452,0.28453799483487263,0.28737009085650883,0.02851240933406444
mean_NH4N_20_40,Rmax_LTIR,-0.12101634046284956,0.17706043904670643,0.24368796008103913,0.02330029383230151
mean_NH4N_20_40,thetaR,0.06298212310501808,0.16344065001015495,0.2569411075254249,0.02415988164511005
mean_NH4N_20_40,Ks,-0.05692261666627481,0.15946873157373076,0.22706208978154974,0.01912948192842632
mean_NH4N_20_40,Diffx,0.005955016510994365,0.08304131967961065,0.16384592590184996,0.015638807040374084
mean_NH4N_20_40,Diffz,0.022287816734818507,0.07751634415819715,0.13795966635028853,0.013979960830619271
mean_NH4N_20_40,PhyllFrmTassel,-0.00855485818502579,0.009747396073659481,0.0272850274770492,0.0030033989753859157
mean_NH4N_80_120,n,0.7465936031486068,0.7518518759212692,0.44055135689541725,0.04944977731025892
mean_NH4N_80_120,JuvenileLeaves,0.3910512924843677,0.41606797034796605,0.357143478530367,0.03603728774923401
mean_NH4N_80_120,thetaS,-0.2453969830610245,0.3199364603688746,0.35584761726804515,0.032655401719189805
mean_NH4N_80_120,LM_min,-0.12911993015814335,0.25451455670621187,0.3207728257633735,0.027683356663052647
mean_NH4N_80_120,Alfa,0.1778864134465684,0.21926818033693393,0.20761776976272184,0.017998811145089198
mean_NH4N_80_120,Rmax_LTAR,-0.09076356694850898,0.21240884908078778,0.2633646103348282,0.020796253992929593
mean_NH4N_80_120,StayGreen,-0.105656572843923,0.13368905463922398,0.1670922960982139,0.016570465238342415
mean_NH4N_80_120,thetaR,0.031235025609312957,0.10914226269582407,0.17348261807870713,0.015512459385839244
mean_NH4N_80_120,Rmax_LTIR,-0.03312914880853178,0.08309055850430135,0.12999275075459824,0.011708656328057471
mean_NH4N_80_120,Ks,-0.019205846829919965,0.07597882786595851,0.11900228360875693,0.01086196293826088
mean_NH4N_80_120,Diffx,0.006021846475449162,0.0427217958026631,0.08703050198271177,0.008286962997701604
mean_NH4N_80_120,Diffz,0.005493467159696177,0.039463027702762714,0.07514288250502593,0.007307012963082526
mean_NH4N_80_120,PhyllFrmTassel,0.00016706713791519306,0.0017686341455651533,0.0038010608786085754,0.0003759241319537879
mean_NO3N_0_10,n,0.7575953282156642,0.7575953282156642,0.3414676699551302,0.03909660241261968
mean_NO3N_0_10,LM_min,-0.43484159661257726,0.43484159661257726,0.2483732862653436,0.02789325829244549
mean_NO3N_0_10,JuvenileLeaves,-0.4333653727269778,0.4333653727269778,0.24312136012505162,0.027462089245776884
mean_NO3N_0_10,thetaR,-0.3033238143213018,0.3033238143213018,0.17528626105376804,0.019040656486534198
mean_NO3N_0_10,Alfa,0.251542832432475,0.251542832432475,0.15077068790672302,0.01731945540680358
mean_NO3N_0_10,thetaS,-0.10860203827105351,0.2164794508212441,0.25264936175917974,0.019405842390889317
mean_NO3N_0_10,Rmax_LTAR,-0.060751629951969616,0.12182452336336055,0.15551343527902128,0.013076402682071546
mean_NO3N_0_10,StayGreen,-0.11562923459833348,0.11967974845761849,0.1183743922398633,0.012750018550630791
mean_NO3N_0_10,Diffz,-0.0773533285726713,0.07813410856596859,0.05081373271223331,0.005542501245869596
mean_NO3N_0_10,Ks,-0.05712983041232711,0.06922803722224082,0.08266397931836242,0.008361779353785341
mean_NO3N_0_10,Rmax_LTIR,-0.024215276254670116,0.042596491934914944,0.0746592472386227,0.007607380464462132
mean_NO3N_0_10,Diffx,-0.0034087652009248985,0.022494847818285,0.035202706539290474,0.0030538600515053345
mean_NO3N_0_10,PhyllFrmTassel,-0.014392512993464734,0.02184058650219918,0.03442249414336952,0.0034276241946977837
mean_NO3N_0_20,n,0.7844911860499578,0.7844911860499578,0.3327042844549445,0.03828513984921852
mean_NO3N_0_20,LM_min,-0.43437413858014073,0.44067741272057975,0.26095189951341013,0.027810235685332692
mean_NO3N_0_20,JuvenileLeaves,-0.3745126562150573,0.3756607620958519,0.22380591929167468,0.025668699563419994
mean_NO3N_0_20,Alfa,0.2826801128953572,0.2829377039730271,0.17472390994218648,0.019708073102667832
mean_NO3N_0_20,thetaR,-0.26853610650555215,0.2713388288067538,0.1656720154781609,0.017887400049586645
mean_NO3N_0_20,thetaS,-0.15579502961557679,0.19153894055023174,0.1955783357258663,0.018815740110184897
mean_NO3N_0_20,StayGreen,-0.13944455334602257,0.1441945531897109,0.14166211491309502,0.015367615621313524
mean_NO3N_0_20,Rmax_LTAR,-0.010075961250851383,0.13726699100764916,0.1854172819536985,0.01395573630696487
mean_NO3N_0_20,Ks,-0.05650957406339436,0.07674916869595001,0.0933404644956346,0.008709075266485181
mean_NO3N_0_20,Rmax_LTIR,-0.03796271821641524,0.05580999786279341,0.09085747000817213,0.009445787799043405
mean_NO3N_0_20,Diffz,-0.04708528022218516,0.054262139455133085,0.05928777368323187,0.0061912036504742215
mean_NO3N_0_20,Diffx,-0.004360606112453518,0.02869104978776126,0.052826702714367665,0.004950125766083359
mean_NO3N_0_20,PhyllFrmTassel,-0.014401188847875354,0.02061934922345941,0.032617637825325715,0.003327800750273684
mean_NO3N_0_200,n,0.8728514190323925,0.8728514190323925,0.3093802151299796,0.03526912866391961
mean_NO3N_0_200,thetaS,-0.4104327256328864,0.4104327256328864,0.16288839693943896,0.018215868483406606
mean_NO3N_0_200,Rmax_LTAR,-0.3645063584665673,0.3645063584665673,0.18315483565671087,0.020434880379439968
mean_NO3N_0_200,LM_min,-0.3114557953058955,0.3114557953058955,0.18707114600981425,0.02114243185066662
mean_NO3N_0_200,thetaR,-0.23443078249836793,0.23443078249836793,0.11786125837232032,0.013048110644107784
mean_NO3N_0_200,StayGreen,-0.13360718316144618,0.13435035710958104,0.11914550558494659,0.013938206630741672
mean_NO3N_0_200,JuvenileLeaves,0.12725274300530348,0.13045181411818335,0.09033575218720066,0.00968111282992565
mean_NO3N_0_200,Alfa,0.0552072253874107,0.05977856470584633,0.05669588800357665,0.005888874482589607
mean_NO3N_0_200,Ks,0.034855514632481,0.037886266685815684,0.02956966655974802,0.002913612269552287
mean_NO3N_0_200,Rmax_LTIR,-0.026552896713321353,0.03581430364815579,0.03986401875088377,0.00363070906658135
mean_NO3N_0_200,Diffz,-0.006781024581067891,0.013091627326038137,0.020291168344270773,0.0018700752438889235
mean_NO3N_0_200,Diffx,-0.0022087311138773466,0.012148468756083549,0.02229620211006294,0.0020873517278270437
mean_NO3N_0_200,PhyllFrmTassel,-0.0009993879003324065,0.0012451899606669096,0.001965363160741722,0.00020815448843807734
mean_NO3N_10_20,n,0.7822004109991281,0.7822004109991281,0.332051237510634,0.038187454267052494
mean_NO3N_10_20,LM_min,-0.42645392403671595,0.44500631958952475,0.2894080570945303,0.02889258943886028
mean_NO3N_10_20,JuvenileLeaves,-0.3284198324278345,0.34383578467782855,0.2591791907200907,0.02751984943819093
mean_NO3N_10_20,Alfa,0.2962265113596363,0.29700404876269915,0.19144652552915206,0.021430623012439674
mean_NO3N_10_20,thetaR,-0.23804992571550174,0.24718125859266232,0.1625744238396803,0.016768710965961317
mean_NO3N_10_20,thetaS,-0.17876699686569628,0.20439408891713667,0.2075200300676728,0.021014220740248193
mean_NO3N_10_20,Rmax_LTAR,0.022585610382744314,0.15940919769628134,0.21529348695265835,0.016440049502558486
mean_NO3N_10_20,StayGreen,-0.1521139456812006,0.15917708799454403,0.1568396125418515,0.016816473208535576
mean_NO3N_10_20,Ks,-0.05588783954883592,0.08240734319437516,0.10454222996446594,0.009438503403921208
mean_NO3N_10_20,Rmax_LTIR,-0.046553476583711985,0.06566797035266998,0.10450897909542578,0.010947008076262537
mean_NO3N_10_20,Diffz,-0.0246359186849716,0.04234419902001882,0.06914243633451181,0.007067105080521009
mean_NO3N_10_20,Diffx,-0.004868395800464962,0.03315758310800467,0.06447636472480733,0.006186014683876803
mean_NO3N_10_20,PhyllFrmTassel,-0.013990790213797743,0.01947266899548803,0.03226241597393219,0.0033660745949679488
mean_NO3N_120_200,n,0.8424336178179237,0.8424336178179237,0.3122186409290811,0.03542068140943351
mean_NO3N_120_200,Rmax_LTAR,-0.44032425480954357,0.44032425480954357,0.23468899381384847,0.026079537940693235
mean_NO3N_120_200,thetaS,-0.3947830603476889,0.3947830603476889,0.16694544011419143,0.01875827564003099
mean_NO3N_120_200,LM_min,-0.31831380868798825,0.3187608310966765,0.2188649367199259,0.024828682758276314
mean_NO3N_120_200,thetaR,-0.24715058080357077,0.24715058080357077,0.13508133799846633,0.015170896508060118
mean_NO3N_120_200,JuvenileLeaves,0.13841801535831158,0.14048467220837163,0.10210117802213593,0.011205135503913255
mean_NO3N_120_200,StayGreen,-0.13434333647329075,0.1384315805536663,0.13002993147615666,0.014760883436350736
mean_NO3N_120_200,Ks,0.048612890879263064,0.057960468093841325,0.05329209234179214,0.00488697942434344
mean_NO3N_120_200,Alfa,-0.004254899768728898,0.05150732831098845,0.08094858909155773,0.006686963379691581
mean_NO3N_120_200,Rmax_LTIR,-0.021964476387160106,0.03823816677793355,0.049963220751671845,0.0042777919342916635
mean_NO3N_120_200,Diffx,-0.002901227778906274,0.02053476883805365,0.041164844931184816,0.0039278754552503434
mean_NO3N_120_200,Diffz,-0.00787879151149531,0.019159712183168098,0.03600300894294741,0.003589228402216022
mean_NO3N_120_200,PhyllFrmTassel,-3.101988792253187e-05,4.615528074800961e-05,0.00020853816942191248,2.356256229611252e-05
mean_NO3N_20_40,n,0.8568390714041823,0.8568390714041823,0.33030299640285926,0.03736043712885017
mean_NO3N_20_40,thetaS,-0.5053209484486749,0.5053209484486749,0.22435302237337137,0.02535221611592583
mean_NO3N_20_40,Alfa,0.2701848891637974,0.27407842519002534,0.19365101326451223,0.020837685241818074
mean_NO3N_20_40,LM_min,-0.16911789458716042,0.2179490384334209,0.21672695601388386,0.018562466810289578
mean_NO3N_20_40,JuvenileLeaves,0.15351289483276911,0.20653568237821307,0.228168244497486,0.021282750944632618
mean_NO3N_20_40,Rmax_LTAR,0.06622667223828546,0.1789368077245636,0.22938103575846353,0.017647753230076075
mean_NO3N_20_40,thetaR,-0.09855428786567745,0.13666766379781178,0.13826710624746902,0.011303460192064739
mean_NO3N_20_40,StayGreen,-0.11068789591871142,0.12732032493531306,0.14258619480217838,0.014570361616924212
mean_NO3N_20_40,Rmax_LTIR,-0.05326620342771313,0.08170882558590753,0.12133338287362518,0.011592229264173361
mean_NO3N_20_40,Ks,-0.00963475586794957,0.0647553692647642,0.10750748489674769,0.009745379244002771
mean_NO3N_20_40,Diffx,-0.0018186293655549299,0.03946637775344923,0.07754401047157217,0.007331579424087866
mean_NO3N_20_40,Diffz,0.010974709030694195,0.038803787338113994,0.07732349818132411,0.007915559139053065
mean_NO3N_20_40,PhyllFrmTassel,-0.004168272406863087,0.004483850969471325,0.009674683659957384,0.001080581906962323
mean_NO3N_80_120,n,0.8895446989165116,0.8895446989165116,0.32064410048538455,0.0372967959402164
mean_NO3N_80_120,thetaS,-0.40684294890128314,0.4072469642620318,0.2152046346013416,0.023933938553235747
mean_NO3N_80_120,Alfa,0.2589389653888469,0.2599940109352437,0.1530653352395494,0.016508964626183145
mean_NO3N_80_120,LM_min,-0.22341480750751289,0.23218277520992425,0.1784346150629373,0.018921400190122072
mean_NO3N_80_120,JuvenileLeaves,0.1717987649071665,0.19455424834874566,0.18298710951537056,0.017542312467229048
mean_NO3N_80_120,Rmax_LTAR,-0.10818629178616268,0.16345499661910678,0.17963514103128667,0.01501515755468462
mean_NO3N_80_120,thetaR,-0.14851549875067824,0.1587972330044085,0.12480902042084237,0.01240589122453784
mean_NO3N_80_120,StayGreen,-0.10443977878288278,0.11325750022731161,0.11592104426274134,0.012211544191780001
mean_NO3N_80_120,Rmax_LTIR,-0.03288443649879834,0.06396848239413493,0.09729892959014565,0.008936322518974507
mean_NO3N_80_120,Ks,-0.02157757140194706,0.05300768256333333,0.08365353942626078,0.007992815228805156
mean_NO3N_80_120,Diffx,0.003965443468505801,0.030030100204365945,0.05386524306125516,0.00495927824074221
mean_NO3N_80_120,Diffz,0.003982065612534962,0.027819032156420783,0.04979615086947977,0.004710106886722817
mean_NO3N_80_120,PhyllFrmTassel,-0.0009034140867118882,0.0010045228591981793,0.002448316166666658,0.0002730303726088039
mean_O2Conc_0_10,n,-0.3251156789923579,0.6046993162285978,0.6800532991906424,0.049799649324547716
mean_O2Conc_0_10,thetaS,0.29393132302574204,0.5862445278144052,0.6482361071848488,0.04551862328975138
mean_O2Conc_0_10,JuvenileLeaves,-0.5026088257792277,0.5026088257792277,0.38440165069182797,0.04316032158224672
mean_O2Conc_0_10,Alfa,-0.24236977107433139,0.24863915797228808,0.38767164934522513,0.04428359034732371
mean_O2Conc_0_10,thetaR,-0.0753632322096868,0.15924428275688446,0.2152156334875036,0.017956507492322096
mean_O2Conc_0_10,LM_min,-0.10276196940573434,0.12470256872018126,0.16226087757061727,0.016262155989497495
mean_O2Conc_0_10,Rmax_LTAR,0.06430935966041154,0.09285164158886185,0.14366364615439883,0.014724588871562229
mean_O2Conc_0_10,Rmax_LTIR,0.05637674413614365,0.07605978101463537,0.1318910723270916,0.013305241624449893
mean_O2Conc_0_10,Ks,0.026678545070917246,0.04226807997929556,0.07714467264172546,0.007982738006248003
mean_O2Conc_0_10,StayGreen,0.014186861394678996,0.036087550029787085,0.059013153120474136,0.005451643020855378
mean_O2Conc_0_10,PhyllFrmTassel,-0.013363353749692738,0.014017207283313663,0.025955394052461632,0.002709853104849434
mean_O2Conc_0_10,Diffx,-0.0003681050714054134,0.009033149823720023,0.026112861644245564,0.002763260399105432
mean_O2Conc_0_10,Diffz,0.00017540857671492733,0.006990868667977681,0.015927171103247106,0.0016691910327252138
mean_O2Conc_0_20,JuvenileLeaves,-0.6968612648206627,0.6968612648206627,0.330960952914647,0.03700749874807346
mean_O2Conc_0_20,thetaS,0.6220129415660425,0.6484939998650187,0.40257947343999806,0.04046608419203291
mean_O2Conc_0_20,n,-0.1889343760166177,0.3286383363102562,0.4208075853392328,0.03532462386243359
mean_O2Conc_0_20,Alfa,-0.21233098065952816,0.21872606443114218,0.25202288420468394,0.029146963751304357
mean_O2Conc_0_20,LM_min,-0.19868641087252026,0.19876567235675646,0.12858545667115107,0.014865185183478371
mean_O2Conc_0_20,thetaR,-0.13144366529909604,0.1512623684395874,0.12673219895448487,0.01159461419693645
mean_O2Conc_0_20,Rmax_LTAR,0.10428158341380594,0.12072433903045084,0.13863961913015302,0.014071573432132937
mean_O2Conc_0_20,Rmax_LTIR,0.06051455086768691,0.1009221669044281,0.13388268451316826,0.011492999480221613
mean_O2Conc_0_20,StayGreen,-0.028586846960241486,0.04362020887981059,0.05677511921796297,0.005236777168693913
mean_O2Conc_0_20,Ks,0.015581925746619174,0.035991112485226046,0.050046974921037726,0.004386866606004282
mean_O2Conc_0_20,PhyllFrmTassel,-0.017379379844519253,0.018837826133938494,0.022273226805407602,0.002275908952224982
mean_O2Conc_0_20,Diffx,0.0001896844888603882,0.010032284422817015,0.015515078430993366,0.0013717601456966907
mean_O2Conc_0_20,Diffz,0.0015192969807689373,0.009825423623860087,0.016730628112811535,0.0015825987713512773
mean_O2Conc_0_200,thetaS,0.84239928791694,0.84239928791694,0.337361777757372,0.039066892741128276
mean_O2Conc_0_200,JuvenileLeaves,-0.6458477580762986,0.6458477580762986,0.31147592567304655,0.03476324096324559
mean_O2Conc_0_200,n,0.21460857046558762,0.23643002418468537,0.2160691199714897,0.021344950624560193
mean_O2Conc_0_200,thetaR,-0.16988224306347002,0.16988224306347002,0.08424153102076137,0.00951754498279874
mean_O2Conc_0_200,LM_min,-0.14546395218971114,0.14561504296756028,0.09131513998519873,0.010459388773246144
mean_O2Conc_0_200,Alfa,-0.1048824807322881,0.10498577768858049,0.06823663670636161,0.007873301239061683
mean_O2Conc_0_200,Rmax_LTIR,0.06956523276166186,0.09754627357743052,0.10892015682630492,0.009455361954589047
mean_O2Conc_0_200,Rmax_LTAR,0.06940104090679432,0.08123863718642722,0.10361615967992885,0.010709902797156074
mean_O2Conc_0_200,Ks,0.026280860976382648,0.029622551409216793,0.026208656506408145,0.0024400131389954124
mean_O2Conc_0_200,StayGreen,-0.011964342443933974,0.02271128071314834,0.030621211503322567,0.0026557293272103117
mean_O2Conc_0_200,PhyllFrmTassel,-0.013052747497641974,0.013271682889873376,0.011372769295273005,0.0012274917063726074
mean_O2Conc_0_200,Diffx,0.0007445547046090402,0.006914232821432331,0.010157612538505134,0.0008062237959832189
mean_O2Conc_0_200,Diffz,-0.00046656328195736904,0.006398552919234856,0.010271651469943861,0.0008927859951370834
mean_O2Conc_10_20,JuvenileLeaves,-0.7078771581246266,0.7078771581246266,0.32337739607808974,0.035967248733859356
mean_O2Conc_10_20,thetaS,0.6863509434054352,0.6897120646545595,0.3600312515917827,0.039991096028854596
mean_O2Conc_10_20,n,-0.11950592232874536,0.28346329286035726,0.37161088198816594,0.02994469528285636
mean_O2Conc_10_20,LM_min,-0.21030535471238126,0.21038657540561456,0.13695048713226066,0.0157863618111449
mean_O2Conc_10_20,Alfa,-0.19047569414132076,0.19809554883995134,0.21899456620411903,0.024989354542248564
mean_O2Conc_10_20,thetaR,-0.14153017277563193,0.15127356983078838,0.1216952340586539,0.012403935225661522
mean_O2Conc_10_20,Rmax_LTAR,0.10908138534816018,0.1264201975531358,0.1452908903138794,0.014686411354223718
mean_O2Conc_10_20,Rmax_LTIR,0.057731639716980844,0.10135581465511784,0.13236383644101266,0.01121437868838771
mean_O2Conc_10_20,StayGreen,-0.035402031821005,0.04991492546977672,0.06415908356551138,0.006113356043044187
mean_O2Conc_10_20,Ks,0.01388670446541708,0.03528925748908632,0.04862468376342921,0.0041739865156326765
mean_O2Conc_10_20,PhyllFrmTassel,-0.01795482197587033,0.01948121206251771,0.023899469238407432,0.0024781883092230635
mean_O2Conc_10_20,Diffx,0.00021582314362331452,0.010420071146900483,0.016794644550291365,0.001536402310117763
mean_O2Conc_10_20,Diffz,0.0016926693061366574,0.01007811012826065,0.017670565765851774,0.0016894770393085295
mean_O2Conc_120_200,thetaS,0.8554868151508678,0.8554868151508678,0.3307671527179003,0.038466111933556556
mean_O2Conc_120_200,JuvenileLeaves,-0.5488018086653093,0.5488018086653093,0.2616790808906811,0.02952911787251554
mean_O2Conc_120_200,n,0.39185159285170057,0.39185159285170057,0.22629210269706776,0.02556748888162168
mean_O2Conc_120_200,thetaR,-0.1706467791411311,0.1706467791411311,0.08169862263436814,0.009257975124061943
mean_O2Conc_120_200,LM_min,-0.11250339406227923,0.11256971999918947,0.06887511781495419,0.007964652021064935
mean_O2Conc_120_200,Rmax_LTIR,0.06429262498083124,0.08301900161129176,0.09078840707303738,0.008334409643830835
mean_O2Conc_120_200,Alfa,-0.05650645822248264,0.058386901625858176,0.04546585036284979,0.004975469474461958
mean_O2Conc_120_200,Rmax_LTAR,0.03822435904983144,0.05612350489994129,0.07475268503771666,0.007022438457235213
mean_O2Conc_120_200,Ks,0.0336436820448024,0.034924557023599,0.02450181824159149,0.00249071352605195
mean_O2Conc_120_200,StayGreen,0.0009207453309829074,0.02046894143034655,0.02660287786623278,0.001920924951815024
mean_O2Conc_120_200,PhyllFrmTassel,-0.009694473323602685,0.009897166229723729,0.00788945203034323,0.0008504005759873326
mean_O2Conc_120_200,Diffx,0.0010937304156904736,0.005482340610588607,0.007860752630079872,0.0006339315157536262
mean_O2Conc_120_200,Diffz,-6.974780396988243e-06,0.00525742553585373,0.008377324460866625,0.000715817584142927
mean_O2Conc_20_40,JuvenileLeaves,-0.7655536971989654,0.7655536971989654,0.3499940260486465,0.03861844983987335
mean_O2Conc_20_40,thetaS,0.6313840326127852,0.6313840326127852,0.31027447328872804,0.03596009078962164
mean_O2Conc_20_40,n,-0.28719832980710447,0.32850018234254086,0.2950973560677555,0.0280359995185054
mean_O2Conc_20_40,Alfa,-0.23553500672799502,0.23670895060619979,0.14935850372757453,0.01656907253113167
mean_O2Conc_20_40,LM_min,-0.20311939142581475,0.2034356205403481,0.13322471119917345,0.014716098402133589
mean_O2Conc_20_40,Rmax_LTAR,0.12453463790639799,0.13590004172495554,0.14590442648540072,0.015222657534223848
mean_O2Conc_20_40,thetaR,-0.13034587177458448,0.13235991805839306,0.09821073833597115,0.0109264644400698
mean_O2Conc_20_40,Rmax_LTIR,0.07047624542572818,0.11313323725633086,0.1428522210893197,0.012160223976804265
mean_O2Conc_20_40,StayGreen,-0.037005795923284714,0.04390306663907953,0.05016742124023387,0.004941872450104121
mean_O2Conc_20_40,Ks,0.01801966541754588,0.034084251640230795,0.04183097290468655,0.0033560898729211586
mean_O2Conc_20_40,PhyllFrmTassel,-0.019603396454359448,0.020176213984604594,0.023478922943422912,0.0025684023623392623
mean_O2Conc_20_40,Diffx,-0.0011050469352057483,0.011354855387690769,0.017936805041914146,0.0015647490651039904
mean_O2Conc_20_40,Diffz,-0.0004455650396511503,0.009769835292533214,0.015578847891784096,0.0013711169197226241
mean_O2Conc_80_120,thetaS,0.8123308110433951,0.8123308110433951,0.3351949626056886,0.03853636766603498
mean_O2Conc_80_120,JuvenileLeaves,-0.7007081859190827,0.7007081859190827,0.3385462857594476,0.03738415231082322
mean_O2Conc_80_120,n,0.06691672508858507,0.18324021625452833,0.22842633216757205,0.016416835569255033
mean_O2Conc_80_120,thetaR,-0.16586222927196714,0.16586222927196714,0.0853080778733799,0.009510602391733965
mean_O2Conc_80_120,LM_min,-0.16335720645565346,0.16365215239046138,0.1085507214789843,0.01234086344252321
mean_O2Conc_80_120,Alfa,-0.12817088777080654,0.12826843343960145,0.0815221144413516,0.009343414532958503
mean_O2Conc_80_120,Rmax_LTIR,0.0736624413835227,0.10865183686428116,0.12450404792800693,0.010498841143148249
mean_O2Conc_80_120,Rmax_LTAR,0.09488011445933756,0.10441646986514629,0.12641862686588143,0.013441885648191064
mean_O2Conc_80_120,StayGreen,-0.02388125403536214,0.030317710072055602,0.04067574785485455,0.00403545807539675
mean_O2Conc_80_120,Ks,0.014074978566786236,0.023865070197788232,0.028571891861445792,0.0022559691772185402
mean_O2Conc_80_120,PhyllFrmTassel,-0.014956637674866121,0.015236811195942387,0.015537335652646277,0.0016806797088832997
mean_O2Conc_80_120,Diffx,0.0005680120686580598,0.008259827456002726,0.012536103376484647,0.0010070987324323356
mean_O2Conc_80_120,Diffz,-0.0012286455473229053,0.0077095721093186406,0.012758256360392243,0.0011451210381661307
mean_Temp_0_10,JuvenileLeaves,-0.6599493767178276,0.6599493767178276,0.368749231716105,0.04222433704009125
mean_Temp_0_10,LM_min,-0.6392321596207463,0.6392321596207463,0.3384658804341556,0.038507475572260856
mean_Temp_0_10,Rmax_LTAR,-0.4418852546038001,0.4424484693816464,0.2499997071223373,0.028248896247912433
mean_Temp_0_10,n,-0.11554537269512603,0.14806478177156274,0.18884503559224866,0.01901360204299853
mean_Temp_0_10,thetaR,0.0976743100433589,0.09806190169461312,0.1052068772061504,0.01166250794450614
mean_Temp_0_10,StayGreen,-0.07512780961610008,0.075998138490292,0.10922901949015268,0.011817071962913235
mean_Temp_0_10,thetaS,0.012092442146463345,0.06655375583694628,0.12465144248183155,0.012294600607125337
mean_Temp_0_10,Alfa,0.01856294435423568,0.05979863942210647,0.09445844333030545,0.008220012544120794
mean_Temp_0_10,Ks,-0.010961633149471663,0.022226966074653073,0.048831224247085504,0.0050636999042100155
mean_Temp_0_10,Rmax_LTIR,-0.005234442809325468,0.011719472876698563,0.03351313273724024,0.003610272100783027
mean_Temp_0_10,Diffx,-0.002252898427807144,0.006948834665977355,0.015559873321589415,0.001528469917821989
mean_Temp_0_10,Diffz,0.0020084137272022005,0.006647878481035581,0.01609662587095386,0.0016577799407218885
mean_Temp_0_10,PhyllFrmTassel,-0.00018807644139543075,0.0009878460824285752,0.0038299220993096047,0.0004038481877970819
mean_Temp_0_20,LM_min,-0.7074696400818655,0.7074696400818655,0.31435609515778734,0.03441963230429693
mean_Temp_0_20,JuvenileLeaves,-0.685570936845095,0.685570936845095,0.3497810222274202,0.04010066078854195
mean_Temp_0_20,Rmax_LTAR,-0.28515267703880076,0.28691931994184505,0.20258162411260172,0.023144158261543427
mean_Temp_0_20,StayGreen,-0.2142781962150263,0.2142781962150263,0.15112865437459255,0.01636012501081038
mean_Temp_0_20,thetaR,0.10146494962398071,0.10186850204035099,0.0954002969685958,0.01069699191979269
mean_Temp_0_20,n,-0.02474354376828176,0.1004546418424183,0.14670503142966593,0.012475709034526961
mean_Temp_0_20,thetaS,-0.053656817349045705,0.09254536777192184,0.11909185757414907,0.010340448187549945
mean_Temp_0_20,Alfa,0.04043361620278965,0.06784179034046285,0.08685839413633673,0.007654856521094924
mean_Temp_0_20,Ks,-0.010511785254319915,0.021168581233074777,0.037623536032311715,0.003823963490091053
mean_Temp_0_20,Rmax_LTIR,-0.0029669257834776795,0.010029777085658427,0.022085062765099233,0.002241977887688333
mean_Temp_0_20,Diffz,0.001725187301304438,0.005416860364254017,0.011990111532286286,0.0012360867811902973
mean_Temp_0_20,Diffx,-0.0013693234622540822,0.0046116796490476035,0.009143032179254176,0.0008655566171602335
mean_Temp_0_20,PhyllFrmTassel,0.0007173225871536148,0.0020476608704904256,0.007118282737191271,0.0007821134413700918
mean_Temp_0_200,LM_min,-0.7694888305245583,0.7694888305245583,0.3059668725771986,0.03306374738922463
mean_Temp_0_200,JuvenileLeaves,-0.6819708167270697,0.6819708167270697,0.29805643263998133,0.03367874612803236
mean_Temp_0_200,StayGreen,-0.36365380420911125,0.36365380420911125,0.17623776604233732,0.01936900931362155
mean_Temp_0_200,thetaS,-0.11849640846926235,0.119351494883232,0.07643356921498934,0.00842124104395246
mean_Temp_0_200,n,0.09481300197394778,0.09817182768008263,0.07294811070355157,0.007494239434379522
mean_Temp_0_200,Rmax_LTAR,-0.03275392641306955,0.09661012372813173,0.11307187410931767,0.0075949544103510085
mean_Temp_0_200,thetaR,0.09617400630940204,0.0966029657953283,0.06869709649454193,0.007693584312422729
mean_Temp_0_200,Alfa,0.07535564422313397,0.0772422646621576,0.05169931591550707,0.005347781328658709
mean_Temp_0_200,Ks,-0.010583465100249746,0.017412750327660407,0.028445707971881885,0.0028727970147924436
mean_Temp_0_200,Rmax_LTIR,-0.00492042130591077,0.009031549296571316,0.02018154984544321,0.0021277266594408903
mean_Temp_0_200,Diffz,0.0018490240911508778,0.005151093770106527,0.012462738416879499,0.001311158572450739
mean_Temp_0_200,Diffx,6.671756233600033e-05,0.00489666941906046,0.012918977942885209,0.001332503019605688
mean_Temp_0_200,PhyllFrmTassel,0.0006920794824508823,0.0014806772738257604,0.0025226729352126466,0.00023952745860942692
mean_Temp_10_20,LM_min,-0.7158781897054628,0.7158781897054628,0.31736655943225867,0.034499021657141124
mean_Temp_10_20,JuvenileLeaves,-0.6774346860031092,0.6774346860031092,0.35115694605325976,0.04010905435148371
mean_Temp_10_20,StayGreen,-0.2574854695711865,0.2574854695711865,0.17978564776297898,0.019508437247014898
mean_Temp_10_20,Rmax_LTAR,-0.2239997623049943,0.2319809128096808,0.18642538774913614,0.02067127619504697
mean_Temp_10_20,thetaS,-0.07498807197190249,0.10681240976779832,0.12710649052331194,0.01129452252706584
mean_Temp_10_20,thetaR,0.1004300683976256,0.10121757898856254,0.1015860910290408,0.011367479108361127
mean_Temp_10_20,n,0.0075788991461004,0.09689359200306367,0.14486966855439226,0.011964931054865445
mean_Temp_10_20,Alfa,0.04711781790836084,0.07273213887155124,0.09597628868238993,0.008884806671292912
mean_Temp_10_20,Ks,-0.010141066946313664,0.02279039334564159,0.04179555088557476,0.004198516202908737
mean_Temp_10_20,Rmax_LTIR,-0.002310448142703052,0.009998333473412814,0.02413366956227973,0.0024779337099679346
mean_Temp_10_20,Diffz,0.0014494957215426736,0.005141180388238893,0.012956538792692006,0.0013679708035691809
mean_Temp_10_20,Diffx,-0.0009808039360745138,0.004067075277857694,0.009602275246001825,0.0009765299156700701
mean_Temp_10_20,PhyllFrmTassel,0.0010438885971596938,0.0025032805249408743,0.009859228901322405,0.001092348829002166
mean_Temp_120_200,LM_min,-0.7704864598565326,0.7704864598565326,0.309367739878621,0.033520730485749044
mean_Temp_120_200,JuvenileLeaves,-0.6839119412172991,0.6839119412172991,0.2996468197321776,0.03380792476256742
mean_Temp_120_200,StayGreen,-0.3708432145744456,0.3708432145744456,0.1816078125048829,0.020007574468050553
mean_Temp_120_200,thetaS,-0.0988390996257745,0.10021607520532513,0.06365331110007055,0.006897690367839772
mean_Temp_120_200,n,0.09076272859704168,0.09434801156033054,0.07042575216105096,0.007211490684882692
mean_Temp_120_200,Rmax_LTAR,-0.007610146865868943,0.0882230068001991,0.11810272160573165,0.009066450936767171
mean_Temp_120_200,thetaR,0.08495542924273705,0.08563275926984126,0.06127384972721051,0.006789228407942918
mean_Temp_120_200,Alfa,0.07020442998123438,0.07218337224829338,0.04713448645588771,0.0048418045366589975
mean_Temp_120_200,Ks,-0.010611345439687607,0.01638598752782718,0.027746395516051237,0.0028492732059019086
mean_Temp_120_200,Rmax_LTIR,-0.005418668781452476,0.008988931895245154,0.019813427341635676,0.002102802074530884
mean_Temp_120_200,Diffz,0.0017290634894739255,0.004829619293468177,0.01194483668527568,0.0012634479836534727
mean_Temp_120_200,Diffx,6.229413649001739e-05,0.00475003585444533,0.012798801817266933,0.0013333713901970757
mean_Temp_120_200,PhyllFrmTassel,0.0006062551381057627,0.001419550118291706,0.00254174955234383,0.00024397928235163604
mean_Temp_20_40,LM_min,-0.7494724461638501,0.7494724461638501,0.29739280044399635,0.031912107987357455
mean_Temp_20_40,JuvenileLeaves,-0.6821792573889995,0.6821792573889995,0.3061803286559715,0.03481348668194426
mean_Temp_20_40,StayGreen,-0.33214422547736333,0.33214422547736333,0.16674834071100067,0.018409047687264958
mean_Temp_20_40,thetaS,-0.14468035069494065,0.15248478100371737,0.1200537861203317,0.012433525134345511
mean_Temp_20_40,Rmax_LTAR,-0.12266536876971436,0.14327940945529646,0.13286421308404292,0.0124531028519257
mean_Temp_20_40,thetaR,0.1422898784947342,0.1422898784947342,0.10132398740683898,0.011539460653147366
mean_Temp_20_40,Alfa,0.09933181020509371,0.11549669914155297,0.09369183543828885,0.007857444194767704
mean_Temp_20_40,n,0.06400175193116177,0.08878386535725079,0.09800555819941618,0.008624225734236381
mean_Temp_20_40,Ks,-0.015979878081814954,0.031147454600431446,0.046410107135435474,0.004284588960103481
mean_Temp_20_40,Rmax_LTIR,-0.002355566064107017,0.012357191614943589,0.02805127136580193,0.002836697802599739
mean_Temp_20_40,Diffz,0.002810638465369602,0.008325881223193854,0.0218035371611265,0.0022845893901191623
mean_Temp_20_40,Diffx,0.0005041289463623527,0.006612372241232564,0.014211809301515735,0.0014211731127776635
mean_Temp_20_40,PhyllFrmTassel,0.0007136822088270977,0.0018301364131615547,0.004954139815384284,0.0004970809579645483
mean_Temp_80_120,LM_min,-0.7624972158650284,0.7624972158650284,0.2994026071301004,0.03249565018925746
mean_Temp_80_120,JuvenileLeaves,-0.6672152955452062,0.6672152955452062,0.29474291747121834,0.03335656379892152
mean_Temp_80_120,StayGreen,-0.3534764778422339,0.3534764778422339,0.16974917901912095,0.018594907474819376
mean_Temp_80_120,thetaS,-0.1655871971130881,0.16831332107514352,0.11795672305118438,0.012893938498482202
mean_Temp_80_120,n,0.11716817589818632,0.12083174005619367,0.10088110489404747,0.010585249320369684
mean_Temp_80_120,thetaR,0.11322760093476082,0.11340489960390712,0.08768115362838477,0.009930372209802155
mean_Temp_80_120,Rmax_LTAR,-0.06525827870398002,0.11058655513795207,0.11827067902777216,0.008741284530358238
mean_Temp_80_120,Alfa,0.08418200620796276,0.10131167513675463,0.08443427962845185,0.006988793343935101
mean_Temp_80_120,Ks,-0.00913659208780956,0.022865091725824495,0.036483930106777626,0.003428104364046036
mean_Temp_80_120,Rmax_LTIR,-0.004266996578997141,0.01071212491892957,0.022278428255897355,0.002228467760469043
mean_Temp_80_120,Diffz,0.001808488689775083,0.006502146772489932,0.016041088412170595,0.0016793653426013509
mean_Temp_80_120,Diffx,5.8940243535448116e-05,0.006111998874547202,0.015726650881685168,0.0015841940085412596
mean_Temp_80_120,PhyllFrmTassel,0.0008730050006360649,0.0018133540528296214,0.003899991204163278,0.000405071242086638
mean_av_gs,LM_min,-0.8473879462300227,0.8473879462300227,0.31117666637636376,0.03441605051105049
mean_av_gs,StayGreen,-0.5356142824899635,0.5356142824899635,0.2418175422055909,0.027580110512915337
mean_av_gs,JuvenileLeaves,-0.5130335220123413,0.5130335220123413,0.21829919821483296,0.024893045029022644
mean_av_gs,Rmax_LTAR,0.005885911907095444,0.06860794076208632,0.08455143445372822,0.005942475213436411
mean_av_gs,thetaS,0.04819788471389566,0.04819788471389566,0.032363964008334405,0.0036463722591977463
mean_av_gs,n,-0.024479806886827868,0.026678362709197725,0.02736516297434087,0.0027852638911293245
mean_av_gs,thetaR,-0.013316956514803078,0.013415171594319772,0.010416568943577943,0.0011664828747767711
mean_av_gs,Alfa,-0.006691659632009013,0.009762164308265214,0.012118678596545512,0.0010746929727917494
mean_av_gs,Ks,-0.004196643692225143,0.005343087313793502,0.006009028476483428,0.0005562604269702477
mean_av_gs,Rmax_LTIR,-0.0037335564252149287,0.0045196794942266695,0.005121903881845935,0.0004891624009107943
mean_av_gs,Diffx,0.0005207327189409529,0.001713704690332245,0.002842222108056717,0.0002665311730492223
mean_av_gs,Diffz,0.0002266113025750833,0.001473690107158197,0.0025858303996715393,0.00023799382253989485
mean_av_gs,PhyllFrmTassel,0.0010724386692381543,0.0011820655685445248,0.0017776922913735017,0.0001933401672905249
mean_hNew_0_10,thetaS,0.8400181090541422,0.8400181090541422,0.4108141484915557,0.04680775149156243
mean_hNew_0_10,JuvenileLeaves,-0.40824665439265384,0.40824665439265384,0.2956788642588438,0.033658074929185725
mean_hNew_0_10,LM_min,-0.39817052419698107,0.39817052419698107,0.2694978031179807,0.030764977955087754
mean_hNew_0_10,Alfa,0.2811381863730041,0.2881190063025997,0.19439778342155725,0.0209403544869479
mean_hNew_0_10,n,0.11106664398856396,0.22496776973652147,0.2787320666420231,0.022736306480188984
mean_hNew_0_10,Ks,-0.19476497722209113,0.19476497722209113,0.11698786131375975,0.013265439789815077
mean_hNew_0_10,thetaR,-0.18007278238659455,0.18007278238659455,0.13886459393835107,0.015248376968353527
mean_hNew_0_10,Rmax_LTAR,-0.13465162130539185,0.14244611731192283,0.14727025127970653,0.016097544029118626
mean_hNew_0_10,StayGreen,-0.09956135711137323,0.09956135711137323,0.09262077142569357,0.01011538241751075
mean_hNew_0_10,Rmax_LTIR,-0.007952043936342412,0.018543459639122333,0.04265120211352318,0.004484806485736884
mean_hNew_0_10,PhyllFrmTassel,-0.006806407794709059,0.00848977559158503,0.014976064093571174,0.0015899242503464868
mean_hNew_0_10,Diffz,-0.004909139343161715,0.007578347644412847,0.012435290350519584,0.0012189211538806454
mean_hNew_0_10,Diffx,-0.002642810231844934,0.007226477413061003,0.01181977188772386,0.0010979713506023942
mean_hNew_0_20,thetaS,0.840191136729121,0.840191136729121,0.43947417946278095,0.049681614476356245
mean_hNew_0_20,JuvenileLeaves,-0.42875453125771895,0.42875453125771895,0.3278435547572283,0.03742987471730627
mean_hNew_0_20,LM_min,-0.3991659382109915,0.3991659382109915,0.29254833969977356,0.03312853527053137
mean_hNew_0_20,n,-0.018630018198166516,0.21093779153066508,0.3103281731194531,0.025870857747273678
mean_hNew_0_20,Alfa,0.193827264040064,0.2080777818812416,0.18195580912444448,0.018756508143875795
mean_hNew_0_20,thetaR,-0.18318884470410116,0.18318884470410116,0.15068207927155403,0.01636230974549048
mean_hNew_0_20,Ks,-0.17245997381496148,0.17245997381496148,0.11575587448632801,0.01318459410257693
mean_hNew_0_20,Rmax_LTAR,-0.1414903854389822,0.14977732432317584,0.1617493269250168,0.017770872519095614
mean_hNew_0_20,StayGreen,-0.08669572710392924,0.08676430560217595,0.08448022304905976,0.009272177693443443
mean_hNew_0_20,Rmax_LTIR,-0.008897877978826933,0.02078879228831474,0.04904363152130348,0.0051396241692185105
mean_hNew_0_20,PhyllFrmTassel,-0.007202056248728113,0.009042247419038254,0.016668497348799206,0.0017636787160235658
mean_hNew_0_20,Diffx,-0.0028985229119799882,0.007920835565680162,0.014226070326675612,0.0013849391727925517
mean_hNew_0_20,Diffz,-0.0038318652020085968,0.007568028163750576,0.014075345458277362,0.0013749587173138456
mean_hNew_0_200,n,-0.7147408245613815,0.7147408245613815,0.49390795832706025,0.055775562675313826
mean_hNew_0_200,thetaS,0.6050050315801644,0.6050050315801644,0.4659027532934289,0.053342710370400996
mean_hNew_0_200,JuvenileLeaves,-0.3243901893972735,0.3243901893972735,0.3412141415298884,0.03838940511101031
mean_hNew_0_200,LM_min,-0.31179254924307853,0.31179254924307853,0.3042748479732004,0.033881105245076266
mean_hNew_0_200,Rmax_LTAR,-0.16245256521698567,0.1635057901726032,0.17447655219620015,0.0201046023258922
mean_hNew_0_200,thetaR,-0.13589839193479605,0.13589839193479605,0.1576622387048909,0.017260206816055192
mean_hNew_0_200,Alfa,-0.12612354555264332,0.13403989020685206,0.19107627963701618,0.021140396310873857
mean_hNew_0_200,Ks,-0.039261403435760074,0.043963985007773376,0.057121980238041034,0.0061010720889405345
mean_hNew_0_200,StayGreen,-0.031078292308991694,0.032490952428666744,0.04121374149325935,0.004440585488779188
mean_hNew_0_200,Rmax_LTIR,-0.006446176706126768,0.015649037407039657,0.06071122514444271,0.006424183175429268
mean_hNew_0_200,Diffx,-0.00017809718281107666,0.00610631804421444,0.012515856254449488,0.0012461215963822895
mean_hNew_0_200,Diffz,0.002685403957005161,0.005798163087870731,0.01172783568845026,0.001151076641556646
mean_hNew_0_200,PhyllFrmTassel,-0.002952670714551746,0.005730909791550316,0.01590416006329615,0.001699851902084837
mean_hNew_10_20,thetaS,0.8388299414664047,0.8388299414664047,0.4477623700806187,0.05054457327452015
mean_hNew_10_20,JuvenileLeaves,-0.43539336742199747,0.43539336742199747,0.3383914536269005,0.03860743548034085
mean_hNew_10_20,LM_min,-0.3989555686269016,0.3989555686269016,0.30073442563052477,0.03402396963313296
mean_hNew_10_20,n,-0.06423420352835883,0.21184930568928897,0.3171689964628075,0.027737313469446315
mean_hNew_10_20,thetaR,-0.1840063452865797,0.1840063452865797,0.15619114794773245,0.01693073984645436
mean_hNew_10_20,Alfa,0.1623302803100909,0.1825312663147486,0.1747993815597276,0.017401152424325293
mean_hNew_10_20,Ks,-0.16389388645265196,0.16389388645265196,0.11542310641575397,0.013154820711029394
mean_hNew_10_20,Rmax_LTAR,-0.14343532586885252,0.15199554140189758,0.16701254465809,0.018374145502531445
mean_hNew_10_20,StayGreen,-0.08203140435493854,0.08213944362826074,0.08163838099994855,0.00896203662256503
mean_hNew_10_20,Rmax_LTIR,-0.00929866956914784,0.021551951407568284,0.051319071818837915,0.005380685213119035
mean_hNew_10_20,PhyllFrmTassel,-0.007310241402179664,0.009218179446253564,0.017316638949108332,0.0018304657838772002
mean_hNew_10_20,Diffx,-0.0029505019086796124,0.008121734642000611,0.014955452351607479,0.001470320863792243
mean_hNew_10_20,Diffz,-0.003495484674245152,0.007628665730074626,0.014604619649055128,0.0014266863015782404
mean_hNew_120_200,n,-0.9262318938651791,0.9262318938651791,0.33515341035759366,0.03765556771056288
mean_hNew_120_200,thetaS,0.27729195663205747,0.2800576677791467,0.2705221554978935,0.0303983846219566
mean_hNew_120_200,Rmax_LTAR,-0.18935860202830454,0.19688468129611203,0.18130867524145633,0.01950266619888305
mean_hNew_120_200,Alfa,-0.19461126957679326,0.19680516256543892,0.261406674418524,0.02953219189078829
mean_hNew_120_200,LM_min,-0.09926746521284652,0.13789715449337947,0.16717467267352293,0.015028226984664411
mean_hNew_120_200,JuvenileLeaves,0.0019552785752118126,0.12041980404311498,0.18512719120321694,0.015509451252427047
mean_hNew_120_200,thetaR,-0.054634862278089454,0.06336512551103696,0.07992859069047152,0.008202705035455683
mean_hNew_120_200,Ks,0.02117054665108081,0.03738315207696216,0.06443338593436432,0.006585267183682985
mean_hNew_120_200,Rmax_LTIR,-0.0015284227676207267,0.026693637914836307,0.04090213392261449,0.003459155840438591
mean_hNew_120_200,StayGreen,0.012461760058714674,0.026131718255708543,0.046789558593162826,0.004612449598278591
mean_hNew_120_200,Diffx,0.0047106104119305605,0.010070791933152143,0.016520615155312425,0.0015408764570397917
mean_hNew_120_200,Diffz,0.003014033829914935,0.009293827207899641,0.018988852666680097,0.001967483188481159
mean_hNew_120_200,PhyllFrmTassel,0.0034055101564289644,0.004968446571743413,0.010660519305364881,0.0011663077219523654
mean_hNew_20_40,thetaS,0.8308158374687659,0.8308158374687659,0.39805040668088226,0.046132663893259485
mean_hNew_20_40,JuvenileLeaves,-0.44122637646765356,0.44122637646765356,0.32739516859884416,0.03721844836968005
mean_hNew_20_40,LM_min,-0.388829353491905,0.388829353491905,0.2879877702572342,0.03205602212823581
mean_hNew_20_40,n,-0.2969279766287205,0.30313686727730993,0.285865758097675,0.03137197795307565
mean_hNew_20_40,thetaR,-0.17168491160000465,0.17168491160000465,0.12946971191804454,0.014436613029321395
mean_hNew_20_40,Rmax_LTAR,-0.1219641649297862,0.13388904109097954,0.13163262515805196,0.013017898773073149
mean_hNew_20_40,Ks,-0.10774209439879781,0.10774209439879781,0.07684445053958118,0.008695645185571482
mean_hNew_20_40,Alfa,0.007074414578444701,0.07361295934170344,0.10095795656749101,0.00781401229861251
mean_hNew_20_40,StayGreen,-0.06013020396806117,0.060221658543002286,0.0630869592849023,0.006946520125742648
mean_hNew_20_40,Rmax_LTIR,-0.012436852345154306,0.02093261515905601,0.049980683351604396,0.00530523613597131
mean_hNew_20_40,PhyllFrmTassel,-0.006551420308257003,0.009041220178465556,0.017271648831150573,0.0017978272974366542
mean_hNew_20_40,Diffx,-0.0021912692161538787,0.00704803489567558,0.012386731202812926,0.0012085375002470308
mean_hNew_20_40,Diffz,-0.0005687097775624642,0.006508524453623646,0.011267464624215493,0.0009972666331442583
mean_hNew_80_120,thetaS,0.6284731643817024,0.6284731643817024,0.4850291665402789,0.05533943693643905
mean_hNew_80_120,n,-0.6201823379130973,0.6201823379130973,0.5111704573605479,0.05843903404172933
mean_hNew_80_120,JuvenileLeaves,-0.3802962648556731,0.3802962648556731,0.3856722398159891,0.04274424870546337
mean_hNew_80_120,LM_min,-0.34360775406140787,0.34360775406140787,0.3503215484780776,0.039332806835992606
mean_hNew_80_120,thetaR,-0.1484072666064458,0.1484072666064458,0.1865967832823188,0.02041813602636773
mean_hNew_80_120,Rmax_LTAR,-0.1449811263750525,0.14724056431025218,0.19767968232831995,0.022751116215399263
mean_hNew_80_120,Alfa,-0.12216560661052535,0.12892741380434775,0.19279357474394485,0.0212726796256498
mean_hNew_80_120,Ks,-0.050866110066924944,0.05829320710872778,0.08153254671306173,0.008890311168592291
mean_hNew_80_120,StayGreen,-0.047145799764089384,0.04758188451025646,0.06901261347972283,0.007623946970328568
mean_hNew_80_120,Rmax_LTIR,-0.006383500780859102,0.01749358081778101,0.06820783558572933,0.007184801932183564
mean_hNew_80_120,PhyllFrmTassel,-0.004352540156139507,0.007122955378481543,0.019284316259704164,0.002053005482138844
mean_hNew_80_120,Diffx,-0.0023599035543486525,0.0065182915382796915,0.014759738783981846,0.001499423484085832
mean_hNew_80_120,Diffz,0.0024827157943066065,0.005823614532849582,0.011850941874397043,0.0011579734088876406
mean_lai,LM_min,0.8036210989102854,0.8036210989102854,0.3262511212141771,0.03633396017965602
mean_lai,JuvenileLeaves,0.7753124331444868,0.7753124331444868,0.32326831101574366,0.03641500086155433
mean_lai,StayGreen,0.27354970376782334,0.27354970376782334,0.12194468477633377,0.013588807773884267
mean_lai,Rmax_LTAR,0.03154084994404102,0.038540054583429996,0.04113337704494807,0.0038328501102960566
mean_lai,Rmax_LTIR,0.006199157540443095,0.0075446292044647305,0.010224750597064302,0.001067000375041437
mean_lai,n,0.0031607251098993397,0.006854080521478648,0.009849293287254514,0.0008690880762382254
mean_lai,thetaS,0.0011829221821892384,0.0055609624634388585,0.010870051550977167,0.0010935668799034938
mean_lai,Alfa,0.002498500849481512,0.0050569811065210605,0.007636769025652777,0.0006890815621317105
mean_lai,thetaR,-0.0015520756043363882,0.004010559549114146,0.006351336731169369,0.000586437028841621
mean_lai,Ks,-0.000532408160849171,0.0035552351125209187,0.007723574076688985,0.0008013349755752346
mean_lai,Diffz,-1.866167413325954e-05,0.0013968086306635134,0.004146125511426917,0.00043619478073157606
mean_lai,Diffx,-7.829389661873712e-05,0.0013751450675608319,0.002391834385327801,0.00022640271851514216
mean_lai,PhyllFrmTassel,2.6464425876047975e-05,4.609383941054629e-05,0.0001310355262279262,1.4579666949983248e-05
mean_leaf_n,Rmax_LTAR,0.9688807241642972,0.9688807241642972,0.21844149960903236,0.02418204740589351
mean_leaf_n,StayGreen,-0.2543513056804157,0.2543513056804157,0.2166189670148499,0.02446319278221684
mean_leaf_n,LM_min,0.1345470120636179,0.22864676829273758,0.22721560390736129,0.015703037539905273
mean_leaf_n,JuvenileLeaves,-0.14326475643181574,0.1483048251979648,0.11521967423326532,0.012285072895802414
mean_leaf_n,n,-0.07091854487630803,0.07670815374850513,0.06084289371212376,0.005872656392738862
mean_leaf_n,Rmax_LTIR,0.04072063892729458,0.050710440653584585,0.05520698612270967,0.005335881237359843
mean_leaf_n,thetaS,0.008276450853201498,0.03556938789210862,0.05145829570133026,0.004341284690516159
mean_leaf_n,Alfa,0.013905331893887055,0.030967995992639333,0.05073906362405523,0.004843184601240897
mean_leaf_n,thetaR,0.008071095534767174,0.0209243598664053,0.03152084748986497,0.0027265031088852445
mean_leaf_n,Ks,-0.003979780512881305,0.01652380544551071,0.024558605154150506,0.002103442886542291
mean_leaf_n,Diffz,0.0012962620169613068,0.012183060174131228,0.0239400030955747,0.0023805242497034547
mean_leaf_n,Diffx,0.0011421002882857926,0.011272057673474377,0.019731418725370653,0.001826832074667089
mean_leaf_n,PhyllFrmTassel,0.0010267611397947302,0.0012570362010974276,0.0021121467593503496,0.0002258387990685409
mean_leaf_wp,thetaS,0.8220886868328654,0.8220886868328654,0.32819705080834244,0.037251259466445544
mean_leaf_wp,Rmax_LTAR,-0.4915089405692635,0.4915089405692635,0.2437299846243756,0.02737907578456692
mean_leaf_wp,LM_min,-0.35991807553383204,0.35991807553383204,0.2097504600133971,0.024293088650898218
mean_leaf_wp,n,-0.34823012308005946,0.34911414806805047,0.26296193762458747,0.029863125293239416
mean_leaf_wp,JuvenileLeaves,0.02685573237311656,0.18078047067030845,0.22784716536074504,0.01586230007524331
mean_leaf_wp,thetaR,-0.16246227970669327,0.16252373434379383,0.0929765822685749,0.010219989213775909
mean_leaf_wp,Ks,-0.09382495608907984,0.09382495608907984,0.055155018328678355,0.006247022480932908
mean_leaf_wp,Alfa,-0.02328411096796243,0.08843239782286726,0.11549454205223562,0.008993316499738137
mean_leaf_wp,Rmax_LTIR,-0.022299094439548608,0.05994746173642296,0.08688030576106416,0.007522346266923671
mean_leaf_wp,StayGreen,0.0061260535528846706,0.03639486786844783,0.05321703101676265,0.0041307716408699605
mean_leaf_wp,PhyllFrmTassel,0.01585876987146047,0.016648225251558568,0.02324791337993935,0.0025142363743172937
mean_leaf_wp,Diffx,0.0054630074159608384,0.01122574769286923,0.01602716379754186,0.0014506223185353226
mean_leaf_wp,Diffz,0.005562632351446614,0.010648051838576002,0.014429701913105815,0.0012508284888797928
mean_tcan,StayGreen,-0.6053047336698273,0.6986151661202112,0.5359911653075636,0.04564262541469187
mean_tcan,LM_min,-0.5152122659361157,0.5707503760631765,0.4815252933788302,0.047323816715250724
mean_tcan,Rmax_LTAR,0.032704972606525905,0.3831836320337027,0.541614310722453,0.04259802575561369
mean_tcan,JuvenileLeaves,-0.08197802747214436,0.2689224336752909,0.3684985554085577,0.02970936336337424
mean_tcan,n,0.22552999256808373,0.22660478697175146,0.19677233561881455,0.021550566818871842
mean_tcan,thetaS,-0.17627384596378903,0.17670453487252652,0.14386569345986022,0.016391828140866576
mean_tcan,Alfa,0.1208389138640548,0.12364215955875428,0.11871074698012173,0.01275225996928169
mean_tcan,thetaR,0.10489145481595961,0.10572183401250727,0.09881343647992992,0.011070630699176453
mean_tcan,Ks,-0.013193822962781411,0.03585498430793231,0.061194634230972704,0.005703768180236348
mean_tcan,Rmax_LTIR,0.0004654942950447953,0.012359037661719998,0.02624715648543394,0.0026393808468308665
mean_tcan,Diffz,0.0009345744301549652,0.005633966626139089,0.017346530247925752,0.0018910566554399778
mean_tcan,Diffx,-0.0009368778548312945,0.005177682032101846,0.011202611303515703,0.0011241497186300815
mean_tcan,PhyllFrmTassel,-0.0020913103620134425,0.0025408807916856616,0.0043602528727674505,0.0004585580550496967
mean_thNew_0_10,n,-0.9073301799199199,0.9073301799199199,0.35006505725957426,0.04003427776928132
mean_thNew_0_10,thetaS,0.6705552550456216,0.6705552550456216,0.2948419283569298,0.03331901445052661
mean_thNew_0_10,Alfa,-0.11329206570263885,0.11329206570263885,0.06811607676337092,0.007806711383800368
mean_thNew_0_10,thetaR,0.10103992622112297,0.10103992622112297,0.05215025794424046,0.00587777234787609
mean_thNew_0_10,LM_min,-0.09982781091496028,0.09982781091496028,0.056320790480592346,0.00645325138464442
mean_thNew_0_10,JuvenileLeaves,-0.09150972677120454,0.09150972677120454,0.04955325305858749,0.005811802111930968
mean_thNew_0_10,Ks,-0.05143181017543704,0.05143181017543704,0.024996186794601184,0.0028041074413834633
mean_thNew_0_10,Rmax_LTAR,-0.03205383661715057,0.03378150392332658,0.027773149310246627,0.0028945282323925895
mean_thNew_0_10,StayGreen,-0.03106373821794082,0.03106373821794082,0.025530054099649768,0.002956757049447041
mean_thNew_0_10,Rmax_LTIR,-0.0009886915826315006,0.0031522485729270824,0.005455322640532175,0.0005234734457869399
mean_thNew_0_10,Diffz,-0.0009865610970268427,0.0015983822415679412,0.0022980327234943536,0.00021567931533889292
mean_thNew_0_10,Diffx,-0.0006967756611045129,0.0015846029024639558,0.0023252532960490895,0.00020995860648633484
mean_thNew_0_10,PhyllFrmTassel,-0.0012184441087227408,0.0015807460500591433,0.0022811613110243585,0.00023020295371356007
mean_thNew_0_20,n,-0.9044298584162918,0.9044298584162918,0.3507484065604469,0.04003343477603801
mean_thNew_0_20,thetaS,0.6740295268118408,0.6740295268118408,0.29705121845855625,0.03360856117185945
mean_thNew_0_20,Alfa,-0.11664327445628075,0.11664327445628075,0.07008130381818392,0.008017640605883496
mean_thNew_0_20,LM_min,-0.11087865868791823,0.11087865868791823,0.062189593252651484,0.00707337032599335
mean_thNew_0_20,JuvenileLeaves,-0.10592492101425147,0.10592492101425147,0.0582525484034974,0.006832732934756646
mean_thNew_0_20,thetaR,0.09540456029229392,0.09540456029229392,0.04966445729901056,0.005631815625645896
mean_thNew_0_20,Ks,-0.05063168973639977,0.05063168973639977,0.02499179852005571,0.002789109259972715
mean_thNew_0_20,Rmax_LTAR,-0.03549953580113976,0.03721861178682323,0.030437677098729014,0.0031810717035429146
mean_thNew_0_20,StayGreen,-0.0319142199138153,0.0319142199138153,0.02612782216137998,0.00302657096998847
mean_thNew_0_20,Rmax_LTIR,-0.0012416885101378468,0.003666107790079018,0.0063559725121417445,0.0006103035317502062
mean_thNew_0_20,PhyllFrmTassel,-0.001409750998820426,0.0018350402280345058,0.002674735125588437,0.0002696547552341499
mean_thNew_0_20,Diffx,-0.0007792132820925556,0.0018099919950929388,0.002705492026214671,0.0002464715167667398
mean_thNew_0_20,Diffz,-0.0008618337569394737,0.0016867110673210103,0.0025430889155921396,0.00023653810279962266
mean_thNew_0_200,n,-0.9281553936486692,0.9281553936486692,0.31190056600706895,0.03544510729939576
mean_thNew_0_200,thetaS,0.5689374814830906,0.5689374814830906,0.23541902155849662,0.02688813816177316
mean_thNew_0_200,thetaR,0.16925540520454102,0.16925540520454102,0.0813463018612959,0.009177420111532317
mean_thNew_0_200,LM_min,-0.11299812916509054,0.11299812916509054,0.06227585209541278,0.007087816711530158
mean_thNew_0_200,Alfa,-0.10163139787111372,0.10163139787111372,0.05533140680823178,0.006288563101041946
mean_thNew_0_200,JuvenileLeaves,-0.08440339151145611,0.08440339151145611,0.04664847158187362,0.005414685719963497
mean_thNew_0_200,Rmax_LTAR,-0.05514061794467228,0.05514397731216649,0.03170500818458196,0.0034984414700951426
mean_thNew_0_200,Ks,-0.03843709329739708,0.03843709329739708,0.018252646490399912,0.0020419095366492695
mean_thNew_0_200,StayGreen,-0.03685735604359231,0.03685735604359231,0.03274190530910954,0.003842631173285763
mean_thNew_0_200,Rmax_LTIR,-0.0011655957716235706,0.00234933169711552,0.0037298497401754894,0.00035772282755003847
mean_thNew_0_200,Diffx,-0.00034404212794423227,0.0017456033700049393,0.0026392018670660998,0.00022787166534854266
mean_thNew_0_200,Diffz,0.00013379821487800262,0.0014746107105168681,0.0022156752490127313,0.00018820224709589499
mean_thNew_0_200,PhyllFrmTassel,-0.0007284404407833653,0.001036257984883617,0.0015338028936112186,0.00015331654304362663
mean_thNew_10_20,n,-0.9023906615224092,0.9023906615224092,0.3508792791944305,0.039999373469361256
mean_thNew_10_20,thetaS,0.6759062050527939,0.6759062050527939,0.2981897957248106,0.03376175541701073
mean_thNew_10_20,Alfa,-0.11864152045065268,0.11864152045065268,0.0712979017319581,0.00814886421466053
mean_thNew_10_20,LM_min,-0.11755171377043136,0.11755171377043136,0.0659824022621497,0.007476601422279872
mean_thNew_10_20,JuvenileLeaves,-0.11464907542152249,0.11464907542152249,0.06381124839439374,0.007483160000612731
mean_thNew_10_20,thetaR,0.091967122727544,0.091967122727544,0.048379530069400996,0.005507061681826188
mean_thNew_10_20,Ks,-0.05012733504331005,0.05012733504331005,0.02512023013971578,0.0027953767595313823
mean_thNew_10_20,Rmax_LTAR,-0.037582372947534824,0.03937758435424137,0.03226015646553414,0.0033652949291519112
mean_thNew_10_20,StayGreen,-0.032421903047088835,0.032421903047088835,0.026492113602378315,0.0030687977003462374
mean_thNew_10_20,Rmax_LTIR,-0.0013966963193151945,0.00398094557796957,0.006921750270601331,0.0006653008330286855
mean_thNew_10_20,PhyllFrmTassel,-0.0015245434488292287,0.0019891782059072425,0.0029373682179002062,0.000296270831051798
mean_thNew_10_20,Diffx,-0.0008291015230942135,0.0019512257502342424,0.002943215501092552,0.00026931219326831093
mean_thNew_10_20,Diffz,-0.0007857548377310934,0.0017628667726601872,0.002714983750891969,0.0002514674582327529
mean_thNew_120_200,n,-0.9418028328533732,0.9418028328533732,0.259832644008573,0.029336224012198348
mean_thNew_120_200,thetaS,0.44082699673031206,0.44082699673031206,0.17925000158365753,0.02076291642357739
mean_thNew_120_200,thetaR,0.2623061242588395,0.2623061242588395,0.11700021243058988,0.012927968690291208
mean_thNew_120_200,LM_min,-0.06755304064451248,0.06879412422526354,0.04854966142465008,0.005278010783625646
mean_thNew_120_200,Rmax_LTAR,-0.06818898261006355,0.06818898261006355,0.03734174009134721,0.003985648460059662
mean_thNew_120_200,Alfa,-0.05797620259441428,0.05797620259441428,0.028809262877152256,0.003317506846981191
mean_thNew_120_200,StayGreen,-0.028037178804839524,0.03199855171152427,0.033336243940592376,0.0034878508061515832
mean_thNew_120_200,Ks,-0.029085918672957754,0.029085918672957754,0.014817157652994689,0.0016445722023014076
mean_thNew_120_200,JuvenileLeaves,-0.018326909344169227,0.02825881606532817,0.03180980615189021,0.0026591210534269417
mean_thNew_120_200,Rmax_LTIR,-0.000980518388778358,0.0025074516554504517,0.0035630128457514185,0.00029697129503336513
mean_thNew_120_200,Diffx,0.00026301143237090135,0.0018959837114534484,0.002864751364699533,0.0002428830784945884
mean_thNew_120_200,Diffz,0.0006031378127818648,0.0016577483390261896,0.0023620256701934244,0.00019386714129535478
mean_thNew_120_200,PhyllFrmTassel,0.00021751867653558863,0.0007412348073606668,0.0012789531655100085,0.00012033262264662818
mean_thNew_20_40,n,-0.8991397003417467,0.8991397003417467,0.3495619438097548,0.039957296807350245
mean_thNew_20_40,thetaS,0.6609408689466663,0.6609408689466663,0.29278185064949025,0.03320415356879602
mean_thNew_20_40,LM_min,-0.1483114466278296,0.1483114466278296,0.0828284795764688,0.009451697746900701
mean_thNew_20_40,JuvenileLeaves,-0.1427400709857416,0.1427400709857416,0.08138182160788654,0.009455823382048267
mean_thNew_20_40,Alfa,-0.13312258818608355,0.13312258818608355,0.08046365490118837,0.009095361063670626
mean_thNew_20_40,thetaR,0.09464385988274077,0.09464385988274077,0.05339725563317592,0.006073212327449583
mean_thNew_20_40,Rmax_LTAR,-0.04811191956997213,0.05015055592945199,0.03916839705956871,0.004101520976073217
mean_thNew_20_40,Ks,-0.043097642614790564,0.043097642614790564,0.02321099329294597,0.00256770176513175
mean_thNew_20_40,StayGreen,-0.03806690577893139,0.03806690577893139,0.031581542607233004,0.0036941528868516126
mean_thNew_20_40,Rmax_LTIR,-0.0020855798854840404,0.004612350302499156,0.008169148868160284,0.000802130303981647
mean_thNew_20_40,Diffx,-0.0009147057647690519,0.0022693944869990094,0.003406954097984776,0.00031072641369790356
mean_thNew_20_40,PhyllFrmTassel,-0.0016734987341904973,0.0021980285491839543,0.0032995503105217754,0.000342740248426016
mean_thNew_20_40,Diffz,4.026703957783027e-05,0.0018394782287751376,0.0028025520301454324,0.00024242529993523965
mean_thNew_80_120,n,-0.9245888523842548,0.9245888523842548,0.3119698073976068,0.03546875599905072
mean_thNew_80_120,thetaS,0.5608726666598759,0.5608726666598759,0.23710219010302502,0.027005360087308812
mean_thNew_80_120,thetaR,0.16843458693928276,0.16843458693928276,0.08832842973692602,0.010037796817096423
mean_thNew_80_120,LM_min,-0.12973641264736335,0.12973641264736335,0.07473738586953842,0.008565633729609964
mean_thNew_80_120,Alfa,-0.11053149793707764,0.11053149793707764,0.06053942140910229,0.006849590042681295
mean_thNew_80_120,JuvenileLeaves,-0.09095045593518837,0.09095045593518837,0.05462412371866184,0.006324732079027514
mean_thNew_80_120,Rmax_LTAR,-0.05587378178815359,0.05659752481971469,0.03415431215252564,0.0036835086717221374
mean_thNew_80_120,StayGreen,-0.04765855506176448,0.04765855506176448,0.04165889791461285,0.004869977214123157
mean_thNew_80_120,Ks,-0.03781894034097271,0.03781894034097271,0.020206460101340383,0.002269055335623491
mean_thNew_80_120,Rmax_LTIR,-0.00034266886528709585,0.0027052826073818686,0.004452739940026275,0.00040715845780733227
mean_thNew_80_120,Diffx,-0.0002418778441686796,0.0016755735308363626,0.0024483084603005596,0.00020318334773477813
mean_thNew_80_120,Diffz,0.0001907963379780724,0.0014688704843200478,0.0021925475683729997,0.00018544197068600657
mean_thNew_80_120,PhyllFrmTassel,-0.0004991164755989349,0.0008107939902061112,0.0012683893396567211,0.00012441577344467125
mean_top20_theta,n,-0.9044298584162918,0.9044298584162918,0.35074840656044687,0.04003343477603801
mean_top20_theta,thetaS,0.6740295268118408,0.6740295268118408,0.29705121845855625,0.03360856117185945
mean_top20_theta,Alfa,-0.11664327445628075,0.11664327445628075,0.07008130381818403,0.00801764060588351
mean_top20_theta,LM_min,-0.11087865868791823,0.11087865868791823,0.06218959325265147,0.007073370325993353
mean_top20_theta,JuvenileLeaves,-0.1059249210142515,0.1059249210142515,0.058252548403497424,0.006832732934756652
mean_top20_theta,thetaR,0.09540456029229392,0.09540456029229392,0.04966445729901048,0.005631815625645887
mean_top20_theta,Ks,-0.050631689736399775,0.050631689736399775,0.024991798520055654,0.0027891092599727123
mean_top20_theta,Rmax_LTAR,-0.03549953580113974,0.03721861178682321,0.03043767709872903,0.0031810717035429207
mean_top20_theta,StayGreen,-0.0319142199138153,0.0319142199138153,0.026127822161379995,0.0030265709699884703
mean_top20_theta,Rmax_LTIR,-0.0012416885101378032,0.003666107790079038,0.006355972512141772,0.0006103035317502104
mean_top20_theta,PhyllFrmTassel,-0.0014097509988203654,0.0018350402280344373,0.002674735125588405,0.0002696547552341485
mean_top20_theta,Diffx,-0.0007792132820925626,0.0018099919950929314,0.0027054920262146397,0.00024647151676673737
mean_top20_theta,Diffz,-0.00086183375693943,0.0016867110673210403,0.0025430889155921453,0.00023653810279961737
mean_vpd,StayGreen,0.4053586413242593,0.7137835955814138,0.7185429611788694,0.04741999028281304
mean_vpd,LM_min,0.22914679593670523,0.5609570182073571,0.6456062673196213,0.044123269343255785
mean_vpd,Rmax_LTAR,0.021044783236674358,0.3802847476767724,0.5428052513761583,0.04178892810776016
mean_vpd,JuvenileLeaves,-0.256829446890677,0.3773948002025657,0.4624706074069689,0.04130662531588809
mean_vpd,n,-0.023690057375103334,0.09636189902863578,0.1532805803759763,0.013755513570053347
mean_vpd,Alfa,-0.014464805645733042,0.060684966572611666,0.11149869293104464,0.010386046403561819
mean_vpd,thetaR,-0.013095527248803612,0.03841483025057745,0.06874881567837071,0.006675424419378906
mean_vpd,thetaS,0.006866463326748922,0.036660095712909756,0.06465825019027364,0.006210741100489109
mean_vpd,Ks,0.006782489582905315,0.029958368549018247,0.06640621096126202,0.006471470536392704
mean_vpd,Rmax_LTIR,-0.002201591595167084,0.018129275238702842,0.04220602523002733,0.00429083226052539
mean_vpd,Diffx,-0.0013547410217479988,0.008345720728525241,0.02634890658048548,0.0027892643271060545
mean_vpd,Diffz,0.0030409770596971364,0.006481475406353109,0.0255528613064414,0.00277867901375951
mean_vpd,PhyllFrmTassel,-0.00023580618375624297,0.0004374807682808779,0.00609239003471949,0.0006891399044529527
min_av_gs,JuvenileLeaves,0.0,0.0,0.0,0.0
min_av_gs,Rmax_LTAR,0.0,0.0,0.0,0.0
min_av_gs,Rmax_LTIR,0.0,0.0,0.0,0.0
min_av_gs,PhyllFrmTassel,0.0,0.0,0.0,0.0
min_av_gs,StayGreen,0.0,0.0,0.0,0.0
min_av_gs,LM_min,0.0,0.0,0.0,0.0
min_av_gs,Diffx,0.0,0.0,0.0,0.0
min_av_gs,Diffz,0.0,0.0,0.0,0.0
min_av_gs,thetaR,0.0,0.0,0.0,0.0
min_av_gs,thetaS,0.0,0.0,0.0,0.0
min_av_gs,Alfa,0.0,0.0,0.0,0.0
min_av_gs,n,0.0,0.0,0.0,0.0
min_av_gs,Ks,0.0,0.0,0.0,0.0
min_hNew_0_10,thetaS,0.8586136595385381,0.8586136595385381,0.40148694004270047,0.04572986134588945
min_hNew_0_10,JuvenileLeaves,-0.4338399426737963,0.4338399426737963,0.29752483985440875,0.03376985102810989
min_hNew_0_10,LM_min,-0.38198361976266504,0.38198361976266504,0.2488594417941329,0.02865263991319938
min_hNew_0_10,Alfa,0.2358401329062138,0.2428333493703676,0.16854587880684288,0.017921638719586033
min_hNew_0_10,n,0.09935254482292469,0.2099355454252613,0.26560793053883824,0.021824100212030295
min_hNew_0_10,thetaR,-0.18357912590748648,0.18357912590748648,0.1351639682720402,0.014850942414472958
min_hNew_0_10,Ks,-0.18262174464212455,0.18262174464212455,0.10977953445327995,0.012458745712079706
min_hNew_0_10,Rmax_LTAR,-0.12652092319716307,0.13694815160003776,0.14135267616922315,0.015119317728033302
min_hNew_0_10,StayGreen,-0.06715744560182108,0.06740148410296386,0.06340534871314593,0.006908264478095224
min_hNew_0_10,Rmax_LTIR,-0.00906963898311249,0.019874529058681957,0.04379457631710989,0.004572831192881916
min_hNew_0_10,PhyllFrmTassel,-0.007331620803974254,0.009577365407769625,0.016074347012471197,0.0016805988584339706
min_hNew_0_10,Diffz,-0.00449411559122705,0.007602335262760989,0.012550217509541885,0.0012110887477053546
min_hNew_0_10,Diffx,-0.002745949134471077,0.007545336538306507,0.012046656494261532,0.0011034571885768611
min_hNew_0_20,thetaS,0.8470551439753073,0.8470551439753073,0.43668284968498483,0.04926734744363763
min_hNew_0_20,JuvenileLeaves,-0.4446138045498621,0.4446138045498621,0.33287167379785293,0.03796848327022206
min_hNew_0_20,LM_min,-0.38048425279655684,0.38048425279655684,0.2758907493920456,0.031304585327334065
min_hNew_0_20,n,-0.011239134017960745,0.21265644887726595,0.31667296594670213,0.02660441325186212
min_hNew_0_20,Alfa,0.16539903738955875,0.1874704293581066,0.17212568574823492,0.01671703657995109
min_hNew_0_20,thetaR,-0.18430476252558722,0.18430476252558722,0.15150137139750366,0.016373008725315243
min_hNew_0_20,Ks,-0.16585245228949716,0.16585245228949716,0.11560457993995474,0.0131531857749032
min_hNew_0_20,Rmax_LTAR,-0.13580218304825878,0.14688068993753864,0.16606811467622717,0.01801022327159516
min_hNew_0_20,StayGreen,-0.05894452198275102,0.059314873304446514,0.05981353155859867,0.006552499758226512
min_hNew_0_20,Rmax_LTIR,-0.009319404985194655,0.021911407068936378,0.04987723320776595,0.005142463958624063
min_hNew_0_20,PhyllFrmTassel,-0.007427687924197932,0.009653000568500124,0.01715309774915104,0.0017979506164133823
min_hNew_0_20,Diffx,-0.0029836357178190677,0.00837880888867283,0.01543055731523736,0.0015055228145992956
min_hNew_0_20,Diffz,-0.003401084443895991,0.007742768390443091,0.01563115471338893,0.0015478155920579293
min_hNew_0_200,n,-0.799251884835579,0.799251884835579,0.5081751934116435,0.05631368166167305
min_hNew_0_200,thetaS,0.5182430717649995,0.5182430717649995,0.46217290103754977,0.05166583193665809
min_hNew_0_200,JuvenileLeaves,-0.24286844775713148,0.2460372198532073,0.34031764310871493,0.038785697289002205
min_hNew_0_200,LM_min,-0.22662169824761033,0.22790906711721629,0.31137663295615264,0.03487412230335644
min_hNew_0_200,Alfa,-0.1317519587270088,0.13268338921930792,0.2108416977493893,0.023625026729915687
min_hNew_0_200,Rmax_LTAR,-0.12410294771191678,0.13083894218492376,0.19088175558565154,0.021635307861055095
min_hNew_0_200,thetaR,-0.1277234345841981,0.12942229646466388,0.1847451914153519,0.020627276974537517
min_hNew_0_200,Ks,-0.04423690392453223,0.05141616640789784,0.09437021387105814,0.010543339129784453
min_hNew_0_200,StayGreen,-0.012149374527226272,0.024168155149643943,0.05722351536732882,0.005845672077610209
min_hNew_0_200,Rmax_LTIR,-0.004514639495919453,0.018062112443357835,0.08041851975267762,0.008540337704792568
min_hNew_0_200,PhyllFrmTassel,-0.002156609342381937,0.007161358360143296,0.019427927725330793,0.0020438525570817445
min_hNew_0_200,Diffx,2.1389322660284316e-05,0.006495899864778854,0.019616829344093107,0.0020589651475421897
min_hNew_0_200,Diffz,0.003006365662362556,0.005921747619767191,0.018261286464461287,0.0019317595878787794
min_hNew_10_20,thetaS,0.8408441003637556,0.8408441003637556,0.4526745299711888,0.0511452476700462
min_hNew_10_20,JuvenileLeaves,-0.4472650868601958,0.4472650868601958,0.3476161886052491,0.03980412608995412
min_hNew_10_20,LM_min,-0.3785023701073789,0.3785023701073789,0.2919719137743618,0.033100988864046776
min_hNew_10_20,n,-0.061965947588721544,0.22184260368573555,0.33568888569537353,0.029220444472393435
min_hNew_10_20,thetaR,-0.18683188909104095,0.18683188909104095,0.16812023352700473,0.018055806048474975
min_hNew_10_20,Alfa,0.13799195688304441,0.16807084438490477,0.1696545521989078,0.015847549772061615
min_hNew_10_20,Ks,-0.15755471385746564,0.15755471385746564,0.12096385560191455,0.01365390781323126
min_hNew_10_20,Rmax_LTAR,-0.13621992814517886,0.14732937361597342,0.16954618634791174,0.018344246545588663
min_hNew_10_20,StayGreen,-0.054774469241536214,0.055338731337105325,0.05820106751146037,0.006349401435256456
min_hNew_10_20,Rmax_LTIR,-0.009732394357562684,0.022208447043022966,0.05126660323076348,0.005319373574369654
min_hNew_10_20,PhyllFrmTassel,-0.0077680048224989424,0.009941087920376563,0.019799856299463736,0.002123730207215292
min_hNew_10_20,Diffx,-0.003015715524949346,0.008546619424658453,0.016275083742259548,0.0016031605716479848
min_hNew_10_20,Diffz,-0.003082304489852352,0.007806228290714289,0.01577142327163257,0.0015589367784375934
min_hNew_120_200,n,-0.9452435013377218,0.9452435013377218,0.26721321053782593,0.03028375310611023
min_hNew_120_200,Alfa,-0.190634766709902,0.19063802710084288,0.26124931845704796,0.02981141133644126
min_hNew_120_200,JuvenileLeaves,0.10279836094873468,0.16316417229252655,0.22982529953087674,0.021367714063890528
min_hNew_120_200,thetaS,0.11539474039025512,0.15549462200666683,0.2052774754404531,0.019783086778943113
min_hNew_120_200,LM_min,0.03126308999288456,0.11597858044122586,0.18737385588775354,0.01666487434763579
min_hNew_120_200,Rmax_LTAR,-0.08627768750193007,0.11588215888785625,0.16237904117279917,0.016017534193267728
min_hNew_120_200,thetaR,-0.024719130598268968,0.04795516817507857,0.07626802918697673,0.007141599989906816
min_hNew_120_200,Ks,0.032508398300832075,0.04256924809185709,0.08568217926098139,0.009290978825921834
min_hNew_120_200,StayGreen,0.014885874116352223,0.025524259343375932,0.05470897777044613,0.005628885623788291
min_hNew_120_200,Rmax_LTIR,0.005680522529567223,0.021677796066139107,0.03844623637421167,0.003711666460068324
min_hNew_120_200,Diffx,0.003539349095436998,0.009688418530641946,0.020687618603763447,0.002108351745472102
min_hNew_120_200,Diffz,0.0016399061895016292,0.008060633211000916,0.020130149294586713,0.002156293906783234
min_hNew_120_200,PhyllFrmTassel,0.0040547952356039,0.00592225486148837,0.013882955811923649,0.0015089446286901708
min_hNew_20_40,thetaS,0.8220140322629781,0.8220140322629781,0.38320888123695773,0.04485515098877794
min_hNew_20_40,JuvenileLeaves,-0.4399753141210346,0.4399753141210346,0.3260674230359744,0.03737302343858978
min_hNew_20_40,LM_min,-0.362667586198881,0.362667586198881,0.27415610080986097,0.030673850370381357
min_hNew_20_40,n,-0.32439475759857356,0.32895450009194177,0.287747550280161,0.0315336515558267
min_hNew_20_40,thetaR,-0.16543892206024854,0.16543892206024854,0.12447093259170036,0.0138570467105859
min_hNew_20_40,Rmax_LTAR,-0.11053089908362497,0.12738050573109072,0.1337106902744976,0.012542528432959967
min_hNew_20_40,Ks,-0.10301238940858792,0.10301238940858792,0.07515879340602312,0.008471980097498045
min_hNew_20_40,Alfa,-0.0033733384858007512,0.06864685509091566,0.09737752603384042,0.007652790478301268
min_hNew_20_40,StayGreen,-0.033989618698635905,0.03538093018141587,0.03846254134471879,0.004165440103642239
min_hNew_20_40,Rmax_LTIR,-0.011617259876097191,0.020247590836617847,0.046130849585346294,0.004802768438815156
min_hNew_20_40,PhyllFrmTassel,-0.006611505660257949,0.00925564451719775,0.01728376576603997,0.0017981261186335346
min_hNew_20_40,Diffx,-0.0012546860852784998,0.006869949727001905,0.01210684277712563,0.0011756542718480765
min_hNew_20_40,Diffz,0.000528522787090596,0.006173087433368113,0.010526343863212382,0.0009358108095506989
min_hNew_80_120,n,-0.6468365169839718,0.6468365169839718,0.5385700695987452,0.061028573299216085
min_hNew_80_120,thetaS,0.5884079623781329,0.5884079623781329,0.5220466951348187,0.058788867769037856
min_hNew_80_120,JuvenileLeaves,-0.34972558925688946,0.34972558925688946,0.3942851576637581,0.04397059747027584
min_hNew_80_120,LM_min,-0.30481539606058144,0.30523719919981696,0.37046215738734894,0.04182223609643409
min_hNew_80_120,thetaR,-0.15417872018139894,0.155879357678996,0.22910122640465233,0.02537266649352915
min_hNew_80_120,Rmax_LTAR,-0.1286501634598764,0.13635641020471312,0.2294654105768885,0.025973528572596858
min_hNew_80_120,Alfa,-0.12015170663158534,0.12424761617843937,0.21531456921234796,0.023554342171607522
min_hNew_80_120,Ks,-0.0677006726352554,0.07317081291856925,0.12904649061113604,0.014880238470582608
min_hNew_80_120,StayGreen,-0.02842608294816116,0.0325992742904719,0.06229770078735343,0.006755586670846047
min_hNew_80_120,Rmax_LTIR,-0.006206800126787771,0.020887873650310702,0.08573714953718133,0.008975680723586156
min_hNew_80_120,PhyllFrmTassel,-0.0041718101685445244,0.008385154189052266,0.02406950925716116,0.00257795341465464
min_hNew_80_120,Diffx,-0.0018076533905548038,0.007053482836390382,0.02240335490786162,0.0023587645207062405
min_hNew_80_120,Diffz,0.003120746659104788,0.0060978188330033,0.01867618454058272,0.0019688220271991304
min_leaf_wp,thetaS,0.691447387986524,0.6994424004864089,0.40976732070684907,0.04461651464689414
min_leaf_wp,n,-0.38041403396489815,0.4252892461358333,0.4157168311742537,0.04170453244649509
min_leaf_wp,LM_min,-0.3449591264123162,0.39471748503946247,0.418614805398295,0.04125093324146922
min_leaf_wp,JuvenileLeaves,-0.1535489554672456,0.37912537286330417,0.4625035704376863,0.03370870141319875
min_leaf_wp,Rmax_LTAR,-0.3312343578400965,0.33857587298850356,0.31127131482697706,0.033557112062649365
min_leaf_wp,thetaR,-0.13316669773743806,0.1869328617548806,0.2512505322324525,0.02400022472395931
min_leaf_wp,Ks,-0.09263896905454551,0.1441868404986812,0.21749991558551574,0.021158670674455968
min_leaf_wp,Alfa,-0.04301079494162052,0.12240991631161666,0.2064325690729699,0.018944977625630657
min_leaf_wp,StayGreen,-0.034732540260189224,0.07014273347730404,0.11649687604188734,0.011090879642798115
min_leaf_wp,Rmax_LTIR,-0.010930536676004896,0.052291847465216805,0.09864362285346281,0.009704325497769391
min_leaf_wp,PhyllFrmTassel,0.01058743416613155,0.03486557084484309,0.06320704689703821,0.005953727035094334
min_leaf_wp,Diffx,0.002944656161766938,0.026665528132301605,0.05387101883416497,0.005359043756847809
min_leaf_wp,Diffz,0.002488511433731284,0.02316626142216214,0.053345997208359024,0.005378052232006372
min_thNew_0_10,n,-0.8635877213215101,0.8635877213215101,0.3423913532202961,0.03901945683852457
min_thNew_0_10,thetaS,0.7041872532892404,0.7041872532892404,0.30698054295081206,0.03438680211070742
min_thNew_0_10,JuvenileLeaves,-0.20927675671413623,0.20927675671413623,0.10605001718760444,0.012244859962164425
min_thNew_0_10,LM_min,-0.18383217262603363,0.18383217262603363,0.08879442657841632,0.010055469424586589
min_thNew_0_10,thetaR,0.08557858408046687,0.08583240655696364,0.04938621619483037,0.005540182661917612
min_thNew_0_10,Ks,-0.08340052000088392,0.08340052000088392,0.03749769226462771,0.004236185638371947
min_thNew_0_10,Rmax_LTAR,-0.05314005850881045,0.059559383482208,0.05266611889599141,0.005057127100351622
min_thNew_0_10,StayGreen,-0.03309381095055253,0.033244032995067625,0.028589768302928,0.0032679471660139714
min_thNew_0_10,Alfa,-0.015606659743788581,0.031063332496484387,0.040918320401865486,0.003523150085673039
min_thNew_0_10,Rmax_LTIR,-0.0029040399639667634,0.007335106588511888,0.0128735346538068,0.001262285067101603
min_thNew_0_10,PhyllFrmTassel,-0.003077631484367549,0.004233322632160315,0.006183188035795287,0.0006128660550127902
min_thNew_0_10,Diffz,-0.002209495818403178,0.0034546581083172287,0.0056148983212784415,0.0005514701202948892
min_thNew_0_10,Diffx,-0.0013445800261201112,0.0033329814737303727,0.004997396098001331,0.00045682249295758915
min_thNew_0_20,n,-0.8597608652272734,0.8597608652272734,0.34044726427362837,0.038704398785722204
min_thNew_0_20,thetaS,0.7021982413941255,0.7021982413941255,0.30534435903043267,0.0342870674531015
min_thNew_0_20,JuvenileLeaves,-0.22432354566772897,0.22432354566772897,0.11506492014639152,0.013323046733491611
min_thNew_0_20,LM_min,-0.19194381511070602,0.19194381511070602,0.09308417685995997,0.01045422375210478
min_thNew_0_20,Ks,-0.07979704250553973,0.07979704250553973,0.03654200492296548,0.004100908483162922
min_thNew_0_20,thetaR,0.0783726415995636,0.07911308812879467,0.04684308371228378,0.005200445501802431
min_thNew_0_20,Rmax_LTAR,-0.05720530701595731,0.06414070855128533,0.05697674852923014,0.005443543363263761
min_thNew_0_20,Alfa,-0.025932418070060963,0.036646658482858994,0.044432371369213124,0.004111928017198716
min_thNew_0_20,StayGreen,-0.031461082829844625,0.031664925349939935,0.027429177850385462,0.0031327588241925864
min_thNew_0_20,Rmax_LTIR,-0.0032250205370867742,0.008025271023437901,0.013979708655558094,0.001366684348677836
min_thNew_0_20,PhyllFrmTassel,-0.003346280072099906,0.004585905873684326,0.006702920621987399,0.0006678543649769339
min_thNew_0_20,Diffx,-0.0013170875576428793,0.0037420465196714094,0.005715904730648286,0.0005152688389606316
min_thNew_0_20,Diffz,-0.0016538828277256259,0.0033996713903237004,0.005760641841746717,0.0005573852108020263
min_thNew_0_200,n,-0.9275870845546589,0.9275870845546589,0.2974879791264084,0.03355222210341162
min_thNew_0_200,thetaS,0.5071006223445482,0.5071006223445482,0.2213918857669481,0.025369414279192877
min_thNew_0_200,thetaR,0.20577215284152522,0.20577215284152522,0.10796639786095238,0.012224897585929945
min_thNew_0_200,JuvenileLeaves,-0.1768042703953455,0.1768042703953455,0.09137984363965618,0.01038208446013222
min_thNew_0_200,LM_min,-0.1499886907904773,0.1499886907904773,0.07200907119720269,0.008002579923691747
min_thNew_0_200,Alfa,-0.06797853434335467,0.06797853434335467,0.04137864375201415,0.0047677060563329175
min_thNew_0_200,Rmax_LTAR,-0.058066207123898116,0.060185075915245086,0.0454067423400702,0.004658949144656096
min_thNew_0_200,Ks,-0.04338595382765914,0.04338595382765914,0.02110306383796624,0.002358453545698829
min_thNew_0_200,StayGreen,-0.012369047312399203,0.012854549636670763,0.010412638509566828,0.0011506191518791684
min_thNew_0_200,Rmax_LTIR,-0.002613997758131103,0.0051483994402459635,0.008841283637188226,0.0008733617684740653
min_thNew_0_200,PhyllFrmTassel,-0.002097392310459445,0.0029013526913483356,0.00411743533595434,0.00041179611122264484
min_thNew_0_200,Diffx,-0.0007552298147958397,0.0025093419034077444,0.0036264332804410862,0.0003173702996854342
min_thNew_0_200,Diffz,3.694018764106591e-05,0.0022550566709507057,0.0035828017713949024,0.00032175089684576626
min_thNew_10_20,n,-0.8513195604298129,0.8513195604298129,0.33856693267926924,0.038228450276822895
min_thNew_10_20,thetaS,0.7020248957074197,0.7020248957074197,0.307097441537851,0.03469831463691269
min_thNew_10_20,JuvenileLeaves,-0.23726951997857185,0.23726951997857185,0.1282075796541945,0.014941447080823901
min_thNew_10_20,LM_min,-0.19876802362912996,0.19876802362912996,0.10229836900652964,0.011406891190907724
min_thNew_10_20,Ks,-0.07782879050393379,0.07782879050393379,0.039857715683936236,0.004483551573952096
min_thNew_10_20,thetaR,0.06905234349466613,0.07499284231198262,0.05345326522415397,0.005071366833723207
min_thNew_10_20,Rmax_LTAR,-0.05900656132768121,0.0664117533443808,0.061710111156039936,0.0059298896009912705
min_thNew_10_20,Alfa,-0.03239536621625903,0.041286827321172795,0.0480485258885709,0.004662974532701612
min_thNew_10_20,StayGreen,-0.03013277347613466,0.03055059852835733,0.027032261715659395,0.0030481315970303526
min_thNew_10_20,Rmax_LTIR,-0.0034158358981058595,0.008491588600341639,0.01511740633651606,0.0014786881140434254
min_thNew_10_20,PhyllFrmTassel,-0.00350703994924573,0.004853929779333391,0.007680874900553512,0.0007713371187852762
min_thNew_10_20,Diffx,-0.0013084073728838685,0.0040146287970685215,0.0064481487061339195,0.0005886051997726278
min_thNew_10_20,Diffz,-0.0013770776534051342,0.003609822865925933,0.006615540464982751,0.0006458179983888629
min_thNew_120_200,n,-0.9627911021199287,0.9627911021199287,0.23899671324387345,0.027261796360713526
min_thNew_120_200,thetaR,0.3888325572096386,0.3888325572096386,0.18768225424166526,0.021166022836345333
min_thNew_120_200,thetaS,0.1878109810998784,0.1878109810998784,0.12275828186157534,0.014203524616787994
min_thNew_120_200,Alfa,-0.07139063518731269,0.07139063518731269,0.04037187885347068,0.00465535462672976
min_thNew_120_200,Rmax_LTAR,-0.02552366846641831,0.025905595190768918,0.021371850981926902,0.002335593755430647
min_thNew_120_200,LM_min,-0.01462488918069347,0.017664961089056175,0.022136027617208856,0.002293262194891599
min_thNew_120_200,JuvenileLeaves,0.0058074383965824,0.014572060219002484,0.02116104276042458,0.0017968360105041017
min_thNew_120_200,Ks,-0.005032137561670105,0.005778720968395252,0.005683452464387468,0.0005481109579054316
min_thNew_120_200,Rmax_LTIR,-0.0012200463784208116,0.003716046619464777,0.0059007065846985165,0.0005126380892726558
min_thNew_120_200,StayGreen,-0.0009648416557377485,0.0032836011793529055,0.004741788598877371,0.0003990982188324763
min_thNew_120_200,Diffx,0.0006235525839580814,0.0012264927373526135,0.0017270244696809306,0.0001552906576161589
min_thNew_120_200,PhyllFrmTassel,0.0005882878026901321,0.0011569032437687829,0.002102469026636573,0.00020375255545844234
min_thNew_120_200,Diffz,0.0003100910959907633,0.0011153347975550998,0.0017175484094815736,0.0001553471719514568
min_thNew_20_40,n,-0.8300752538676879,0.8300752538676879,0.3350702173738727,0.038302210455887255
min_thNew_20_40,thetaS,0.6578273053852448,0.6578273053852448,0.3147331615914695,0.035589216198804535
min_thNew_20_40,JuvenileLeaves,-0.2807223780136554,0.2807223780136554,0.18080256216870993,0.020532811037474785
min_thNew_20_40,LM_min,-0.22680918935282582,0.22680918935282582,0.13785655877869576,0.01542675925139493
min_thNew_20_40,thetaR,0.0824563338592466,0.08283356663848888,0.0850722027210984,0.009439270784500815
min_thNew_20_40,Rmax_LTAR,-0.06813467797277309,0.07888048422028376,0.08183585330428354,0.0077941233827284115
min_thNew_20_40,Alfa,-0.06897633044555218,0.06945859921011803,0.066656817946449,0.007516101092349788
min_thNew_20_40,Ks,-0.05905080719131429,0.05905080719131429,0.035626604376555744,0.003862063617843207
min_thNew_20_40,StayGreen,-0.02205086557664706,0.022673490442540512,0.02030543820890719,0.002291575671144017
min_thNew_20_40,Rmax_LTIR,-0.004097686859174163,0.008833748175107552,0.01692660539807306,0.0017017220555791204
min_thNew_20_40,PhyllFrmTassel,-0.003708649828929316,0.005047559757151215,0.007971621395582863,0.0008280576342029816
min_thNew_20_40,Diffx,-0.0016669622332286841,0.004286146068361534,0.006824524922179763,0.0006373673944477001
min_thNew_20_40,Diffz,0.0005336775400344263,0.0034139640212995054,0.006277826071763351,0.0006072550503574247
min_thNew_80_120,n,-0.9312027717530801,0.9312027717530801,0.2686187105659714,0.030163802350819162
min_thNew_80_120,thetaS,0.38646521347707713,0.38646521347707713,0.2224300965173702,0.025826669429352894
min_thNew_80_120,thetaR,0.2714249241375343,0.2714249241375343,0.15362042908357693,0.017418755186851834
min_thNew_80_120,JuvenileLeaves,-0.1522778936461871,0.1522778936461871,0.101224639157905,0.011339228088216987
min_thNew_80_120,LM_min,-0.1365745822748772,0.1365745822748772,0.08849569995730691,0.009778000202613341
min_thNew_80_120,Alfa,-0.07057015544010505,0.07057015544010505,0.0422661914872564,0.004944763614757888
min_thNew_80_120,Rmax_LTAR,-0.05291142906559399,0.05407091225428406,0.04487045504714294,0.004773411913298827
min_thNew_80_120,Ks,-0.028038007797460775,0.028119728738935545,0.02001482066627859,0.002212141959906888
min_thNew_80_120,StayGreen,-0.01266068605884873,0.013310948450813506,0.01251826000451963,0.001412475699462535
min_thNew_80_120,Rmax_LTIR,-0.0011114071815239834,0.004411949616080587,0.007872242873151008,0.0007564804090604097
min_thNew_80_120,Diffx,-0.0003351102559143041,0.002176177781400999,0.003563085293122043,0.00032283765793608243
min_thNew_80_120,Diffz,0.0009802567014077375,0.0021608363223734944,0.0038253692318173113,0.0003776531691659113
min_thNew_80_120,PhyllFrmTassel,-0.001321451690736493,0.0021465870110059285,0.003632704211000671,0.0003822342427527651
nit_sink_0_20_share,thetaS,-0.706277769383356,0.7128009434857383,0.33928915915270996,0.03725296769309204
nit_sink_0_20_share,JuvenileLeaves,0.5355566475761063,0.5471623596107376,0.3171085370129423,0.032505714525911056
nit_sink_0_20_share,n,0.37829295349881176,0.4188241488266289,0.33625915505905746,0.03179493645047757
nit_sink_0_20_share,LM_min,0.2284889704102935,0.29488486101943245,0.28635636287563276,0.024705806348140694
nit_sink_0_20_share,Rmax_LTAR,-0.14710773888435597,0.250803958729099,0.31874242130729835,0.02763580558554105
nit_sink_0_20_share,thetaR,0.1579988570309246,0.18486211248165874,0.19691133341534856,0.018799459506676566
nit_sink_0_20_share,Alfa,0.11762577096817428,0.16151923523212536,0.19997410435528662,0.01846293680111314
nit_sink_0_20_share,StayGreen,0.08566602795585951,0.14349707975219989,0.1794576008911905,0.015175285924178905
nit_sink_0_20_share,Ks,0.05620319276338193,0.12079303194932413,0.16308724147325224,0.01420854037245213
nit_sink_0_20_share,Rmax_LTIR,-0.03115699114806951,0.1108812944166804,0.18061863059101227,0.01679080230808782
nit_sink_0_20_share,Diffz,0.044657157671942116,0.08870972022150134,0.1334595879097575,0.01234727019360868
nit_sink_0_20_share,Diffx,0.030231264484612944,0.07340211301196854,0.1269454739477523,0.011961443393691124
nit_sink_0_20_share,PhyllFrmTassel,0.008726481717680867,0.021352303875063334,0.033952876740099086,0.0032107627775212273
non_ear_shoot_dm,JuvenileLeaves,0.9477862646082287,0.9477862646082287,0.2282106457627508,0.02654215876650201
non_ear_shoot_dm,Rmax_LTAR,-0.3737966749164543,0.3737966749164543,0.18009681521853665,0.020097905563615757
non_ear_shoot_dm,LM_min,0.18985045444480633,0.19053692646388587,0.08761163775574689,0.00958529971424847
non_ear_shoot_dm,Rmax_LTIR,0.030994605899429796,0.10443146139495996,0.15597550899722257,0.013375361717994744
non_ear_shoot_dm,n,-0.02338182314051221,0.030274781451795175,0.04280936932116246,0.004320644138466867
non_ear_shoot_dm,thetaS,0.01869444568415123,0.0220993573723191,0.03357019350180862,0.003580558219219829
non_ear_shoot_dm,Alfa,-0.004099140537697783,0.013748397743619618,0.03877955847308312,0.004027678654086704
non_ear_shoot_dm,Ks,-0.003118073011920559,0.010123742966483116,0.04043888061014125,0.0044152645766578884
non_ear_shoot_dm,thetaR,-0.005088444359829583,0.009289964518538668,0.02784028396949161,0.003079143126130909
non_ear_shoot_dm,PhyllFrmTassel,0.007696116563588526,0.007696116563588526,0.0037983744053801728,0.00043287011807691415
non_ear_shoot_dm,StayGreen,0.006971334438740169,0.007607814947449049,0.015421959584169113,0.0016274383594961977
non_ear_shoot_dm,Diffz,0.0008765554808677704,0.003112985755341322,0.01009652399633741,0.001084562673810009
non_ear_shoot_dm,Diffx,0.0004905080329342661,0.002919204310700786,0.004396315627090772,0.0003734302576322849
potential_et,thetaS,0.567131177925574,0.567131177925574,0.3062770792638211,0.03493119009426314
potential_et,LM_min,-0.032294802414011226,0.5218099772257456,0.6198834772483144,0.03833118417193167
potential_et,StayGreen,-0.035296604746297866,0.5185712992864336,0.6222064044203663,0.03895435941426844
potential_et,n,-0.32802862952940376,0.42295680500609945,0.3839568412141066,0.03159287740768935
potential_et,JuvenileLeaves,0.08643643533790547,0.32370022395895426,0.42037704808119947,0.030577286197479625
potential_et,Rmax_LTAR,-0.0980422940348774,0.31844849801348724,0.42644908485932037,0.03357773154838707
potential_et,Alfa,-0.05801864897970487,0.0887140283253204,0.1190992410476526,0.010854105176117264
potential_et,thetaR,0.018073853610504495,0.06837031786214308,0.09376890442488915,0.007557150654996999
potential_et,Ks,-0.047863101428228784,0.05861824873797785,0.06384378727137126,0.006042864131500938
potential_et,Rmax_LTIR,-0.007943693305037369,0.04426219624696755,0.07465314147514635,0.006763164661044881
potential_et,Diffz,0.0036919468043204347,0.020744653277285568,0.0338936187980503,0.0030654527511782075
potential_et,Diffx,0.003569111382718791,0.018537845648802006,0.028540925305370446,0.002447404357308584
potential_et,PhyllFrmTassel,0.010221469874848288,0.01761652659997972,0.02887609681861673,0.002902774908886962
root_density_0_20_share,thetaS,-0.8696042445759482,0.8696042445759482,0.38230863509580326,0.04407042960321717
root_density_0_20_share,n,0.35438905456008124,0.35522619772158187,0.2772759106927997,0.030735178503193215
root_density_0_20_share,JuvenileLeaves,0.3348712318955896,0.3409734901036836,0.3024433462712558,0.033808418259317276
root_density_0_20_share,LM_min,0.2765051459883389,0.2923702455499513,0.25134333680425003,0.02598283013710873
root_density_0_20_share,thetaR,0.19732217325204932,0.1978125958868631,0.15483263577415166,0.016702580470168937
root_density_0_20_share,Rmax_LTAR,0.017083588321061452,0.1534639724573796,0.20829975434785622,0.01589312300875373
root_density_0_20_share,Ks,0.12040777156022957,0.12250014767407014,0.10683514235638823,0.012010668499901525
root_density_0_20_share,Alfa,-0.005941123626717167,0.08231224530461742,0.11939869145850446,0.00968543972975484
root_density_0_20_share,Rmax_LTIR,0.03337641455939119,0.05605970643351154,0.09992728406294732,0.010465096985391263
root_density_0_20_share,StayGreen,0.004906556761485823,0.05369589698583141,0.08945738918319852,0.008156561387486699
root_density_0_20_share,Diffz,0.03891980263115309,0.04268978159844168,0.04628408560141133,0.004660855023657429
root_density_0_20_share,PhyllFrmTassel,0.009323475977164944,0.03277819073190476,0.05234046064974285,0.004676967384392742
root_density_0_20_share,Diffx,0.009733122198338499,0.02574877298163061,0.03935463843078779,0.0034817453769920965
root_shoot_ratio,JuvenileLeaves,0.9420200598394153,0.9420200598394153,0.24948237976150742,0.027871878386000228
root_shoot_ratio,n,0.32163137861856117,0.32163137861856117,0.20187421290760424,0.022242761699685608
root_shoot_ratio,thetaS,-0.26202698988698037,0.26202698988698037,0.13163362673854992,0.015036379831179019
root_shoot_ratio,Rmax_LTIR,-0.12620384084353028,0.16091223603092747,0.18629318156012603,0.017224050370768827
root_shoot_ratio,LM_min,0.09537747422828499,0.12489202303058297,0.13156689658625867,0.01162638884295286
root_shoot_ratio,Rmax_LTAR,-0.09111843481362378,0.12282362506424946,0.13316296385636936,0.011412162478180866
root_shoot_ratio,StayGreen,-0.059438409681009385,0.09657279157521709,0.10907297282108863,0.00884076892788917
root_shoot_ratio,Alfa,0.052532846546223345,0.06575891126938413,0.07527020405058045,0.007204699099828519
root_shoot_ratio,thetaR,0.04855044075395237,0.05133610175236675,0.042317274511548576,0.004327592657535403
root_shoot_ratio,Ks,0.021501142651857142,0.032488478578318575,0.040187371527573346,0.003598610547330958
root_shoot_ratio,PhyllFrmTassel,0.0248295362681022,0.02554319567858018,0.018786572728891476,0.002061802338562092
root_shoot_ratio,Diffx,-0.0012514161136992275,0.012505271773064626,0.017334673694380243,0.0013543917974021297
root_shoot_ratio,Diffz,-0.000678346323179457,0.011370981128840218,0.01791563561068793,0.0015565360946685305
runoff_rain_ratio,JuvenileLeaves,0.0,0.0,0.0,0.0
runoff_rain_ratio,Rmax_LTAR,0.0,0.0,0.0,0.0
runoff_rain_ratio,Rmax_LTIR,0.0,0.0,0.0,0.0
runoff_rain_ratio,PhyllFrmTassel,0.0,0.0,0.0,0.0
runoff_rain_ratio,StayGreen,0.0,0.0,0.0,0.0
runoff_rain_ratio,LM_min,0.0,0.0,0.0,0.0
runoff_rain_ratio,Diffx,0.0,0.0,0.0,0.0
runoff_rain_ratio,Diffz,0.0,0.0,0.0,0.0
runoff_rain_ratio,thetaR,0.0,0.0,0.0,0.0
runoff_rain_ratio,thetaS,0.0,0.0,0.0,0.0
runoff_rain_ratio,Alfa,0.0,0.0,0.0,0.0
runoff_rain_ratio,n,0.0,0.0,0.0,0.0
runoff_rain_ratio,Ks,0.0,0.0,0.0,0.0
season_length_days_censored,StayGreen,0.8208513240541212,0.8208513240541212,0.39025798166710685,0.044801412788805346
season_length_days_censored,LM_min,0.5657148845494724,0.5657148845494724,0.38480226019752156,0.04378646710551104
season_length_days_censored,Rmax_LTAR,-0.17741633606011162,0.23010689870677412,0.33678910865403316,0.033534711707511294
season_length_days_censored,JuvenileLeaves,-0.11413158148885083,0.20318793629572754,0.28668666912471297,0.026618916784667365
season_length_days_censored,n,-0.035470713531176756,0.036576377986393876,0.1278515734612593,0.014312994326100151
season_length_days_censored,Alfa,-0.01813138380435635,0.018898630921220932,0.10466604994470144,0.011468869388748767
season_length_days_censored,thetaS,0.010500246635131206,0.012654367323536088,0.07414451403586937,0.00814207631140471
season_length_days_censored,thetaR,-0.008140575681840678,0.01027988843104347,0.07583586704509111,0.008548054706266926
season_length_days_censored,Ks,0.005846910019150339,0.009211409619668692,0.06649010042093045,0.007642536212172048
season_length_days_censored,Rmax_LTIR,-0.002719023307228029,0.006679613479134726,0.054631706102734726,0.006307862425679437
season_length_days_censored,Diffz,-0.00042843120898165723,0.0007152371647942013,0.007629673728542213,0.000830393869839274
season_length_days_censored,PhyllFrmTassel,0.0,0.0,0.0,0.0
season_length_days_censored,Diffx,0.0,0.0,0.0,0.0
seasonal_actual_soil_evap,n,-0.7003017392340767,0.7003017392340767,0.28813517929031446,0.03341317359459185
seasonal_actual_soil_evap,LM_min,-0.5362029171984648,0.5376374745719957,0.25947047349794744,0.02870284185026285
seasonal_actual_soil_evap,JuvenileLeaves,-0.5036701785204937,0.5036701785204937,0.21478333050770135,0.024326091159670514
seasonal_actual_soil_evap,Alfa,-0.3836747467315643,0.3836747467315643,0.16270871143578866,0.0181775017603645
seasonal_actual_soil_evap,thetaS,0.35376468730656946,0.35376468730656946,0.15974927678616788,0.018437638587248773
seasonal_actual_soil_evap,StayGreen,-0.20567455094331574,0.2113060390529156,0.12704436698811655,0.013378864399102838
seasonal_actual_soil_evap,Rmax_LTAR,-0.03926226717450592,0.08675198258740777,0.11316870538882008,0.009094311762900967
seasonal_actual_soil_evap,Ks,0.07379971949259588,0.07748373503202224,0.0617140858862593,0.006466486155578109
seasonal_actual_soil_evap,thetaR,-0.0627885010384567,0.06552293863841115,0.052341575726619585,0.005751507590534309
seasonal_actual_soil_evap,Diffx,-0.0003535959740649939,0.009059079612346027,0.014149282714301504,0.0012070486316101618
seasonal_actual_soil_evap,Diffz,-0.0037894003700758134,0.00877139155577923,0.01422065810498111,0.0012891290790944072
seasonal_actual_soil_evap,Rmax_LTIR,-0.005120053675622415,0.007990837908518749,0.013864481247415543,0.00140536365577075
seasonal_actual_soil_evap,PhyllFrmTassel,-0.0018460935512174233,0.0032667870644727225,0.00637969412954493,0.0006500171631716247
seasonal_actual_transpiration,LM_min,0.7405499425160149,0.7405499425160149,0.31641825245107735,0.03533835903846263
seasonal_actual_transpiration,JuvenileLeaves,0.6433268940938413,0.643901167796037,0.29871190284999294,0.03408263460297109
seasonal_actual_transpiration,StayGreen,0.2838850723426363,0.3011751374195445,0.2672241097180795,0.027520952250009154
seasonal_actual_transpiration,thetaS,0.27685006393364137,0.27685006393364137,0.21525411909410888,0.025082356795497435
seasonal_actual_transpiration,Rmax_LTAR,0.1454400197629762,0.1882303792358084,0.20701059022731438,0.018724866497102446
seasonal_actual_transpiration,n,-0.037158631535024064,0.1442218138493358,0.21236549023971316,0.018261691537765398
seasonal_actual_transpiration,thetaR,-0.06202246429603246,0.06309300221380618,0.06238846809383915,0.0067575742843751585
seasonal_actual_transpiration,Alfa,0.000722388328498272,0.040122119100253366,0.06457917715931101,0.00587410240363059
seasonal_actual_transpiration,Ks,-0.03373673598447019,0.03516295594514589,0.034021623309273656,0.0036147051696835577
seasonal_actual_transpiration,Rmax_LTIR,0.009638767538722677,0.019188372468992534,0.033492290050881085,0.0032898901571788274
seasonal_actual_transpiration,Diffz,0.0013556157839254243,0.010221987395726039,0.017481677060355718,0.0015756024142601112
seasonal_actual_transpiration,Diffx,0.0015445270376079933,0.008974513398711083,0.012980523205810146,0.0010439653811628092
seasonal_actual_transpiration,PhyllFrmTassel,0.00517525757582494,0.008595386318806453,0.012745754056105927,0.0012314555279404808
seasonal_et_demand_sum,LM_min,0.738145387622363,0.738145387622363,0.3066716461236145,0.03350426024357127
seasonal_et_demand_sum,JuvenileLeaves,0.6962947928084992,0.6962947928084992,0.2929938177941489,0.03314035315780629
seasonal_et_demand_sum,StayGreen,0.26732809913898326,0.2814151551006721,0.2435688012654958,0.025485358903906203
seasonal_et_demand_sum,thetaS,0.24554158525560207,0.24554158525560207,0.162809166773174,0.01923640696470917
seasonal_et_demand_sum,Rmax_LTAR,0.1402776492930047,0.17925655514559663,0.19991164705585485,0.018396971267609433
seasonal_et_demand_sum,n,-0.17576164523257143,0.17576164523257143,0.14494615280216064,0.01632033850321757
seasonal_et_demand_sum,thetaR,-0.05342797611051123,0.05342797611051123,0.04675184443216349,0.005167267201808161
seasonal_et_demand_sum,Alfa,-0.029686446936663224,0.03214106154629095,0.04161225862918197,0.004529794236240197
seasonal_et_demand_sum,Ks,-0.021863209979020342,0.02230978196410416,0.018652508522511678,0.0020718485615506175
seasonal_et_demand_sum,Rmax_LTIR,0.004547797483659993,0.014771310074820007,0.027578671017139483,0.0026740967365248064
seasonal_et_demand_sum,PhyllFrmTassel,0.004869751115991875,0.00532026970589134,0.007309004929213931,0.0007842146735145302
seasonal_et_demand_sum,Diffx,0.0017996861330114207,0.004079197699296503,0.005919738814582572,0.0005397643557784571
seasonal_et_demand_sum,Diffz,0.0010393814481249838,0.003209628986593177,0.005034749751096162,0.0004539022597299495
seasonal_et_supply_sum,LM_min,0.7422196194603041,0.7422196194603041,0.3157751539490066,0.03516856782211474
seasonal_et_supply_sum,JuvenileLeaves,0.6477299127244861,0.6480573934090834,0.2973816082554447,0.03395613592889115
seasonal_et_supply_sum,StayGreen,0.2836826381149143,0.3007834593376818,0.26491025785680883,0.02726967074511679
seasonal_et_supply_sum,thetaS,0.2741224607814864,0.2741224607814864,0.21333184366697344,0.02486347175857401
seasonal_et_supply_sum,Rmax_LTAR,0.1473375844941529,0.1887026640894478,0.20750771627686537,0.018879128061641673
seasonal_et_supply_sum,n,-0.036855951219246265,0.13793929985903403,0.2027262927399319,0.01748400618446419
seasonal_et_supply_sum,thetaR,-0.062194847731916025,0.06307379745192415,0.06331684623261928,0.0068829631523619214
seasonal_et_supply_sum,Alfa,-5.700791331114026e-05,0.039664598374168296,0.06279060519567604,0.005632943928694531
seasonal_et_supply_sum,Ks,-0.03321634126342521,0.03477964205688333,0.033374960035696274,0.0035513803102377606
seasonal_et_supply_sum,Rmax_LTIR,0.008880942979831422,0.018578391692807433,0.03302813375236728,0.003255623002239511
seasonal_et_supply_sum,Diffz,0.0013210841887047783,0.009842879620617632,0.016950966962885283,0.0015361063509044962
seasonal_et_supply_sum,Diffx,0.0016536967741244228,0.008976741319030737,0.01296939554315877,0.0010409071148721391
seasonal_et_supply_sum,PhyllFrmTassel,0.00524454206342407,0.008309953877868738,0.012105143630349858,0.0011764103689594053
seasonal_infiltration,n,0.7420304689631098,0.7541762845933226,0.39221937651429584,0.03998291900727272
seasonal_infiltration,Ks,0.35420719361879593,0.36156094117321547,0.25222779162881814,0.026359308313876364
seasonal_infiltration,LM_min,0.21936556387461933,0.3603715261058598,0.41753657258336985,0.03328952272409861
seasonal_infiltration,JuvenileLeaves,0.2094038110767291,0.30751361564559837,0.3619931317290607,0.031870409498227
seasonal_infiltration,thetaS,0.17366592688278928,0.2794617802698496,0.3266251680862284,0.02770667243533657
seasonal_infiltration,Rmax_LTAR,-0.03876631701622251,0.26822010466639706,0.3681622423729486,0.028730493307153895
seasonal_infiltration,Alfa,-0.12121598119308767,0.23413804737143684,0.28246664886501915,0.022852134367813165
seasonal_infiltration,thetaR,0.054022079968188426,0.18640545177798112,0.25402520649824384,0.020457020590044856
seasonal_infiltration,StayGreen,0.07250221174356504,0.17448238953565537,0.2596895571161544,0.023259507625307374
seasonal_infiltration,Diffx,-0.0025915703030628674,0.07902440543348056,0.12926053348249672,0.011117170992808484
seasonal_infiltration,Diffz,-0.003662815730313694,0.06471956002697195,0.11007832794468783,0.010286290606743373
seasonal_infiltration,Rmax_LTIR,0.005975539923603577,0.044297540634992194,0.08620866327079652,0.008398402124496749
seasonal_infiltration,PhyllFrmTassel,0.0012258957266489511,0.022571016020037984,0.06147245106986348,0.006452891873438465
seasonal_mean_Flux,JuvenileLeaves,0.0,0.0,0.0,0.0
seasonal_mean_Flux,Rmax_LTAR,0.0,0.0,0.0,0.0
seasonal_mean_Flux,Rmax_LTIR,0.0,0.0,0.0,0.0
seasonal_mean_Flux,PhyllFrmTassel,0.0,0.0,0.0,0.0
seasonal_mean_Flux,StayGreen,0.0,0.0,0.0,0.0
seasonal_mean_Flux,LM_min,0.0,0.0,0.0,0.0
seasonal_mean_Flux,Diffx,0.0,0.0,0.0,0.0
seasonal_mean_Flux,Diffz,0.0,0.0,0.0,0.0
seasonal_mean_Flux,thetaR,0.0,0.0,0.0,0.0
seasonal_mean_Flux,thetaS,0.0,0.0,0.0,0.0
seasonal_mean_Flux,Alfa,0.0,0.0,0.0,0.0
seasonal_mean_Flux,n,0.0,0.0,0.0,0.0
seasonal_mean_Flux,Ks,0.0,0.0,0.0,0.0
seasonal_mean_GasSink_0_10,n,-0.8350260335439601,0.8350260335439601,0.3516779817912359,0.04005335545769398
seasonal_mean_GasSink_0_10,thetaS,-0.6987184166545085,0.6987184166545085,0.3122715795146255,0.03577903207251263
seasonal_mean_GasSink_0_10,Alfa,-0.21505270985452435,0.24104196312204124,0.1639980506396784,0.014082177216993074
seasonal_mean_GasSink_0_10,thetaR,0.13698923479832398,0.14101711470315048,0.09804822877365044,0.010365962151440276
seasonal_mean_GasSink_0_10,JuvenileLeaves,0.06123386632929461,0.08992051972000373,0.13958441145413722,0.013789175075198954
seasonal_mean_GasSink_0_10,LM_min,0.047370244806171524,0.06896362459430076,0.11255302814946805,0.011335523211313162
seasonal_mean_GasSink_0_10,Rmax_LTAR,0.003942110703965892,0.03283609654380327,0.08796379729760184,0.00936002360604462
seasonal_mean_GasSink_0_10,Ks,0.008009788078626272,0.028369370574475822,0.07541669666760425,0.007895596182334286
seasonal_mean_GasSink_0_10,StayGreen,0.009476331481297746,0.013771066811906414,0.02673257989013096,0.0027111792821633766
seasonal_mean_GasSink_0_10,Diffz,0.011375175935569722,0.011759489721103153,0.008288804518382199,0.0008745569442552034
seasonal_mean_GasSink_0_10,Rmax_LTIR,0.0014767712224604654,0.005872759629772429,0.014982601109413261,0.0015325208399420709
seasonal_mean_GasSink_0_10,PhyllFrmTassel,0.002249000119965574,0.0043456412001763485,0.010707532550503591,0.0011441013110773757
seasonal_mean_GasSink_0_10,Diffx,0.0005861138080254133,0.0028748083567027107,0.0051545991784032255,0.0004927436276438088
seasonal_mean_GasSink_0_20,thetaS,-0.7793716479480566,0.7793716479480566,0.33441193725588403,0.03909985118687014
seasonal_mean_GasSink_0_20,n,-0.7591761390159125,0.7610867309775434,0.36524594634316665,0.04083322551985789
seasonal_mean_GasSink_0_20,Alfa,-0.19023121225690812,0.21094933705741484,0.15070108025965256,0.013948588085795126
seasonal_mean_GasSink_0_20,thetaR,0.1537652095585527,0.15395624387716797,0.0949403966068589,0.010538292246077873
seasonal_mean_GasSink_0_20,JuvenileLeaves,0.1398020017494699,0.14784203698855913,0.1338287588885975,0.014026146727962803
seasonal_mean_GasSink_0_20,LM_min,0.08956962087243725,0.09525732730103174,0.08825156286117392,0.009352538700818468
seasonal_mean_GasSink_0_20,Rmax_LTAR,-0.0012221710518937807,0.03817817302375463,0.0574039147295229,0.00479067157304776
seasonal_mean_GasSink_0_20,Ks,0.017315530874949737,0.03522384680291566,0.06404418005616601,0.006215942447676452
seasonal_mean_GasSink_0_20,StayGreen,0.012271042701929833,0.01943135267522774,0.0319275167179092,0.003069575958922105
seasonal_mean_GasSink_0_20,Rmax_LTIR,0.002916990911272578,0.013176140511816408,0.033574950469609254,0.0034973610206015184
seasonal_mean_GasSink_0_20,Diffz,0.009493621644635096,0.010352666549237955,0.00865153364038696,0.0008521802462053705
seasonal_mean_GasSink_0_20,PhyllFrmTassel,0.0056775341265838785,0.008025324588944283,0.014391787698887175,0.0014898694257754691
seasonal_mean_GasSink_0_20,Diffx,0.0008743573872186614,0.005439040925050962,0.008459470980659365,0.000742249459536641
seasonal_mean_GasSink_0_200,n,-0.8127227679776606,0.8127227679776606,0.40972170177194334,0.04672664044356079
seasonal_mean_GasSink_0_200,Ks,-0.2812641850590618,0.33872671455683834,0.41690628951917963,0.04154355551182335
seasonal_mean_GasSink_0_200,thetaS,-0.2542073198494803,0.2718930114759362,0.29929096742934536,0.031021032732676406
seasonal_mean_GasSink_0_200,Alfa,0.2436090490956477,0.2627067149228072,0.2934512953022,0.031108730792466007
seasonal_mean_GasSink_0_200,JuvenileLeaves,0.24830969896899105,0.25397857170179977,0.23147026200855247,0.02572715819415212
seasonal_mean_GasSink_0_200,LM_min,0.11176536237192475,0.12212866118816004,0.14669810344212272,0.015821050097469966
seasonal_mean_GasSink_0_200,Rmax_LTAR,0.014871770688756744,0.06268440555740439,0.15432261891592855,0.016130901534654466
seasonal_mean_GasSink_0_200,thetaR,0.050318800379473234,0.06188436586644426,0.10414095753146975,0.011234415231130038
seasonal_mean_GasSink_0_200,StayGreen,0.006458226006906823,0.04594932624349708,0.1487974765922398,0.016376035330728057
seasonal_mean_GasSink_0_200,Rmax_LTIR,-0.019932728511753733,0.04406849763924729,0.13804636978114093,0.014872962662946413
seasonal_mean_GasSink_0_200,Diffz,0.011185819760394377,0.0353431068208096,0.12105819859649472,0.012950212686651549
seasonal_mean_GasSink_0_200,PhyllFrmTassel,0.013919919273035038,0.023290859739740016,0.08881243663955403,0.009695185417974306
seasonal_mean_GasSink_0_200,Diffx,0.0005509770233700705,0.018886275059309104,0.0862961141046005,0.009445522848720349
seasonal_mean_GasSink_10_20,thetaS,-0.8480259243350436,0.8480259243350436,0.3335901069609688,0.03974660933037868
seasonal_mean_GasSink_10_20,n,-0.5892812522271308,0.5969261080193689,0.33976655067123396,0.036664412993350715
seasonal_mean_GasSink_10_20,JuvenileLeaves,0.24802733985325376,0.24902343482971928,0.2029504505037085,0.02269057241211477
seasonal_mean_GasSink_10_20,Alfa,-0.14331165384260208,0.194556161096081,0.1806726961911328,0.01399777966383649
seasonal_mean_GasSink_10_20,thetaR,0.17053660828809583,0.17700425430858296,0.12062746955967073,0.012133707351263174
seasonal_mean_GasSink_10_20,LM_min,0.14534488872387702,0.16919325675374897,0.1622387064538935,0.01572582466768945
seasonal_mean_GasSink_10_20,Rmax_LTAR,-0.007847862466968591,0.07051867697658337,0.11094721038547062,0.009688646884252887
seasonal_mean_GasSink_10_20,Ks,0.02983463900909649,0.056292619540271836,0.10300854003826404,0.010121247864200534
seasonal_mean_GasSink_10_20,StayGreen,0.015170763815805248,0.03168494737926083,0.06042487790684941,0.005941248235288656
seasonal_mean_GasSink_10_20,Rmax_LTIR,0.00523707430726776,0.02431135319156979,0.05901488203071617,0.006117584068701863
seasonal_mean_GasSink_10_20,PhyllFrmTassel,0.010338631712320294,0.01451361270361854,0.025193231626350555,0.002528028847807498
seasonal_mean_GasSink_10_20,Diffz,0.006110771038927426,0.010313388583464981,0.012664830585087357,0.0010855547721373014
seasonal_mean_GasSink_10_20,Diffx,0.0015058286926551766,0.00952006793758595,0.014770471352974199,0.0012888260713795833
seasonal_mean_GasSink_120_200,n,-0.8124700548527531,0.8124700548527531,0.41005245830649184,0.04676691596642029
seasonal_mean_GasSink_120_200,Ks,-0.2817823810470131,0.33928053172525496,0.41732686019366366,0.041575642824835744
seasonal_mean_GasSink_120_200,thetaS,-0.25329513260093656,0.27101921973900894,0.299113805057073,0.030994099427312096
seasonal_mean_GasSink_120_200,Alfa,0.244374313586975,0.2634734458233284,0.2939803983364303,0.03115677607934433
seasonal_mean_GasSink_120_200,JuvenileLeaves,0.24776168112472594,0.2534490222272118,0.2314737631371266,0.025728120574301294
seasonal_mean_GasSink_120_200,LM_min,0.11169413694351524,0.1220651262977961,0.14686817719270975,0.015838574669490554
seasonal_mean_GasSink_120_200,Rmax_LTAR,0.015311597609362942,0.06300655984801103,0.15454524550354512,0.01614580956001285
seasonal_mean_GasSink_120_200,thetaR,0.050104370600221014,0.061690081615983036,0.1041473225585778,0.011235796573874884
seasonal_mean_GasSink_120_200,StayGreen,0.0064344498942560295,0.045957694461446236,0.14885248862967454,0.016382799106520768
seasonal_mean_GasSink_120_200,Rmax_LTIR,-0.019975995347893346,0.044064460888811184,0.13810646945076988,0.01488192758541984
seasonal_mean_GasSink_120_200,Diffz,0.011208003522859339,0.03537837201257592,0.12114088403279162,0.012958498819498196
seasonal_mean_GasSink_120_200,PhyllFrmTassel,0.013890238482073235,0.02329861581308818,0.08886470890114884,0.009701279896800292
seasonal_mean_GasSink_120_200,Diffx,0.0005470738637960686,0.01890851131601743,0.08636982656249483,0.009453271896389462
seasonal_mean_GasSink_20_40,thetaS,-0.6303603725151047,0.6303603725151047,0.3170051318265749,0.03668650299875161
seasonal_mean_GasSink_20_40,n,-0.5791480702413266,0.5846358121496716,0.30887780529930703,0.03232264069337267
seasonal_mean_GasSink_20_40,JuvenileLeaves,0.5243015261693196,0.5265515946997511,0.3093679199624576,0.0338469383553026
seasonal_mean_GasSink_20_40,LM_min,0.17189794531798,0.23046894619566993,0.2374431556333977,0.020608381567193065
seasonal_mean_GasSink_20_40,Rmax_LTAR,-0.18239225014731025,0.19451841302738881,0.18626169594153927,0.020051163322078257
seasonal_mean_GasSink_20_40,Alfa,-0.10656880145222221,0.13802377846178504,0.1314759019521697,0.010571538111415457
seasonal_mean_GasSink_20_40,thetaR,0.13164668596672882,0.13386811400026716,0.10103657843743957,0.0106374037986488
seasonal_mean_GasSink_20_40,Ks,0.015123444738121267,0.049432776421240186,0.07284350103792044,0.00653731038220558
seasonal_mean_GasSink_20_40,Rmax_LTIR,0.006903800410686749,0.047316072727492914,0.09179852050496143,0.00884757590030759
seasonal_mean_GasSink_20_40,StayGreen,0.02050818825607737,0.04233367538063632,0.06670076271734508,0.006062124057176672
seasonal_mean_GasSink_20_40,PhyllFrmTassel,0.022551789531228973,0.02602992516694768,0.034556593807732704,0.003627880001208446
seasonal_mean_GasSink_20_40,Diffx,2.8941028352161e-05,0.018740252884256757,0.025839823024923672,0.0019293142368966675
seasonal_mean_GasSink_20_40,Diffz,-0.0024043419756839203,0.011853624498749807,0.016712202054255616,0.001395992925626503
seasonal_mean_GasSink_80_120,JuvenileLeaves,0.6721050494696078,0.673061565514512,0.34605716082059823,0.03842622234694675
seasonal_mean_GasSink_80_120,n,-0.6159505364397787,0.6159505364397787,0.2806329623120397,0.03191541161208482
seasonal_mean_GasSink_80_120,thetaS,-0.3247644016603871,0.3247962108891894,0.21722153208857845,0.024683753022615808
seasonal_mean_GasSink_80_120,Rmax_LTAR,-0.2730231202374671,0.2792735938082786,0.23010707933548008,0.025115311544598697
seasonal_mean_GasSink_80_120,LM_min,0.16994716261281406,0.21883491162116822,0.28209575330743214,0.028183557813003034
seasonal_mean_GasSink_80_120,Alfa,-0.09056213887413357,0.09994571593952029,0.08360080355148478,0.008236860004656765
seasonal_mean_GasSink_80_120,thetaR,0.07477954015586948,0.08683713173088349,0.08791503430020992,0.00867125211799183
seasonal_mean_GasSink_80_120,Rmax_LTIR,-0.011922409936404236,0.06773899869648556,0.10788505219697977,0.009446656764920808
seasonal_mean_GasSink_80_120,Ks,-0.00618157214973615,0.04266629311894216,0.06041902277300226,0.004944894110039204
seasonal_mean_GasSink_80_120,StayGreen,0.007513854532180512,0.03629001282956248,0.0924128643303123,0.009444408249740082
seasonal_mean_GasSink_80_120,PhyllFrmTassel,0.020111905912565918,0.02196680199535399,0.02916241348962071,0.003254358764727678
seasonal_mean_GasSink_80_120,Diffx,-0.0008356363617516412,0.019213156991775213,0.02698738007919607,0.00209516664005122
seasonal_mean_GasSink_80_120,Diffz,0.0010992197326378083,0.010859634256399724,0.01616438104987783,0.0014006329298122428
seasonal_mean_Humus_C,n,0.8444812135112421,0.8628071613218548,0.3718143742158968,0.03757817099097972
seasonal_mean_Humus_C,thetaS,-0.13822614166197444,0.37833014094503226,0.44436845003875114,0.0318035049957487
seasonal_mean_Humus_C,Rmax_LTAR,0.22257086623314243,0.22257086623314243,0.1270497582367679,0.014345560370190316
seasonal_mean_Humus_C,Alfa,0.07946487820270737,0.21300185371659353,0.27663775333219204,0.020479432454335474
seasonal_mean_Humus_C,StayGreen,-0.12165644131154744,0.12174331634395599,0.12336668280482083,0.014369284870744578
seasonal_mean_Humus_C,LM_min,0.02558121153728805,0.0941056458325794,0.12819450137122057,0.010499978933847624
seasonal_mean_Humus_C,thetaR,-0.01688464240394118,0.08231616609857115,0.13124408169271407,0.011470936712926996
seasonal_mean_Humus_C,JuvenileLeaves,0.05951675875254864,0.07487368908701224,0.07651558587271214,0.006930587909496326
seasonal_mean_Humus_C,Ks,-0.015434666361641834,0.018423140015214445,0.018709598471472938,0.0018008884107067432
seasonal_mean_Humus_C,Rmax_LTIR,0.005309638374752915,0.008602308192874908,0.01146501091787552,0.0010973457000759748
seasonal_mean_Humus_C,Diffx,0.00017113774926119605,0.005255005623757684,0.00800374871386124,0.0006494173579395147
seasonal_mean_Humus_C,Diffz,-5.339270202320834e-05,0.004880847330695991,0.007133403485638103,0.0006145519039028963
seasonal_mean_Humus_C,PhyllFrmTassel,1.507954481255088e-06,0.0012579526138261274,0.002413025600713428,0.00023555549903157407
seasonal_mean_Humus_N,n,0.8476453377994017,0.8651483525039623,0.36754121545953694,0.03727989949796015
seasonal_mean_Humus_N,thetaS,-0.1400540219102823,0.37737101675701823,0.4428783181888034,0.03179164054183545
seasonal_mean_Humus_N,Rmax_LTAR,0.21839091791102883,0.21839091791102883,0.1262516811232498,0.014251108545487714
seasonal_mean_Humus_N,Alfa,0.08146159336361762,0.21237285661838096,0.27443300065290743,0.020313863389012008
seasonal_mean_Humus_N,StayGreen,-0.11973386668325338,0.1198910474129363,0.1210436590007008,0.014100813673571695
seasonal_mean_Humus_N,LM_min,0.023715435232626186,0.0930147885462152,0.12638487459677972,0.010336459817232364
seasonal_mean_Humus_N,thetaR,-0.016883489020867455,0.08129260909742281,0.13024430135109863,0.011450364972887483
seasonal_mean_Humus_N,JuvenileLeaves,0.055796283355724355,0.07300758934454721,0.07657506891615982,0.006751280171801802
seasonal_mean_Humus_N,Ks,-0.016338771827985193,0.019245458531563866,0.01971811818713656,0.0019183666459863923
seasonal_mean_Humus_N,Rmax_LTIR,0.005243244179962013,0.008554798952141085,0.011423898585979933,0.001089978658767682
seasonal_mean_Humus_N,Diffx,-0.00014586013752353522,0.005371417937259691,0.008328575473979324,0.0006991117593524155
seasonal_mean_Humus_N,Diffz,-8.054739060891265e-05,0.00488739443299758,0.007136958543425638,0.0005962892479833631
seasonal_mean_Humus_N,PhyllFrmTassel,2.1859087518427295e-05,0.0012733418174668927,0.002473328429165522,0.00024420723262802196
seasonal_mean_Litter_C,JuvenileLeaves,0.0,0.0,0.0,0.0
seasonal_mean_Litter_C,Rmax_LTAR,0.0,0.0,0.0,0.0
seasonal_mean_Litter_C,Rmax_LTIR,0.0,0.0,0.0,0.0
seasonal_mean_Litter_C,PhyllFrmTassel,0.0,0.0,0.0,0.0
seasonal_mean_Litter_C,StayGreen,0.0,0.0,0.0,0.0
seasonal_mean_Litter_C,LM_min,0.0,0.0,0.0,0.0
seasonal_mean_Litter_C,Diffx,0.0,0.0,0.0,0.0
seasonal_mean_Litter_C,Diffz,0.0,0.0,0.0,0.0
seasonal_mean_Litter_C,thetaR,0.0,0.0,0.0,0.0
seasonal_mean_Litter_C,thetaS,0.0,0.0,0.0,0.0
seasonal_mean_Litter_C,Alfa,0.0,0.0,0.0,0.0
seasonal_mean_Litter_C,n,0.0,0.0,0.0,0.0
seasonal_mean_Litter_C,Ks,0.0,0.0,0.0,0.0
seasonal_mean_Litter_N,JuvenileLeaves,0.0,0.0,0.0,0.0
seasonal_mean_Litter_N,Rmax_LTAR,0.0,0.0,0.0,0.0
seasonal_mean_Litter_N,Rmax_LTIR,0.0,0.0,0.0,0.0
seasonal_mean_Litter_N,PhyllFrmTassel,0.0,0.0,0.0,0.0
seasonal_mean_Litter_N,StayGreen,0.0,0.0,0.0,0.0
seasonal_mean_Litter_N,LM_min,0.0,0.0,0.0,0.0
seasonal_mean_Litter_N,Diffx,0.0,0.0,0.0,0.0
seasonal_mean_Litter_N,Diffz,0.0,0.0,0.0,0.0
seasonal_mean_Litter_N,thetaR,0.0,0.0,0.0,0.0
seasonal_mean_Litter_N,thetaS,0.0,0.0,0.0,0.0
seasonal_mean_Litter_N,Alfa,0.0,0.0,0.0,0.0
seasonal_mean_Litter_N,n,0.0,0.0,0.0,0.0
seasonal_mean_Litter_N,Ks,0.0,0.0,0.0,0.0
seasonal_mean_Manure_C,JuvenileLeaves,0.0,0.0,0.0,0.0
seasonal_mean_Manure_C,Rmax_LTAR,0.0,0.0,0.0,0.0
seasonal_mean_Manure_C,Rmax_LTIR,0.0,0.0,0.0,0.0
seasonal_mean_Manure_C,PhyllFrmTassel,0.0,0.0,0.0,0.0
seasonal_mean_Manure_C,StayGreen,0.0,0.0,0.0,0.0
seasonal_mean_Manure_C,LM_min,0.0,0.0,0.0,0.0
seasonal_mean_Manure_C,Diffx,0.0,0.0,0.0,0.0
seasonal_mean_Manure_C,Diffz,0.0,0.0,0.0,0.0
seasonal_mean_Manure_C,thetaR,0.0,0.0,0.0,0.0
seasonal_mean_Manure_C,thetaS,0.0,0.0,0.0,0.0
seasonal_mean_Manure_C,Alfa,0.0,0.0,0.0,0.0
seasonal_mean_Manure_C,n,0.0,0.0,0.0,0.0
seasonal_mean_Manure_C,Ks,0.0,0.0,0.0,0.0
seasonal_mean_Manure_N,JuvenileLeaves,0.0,0.0,0.0,0.0
seasonal_mean_Manure_N,Rmax_LTAR,0.0,0.0,0.0,0.0
seasonal_mean_Manure_N,Rmax_LTIR,0.0,0.0,0.0,0.0
seasonal_mean_Manure_N,PhyllFrmTassel,0.0,0.0,0.0,0.0
seasonal_mean_Manure_N,StayGreen,0.0,0.0,0.0,0.0
seasonal_mean_Manure_N,LM_min,0.0,0.0,0.0,0.0
seasonal_mean_Manure_N,Diffx,0.0,0.0,0.0,0.0
seasonal_mean_Manure_N,Diffz,0.0,0.0,0.0,0.0
seasonal_mean_Manure_N,thetaR,0.0,0.0,0.0,0.0
seasonal_mean_Manure_N,thetaS,0.0,0.0,0.0,0.0
seasonal_mean_Manure_N,Alfa,0.0,0.0,0.0,0.0
seasonal_mean_Manure_N,n,0.0,0.0,0.0,0.0
seasonal_mean_Manure_N,Ks,0.0,0.0,0.0,0.0
seasonal_mean_NitSink_0_10,n,0.6735738554169219,0.6755809728446669,0.3271296223507372,0.03736472609863798
seasonal_mean_NitSink_0_10,thetaS,-0.6366850770157191,0.6385049386164279,0.30806033717605497,0.034523396556218715
seasonal_mean_NitSink_0_10,JuvenileLeaves,0.44424504300699236,0.44746100543795003,0.24514630184521632,0.027072323276446205
seasonal_mean_NitSink_0_10,LM_min,0.37651476108805115,0.385016329456672,0.2416055732443174,0.025019754437193283
seasonal_mean_NitSink_0_10,Alfa,0.2262102991480873,0.22728770180326885,0.1496529888647013,0.016796290220835335
seasonal_mean_NitSink_0_10,thetaR,0.150568636217485,0.1554151706112517,0.11210272578387918,0.011592761894551832
seasonal_mean_NitSink_0_10,Rmax_LTAR,0.11504769567832945,0.1451081240120302,0.15531139269282335,0.014561227292855547
seasonal_mean_NitSink_0_10,Diffz,0.14422639981604188,0.14505664074595687,0.07674545626126887,0.008188397457876612
seasonal_mean_NitSink_0_10,StayGreen,0.05749515044408144,0.08081192535265846,0.1007677963538665,0.009253881238871707
seasonal_mean_NitSink_0_10,Ks,0.022609515314585552,0.06144480289357338,0.08494244798627168,0.007044893575780665
seasonal_mean_NitSink_0_10,Rmax_LTIR,0.005027795452266877,0.037760885023159496,0.06974724942763107,0.006987921707304239
seasonal_mean_NitSink_0_10,PhyllFrmTassel,0.010974461457865037,0.0252926663436778,0.041023947624659655,0.0038909861156879054
seasonal_mean_NitSink_0_10,Diffx,0.004648980333591174,0.023722638577807553,0.03566663787454041,0.003112437753116539
seasonal_mean_NitSink_0_20,n,0.6240276087968248,0.6411559427415762,0.34919198793914175,0.0364673679736212
seasonal_mean_NitSink_0_20,thetaS,-0.5869526524791834,0.6100940390012688,0.3444926302340556,0.03390506167363486
seasonal_mean_NitSink_0_20,JuvenileLeaves,0.4970806300950507,0.5097842087882158,0.30090900200387544,0.03112945696487949
seasonal_mean_NitSink_0_20,LM_min,0.37122992116376813,0.38875007350273233,0.2714317605564496,0.02738178290564128
seasonal_mean_NitSink_0_20,Alfa,0.2763800121512838,0.27697550041161273,0.19310601284682458,0.021803051234563654
seasonal_mean_NitSink_0_20,thetaR,0.15310175278070645,0.160076115368671,0.13666501068732248,0.014329816240114576
seasonal_mean_NitSink_0_20,Rmax_LTAR,0.07369822228693955,0.13958925399272318,0.18151501141653512,0.015438559211028916
seasonal_mean_NitSink_0_20,Diffz,0.11663840018476693,0.11837167269586288,0.06685839771694131,0.0069764333650533875
seasonal_mean_NitSink_0_20,Ks,-0.0016823567890018834,0.07025154441609738,0.10377400326769962,0.008566913496673195
seasonal_mean_NitSink_0_20,StayGreen,0.034185305655701895,0.06918350523646079,0.09425818267577778,0.00818561395615383
seasonal_mean_NitSink_0_20,Rmax_LTIR,0.006649784285012304,0.039570596655677595,0.06831070669087552,0.0065985491548372814
seasonal_mean_NitSink_0_20,PhyllFrmTassel,0.011093405276157053,0.02675329772822622,0.04488617966393251,0.004311516943591575
seasonal_mean_NitSink_0_20,Diffx,0.00594061702662701,0.025283772795753688,0.03988177738345703,0.0035315316095453804
seasonal_mean_NitSink_0_200,thetaS,0.49300383137764525,0.5143235339697357,0.3577065416898647,0.03772061236755094
seasonal_mean_NitSink_0_200,Rmax_LTAR,0.38443531927977964,0.5067840553919564,0.47692457849202635,0.03847437169105515
seasonal_mean_NitSink_0_200,n,0.28569882146561676,0.384128112778612,0.3921586789528155,0.03469979619995956
seasonal_mean_NitSink_0_200,JuvenileLeaves,-0.29675357402334596,0.37350872410585306,0.4039280138586242,0.03775903126825733
seasonal_mean_NitSink_0_200,LM_min,0.17612116842388892,0.3372822029195846,0.4235299404728136,0.03466510263852498
seasonal_mean_NitSink_0_200,Alfa,0.22109964890377332,0.3334870704670103,0.35800142871455964,0.02954014277326169
seasonal_mean_NitSink_0_200,StayGreen,-0.13574325494396408,0.24552586564422366,0.3159461134241601,0.026352742775872916
seasonal_mean_NitSink_0_200,Ks,-0.12373079692236824,0.22930434450650117,0.3007214217788265,0.02645118092192852
seasonal_mean_NitSink_0_200,thetaR,-0.07284716081081621,0.19658962172764669,0.2845324487882156,0.024817811377729634
seasonal_mean_NitSink_0_200,Rmax_LTIR,0.07851562335153912,0.19496924045869107,0.2928724046407247,0.026433991484219113
seasonal_mean_NitSink_0_200,Diffz,0.1200072854342559,0.18899469244391287,0.23181256958040297,0.02065068560734814
seasonal_mean_NitSink_0_200,Diffx,-0.06083931115794718,0.1488713035143519,0.25494773878453547,0.02362321514889385
seasonal_mean_NitSink_0_200,PhyllFrmTassel,0.0007114866491173192,0.002700341866676891,0.006435442623941544,0.0006757901408019577
seasonal_mean_NitSink_10_20,JuvenileLeaves,0.4444569774934898,0.6548764427753289,0.6154626809755579,0.044005624382590966
seasonal_mean_NitSink_10_20,thetaS,-0.20278192119211655,0.5562032485756228,0.653270731728131,0.0456728002551946
seasonal_mean_NitSink_10_20,n,0.2043627379336586,0.5150862850338123,0.6008326047156429,0.04117620508568234
seasonal_mean_NitSink_10_20,LM_min,0.224606345233276,0.4425938600982379,0.5047225588801768,0.03708687493867742
seasonal_mean_NitSink_10_20,Alfa,0.27747824610405514,0.3033441462405501,0.2963123681354364,0.029644558754941392
seasonal_mean_NitSink_10_20,Rmax_LTAR,-0.06353810155162004,0.21026971856508106,0.2835396514116568,0.022687205516081308
seasonal_mean_NitSink_10_20,thetaR,0.08414458993380554,0.2064280674783836,0.26644436481833,0.021294735178607874
seasonal_mean_NitSink_10_20,Ks,-0.0647004981062448,0.14706304332076064,0.2408070936712606,0.022575936465632183
seasonal_mean_NitSink_10_20,StayGreen,-0.05033743993623301,0.11121549328403679,0.15923247709125454,0.01401162217135626
seasonal_mean_NitSink_10_20,Diffz,-0.03401420706845843,0.06799826368283737,0.1219910495835265,0.011886064774231934
seasonal_mean_NitSink_10_20,Rmax_LTIR,0.008504188121224332,0.06305709226457737,0.12577223303530272,0.012484050466623006
seasonal_mean_NitSink_10_20,Diffx,0.00918246958395181,0.04155865888045325,0.07685169635518252,0.0073638831877264315
seasonal_mean_NitSink_10_20,PhyllFrmTassel,0.006362800886663696,0.03349114054946805,0.06632686291864365,0.006415918390441671
seasonal_mean_NitSink_120_200,thetaS,0.49649191247628627,0.5172279307881,0.3576066900548736,0.03777499328792184
seasonal_mean_NitSink_120_200,Rmax_LTAR,0.3827283747621208,0.5060815969870472,0.47757637767259126,0.03850568029860886
seasonal_mean_NitSink_120_200,n,0.2808849508017371,0.38078192059459054,0.3916659027573135,0.034586563869931974
seasonal_mean_NitSink_120_200,JuvenileLeaves,-0.30291494777196787,0.3771030348162477,0.40390565894051367,0.037920856734502253
seasonal_mean_NitSink_120_200,LM_min,0.17223439252726253,0.3353166442852042,0.4231617681721482,0.0346226076477636
seasonal_mean_NitSink_120_200,Alfa,0.21657416486836978,0.33035366883450357,0.35705766326598387,0.029410658747731126
seasonal_mean_NitSink_120_200,StayGreen,-0.13476607508193172,0.24502477993480687,0.3157764227983792,0.026338377373356748
seasonal_mean_NitSink_120_200,Ks,-0.12285623950896356,0.22874215143569623,0.3004669845366085,0.026424944769926614
seasonal_mean_NitSink_120_200,thetaR,-0.07453111731639171,0.19658459246281162,0.2839653070380691,0.024814498475506017
seasonal_mean_NitSink_120_200,Rmax_LTIR,0.07871066835352351,0.19499278513476562,0.29307610613138774,0.02644652015677088
seasonal_mean_NitSink_120_200,Diffz,0.11841727584159675,0.1874646899711002,0.23090121170731454,0.02058359212334588
seasonal_mean_NitSink_120_200,Diffx,-0.06094670015883642,0.14871491947124593,0.25443086684139565,0.02357950767006435
seasonal_mean_NitSink_120_200,PhyllFrmTassel,0.0005227526027757229,0.002609332565406255,0.006380606539130879,0.0006704242539671677
seasonal_mean_NitSink_20_40,thetaS,0.6617196365933878,0.7103663490745677,0.44523736728931707,0.04140495813617758
seasonal_mean_NitSink_20_40,LM_min,-0.373711565303693,0.42994297845060647,0.39010826119358727,0.03679362400825838
seasonal_mean_NitSink_20_40,JuvenileLeaves,-0.2847368067788544,0.3992352193508946,0.4228463784454691,0.0352750839057693
seasonal_mean_NitSink_20_40,n,-0.26759332019076376,0.3818053427822507,0.39907817633969456,0.03267439804414508
seasonal_mean_NitSink_20_40,Rmax_LTAR,-0.25576730601163705,0.32078415599756294,0.347581717195433,0.03189741047792365
seasonal_mean_NitSink_20_40,Alfa,0.1262673884998244,0.21525324848265862,0.29836462104902334,0.027401898623088318
seasonal_mean_NitSink_20_40,thetaR,-0.1341953861332801,0.2066497764978378,0.2641164513094701,0.023448236416039943
seasonal_mean_NitSink_20_40,StayGreen,-0.15293082959217805,0.197456756476632,0.2480370578352688,0.023973996935598155
seasonal_mean_NitSink_20_40,Ks,-0.10900539231338018,0.17022930457077692,0.226995444434514,0.020857054219617904
seasonal_mean_NitSink_20_40,Rmax_LTIR,0.028076761256108917,0.1466094056234697,0.23458532487531336,0.021231195318171858
seasonal_mean_NitSink_20_40,Diffz,-0.019833467443143262,0.08513350723835321,0.18266899363717892,0.018446251802306118
seasonal_mean_NitSink_20_40,Diffx,0.0017656051528638476,0.07892358676828083,0.1601077573036823,0.015728304672052006
seasonal_mean_NitSink_20_40,PhyllFrmTassel,0.0039957509353378655,0.009481164483660815,0.017806016469354015,0.001778643663305915
seasonal_mean_NitSink_80_120,n,-0.5906500366872148,0.6254883010619172,0.4070585583049871,0.03968939125361178
seasonal_mean_NitSink_80_120,JuvenileLeaves,0.3078502343292736,0.47245444894902333,0.49681465896395416,0.039816927891240986
seasonal_mean_NitSink_80_120,Rmax_LTAR,0.21079998556617374,0.3605084430969172,0.43577275078534344,0.037043913544031914
seasonal_mean_NitSink_80_120,LM_min,0.023010153353357522,0.3576855914334299,0.4715738470373704,0.03610230565265842
seasonal_mean_NitSink_80_120,thetaS,0.16352077822885622,0.31941144334393956,0.4113755578823492,0.03509830125604978
seasonal_mean_NitSink_80_120,Alfa,0.11794909153369053,0.24134206272989805,0.34452600076248285,0.030533790647740547
seasonal_mean_NitSink_80_120,thetaR,0.10092911205029047,0.2128554728813378,0.3111123254045985,0.027683399975290422
seasonal_mean_NitSink_80_120,StayGreen,-0.11899040488835246,0.21227157644180072,0.30553923665597565,0.027677817207241485
seasonal_mean_NitSink_80_120,Rmax_LTIR,-0.06774717318735654,0.1729440663593912,0.2740910114625118,0.02515585817843381
seasonal_mean_NitSink_80_120,Ks,-0.04636779756357949,0.1713810516703056,0.27114427713244604,0.024002603121109977
seasonal_mean_NitSink_80_120,Diffz,0.004724867796987503,0.11277114425874743,0.1985544407885603,0.018482428934289273
seasonal_mean_NitSink_80_120,Diffx,0.009924897808608175,0.10345523872443747,0.18403097992937142,0.01692763287865487
seasonal_mean_NitSink_80_120,PhyllFrmTassel,0.0018536493368314488,0.004276099052478868,0.009039518277683655,0.0009298233145782046
seasonal_mean_PARInt,JuvenileLeaves,0.0,0.0,0.0,0.0
seasonal_mean_PARInt,Rmax_LTAR,0.0,0.0,0.0,0.0
seasonal_mean_PARInt,Rmax_LTIR,0.0,0.0,0.0,0.0
seasonal_mean_PARInt,PhyllFrmTassel,0.0,0.0,0.0,0.0
seasonal_mean_PARInt,StayGreen,0.0,0.0,0.0,0.0
seasonal_mean_PARInt,LM_min,0.0,0.0,0.0,0.0
seasonal_mean_PARInt,Diffx,0.0,0.0,0.0,0.0
seasonal_mean_PARInt,Diffz,0.0,0.0,0.0,0.0
seasonal_mean_PARInt,thetaR,0.0,0.0,0.0,0.0
seasonal_mean_PARInt,thetaS,0.0,0.0,0.0,0.0
seasonal_mean_PARInt,Alfa,0.0,0.0,0.0,0.0
seasonal_mean_PARInt,n,0.0,0.0,0.0,0.0
seasonal_mean_PARInt,Ks,0.0,0.0,0.0,0.0
seasonal_mean_RADInt,JuvenileLeaves,0.0,0.0,0.0,0.0
seasonal_mean_RADInt,Rmax_LTAR,0.0,0.0,0.0,0.0
seasonal_mean_RADInt,Rmax_LTIR,0.0,0.0,0.0,0.0
seasonal_mean_RADInt,PhyllFrmTassel,0.0,0.0,0.0,0.0
seasonal_mean_RADInt,StayGreen,0.0,0.0,0.0,0.0
seasonal_mean_RADInt,LM_min,0.0,0.0,0.0,0.0
seasonal_mean_RADInt,Diffx,0.0,0.0,0.0,0.0
seasonal_mean_RADInt,Diffz,0.0,0.0,0.0,0.0
seasonal_mean_RADInt,thetaR,0.0,0.0,0.0,0.0
seasonal_mean_RADInt,thetaS,0.0,0.0,0.0,0.0
seasonal_mean_RADInt,Alfa,0.0,0.0,0.0,0.0
seasonal_mean_RADInt,n,0.0,0.0,0.0,0.0
seasonal_mean_RADInt,Ks,0.0,0.0,0.0,0.0
seasonal_mean_RDenM_0_10,thetaS,-0.7440752031691321,0.7440752031691321,0.42219411900706905,0.048364220853962435
seasonal_mean_RDenM_0_10,n,0.5456209797246877,0.5456209797246877,0.35407034667196435,0.04020430043601947
seasonal_mean_RDenM_0_10,JuvenileLeaves,0.47981579139199065,0.47981579139199065,0.3441768333920117,0.03842986287695399
seasonal_mean_RDenM_0_10,LM_min,0.41040024034802913,0.41040024034802913,0.287866192372695,0.032408329189809695
seasonal_mean_RDenM_0_10,thetaR,0.15944703182805325,0.16042382381629217,0.14252425183365575,0.015465061608476148
seasonal_mean_RDenM_0_10,Rmax_LTAR,0.11975628823397093,0.14596262626332937,0.17240458734347316,0.017230511726243816
seasonal_mean_RDenM_0_10,Alfa,0.09056867054243095,0.09740147467302596,0.11105434081863882,0.011817174313692044
seasonal_mean_RDenM_0_10,StayGreen,0.08523422073030872,0.09386924549741367,0.11141386075027095,0.011312136801833171
seasonal_mean_RDenM_0_10,Diffz,0.09222142198353349,0.09260315979699724,0.06655175312816096,0.007273506980363862
seasonal_mean_RDenM_0_10,Ks,0.08459577109373316,0.08705496722228484,0.09607084348687198,0.010634813782735177
seasonal_mean_RDenM_0_10,Rmax_LTIR,0.00916394321294297,0.03668768030234689,0.08022974870432152,0.008444388954025231
seasonal_mean_RDenM_0_10,PhyllFrmTassel,0.01222812660527319,0.02074839568306544,0.03272616019051664,0.0031975688910396882
seasonal_mean_RDenM_0_10,Diffx,0.004110069292601454,0.01874758410393398,0.03091853838887014,0.002781456689159042
seasonal_mean_RDenM_0_20,thetaS,-0.7497918281436792,0.7497918281436792,0.4036280563181128,0.04644297416534086
seasonal_mean_RDenM_0_20,JuvenileLeaves,0.5488034462514433,0.5488034462514433,0.36318188812864843,0.04034544845908818
seasonal_mean_RDenM_0_20,n,0.4560398714039055,0.4560398714039055,0.2959093046610369,0.0332276373132593
seasonal_mean_RDenM_0_20,LM_min,0.40577010301707067,0.40577010301707067,0.27350993513105826,0.030890192966238815
seasonal_mean_RDenM_0_20,thetaR,0.15819157509204423,0.1587291378626542,0.13313283431205605,0.014470107220202059
seasonal_mean_RDenM_0_20,Rmax_LTAR,0.05628152291855637,0.12596473757625679,0.16705670703146205,0.013717369933048368
seasonal_mean_RDenM_0_20,Ks,0.09243632831006493,0.09340058206488151,0.08883699461040599,0.010042838090811721
seasonal_mean_RDenM_0_20,StayGreen,0.07808153523396903,0.08563881810220714,0.09828235339614255,0.010037719664529713
seasonal_mean_RDenM_0_20,Alfa,0.043135283303683485,0.07504559485986341,0.10542832273069878,0.009490669897084223
seasonal_mean_RDenM_0_20,Rmax_LTIR,0.010538601952834695,0.04048201206948521,0.0912402871041045,0.009677069430671446
seasonal_mean_RDenM_0_20,Diffz,0.0355062759992398,0.0372664908526591,0.03497310333059659,0.0036546874756990745
seasonal_mean_RDenM_0_20,PhyllFrmTassel,0.016654903763955158,0.02359836486166494,0.03647285836882248,0.003655266160828985
seasonal_mean_RDenM_0_20,Diffx,0.004803964834751458,0.018393827007629097,0.02952737024801655,0.0026363015413244394
seasonal_mean_RDenM_0_200,JuvenileLeaves,0.809270760753708,0.809270760753708,0.32812429731367593,0.036017178692864
seasonal_mean_RDenM_0_200,n,0.5657219996227109,0.5657219996227109,0.23096211216567913,0.02627217456785885
seasonal_mean_RDenM_0_200,LM_min,0.4338018691279109,0.4338018691279109,0.20103494930860816,0.022491306320235955
seasonal_mean_RDenM_0_200,Rmax_LTAR,0.21404705108084657,0.22498586193650907,0.18790484469050817,0.018169404918166304
seasonal_mean_RDenM_0_200,Alfa,0.19842398557328,0.19842398557328,0.09022551774681666,0.009850114623670777
seasonal_mean_RDenM_0_200,StayGreen,0.10655128475012039,0.106635369071508,0.081279765335492,0.008980890931959704
seasonal_mean_RDenM_0_200,Rmax_LTIR,-0.06532878487302585,0.08716920370785566,0.09492030188371141,0.0083107085296391
seasonal_mean_RDenM_0_200,thetaS,0.06201770602020966,0.07680174416900762,0.08377634435841805,0.007682536022762966
seasonal_mean_RDenM_0_200,Ks,-0.05741064219066715,0.05893060715028582,0.038027538140138456,0.004124642803983966
seasonal_mean_RDenM_0_200,thetaR,-0.041652021303324155,0.044587344951626945,0.03790637091880974,0.0038408549494780486
seasonal_mean_RDenM_0_200,Diffz,0.03724485986734453,0.03732257741103819,0.02398055853622041,0.002723882877735683
seasonal_mean_RDenM_0_200,PhyllFrmTassel,0.017117202525877194,0.017859765738133877,0.01950001190949465,0.002152122175741523
seasonal_mean_RDenM_0_200,Diffx,-0.013030002351193292,0.016061940479550486,0.016110775342589423,0.0014407569411294422
seasonal_mean_RDenM_10_20,thetaS,-0.7465890904870115,0.7465890904870115,0.3953986202228082,0.0455951268417847
seasonal_mean_RDenM_10_20,JuvenileLeaves,0.5688327479077285,0.5688327479077285,0.36705860383859,0.04083339113174403
seasonal_mean_RDenM_10_20,n,0.42421522738170964,0.42421522738170964,0.2774327557997102,0.031011286252635058
seasonal_mean_RDenM_10_20,LM_min,0.40193236552660233,0.40193236552660233,0.26782222223599755,0.03017801971477739
seasonal_mean_RDenM_10_20,thetaR,0.15626688548383375,0.1567997166325725,0.1293287553078983,0.014071791311990024
seasonal_mean_RDenM_10_20,Rmax_LTAR,0.03481851648514594,0.12313678194373452,0.169586109794709,0.013344426198495098
seasonal_mean_RDenM_10_20,Ks,0.09402322163389554,0.09472935255946885,0.08613343505929286,0.009812112906028922
seasonal_mean_RDenM_10_20,StayGreen,0.07540716010209363,0.08278245361570027,0.09373929165107125,0.009570315739633304
seasonal_mean_RDenM_10_20,Alfa,0.027019207180634802,0.07284618721089631,0.10446770572769452,0.008769854519736008
seasonal_mean_RDenM_10_20,Rmax_LTIR,0.011074568482450878,0.04188305898942443,0.09512959062091689,0.010108744282913655
seasonal_mean_RDenM_10_20,PhyllFrmTassel,0.017912399332929364,0.024598712216571065,0.03817670542788261,0.003857837633635129
seasonal_mean_RDenM_10_20,Diffz,0.016600881204609966,0.02183939937446377,0.027701501792842188,0.0026488433183266087
seasonal_mean_RDenM_10_20,Diffx,0.004969638169537546,0.018390014505153582,0.029135473793731603,0.0025828516019377715
seasonal_mean_RDenM_120_200,JuvenileLeaves,0.8048236903797176,0.8048236903797176,0.3284890845635815,0.03609343219215761
seasonal_mean_RDenM_120_200,n,0.5705775265671007,0.5705775265671007,0.23343062425151684,0.026531723826660046
seasonal_mean_RDenM_120_200,LM_min,0.4317453860927129,0.4317453860927129,0.20144579337185153,0.022518117652408604
seasonal_mean_RDenM_120_200,Rmax_LTAR,0.22043283231412023,0.23112256048130897,0.1912786992624917,0.018559473761839487
seasonal_mean_RDenM_120_200,Alfa,0.20164136685317507,0.20164136685317507,0.09183228883784782,0.010032483081551184
seasonal_mean_RDenM_120_200,StayGreen,0.10601918748473298,0.10611311644983366,0.08109354475761736,0.008951190614700826
seasonal_mean_RDenM_120_200,Rmax_LTIR,-0.06623672455592164,0.08746500308820569,0.09500967936646076,0.00838327038273423
seasonal_mean_RDenM_120_200,thetaS,0.07023360661036941,0.08336361337591462,0.08758941564656489,0.008229931643827324
seasonal_mean_RDenM_120_200,Ks,-0.05944253048454195,0.06088007532173869,0.039153964795483144,0.004270759693062421
seasonal_mean_RDenM_120_200,thetaR,-0.04374921570348741,0.04638758454913222,0.038725976349034325,0.003967459439814796
seasonal_mean_RDenM_120_200,Diffz,0.037731817258367654,0.03780900844073569,0.024335979281607422,0.0027610336803847993
seasonal_mean_RDenM_120_200,PhyllFrmTassel,0.01691197565860763,0.017842665760176266,0.019975313592549476,0.00219547106250967
seasonal_mean_RDenM_120_200,Diffx,-0.01323030436812021,0.016297871595469176,0.016332668214610293,0.001462739916141988
seasonal_mean_RDenM_20_40,JuvenileLeaves,0.7772457963206233,0.7772457963206233,0.361219624334266,0.03997742898834989
seasonal_mean_RDenM_20_40,thetaS,-0.521063764569351,0.521063764569351,0.28764975426660605,0.0330256812921626
seasonal_mean_RDenM_20_40,LM_min,0.4221236484555479,0.4233347806339505,0.2758626226650751,0.030683317188272354
seasonal_mean_RDenM_20_40,n,0.2746810285907255,0.27488634106303983,0.19577901321167965,0.022492473155670517
seasonal_mean_RDenM_20_40,Rmax_LTAR,-0.13592997862709988,0.18621633115737743,0.23240936494166467,0.021730844970894145
seasonal_mean_RDenM_20_40,thetaR,0.10086397898410376,0.10610882394676684,0.09229175984648419,0.009361176086619231
seasonal_mean_RDenM_20_40,StayGreen,0.09982402733137521,0.1037069484196413,0.10204283256166702,0.010823816644797453
seasonal_mean_RDenM_20_40,Ks,0.06998745321021387,0.07425498957200498,0.07315845192677463,0.007730654107942801
seasonal_mean_RDenM_20_40,Alfa,0.0005861048122560578,0.06192847745014222,0.08974205559533403,0.007128014965142838
seasonal_mean_RDenM_20_40,Rmax_LTIR,0.01613382706638941,0.058866431595729844,0.11903833679804122,0.011912380765263453
seasonal_mean_RDenM_20_40,PhyllFrmTassel,0.025393043981183378,0.029687473906709165,0.04270684518663514,0.0045437357237130575
seasonal_mean_RDenM_20_40,Diffx,0.0023524797772896296,0.022313957719186157,0.03195591475906551,0.0025315110317621595
seasonal_mean_RDenM_20_40,Diffz,-0.0016712162141090344,0.013286298470080555,0.0198564124742886,0.001678496106682338
seasonal_mean_RDenM_80_120,JuvenileLeaves,0.8379061766769768,0.8380542440503518,0.32071287819155303,0.035911109229143735
seasonal_mean_RDenM_80_120,LM_min,0.38866689291420914,0.4010295900322073,0.33108411209164473,0.03557785145183976
seasonal_mean_RDenM_80_120,Rmax_LTAR,-0.2287521957201394,0.25414875564700956,0.2607596286993117,0.02624998109055591
seasonal_mean_RDenM_80_120,thetaS,-0.09244186624051236,0.1965098250691311,0.23067782441146584,0.017354901974800083
seasonal_mean_RDenM_80_120,n,0.03994728457159043,0.14373793670233237,0.18733639553570602,0.014103930983806072
seasonal_mean_RDenM_80_120,StayGreen,0.11649733178565419,0.11697629971989691,0.1255551148478536,0.013983436805515368
seasonal_mean_RDenM_80_120,Rmax_LTIR,-0.010314315881335046,0.0759878144539451,0.12378058467994972,0.01066748924598014
seasonal_mean_RDenM_80_120,thetaR,0.017722540167736493,0.06894261660548742,0.0952343841223782,0.00783370925530163
seasonal_mean_RDenM_80_120,Alfa,-0.01721688304517212,0.05340516760082369,0.07622529523357824,0.006519700386668417
seasonal_mean_RDenM_80_120,Ks,0.023044616200393463,0.05195273460883245,0.07181417537104845,0.006183671506456041
seasonal_mean_RDenM_80_120,PhyllFrmTassel,0.019563601749279215,0.021778736144553924,0.029912226917704524,0.0032039565320264606
seasonal_mean_RDenM_80_120,Diffx,-0.0005976288881261558,0.020736970990583917,0.02860702142654642,0.0021643133579117325
seasonal_mean_RDenM_80_120,Diffz,0.0009625153888093768,0.011605476554066074,0.017576085520451326,0.0015084262349083358
seasonal_mean_RDenY_0_10,thetaS,-0.7204930650248934,0.7204930650248934,0.4138176976641681,0.04745299649569538
seasonal_mean_RDenY_0_10,n,0.6014056913946019,0.6014056913946019,0.36562075161431595,0.041729259458191836
seasonal_mean_RDenY_0_10,JuvenileLeaves,0.497530521412166,0.497530521412166,0.34053318029800944,0.03806097709334853
seasonal_mean_RDenY_0_10,LM_min,0.357881278492599,0.357881278492599,0.26340824803579443,0.02961607529172408
seasonal_mean_RDenY_0_10,thetaR,0.15742854023550143,0.1594648972700565,0.14530921337027475,0.015685866393725417
seasonal_mean_RDenY_0_10,Rmax_LTAR,0.11041799980784811,0.14026041167618217,0.1704280147575718,0.01676044864990915
seasonal_mean_RDenY_0_10,Alfa,0.12232201143106683,0.12609771946131346,0.12355798673248686,0.013549176477162871
seasonal_mean_RDenY_0_10,Diffz,0.09448015165394844,0.09497557468104913,0.06869836472949961,0.007497551808431829
seasonal_mean_RDenY_0_10,Ks,0.07366163914033569,0.08049904411140969,0.09898240550978876,0.010601248440770473
seasonal_mean_RDenY_0_10,StayGreen,0.024149474069161268,0.054456158273135775,0.08190158372171019,0.007243141838699571
seasonal_mean_RDenY_0_10,Rmax_LTIR,0.007635642556002796,0.03938344950232255,0.08133367085720013,0.00837037950865563
seasonal_mean_RDenY_0_10,PhyllFrmTassel,0.01329756333659152,0.0236786219753005,0.03790175949390348,0.0036446772377943196
seasonal_mean_RDenY_0_10,Diffx,0.003973141495567296,0.020623995315900246,0.03383259187844384,0.003024589619189106
seasonal_mean_RDenY_0_20,thetaS,-0.7510799930140215,0.7510799930140215,0.401771544131085,0.046229055612628175
seasonal_mean_RDenY_0_20,JuvenileLeaves,0.5627037555552948,0.5627037555552948,0.3633559519838321,0.040253401628749755
seasonal_mean_RDenY_0_20,n,0.4850641884777524,0.4850641884777524,0.3027279275369875,0.03414243011376432
seasonal_mean_RDenY_0_20,LM_min,0.3582527735346296,0.3582527735346296,0.2501725336366462,0.028193282109733642
seasonal_mean_RDenY_0_20,thetaR,0.16082033850816055,0.16165342802565558,0.1357265385858936,0.014718994626545587
seasonal_mean_RDenY_0_20,Rmax_LTAR,0.05620395354199046,0.12723874824373252,0.16594613703888828,0.013276602465199384
seasonal_mean_RDenY_0_20,Ks,0.08842887037610554,0.09019198888479486,0.08865990363422024,0.00996707314874962
seasonal_mean_RDenY_0_20,Alfa,0.05857292298343168,0.08335898897346072,0.11078182375763646,0.010458071837421035
seasonal_mean_RDenY_0_20,StayGreen,0.017493210524732405,0.04512649203417462,0.06877963422358235,0.006114474190756445
seasonal_mean_RDenY_0_20,Rmax_LTIR,0.009720505226508485,0.04258876150475379,0.09055954149687577,0.009448991409571103
seasonal_mean_RDenY_0_20,Diffz,0.035803772218952604,0.037932496607901725,0.03721535630254091,0.0038625296436282
seasonal_mean_RDenY_0_20,PhyllFrmTassel,0.017295654710050568,0.025786129127893638,0.040030804601519414,0.003922280516340298
seasonal_mean_RDenY_0_20,Diffx,0.004752118018941,0.019930988760646126,0.03239823609278547,0.002893984066896127
seasonal_mean_RDenY_0_200,JuvenileLeaves,0.8526246990190104,0.8526246990190104,0.31201174808071536,0.03413185267145787
seasonal_mean_RDenY_0_200,n,0.5940488402490052,0.5940488402490052,0.24703068537979528,0.028316139644244967
seasonal_mean_RDenY_0_200,LM_min,0.3525819635722823,0.3525819635722823,0.17636274736365815,0.01962484339518326
seasonal_mean_RDenY_0_200,Alfa,0.19088809800181455,0.19088809800181455,0.08976926430115671,0.009924256526244903
seasonal_mean_RDenY_0_200,Rmax_LTAR,0.12456813334783101,0.15510969570249963,0.1662724947732432,0.014966839115009822
seasonal_mean_RDenY_0_200,Rmax_LTIR,-0.05859252062542614,0.08190224805942004,0.09915735768358211,0.008938932410319345
seasonal_mean_RDenY_0_200,thetaS,-0.02171230952818195,0.07579898861499319,0.09724453099231288,0.007080881639490686
seasonal_mean_RDenY_0_200,Ks,-0.04678266043671915,0.049899113616709234,0.0409998623324485,0.00430132341345371
seasonal_mean_RDenY_0_200,thetaR,-0.02318019880624582,0.03589298916893562,0.043069923364148256,0.003806481837971719
seasonal_mean_RDenY_0_200,StayGreen,-0.00993489356594698,0.029496329381574864,0.04108027148783533,0.003363433144834784
seasonal_mean_RDenY_0_200,PhyllFrmTassel,0.024141595975522605,0.025808734090735884,0.02564511128346092,0.0027877456077440416
seasonal_mean_RDenY_0_200,Diffz,0.0243411698759964,0.0250025362255227,0.021574631040480227,0.002341224573487445
seasonal_mean_RDenY_0_200,Diffx,-0.007824881515776752,0.013146007800689873,0.01564696997515688,0.0012815311506119127
seasonal_mean_RDenY_10_20,thetaS,-0.75430580282818,0.75430580282818,0.3945617980049765,0.045502346527623444
seasonal_mean_RDenY_10_20,JuvenileLeaves,0.5816838235947313,0.5816838235947313,0.3682964609994493,0.04084227196827272
seasonal_mean_RDenY_10_20,n,0.43954058011434294,0.43954058011434294,0.2817261669323905,0.031585267182642957
seasonal_mean_RDenY_10_20,LM_min,0.35530906439787563,0.35530906439787563,0.24476003425614257,0.02748922539323736
seasonal_mean_RDenY_10_20,thetaR,0.16014934181823257,0.16081614402446648,0.1320399416484182,0.014339726173162993
seasonal_mean_RDenY_10_20,Rmax_LTAR,0.03578588431235597,0.12407367044402254,0.16864882495546182,0.013027155883827003
seasonal_mean_RDenY_10_20,Ks,0.09247254152287204,0.09373360584448158,0.08547206628026549,0.009730115399254896
seasonal_mean_RDenY_10_20,Alfa,0.03493846702841767,0.0763513840269609,0.10792131542001111,0.009323939137577456
seasonal_mean_RDenY_10_20,Rmax_LTIR,0.010521959989002589,0.04375225536302636,0.09382584746807235,0.009825202137492856
seasonal_mean_RDenY_10_20,StayGreen,0.014725473568549523,0.041822533943579286,0.06489548390704385,0.005822569239994018
seasonal_mean_RDenY_10_20,PhyllFrmTassel,0.018488998959380255,0.02656621348195159,0.041348232274381835,0.004088657364476052
seasonal_mean_RDenY_10_20,Diffz,0.013950150197509767,0.021592151692780247,0.029562770278776643,0.002751074516582828
seasonal_mean_RDenY_10_20,Diffx,0.0049624064213819544,0.019747981216596194,0.03186000075925664,0.0028327310055885854
seasonal_mean_RDenY_120_200,JuvenileLeaves,0.8477217704984954,0.8477217704984954,0.3125057631948572,0.03422039369054131
seasonal_mean_RDenY_120_200,n,0.6004375649427309,0.6004375649427309,0.25007662750839016,0.028647021936977213
seasonal_mean_RDenY_120_200,LM_min,0.35063788503657145,0.35063788503657145,0.17719387514366858,0.01968003856359707
seasonal_mean_RDenY_120_200,Alfa,0.19468619857539932,0.19468619857539932,0.09174373034704437,0.010138207036410368
seasonal_mean_RDenY_120_200,Rmax_LTAR,0.13160808507838892,0.1616178862827244,0.17039672924603888,0.015411573310329068
seasonal_mean_RDenY_120_200,Rmax_LTIR,-0.05968327797643455,0.08242200717977247,0.09932362637512292,0.00900891560884495
seasonal_mean_RDenY_120_200,thetaS,-0.01269821054119983,0.07660531751796573,0.10144660210040403,0.007370126992005358
seasonal_mean_RDenY_120_200,Ks,-0.04919096574194115,0.0519935894907046,0.04231304395937228,0.004502099570633692
seasonal_mean_RDenY_120_200,thetaR,-0.02570405946674215,0.03722729722736996,0.0442415253136459,0.0040093346732470074
seasonal_mean_RDenY_120_200,StayGreen,-0.010326074984588148,0.029955208603712282,0.04172432399278268,0.0034244151797580896
seasonal_mean_RDenY_120_200,PhyllFrmTassel,0.02389298584441737,0.0259153671646111,0.026398186583485906,0.002844720840449664
seasonal_mean_RDenY_120_200,Diffz,0.0246872658068106,0.02536432958774747,0.021917562414298816,0.002373612973423024
seasonal_mean_RDenY_120_200,Diffx,-0.007987374261070043,0.013348927524348006,0.01586521893321886,0.0012974149138130094
seasonal_mean_RDenY_20_40,JuvenileLeaves,0.7988150757888439,0.7988150757888439,0.35954388983886226,0.03978459182199361
seasonal_mean_RDenY_20_40,thetaS,-0.5451628380876254,0.5451628380876254,0.29246532909479783,0.03342711671725879
seasonal_mean_RDenY_20_40,LM_min,0.3532402570990122,0.35587899566388237,0.23754014862341222,0.026247755077844184
seasonal_mean_RDenY_20_40,n,0.29174910848181407,0.2925218489665976,0.2082754601353996,0.023665483783169395
seasonal_mean_RDenY_20_40,Rmax_LTAR,-0.14128364389822465,0.18468141361049764,0.22621533248827988,0.021457779296685627
seasonal_mean_RDenY_20_40,thetaR,0.11064346722038582,0.11520998332798807,0.09838411262368157,0.009979120263108914
seasonal_mean_RDenY_20_40,Ks,0.0700708873339284,0.07498002640188796,0.07384087021704143,0.007834839735531866
seasonal_mean_RDenY_20_40,Alfa,0.0072130237752676685,0.06609066001855773,0.09438369938082737,0.007311606036817022
seasonal_mean_RDenY_20_40,Rmax_LTIR,0.016052306837519143,0.06325595251903442,0.12421145954787151,0.012353056608249029
seasonal_mean_RDenY_20_40,StayGreen,0.008790090994150287,0.04230790265602678,0.069085785870956,0.006126604681801008
seasonal_mean_RDenY_20_40,PhyllFrmTassel,0.028439581415130123,0.03454689484366984,0.04922836488694029,0.00510797609467331
seasonal_mean_RDenY_20_40,Diffx,0.002881069859858139,0.02391945345744145,0.03419415996548429,0.0027233068134244805
seasonal_mean_RDenY_20_40,Diffz,-0.002442327500560823,0.015816902703444245,0.022669969076614897,0.0018574224833840891
seasonal_mean_RDenY_80_120,JuvenileLeaves,0.8597703963718428,0.8597703963718428,0.3053773479774095,0.035179321078327365
seasonal_mean_RDenY_80_120,LM_min,0.2734689623718741,0.3061809298893901,0.3102403268988656,0.03137000645872791
seasonal_mean_RDenY_80_120,Rmax_LTAR,-0.28256762055332424,0.297422122833668,0.24994994790080904,0.025375981666991232
seasonal_mean_RDenY_80_120,thetaS,0.005912447909206513,0.179875194649081,0.2323302908919113,0.016987194560483986
seasonal_mean_RDenY_80_120,n,-0.0013287540172936237,0.14576459805188,0.20292650283187547,0.015671526061811013
seasonal_mean_RDenY_80_120,Rmax_LTIR,-0.006655111162819509,0.07861189979089575,0.12878818108701012,0.011057558956234401
seasonal_mean_RDenY_80_120,thetaR,0.001366925394255281,0.07256099895218883,0.10428217740130372,0.008729910216137721
seasonal_mean_RDenY_80_120,Alfa,-0.016254515814939734,0.05600030247422398,0.07857198841448003,0.006564034529359575
seasonal_mean_RDenY_80_120,Ks,0.01079603322137982,0.052648482134469085,0.07515379930124574,0.006326307689568994
seasonal_mean_RDenY_80_120,StayGreen,-0.004932174905976295,0.04670256434354355,0.08788398473098066,0.008263170056837512
seasonal_mean_RDenY_80_120,PhyllFrmTassel,0.024150423183840263,0.027479821890385853,0.03471489981610707,0.003634784207701808
seasonal_mean_RDenY_80_120,Diffx,-0.0019537824489075143,0.02350793317186104,0.0318690439552531,0.00241106427062012
seasonal_mean_RDenY_80_120,Diffz,0.000677576052432988,0.013267979975971228,0.0190095312659079,0.0015593522243750862
seasonal_mean_RMassM_0_10,thetaS,-0.744077610761259,0.744077610761259,0.42219154042273976,0.048364043457097244
seasonal_mean_RMassM_0_10,n,0.5456363904271552,0.5456363904271552,0.3540799900492218,0.040205779404798234
seasonal_mean_RMassM_0_10,JuvenileLeaves,0.4798177577118211,0.4798177577118211,0.3441788381359615,0.038430010142610174
seasonal_mean_RMassM_0_10,LM_min,0.4103924050372504,0.4103924050372504,0.2878584313495819,0.03240786319286867
seasonal_mean_RMassM_0_10,thetaR,0.15944220533287914,0.1604196963387026,0.14252902002463613,0.015465808357985025
seasonal_mean_RMassM_0_10,Rmax_LTAR,0.11976274258226695,0.1459622481119072,0.17240206360392873,0.017230772818667466
seasonal_mean_RMassM_0_10,Alfa,0.09056794985596166,0.09740158311771419,0.11105391953980338,0.011816456805723703
seasonal_mean_RMassM_0_10,StayGreen,0.08522504873148282,0.09386689714990225,0.111402583897942,0.011310260041596479
seasonal_mean_RMassM_0_10,Diffz,0.09221258306129552,0.09259439961760153,0.06655436716288435,0.007273328149396244
seasonal_mean_RMassM_0_10,Ks,0.08458268813730797,0.08704440782747178,0.09606007663032404,0.010633746213326422
seasonal_mean_RMassM_0_10,Rmax_LTIR,0.00916300592616514,0.036682981288050365,0.08021675781422406,0.008443231007061625
seasonal_mean_RMassM_0_10,PhyllFrmTassel,0.012225449201907984,0.02074853809579894,0.03271963485673694,0.0031962036658463953
seasonal_mean_RMassM_0_10,Diffx,0.0041108882126131485,0.01875517215728732,0.030931897029510855,0.0027829227931739026
seasonal_mean_RMassM_0_20,thetaS,-0.7497982090928654,0.7497982090928654,0.40363004484613724,0.04644396466045576
seasonal_mean_RMassM_0_20,JuvenileLeaves,0.5488158875030392,0.5488158875030392,0.36318519143308886,0.040346350389280285
seasonal_mean_RMassM_0_20,n,0.45602904774587105,0.45602904774587105,0.2959078305192994,0.03322721300164871
seasonal_mean_RMassM_0_20,LM_min,0.4057635059674856,0.4057635059674856,0.2735161682317613,0.03089197343671747
seasonal_mean_RMassM_0_20,thetaR,0.15818519925744995,0.15872136482247423,0.13314047981242244,0.014472195215369249
seasonal_mean_RMassM_0_20,Rmax_LTAR,0.05626751931219938,0.12596719105435009,0.16707085770362948,0.013718462889130723
seasonal_mean_RMassM_0_20,Ks,0.09244440007542093,0.09340905792296446,0.08883984157737153,0.010043120186020799
seasonal_mean_RMassM_0_20,StayGreen,0.07808496607256356,0.085639767049732,0.09827448672748128,0.010036977802045
seasonal_mean_RMassM_0_20,Alfa,0.04313357596114499,0.07504313556194153,0.10542977954443737,0.009490932937065407
seasonal_mean_RMassM_0_20,Rmax_LTIR,0.010540333550965855,0.04046886461470382,0.09123217126079051,0.00967743613978181
seasonal_mean_RMassM_0_20,Diffz,0.03551001216318794,0.03727348476521307,0.03498319520757296,0.0036555275306966346
seasonal_mean_RMassM_0_20,PhyllFrmTassel,0.016668704965074475,0.023601326385664284,0.0364686066714842,0.003655935931824729
seasonal_mean_RMassM_0_20,Diffx,0.004798046303952589,0.018404156887403187,0.029540183673987117,0.0026375054263803837
seasonal_mean_RMassM_0_200,JuvenileLeaves,0.809270967833466,0.809270967833466,0.3281232832805052,0.03601697485485685
seasonal_mean_RMassM_0_200,n,0.565725226991206,0.565725226991206,0.2309623185862208,0.026272375246545167
seasonal_mean_RMassM_0_200,LM_min,0.4338051287464243,0.4338051287464243,0.20103962807092163,0.02249162729437265
seasonal_mean_RMassM_0_200,Rmax_LTAR,0.21405127726422302,0.22498720079135148,0.1879051607917768,0.018169507947863314
seasonal_mean_RMassM_0_200,Alfa,0.19842525318769685,0.19842525318769685,0.09022479008227656,0.009850241090127027
seasonal_mean_RMassM_0_200,StayGreen,0.10654539467887757,0.10662815816884812,0.08127595731724771,0.008981108605822428
seasonal_mean_RMassM_0_200,Rmax_LTIR,-0.06532054646605201,0.0871623935347561,0.09491671221799279,0.008310339201830207
seasonal_mean_RMassM_0_200,thetaS,0.062013971630907605,0.07679538265553715,0.08376739687739007,0.007681642296351685
seasonal_mean_RMassM_0_200,Ks,-0.05740784702730731,0.058926334181704274,0.0380280538340388,0.004124599256270005
seasonal_mean_RMassM_0_200,thetaR,-0.04165732106400284,0.04459213746162799,0.03790905547971771,0.0038413433160740472
seasonal_mean_RMassM_0_200,Diffz,0.03724083132874243,0.037318481305289385,0.023968503839653828,0.0027227973073715283
seasonal_mean_RMassM_0_200,PhyllFrmTassel,0.017121592381038466,0.017854795058095493,0.01949488861086705,0.0021522699381143324
seasonal_mean_RMassM_0_200,Diffx,-0.013034740162767523,0.016068382274418015,0.01611787847491666,0.0014411249018627067
seasonal_mean_RMassM_10_20,thetaS,-0.746597237355762,0.746597237355762,0.3954028812543794,0.04559660513606187
seasonal_mean_RMassM_10_20,JuvenileLeaves,0.5688487714718129,0.5688487714718129,0.36706181393809567,0.04083440970938164
seasonal_mean_RMassM_10_20,n,0.4241970762112897,0.4241970762112897,0.27742775571794637,0.031010327069356726
seasonal_mean_RMassM_10_20,LM_min,0.4019266686691939,0.4019266686691939,0.26783370487791497,0.030180478486147657
seasonal_mean_RMassM_10_20,thetaR,0.15625947199618836,0.15678996689482422,0.12933681260251778,0.014074117857158352
seasonal_mean_RMassM_10_20,Rmax_LTAR,0.034799317205532435,0.12314059153646824,0.16960332842766157,0.013346053575594246
seasonal_mean_RMassM_10_20,Ks,0.09403807977592228,0.0947440121037446,0.08614226850859165,0.009813054926287167
seasonal_mean_RMassM_10_20,StayGreen,0.07541539605983852,0.08278687625843817,0.09373265730368176,0.009569672482268027
seasonal_mean_RMassM_10_20,Alfa,0.027017099174925587,0.07283498801271822,0.10446381284490003,0.00877024737334816
seasonal_mean_RMassM_10_20,Rmax_LTIR,0.011077497111148634,0.04187119774072368,0.09512447482574411,0.010109239360755291
seasonal_mean_RMassM_10_20,PhyllFrmTassel,0.01793226158748478,0.02460168421216504,0.038175376021671106,0.0038596399600613375
seasonal_mean_RMassM_10_20,Diffz,0.01660996889552071,0.02185326449659365,0.027707913697872982,0.0026495856200926247
seasonal_mean_RMassM_10_20,Diffx,0.004961499040245978,0.018403073666461822,0.029150560156120654,0.0025843019547513437
seasonal_mean_RMassM_120_200,JuvenileLeaves,0.8048241468922913,0.8048241468922913,0.3284882806585857,0.03609323563193003
seasonal_mean_RMassM_120_200,n,0.5705808023635925,0.5705808023635925,0.23343063414334966,0.02653189872059533
seasonal_mean_RMassM_120_200,LM_min,0.43174858736731814,0.43174858736731814,0.2014499973500382,0.022518361286859634
seasonal_mean_RMassM_120_200,Rmax_LTAR,0.22043732959232093,0.23112411482681955,0.19127926486359365,0.018559609704655766
seasonal_mean_RMassM_120_200,Alfa,0.20164260201485423,0.20164260201485423,0.09183140015843472,0.010032577496142803
seasonal_mean_RMassM_120_200,StayGreen,0.1060128322288607,0.10610542913850146,0.08108956543665005,0.008951392039097467
seasonal_mean_RMassM_120_200,Rmax_LTIR,-0.06622831007182907,0.0874579803090099,0.09500633442476665,0.008382914477698643
seasonal_mean_RMassM_120_200,thetaS,0.07022973649165908,0.08335810478229656,0.08757971369038166,0.008228746341987905
seasonal_mean_RMassM_120_200,Ks,-0.0594399913539168,0.06087721922979644,0.03915470388992271,0.004270451748113041
seasonal_mean_RMassM_120_200,thetaR,-0.04375479473773072,0.04639259434428963,0.03872886930714669,0.003967992608457672
seasonal_mean_RMassM_120_200,Diffz,0.03772765122401701,0.03780479016649132,0.024323501666245362,0.002759924962981153
seasonal_mean_RMassM_120_200,PhyllFrmTassel,0.016916310408096987,0.01783605505569616,0.019969798648011166,0.0021956962608697377
seasonal_mean_RMassM_120_200,Diffx,-0.013235179602120239,0.01630440778802955,0.016340101074646795,0.0014630794175789037
seasonal_mean_RMassM_20_40,JuvenileLeaves,0.777246695542628,0.777246695542628,0.3612183160057179,0.03997750466047177
seasonal_mean_RMassM_20_40,thetaS,-0.5210621767760522,0.5210621767760522,0.28765074664431983,0.03302588865554811
seasonal_mean_RMassM_20_40,LM_min,0.42210957681748157,0.42332280814071366,0.2758651433971227,0.030682697076098078
seasonal_mean_RMassM_20_40,n,0.27469747585656684,0.27490392366932315,0.19577931249693828,0.022492512488824844
seasonal_mean_RMassM_20_40,Rmax_LTAR,-0.13591776496480693,0.18620843270760165,0.23241343992361158,0.021731396500217177
seasonal_mean_RMassM_20_40,thetaR,0.10087800456056406,0.10612649018232263,0.09231672441296056,0.009363268258008628
seasonal_mean_RMassM_20_40,StayGreen,0.09981985919015185,0.10369951355767569,0.10203306836090549,0.01082360477263308
seasonal_mean_RMassM_20_40,Ks,0.06998971706973595,0.0742535550443287,0.07313148377814829,0.007728238173987469
seasonal_mean_RMassM_20_40,Alfa,0.0005686661425359977,0.06192538763859389,0.08973577231933705,0.007127407167551573
seasonal_mean_RMassM_20_40,Rmax_LTIR,0.016118441369183955,0.05889560782394355,0.11907308881384403,0.011915256917345277
seasonal_mean_RMassM_20_40,PhyllFrmTassel,0.025382362854986004,0.029688662848855168,0.04270656616534069,0.004542571382051444
seasonal_mean_RMassM_20_40,Diffx,0.0023500326158022358,0.0223127277315937,0.03195039426101894,0.0025304993737382993
seasonal_mean_RMassM_20_40,Diffz,-0.001664064588517896,0.01328888931640712,0.019875452666626117,0.0016807998352142725
seasonal_mean_RMassM_80_120,JuvenileLeaves,0.8378916143636954,0.8380383623797739,0.3207168850103906,0.03591110573372483
seasonal_mean_RMassM_80_120,LM_min,0.3886742465151642,0.40104476382395277,0.3310909776688821,0.03557693885482463
seasonal_mean_RMassM_80_120,Rmax_LTAR,-0.22877521328144482,0.25416715828665715,0.2607301326879103,0.026247460890658783
seasonal_mean_RMassM_80_120,thetaS,-0.09244938251388186,0.19650670856284086,0.2306496511409026,0.01735197632965301
seasonal_mean_RMassM_80_120,n,0.039932014008689405,0.14371772563552385,0.1873447256340569,0.014106139705337386
seasonal_mean_RMassM_80_120,StayGreen,0.11652434752460991,0.11699655411594655,0.1255393438827461,0.013983433180648772
seasonal_mean_RMassM_80_120,Rmax_LTIR,-0.010297687815707769,0.07599374497285219,0.12376424522774779,0.010665599245382818
seasonal_mean_RMassM_80_120,thetaR,0.017725321190243264,0.068962714478061,0.09531590167079636,0.007843475452255612
seasonal_mean_RMassM_80_120,Alfa,-0.017200458913481854,0.05341159553253184,0.07625340322517977,0.006520827655305093
seasonal_mean_RMassM_80_120,Ks,0.023056313180774966,0.05192206855899058,0.07177493406539166,0.006180389456751436
seasonal_mean_RMassM_80_120,PhyllFrmTassel,0.019592625851179893,0.021772029639876768,0.029910836057608622,0.0032055756696674795
seasonal_mean_RMassM_80_120,Diffx,-0.0005882785417926216,0.02072504662149461,0.028576916750728636,0.002161545114843331
seasonal_mean_RMassM_80_120,Diffz,0.0009523700329099608,0.011610827311129083,0.017565339743240486,0.001507292596931202
seasonal_mean_RMassY_0_10,thetaS,-0.7204995590389264,0.7204995590389264,0.41382622004735653,0.04745333267069878
seasonal_mean_RMassY_0_10,n,0.6013977858882806,0.6013977858882806,0.36561091562540526,0.041727603012945556
seasonal_mean_RMassY_0_10,JuvenileLeaves,0.4975319498511186,0.4975319498511186,0.34053790108314247,0.038061890588553964
seasonal_mean_RMassY_0_10,LM_min,0.3578840215705074,0.3578840215705074,0.2634052364725405,0.029616016435627526
seasonal_mean_RMassY_0_10,thetaR,0.1574344743594724,0.15947609597621518,0.14531406214570475,0.015686076576383164
seasonal_mean_RMassY_0_10,Rmax_LTAR,0.11041816325357814,0.14025844779302662,0.17043578969208129,0.01676205203937202
seasonal_mean_RMassY_0_10,Alfa,0.1223286500099169,0.12610619423847283,0.12356433872879083,0.01354938491455675
seasonal_mean_RMassY_0_10,Diffz,0.09448884918088206,0.09498363939421163,0.06869516972734832,0.007497556760918602
seasonal_mean_RMassY_0_10,Ks,0.07366991156203914,0.08050947413728861,0.09897668614115235,0.010600421318732008
seasonal_mean_RMassY_0_10,StayGreen,0.024151695355448796,0.05443977104983682,0.08188256519274907,0.007242408450823513
seasonal_mean_RMassY_0_10,Rmax_LTIR,0.007635420806305178,0.03937732181753219,0.0813208797669199,0.00836962836445617
seasonal_mean_RMassY_0_10,PhyllFrmTassel,0.013312812047000609,0.02368750900076461,0.03790735721298562,0.00364587375564766
seasonal_mean_RMassY_0_10,Diffx,0.003986636414662807,0.020625827608471394,0.03382785545861132,0.0030244716112288465
seasonal_mean_RMassY_0_20,thetaS,-0.7510859567537451,0.7510859567537451,0.4017802436755888,0.046230085735089445
seasonal_mean_RMassY_0_20,JuvenileLeaves,0.5626996240335316,0.5626996240335316,0.3633536595908406,0.040253406812961696
seasonal_mean_RMassY_0_20,n,0.48506973881899523,0.48506973881899523,0.3027274454979028,0.03414272641173917
seasonal_mean_RMassY_0_20,LM_min,0.358253831606082,0.358253831606082,0.2501833239354873,0.028195497823921507
seasonal_mean_RMassY_0_20,thetaR,0.1608172243039832,0.16164872599384922,0.13571600887575624,0.014717787695879466
seasonal_mean_RMassY_0_20,Rmax_LTAR,0.05619606498532356,0.1272259612156312,0.16593026183046058,0.013275179197422736
seasonal_mean_RMassY_0_20,Ks,0.08842699180973222,0.09019348033710839,0.08866076491565862,0.009966391788931874
seasonal_mean_RMassY_0_20,Alfa,0.058574015414994775,0.08337162712577258,0.11079421762144322,0.010458031552090288
seasonal_mean_RMassY_0_20,StayGreen,0.017493560263417866,0.04512169086628123,0.06877586842000857,0.006114533316842352
seasonal_mean_RMassY_0_20,Rmax_LTIR,0.009721319489488515,0.04257999046703856,0.09055419492471918,0.009448810524374107
seasonal_mean_RMassY_0_20,Diffz,0.03580810344894047,0.037935172213084664,0.037202636650312815,0.0038612837777876057
seasonal_mean_RMassY_0_20,PhyllFrmTassel,0.01729679518695412,0.025782597788009783,0.040025822157584025,0.00392191818875167
seasonal_mean_RMassY_0_20,Diffx,0.004757481374030675,0.01993524550244845,0.03242831978128845,0.0028975547793189064
seasonal_mean_RMassY_0_200,JuvenileLeaves,0.8526226644320521,0.8526226644320521,0.31200648743251846,0.034131126720879396
seasonal_mean_RMassY_0_200,n,0.5940515010379216,0.5940515010379216,0.24702878796589228,0.028316108745198718
seasonal_mean_RMassY_0_200,LM_min,0.3525817133944007,0.3525817133944007,0.17636497027216164,0.019625181047889403
seasonal_mean_RMassY_0_200,Alfa,0.19088459037259561,0.19088459037259561,0.08977057167074974,0.009924242349055337
seasonal_mean_RMassY_0_200,Rmax_LTAR,0.1245695106680576,0.1551112517628447,0.16627469981205473,0.014967365449547892
seasonal_mean_RMassY_0_200,Rmax_LTIR,-0.058600828218870166,0.08190843565512806,0.09916238652834669,0.0089397004442124
seasonal_mean_RMassY_0_200,thetaS,-0.021721073602478345,0.07580100413710353,0.09724527308260167,0.007081158750470553
seasonal_mean_RMassY_0_200,Ks,-0.04677833259824116,0.04989407051956704,0.04100281501958994,0.004301747765747309
seasonal_mean_RMassY_0_200,thetaR,-0.023185808779657445,0.03589247924676564,0.043076844025141114,0.0038083201658745355
seasonal_mean_RMassY_0_200,StayGreen,-0.009939173802235196,0.02949624429075482,0.04107920917057581,0.0033634871168612425
seasonal_mean_RMassY_0_200,PhyllFrmTassel,0.02414500079063514,0.02581029370306775,0.025643469517642122,0.0027876478131114457
seasonal_mean_RMassY_0_200,Diffz,0.02433899838819871,0.025001438658680493,0.021575831153232073,0.0023413704993740982
seasonal_mean_RMassY_0_200,Diffx,-0.007820666207513007,0.013143222785303407,0.01564394207380879,0.001281416359156699
seasonal_mean_RMassY_10_20,thetaS,-0.7543131267164486,0.7543131267164486,0.39456967935436366,0.045503478400481585
seasonal_mean_RMassY_10_20,JuvenileLeaves,0.5816785687746083,0.5816785687746083,0.3682944931887416,0.040842255236032944
seasonal_mean_RMassY_10_20,n,0.43955183685642735,0.43955183685642735,0.2817282024721058,0.03158607209906022
seasonal_mean_RMassY_10_20,LM_min,0.35531079808145805,0.35531079808145805,0.24477508210622756,0.02749217113177436
seasonal_mean_RMassY_10_20,thetaR,0.16014381055448318,0.16080715149612823,0.13202325981604376,0.01433797415230507
seasonal_mean_RMassY_10_20,Rmax_LTAR,0.03577452530374684,0.12405949733345172,0.16862443027343363,0.013024501609633829
seasonal_mean_RMassY_10_20,Ks,0.09246883643661645,0.0937322588113358,0.08547737330515862,0.009730204225711681
seasonal_mean_RMassY_10_20,Alfa,0.034937788262146614,0.07636349311916421,0.10794043616034517,0.009324815543115124
seasonal_mean_RMassY_10_20,Rmax_LTIR,0.010522603158411064,0.043743069311097595,0.09382013959048008,0.009824529715915074
seasonal_mean_RMassY_10_20,StayGreen,0.014726427300882599,0.04181972615160563,0.06489839440214733,0.00582338059454273
seasonal_mean_RMassY_10_20,PhyllFrmTassel,0.018485800140744926,0.02656279306980398,0.04133894347679318,0.004086974829035437
seasonal_mean_RMassY_10_20,Diffz,0.013952947629300789,0.021593742810953834,0.029549477967587827,0.002749403013298257
seasonal_mean_RMassY_10_20,Diffx,0.004965136477685033,0.01975747258212355,0.03190103181107879,0.002837116959274287
seasonal_mean_RMassY_120_200,JuvenileLeaves,0.847719815004666,0.847719815004666,0.31250068095450856,0.03421967779823191
seasonal_mean_RMassY_120_200,n,0.6004402419516075,0.6004402419516075,0.2500752903091065,0.02864703545921406
seasonal_mean_RMassY_120_200,LM_min,0.350637557059589,0.350637557059589,0.1771959830027023,0.019680370359843418
seasonal_mean_RMassY_120_200,Alfa,0.19468256338913575,0.19468256338913575,0.09174500178282477,0.010138167841826225
seasonal_mean_RMassY_120_200,Rmax_LTAR,0.13160953445531998,0.16162051671613648,0.17039911160798737,0.015412023428739749
seasonal_mean_RMassY_120_200,Rmax_LTIR,-0.059691687687595425,0.08242836688634507,0.09932868867595863,0.009009655918788207
seasonal_mean_RMassY_120_200,thetaS,-0.012706997202624743,0.07660495352318385,0.10144711192281258,0.007370404609123449
seasonal_mean_RMassY_120_200,Ks,-0.049186819091504304,0.05198927397706659,0.042316002705252674,0.00450245204226341
seasonal_mean_RMassY_120_200,thetaR,-0.02570989138614174,0.03722838427500293,0.04424919758083378,0.0040112636432517
seasonal_mean_RMassY_120_200,StayGreen,-0.010330316463776764,0.0299547032074592,0.041723014704883786,0.0034244155485814087
seasonal_mean_RMassY_120_200,PhyllFrmTassel,0.023896674971470317,0.025917326064678444,0.02639643132327973,0.0028445514363387788
seasonal_mean_RMassY_120_200,Diffz,0.02468544487249265,0.02536370149648342,0.021919376087902558,0.002373806770272039
seasonal_mean_RMassY_120_200,Diffx,-0.007983334983453398,0.013346075261574865,0.01586264425967428,0.0012973695887102906
seasonal_mean_RMassY_20_40,JuvenileLeaves,0.7988100336759942,0.7988100336759942,0.3595422813161147,0.03978457505025657
seasonal_mean_RMassY_20_40,thetaS,-0.5451696484159152,0.5451696484159152,0.2924588205106144,0.033425539323666466
seasonal_mean_RMassY_20_40,LM_min,0.3532366569891324,0.3558714487935821,0.237525172185533,0.026246369113044607
seasonal_mean_RMassY_20_40,n,0.2917624212419113,0.29253941429759217,0.20826224578114857,0.023663046717964355
seasonal_mean_RMassY_20_40,Rmax_LTAR,-0.1412952698916307,0.18468079337750234,0.2262153319333345,0.02145864731511547
seasonal_mean_RMassY_20_40,thetaR,0.11064738510896181,0.11520872517495548,0.09837947763959674,0.009980158714674305
seasonal_mean_RMassY_20_40,Ks,0.07006415641886489,0.07496963619309474,0.07381663812471302,0.00783189568087933
seasonal_mean_RMassY_20_40,Alfa,0.0072209642455790665,0.06607761546060516,0.09437054690357445,0.007311083223333156
seasonal_mean_RMassY_20_40,Rmax_LTIR,0.01606838754547,0.06324668388313914,0.12420391353506532,0.012352602565438032
seasonal_mean_RMassY_20_40,StayGreen,0.008780629737770624,0.04230566649917335,0.06908040351706184,0.006125529805532329
seasonal_mean_RMassY_20_40,PhyllFrmTassel,0.028451194874743933,0.034552912178230206,0.04923590581106514,0.005109225593988963
seasonal_mean_RMassY_20_40,Diffx,0.002893030719073793,0.023901286340395362,0.03417492480586373,0.0027226977273567127
seasonal_mean_RMassY_20_40,Diffz,-0.002443802665647398,0.015811170292773336,0.022679513869099926,0.001859888307196522
seasonal_mean_RMassY_80_120,JuvenileLeaves,0.8597696373684174,0.8597696373684174,0.3053678973496092,0.035178339951351105
seasonal_mean_RMassY_80_120,LM_min,0.27346636046871725,0.3061842699818906,0.31025250246473235,0.031370596867075475
seasonal_mean_RMassY_80_120,Rmax_LTAR,-0.2825413458747994,0.2974013011367242,0.24992387340017647,0.025373614788176638
seasonal_mean_RMassY_80_120,thetaS,0.00590384146282685,0.17988281316346214,0.23233779001526436,0.016987792015463767
seasonal_mean_RMassY_80_120,n,-0.0013305733942607324,0.14579612306091425,0.20296028641409644,0.01567289269018156
seasonal_mean_RMassY_80_120,Rmax_LTIR,-0.006662950179229421,0.07860974824045547,0.1287924073405763,0.01105880598407222
seasonal_mean_RMassY_80_120,thetaR,0.0013715359413932408,0.07254961214623884,0.10427722907107724,0.008731618718567683
seasonal_mean_RMassY_80_120,Alfa,-0.016264824876468,0.05596927256009993,0.07858269445774642,0.00656962961226112
seasonal_mean_RMassY_80_120,Ks,0.010828823904585618,0.052648058115128696,0.07520695733417448,0.006334486491874813
seasonal_mean_RMassY_80_120,StayGreen,-0.004925030465494496,0.04671760839677835,0.0879002998691832,0.008263897505088193
seasonal_mean_RMassY_80_120,PhyllFrmTassel,0.02412697531815551,0.02748073650651939,0.034713117303413116,0.003632701530113637
seasonal_mean_RMassY_80_120,Diffx,-0.0019418367025514616,0.02352713341375701,0.03189541189426181,0.0024134577504528647
seasonal_mean_RMassY_80_120,Diffz,0.0006614400366925021,0.013276828720061945,0.019029081611207685,0.001560035036935501
seasonal_mean_RNC,JuvenileLeaves,0.0,0.0,0.0,0.0
seasonal_mean_RNC,Rmax_LTAR,0.0,0.0,0.0,0.0
seasonal_mean_RNC,Rmax_LTIR,0.0,0.0,0.0,0.0
seasonal_mean_RNC,PhyllFrmTassel,0.0,0.0,0.0,0.0
seasonal_mean_RNC,StayGreen,0.0,0.0,0.0,0.0
seasonal_mean_RNC,LM_min,0.0,0.0,0.0,0.0
seasonal_mean_RNC,Diffx,0.0,0.0,0.0,0.0
seasonal_mean_RNC,Diffz,0.0,0.0,0.0,0.0
seasonal_mean_RNC,thetaR,0.0,0.0,0.0,0.0
seasonal_mean_RNC,thetaS,0.0,0.0,0.0,0.0
seasonal_mean_RNC,Alfa,0.0,0.0,0.0,0.0
seasonal_mean_RNC,n,0.0,0.0,0.0,0.0
seasonal_mean_RNC,Ks,0.0,0.0,0.0,0.0
seasonal_mean_RNS,JuvenileLeaves,0.0,0.0,0.0,0.0
seasonal_mean_RNS,Rmax_LTAR,0.0,0.0,0.0,0.0
seasonal_mean_RNS,Rmax_LTIR,0.0,0.0,0.0,0.0
seasonal_mean_RNS,PhyllFrmTassel,0.0,0.0,0.0,0.0
seasonal_mean_RNS,StayGreen,0.0,0.0,0.0,0.0
seasonal_mean_RNS,LM_min,0.0,0.0,0.0,0.0
seasonal_mean_RNS,Diffx,0.0,0.0,0.0,0.0
seasonal_mean_RNS,Diffz,0.0,0.0,0.0,0.0
seasonal_mean_RNS,thetaR,0.0,0.0,0.0,0.0
seasonal_mean_RNS,thetaS,0.0,0.0,0.0,0.0
seasonal_mean_RNS,Alfa,0.0,0.0,0.0,0.0
seasonal_mean_RNS,n,0.0,0.0,0.0,0.0
seasonal_mean_RNS,Ks,0.0,0.0,0.0,0.0
seasonal_mean_Root_C,JuvenileLeaves,0.8254396426370795,0.8254396426370795,0.32348808063236245,0.03543143112472887
seasonal_mean_Root_C,n,0.5764617813017661,0.5764617813017661,0.23512842069109532,0.026827215666836778
seasonal_mean_Root_C,LM_min,0.41084735737237876,0.41084735737237876,0.1909946865942786,0.021365475899884398
seasonal_mean_Root_C,Rmax_LTAR,0.18707212093421194,0.20121180562739213,0.17907852687408934,0.017061016841503185
seasonal_mean_Root_C,Alfa,0.19635272555465366,0.19635272555465366,0.08929458312470426,0.009776230936936761
seasonal_mean_Root_C,Rmax_LTIR,-0.06351770958512626,0.08578259654248581,0.09633675181588228,0.008513749650933837
seasonal_mean_Root_C,StayGreen,0.07135813883429667,0.0716845654011412,0.05602071118928376,0.006201644547603254
seasonal_mean_Root_C,thetaS,0.03634456708734588,0.06576382772295716,0.08568106303692179,0.007103600462995585
seasonal_mean_Root_C,Ks,-0.05447828282363043,0.056187612253303515,0.03850087556155383,0.004172563368708992
seasonal_mean_Root_C,thetaR,-0.03583471318915567,0.04038345522323381,0.038153256166706936,0.0037502533394497
seasonal_mean_Root_C,Diffz,0.033385114598294574,0.03348241980972773,0.023079807006093855,0.00261410294202122
seasonal_mean_Root_C,PhyllFrmTassel,0.019323346201627824,0.02032953313346735,0.021185100310828354,0.002329806914789715
seasonal_mean_Root_C,Diffx,-0.01152245479601877,0.014945371852316912,0.01571175159294517,0.0013653643861643303
seasonal_mean_Root_N,JuvenileLeaves,0.8488769757879461,0.8488769757879461,0.31402823411743036,0.0343588054827267
seasonal_mean_Root_N,n,0.5915785584502912,0.5915785584502912,0.24493195261403544,0.028033724974228905
seasonal_mean_Root_N,LM_min,0.3640326992472323,0.3640326992472323,0.17791048445817453,0.019813595762334567
seasonal_mean_Root_N,Alfa,0.19240460843459872,0.19240460843459872,0.08991379812640986,0.009908423096851547
seasonal_mean_Root_N,Rmax_LTAR,0.13570291253258673,0.1617149419179997,0.16795837556107643,0.015393061686807995
seasonal_mean_Root_N,Rmax_LTIR,-0.05943875486809702,0.08246744991682517,0.09840616317407655,0.008841231751375345
seasonal_mean_Root_N,thetaS,-0.011398305600377644,0.0714510985411785,0.09433925272391692,0.006802375561169871
seasonal_mean_Root_N,Ks,-0.04810438463153547,0.05083345654860702,0.04025511694789063,0.004249502838824437
seasonal_mean_Root_N,thetaR,-0.025684948552749845,0.03643223687031383,0.04215738038174912,0.0037920509772892117
seasonal_mean_Root_N,Diffz,0.02599217185074403,0.026482432264341396,0.021779482780453868,0.0023873217271713583
seasonal_mean_Root_N,PhyllFrmTassel,0.02330070406920902,0.024840591011699182,0.02479937411278076,0.0027020459424823523
seasonal_mean_Root_N,StayGreen,0.005205696194675141,0.024297363645118586,0.03565100747368921,0.0029827145276419627
seasonal_mean_Root_N,Diffx,-0.008482876330671697,0.013394834624900162,0.015587120792605859,0.0012847170738287902
seasonal_mean_SoilEA,LM_min,-0.6910738708569698,0.6910738708569698,0.30101718483740186,0.03345240761370334
seasonal_mean_SoilEA,JuvenileLeaves,-0.5610722655274917,0.5610722655274917,0.24128908181806943,0.027500503619295846
seasonal_mean_SoilEA,n,-0.5203714089394867,0.5208913465241345,0.24229456731022142,0.02761184866340757
seasonal_mean_SoilEA,StayGreen,-0.3503892169755838,0.3503892169755838,0.18089006127320065,0.02054800226136511
seasonal_mean_SoilEA,thetaS,0.2899935754870231,0.2899935754870231,0.13435673852792787,0.01544977853263648
seasonal_mean_SoilEA,Alfa,-0.20499600478968139,0.20519593388756366,0.1010675776774089,0.011424747663815349
seasonal_mean_SoilEA,Rmax_LTAR,-0.008322229316957341,0.08360626223705113,0.11280556402083354,0.008249310287669303
seasonal_mean_SoilEA,thetaR,-0.04522933227768382,0.04918096039226868,0.044002523233333396,0.004553523596603547
seasonal_mean_SoilEA,Ks,0.03277904460243102,0.042294774737134326,0.04636057335435465,0.004388452665198183
seasonal_mean_SoilEA,Diffx,-4.521298165484929e-05,0.01010334252971858,0.015929583038122933,0.0013678249029741305
seasonal_mean_SoilEA,Diffz,-0.004152017908104056,0.009884317462577397,0.015992984589208246,0.0014741708889438616
seasonal_mean_SoilEA,Rmax_LTIR,-0.005214702148390507,0.009130292247709889,0.015901113749371566,0.0015974151991828894
seasonal_mean_SoilEA,PhyllFrmTassel,-0.002024627962083854,0.0035810520996499883,0.006091605695587736,0.0005990104697631238
seasonal_mean_WATACT,StayGreen,0.021301113491633755,0.7142644680197268,0.8356529386646887,0.04747370122520788
seasonal_mean_WATACT,LM_min,-0.07197589493097432,0.5793434893132406,0.7160157983901841,0.046966317783651984
seasonal_mean_WATACT,JuvenileLeaves,-0.11019119199016875,0.3952430891811689,0.5715734697315429,0.046730522343190486
seasonal_mean_WATACT,Rmax_LTAR,0.01487703218212325,0.37211758055857624,0.5906118833735493,0.0512937625292893
seasonal_mean_WATACT,n,-0.018603385765540076,0.06380642566691846,0.2334004944435565,0.02529964112516604
seasonal_mean_WATACT,Alfa,-0.00032187472925371865,0.03098835305555459,0.15171203538346992,0.01650054508784793
seasonal_mean_WATACT,Ks,-0.012367300434920878,0.0211298453357101,0.14645960845804587,0.016581191724445755
seasonal_mean_WATACT,thetaS,0.0070042489689363585,0.017950153865955505,0.10624333979097338,0.011653792063960333
seasonal_mean_WATACT,thetaR,-0.0027118732798704155,0.014841135314919486,0.10479381905439754,0.011695763007927473
seasonal_mean_WATACT,Rmax_LTIR,-0.00375567423306983,0.007798664241309036,0.07091082321842061,0.008261682523801004
seasonal_mean_WATACT,Diffz,0.003702442327186275,0.003702442327186275,0.044570626434968716,0.004698303246290138
seasonal_mean_WATACT,PhyllFrmTassel,0.0,0.0,0.0,0.0
seasonal_mean_WATACT,Diffx,0.0,0.0,0.0,0.0
seasonal_mean_WATPOT,StayGreen,-0.81058273770265,0.81058273770265,0.39125185794057715,0.04495922129614868
seasonal_mean_WATPOT,LM_min,-0.5564353012045212,0.5564353012045212,0.3811898091756866,0.04307242412632654
seasonal_mean_WATPOT,Rmax_LTAR,0.17443599711307753,0.23110881917990284,0.333486824380639,0.03297483895408021
seasonal_mean_WATPOT,JuvenileLeaves,0.12183690817094961,0.21136163291604065,0.2907565196678837,0.02682378722797671
seasonal_mean_WATPOT,n,0.03464658404616042,0.03571892201687145,0.1273173663986182,0.01421356362941798
seasonal_mean_WATPOT,Alfa,0.018001981172782386,0.018795221860605896,0.09893379159147483,0.010889648703012903
seasonal_mean_WATPOT,thetaS,-0.012011446803476161,0.014166027342482108,0.08697352544031627,0.009558336563919597
seasonal_mean_WATPOT,thetaR,0.008276552830435496,0.011115574750818874,0.07981158081118916,0.009108318493716662
seasonal_mean_WATPOT,Ks,-0.00559267762775382,0.010790973086713935,0.07752793037207961,0.008798072043744535
seasonal_mean_WATPOT,Rmax_LTIR,0.0030825589085901593,0.007062724446529659,0.059496971534952606,0.0069347880027504
seasonal_mean_WATPOT,Diffz,0.00041834503934378374,0.0007210241425419972,0.0076780596877137714,0.0008362326517136054
seasonal_mean_WATPOT,PhyllFrmTassel,0.0,0.0,0.0,0.0
seasonal_mean_WATPOT,Diffx,0.0,0.0,0.0,0.0
seasonal_mean_WATRAT,StayGreen,0.8004692078375722,0.8004692078375722,0.40382753305439856,0.046657343518461264
seasonal_mean_WATRAT,LM_min,0.5483167059597723,0.5483167059597723,0.3977319891223405,0.04521820756690646
seasonal_mean_WATRAT,Rmax_LTAR,-0.1697629322820209,0.2433784974098628,0.38689108660554516,0.037969713185860336
seasonal_mean_WATRAT,JuvenileLeaves,-0.1261579802487919,0.2184737144321707,0.30933644535452015,0.028876070737274457
seasonal_mean_WATRAT,n,-0.03720003962909822,0.03720003962909822,0.14632845697919433,0.016548157542359363
seasonal_mean_WATRAT,Alfa,-0.018167312442810748,0.018479084948405538,0.10001784703908977,0.01100736047804546
seasonal_mean_WATRAT,thetaS,0.011820784019618585,0.015218989047700917,0.08870555963076095,0.009637392364202427
seasonal_mean_WATRAT,thetaR,-0.008045124753573196,0.011277719776032256,0.08399327361186838,0.00954376182916776
seasonal_mean_WATRAT,Ks,0.003826581486649762,0.009346221917849064,0.07487072039695498,0.008557057771087504
seasonal_mean_WATRAT,Rmax_LTIR,-0.002577536662949984,0.009173120552439027,0.07970295786666193,0.00921707779035733
seasonal_mean_WATRAT,Diffz,0.00028698360360473844,0.0007237603829936995,0.007349287381342892,0.0007705158460479275
seasonal_mean_WATRAT,PhyllFrmTassel,0.0,0.0,0.0,0.0
seasonal_mean_WATRAT,Diffx,0.0,0.0,0.0,0.0
seasonal_mean_WATTSM,JuvenileLeaves,0.0,0.0,0.0,0.0
seasonal_mean_WATTSM,Rmax_LTAR,0.0,0.0,0.0,0.0
seasonal_mean_WATTSM,Rmax_LTIR,0.0,0.0,0.0,0.0
seasonal_mean_WATTSM,PhyllFrmTassel,0.0,0.0,0.0,0.0
seasonal_mean_WATTSM,StayGreen,0.0,0.0,0.0,0.0
seasonal_mean_WATTSM,LM_min,0.0,0.0,0.0,0.0
seasonal_mean_WATTSM,Diffx,0.0,0.0,0.0,0.0
seasonal_mean_WATTSM,Diffz,0.0,0.0,0.0,0.0
seasonal_mean_WATTSM,thetaR,0.0,0.0,0.0,0.0
seasonal_mean_WATTSM,thetaS,0.0,0.0,0.0,0.0
seasonal_mean_WATTSM,Alfa,0.0,0.0,0.0,0.0
seasonal_mean_WATTSM,n,0.0,0.0,0.0,0.0
seasonal_mean_WATTSM,Ks,0.0,0.0,0.0,0.0
seasonal_mean_WaterSink_0_10,thetaS,-0.7151282289632228,0.7151282289632228,0.46965539311788695,0.0536999218494156
seasonal_mean_WaterSink_0_10,JuvenileLeaves,0.48567253581229297,0.48567253581229297,0.4178856302557357,0.047893268072511715
seasonal_mean_WaterSink_0_10,LM_min,0.43449224198935005,0.43449224198935005,0.37043583963840515,0.04085002472136517
seasonal_mean_WaterSink_0_10,n,0.3500877463291939,0.3549702081401452,0.3607745538738185,0.040804559736600375
seasonal_mean_WaterSink_0_10,Rmax_LTAR,0.15415904923866844,0.1739789421409643,0.235914416021737,0.025942829449006267
seasonal_mean_WaterSink_0_10,thetaR,0.16635531273478643,0.16701252710282374,0.20653097216096358,0.02279399483483288
seasonal_mean_WaterSink_0_10,Alfa,0.06708081735544127,0.1031420164323359,0.15557379485007714,0.015161400183921188
seasonal_mean_WaterSink_0_10,StayGreen,0.09460445916642414,0.09540953880564476,0.1288504320408764,0.014280921741047777
seasonal_mean_WaterSink_0_10,Ks,0.09039532930517474,0.09452314595646127,0.14876030762262743,0.016813724035300535
seasonal_mean_WaterSink_0_10,Diffz,0.0472719774605199,0.052193055463254916,0.053843983681132766,0.005466415071615309
seasonal_mean_WaterSink_0_10,Rmax_LTIR,0.012418970317784907,0.03048914546681695,0.09259869975369167,0.01024531667837294
seasonal_mean_WaterSink_0_10,Diffx,0.00746048713796631,0.017382365162281265,0.04847316775729625,0.005281866442365332
seasonal_mean_WaterSink_0_10,PhyllFrmTassel,0.003868399920099609,0.011922220092048314,0.02719859375004789,0.002741209033793659
seasonal_mean_WaterSink_0_20,thetaS,-0.7244644465394176,0.7244644465394176,0.4257233007952208,0.049297837641284
seasonal_mean_WaterSink_0_20,JuvenileLeaves,0.5240108704058849,0.5240108704058849,0.4029497283298841,0.04659484234056021
seasonal_mean_WaterSink_0_20,LM_min,0.413444902215285,0.413444902215285,0.3342284350059489,0.03648127085152874
seasonal_mean_WaterSink_0_20,n,0.31507869549725437,0.3169269854499538,0.3129497035015956,0.03446533895736252
seasonal_mean_WaterSink_0_20,thetaR,0.16152182340062166,0.16197434775372932,0.22638481489713194,0.02507168317194987
seasonal_mean_WaterSink_0_20,Rmax_LTAR,0.11204747501374802,0.14208027922357402,0.22459366062463687,0.02336884911006225
seasonal_mean_WaterSink_0_20,Alfa,0.050936291491054275,0.09559180198161589,0.17109659971545804,0.017630281464435703
seasonal_mean_WaterSink_0_20,Ks,0.0783826079103688,0.08346365186568448,0.15610607028842113,0.01767946376475294
seasonal_mean_WaterSink_0_20,StayGreen,0.0724757617011088,0.0730684522798425,0.10845002702912852,0.011808993953508989
seasonal_mean_WaterSink_0_20,Rmax_LTIR,0.013969255480676344,0.03234140331702872,0.10709455167031944,0.012042671514358129
seasonal_mean_WaterSink_0_20,Diffz,0.017813915120151017,0.024085084239565437,0.046031277540429745,0.004886399206577273
seasonal_mean_WaterSink_0_20,Diffx,0.009917672831079754,0.018049526880830075,0.054054597803440706,0.006016725844539915
seasonal_mean_WaterSink_0_20,PhyllFrmTassel,0.007676362831889884,0.015308467905214404,0.04268551725397328,0.004682278871601083
seasonal_mean_WaterSink_0_200,JuvenileLeaves,0.7324958800004415,0.7324958800004415,0.34374744669318064,0.039238402238240544
seasonal_mean_WaterSink_0_200,LM_min,0.5781619768865547,0.5781619768865547,0.3122138073246148,0.03587534041057323
seasonal_mean_WaterSink_0_200,thetaS,-0.36709884364268675,0.3800180082126037,0.31470894854139886,0.03326173737162117
seasonal_mean_WaterSink_0_200,n,0.3758826263295545,0.3768930635968123,0.28613933455216306,0.032619253581570314
seasonal_mean_WaterSink_0_200,Alfa,0.12874333577617877,0.1303449630490204,0.0883634518808849,0.009828226557307104
seasonal_mean_WaterSink_0_200,StayGreen,0.0922385245896269,0.09546546058120232,0.09519813323713083,0.01026560399359889
seasonal_mean_WaterSink_0_200,Rmax_LTAR,0.06894926645778851,0.0949644334641908,0.11495126985808012,0.010622638293921445
seasonal_mean_WaterSink_0_200,thetaR,0.05640602803305795,0.07313577140351403,0.08412499085547298,0.008014781037045674
seasonal_mean_WaterSink_0_200,Ks,0.003319740875646494,0.037615020161714974,0.05352011730993742,0.004405958237959259
seasonal_mean_WaterSink_0_200,Rmax_LTIR,-0.00892173244986214,0.022803310467171354,0.03586792356673669,0.0032219918657742123
seasonal_mean_WaterSink_0_200,PhyllFrmTassel,0.004934782876217133,0.012975272192299344,0.019517499120992335,0.0017047584038538367
seasonal_mean_WaterSink_0_200,Diffz,0.005831626268033588,0.01227634051302795,0.01713707253116059,0.0014797020114561412
seasonal_mean_WaterSink_0_200,Diffx,-0.0013173333603279744,0.010058776502417223,0.015182260713671117,0.001272101315508731
seasonal_mean_WaterSink_10_20,thetaS,-0.7019253235348653,0.7181261052897612,0.44509361636203393,0.04852537068429996
seasonal_mean_WaterSink_10_20,JuvenileLeaves,0.5187430841479833,0.5255916106152358,0.41801358955338064,0.04727939474256286
seasonal_mean_WaterSink_10_20,LM_min,0.393303319706892,0.39921295180995275,0.3453258623638799,0.03685343645438091
seasonal_mean_WaterSink_10_20,n,0.27588140078980283,0.330433051005056,0.36991844223805,0.035419745030477894
seasonal_mean_WaterSink_10_20,thetaR,0.14834644334796948,0.1695554599212462,0.25684178553306564,0.027014689954404685
seasonal_mean_WaterSink_10_20,Rmax_LTAR,0.0888054766122171,0.15172157348681842,0.2501370203001026,0.024465095064362924
seasonal_mean_WaterSink_10_20,Alfa,0.0410534986922991,0.10402612085438044,0.1928021556218449,0.019599614199743456
seasonal_mean_WaterSink_10_20,Ks,0.06539508227340073,0.09132753851935008,0.1866579545525133,0.020390473194299576
seasonal_mean_WaterSink_10_20,StayGreen,0.06192157822474549,0.06651993678503793,0.10846545394407427,0.011624655361579438
seasonal_mean_WaterSink_10_20,Rmax_LTIR,0.015270567848934553,0.03470615629084459,0.11446359081419684,0.01290160484483236
seasonal_mean_WaterSink_10_20,PhyllFrmTassel,0.007663376304860162,0.020121746606337265,0.06059754167620149,0.006785621960443845
seasonal_mean_WaterSink_10_20,Diffx,0.0112748483277681,0.019952141089450478,0.05974465599004629,0.006668004105537055
seasonal_mean_WaterSink_10_20,Diffz,0.00516442782678088,0.01734935448568987,0.04959310244786452,0.0052971134000931105
seasonal_mean_WaterSink_120_200,JuvenileLeaves,0.727914850577791,0.727914850577791,0.34355221956630966,0.03919810673708938
seasonal_mean_WaterSink_120_200,LM_min,0.5748345962246242,0.5748345962246242,0.3132309973993824,0.03602838039331615
seasonal_mean_WaterSink_120_200,n,0.3787450516957411,0.38047964931283185,0.29555671684171914,0.0335840917548203
seasonal_mean_WaterSink_120_200,thetaS,-0.35941488564864943,0.37870371842675826,0.324166620978775,0.03345620196885741
seasonal_mean_WaterSink_120_200,Alfa,0.13161586789520768,0.13332090653022963,0.09017676236721466,0.010008552389690567
seasonal_mean_WaterSink_120_200,StayGreen,0.09268933338599443,0.09611695289428608,0.09682296415214368,0.010428438159063986
seasonal_mean_WaterSink_120_200,Rmax_LTAR,0.06645711744746888,0.0947944963761589,0.11615269108543703,0.010584088208621636
seasonal_mean_WaterSink_120_200,thetaR,0.05405649101761051,0.07402017001589493,0.08658892917228861,0.008080370891210413
seasonal_mean_WaterSink_120_200,Ks,0.0013949285503996097,0.038936307367430915,0.05539397667530617,0.00457175360640491
seasonal_mean_WaterSink_120_200,Rmax_LTIR,-0.009448434567073064,0.023449410599558698,0.03658791133357444,0.003264143407890957
seasonal_mean_WaterSink_120_200,PhyllFrmTassel,0.004865026313272074,0.013465447064700662,0.020263670864511477,0.0017637148112531816
seasonal_mean_WaterSink_120_200,Diffz,0.005618360757623533,0.012392782560994117,0.01740228690064542,0.001499441855646308
seasonal_mean_WaterSink_120_200,Diffx,-0.0013842599231213848,0.010191418785552008,0.015529014772867361,0.0013124364454372027
seasonal_mean_WaterSink_20_40,thetaS,0.4301081152207393,0.5296790751321797,0.5156178031377918,0.047342295551951005
seasonal_mean_WaterSink_20_40,JuvenileLeaves,-0.0616039367950471,0.500813614837933,0.6253513855775014,0.0445725374331121
seasonal_mean_WaterSink_20_40,LM_min,0.1423800598785183,0.46797128819170564,0.5693825699881849,0.03934309646224261
seasonal_mean_WaterSink_20_40,n,-0.4564064995625507,0.46629144997928,0.3704758640869728,0.04119870007441384
seasonal_mean_WaterSink_20_40,Rmax_LTAR,0.09081515479361184,0.2702941941671228,0.3992351917639119,0.03363213996651104
seasonal_mean_WaterSink_20_40,Alfa,-0.1519155861860447,0.18790205900707796,0.22381027302034362,0.02229731423536264
seasonal_mean_WaterSink_20_40,thetaR,-0.06541636762371385,0.17748773419250094,0.25682940395306997,0.022761521735701416
seasonal_mean_WaterSink_20_40,Ks,-0.010568211518097129,0.11881851814780187,0.20485565281650028,0.018751237941421358
seasonal_mean_WaterSink_20_40,StayGreen,0.024809761837437983,0.10049125897890773,0.17824982400736278,0.01647139879156009
seasonal_mean_WaterSink_20_40,Rmax_LTIR,-0.0018373046606691265,0.06772909282724379,0.18654018505815037,0.019729346087934866
seasonal_mean_WaterSink_20_40,Diffx,-0.0074693388136514586,0.04563603475352791,0.11732226083039277,0.012355724693501815
seasonal_mean_WaterSink_20_40,PhyllFrmTassel,-0.0023080165783676138,0.03579246996058682,0.08316528992301551,0.00838335554695682
seasonal_mean_WaterSink_20_40,Diffz,-0.006887942192499791,0.029730932425545427,0.08542497258721524,0.009275942654690677
seasonal_mean_WaterSink_80_120,JuvenileLeaves,0.7698668981983882,0.7923868616699985,0.413500430057624,0.04037639007558332
seasonal_mean_WaterSink_80_120,LM_min,0.4231920228326766,0.46146828519399075,0.4025392665059036,0.03914751034724632
seasonal_mean_WaterSink_80_120,thetaS,0.17783664960086434,0.2889005490519938,0.32421083118210603,0.026633481330545047
seasonal_mean_WaterSink_80_120,Rmax_LTAR,0.020772082562773245,0.2412175674494974,0.34761634799250213,0.026874549120433536
seasonal_mean_WaterSink_80_120,n,0.005264922319204024,0.15620289696208478,0.2508183990959252,0.022629579161606114
seasonal_mean_WaterSink_80_120,thetaR,-0.09667743640494236,0.14083047384618166,0.2112073787074788,0.02064840599999394
seasonal_mean_WaterSink_80_120,Alfa,0.041377386156163924,0.12038374598916704,0.18285185590546882,0.015993778723647985
seasonal_mean_WaterSink_80_120,Ks,-0.03648444345532763,0.11360989561646108,0.17456681399654175,0.015911253972217546
seasonal_mean_WaterSink_80_120,StayGreen,-0.021195738605653044,0.07558303875631811,0.14504283962805925,0.014260543612438488
seasonal_mean_WaterSink_80_120,Rmax_LTIR,-0.010824184410698497,0.05749440810742293,0.09844100508555767,0.008850182574402139
seasonal_mean_WaterSink_80_120,Diffx,-0.015296569576653289,0.03951015137387651,0.07332759516234091,0.007256358112060184
seasonal_mean_WaterSink_80_120,Diffz,-0.000206300705968148,0.028346491004869585,0.05545544247711396,0.005488303398942243
seasonal_mean_WaterSink_80_120,PhyllFrmTassel,-0.0016631250565095255,0.006909900436119415,0.02816592964176856,0.003225612477795292
seasonal_n_uptake_sum,LM_min,0.6587183990895747,0.6587183990895747,0.327589460848837,0.03639676884286182
seasonal_n_uptake_sum,StayGreen,0.5448201398943722,0.5448201398943722,0.32000986432649137,0.035485674854223936
seasonal_n_uptake_sum,Rmax_LTAR,0.39443798778798267,0.4680146535516739,0.37077661364755027,0.02972124324190852
seasonal_n_uptake_sum,JuvenileLeaves,-0.19223415903053864,0.23551774475087625,0.21787699880943767,0.019310940043744992
seasonal_n_uptake_sum,n,-0.16883795843402483,0.18250369366084523,0.15937334566515074,0.01587478150490885
seasonal_n_uptake_sum,thetaS,0.03675076081910677,0.06439260979120498,0.08521368196410567,0.007573724145983213
seasonal_n_uptake_sum,Alfa,0.020203734888908847,0.05018929700910153,0.07641290590004583,0.006815858523805317
seasonal_n_uptake_sum,Rmax_LTIR,0.03061352224099313,0.046092341169221396,0.06647031078341283,0.006465879508720065
seasonal_n_uptake_sum,thetaR,0.017282005412057877,0.03138374884989204,0.04776816715391161,0.004511422440293316
seasonal_n_uptake_sum,Ks,-0.008186764782336854,0.02526508028499037,0.040383600046327205,0.003598913790974692
seasonal_n_uptake_sum,Diffz,0.0013137805693355575,0.018316988665763152,0.03584938282821907,0.0034387916070939073
seasonal_n_uptake_sum,Diffx,1.2042223574980451e-05,0.016419142533175033,0.02916754189757537,0.0027111122535934395
seasonal_n_uptake_sum,PhyllFrmTassel,0.0013269964868185995,0.0019563225616762324,0.0031642733043330397,0.0003174503020038289
seasonal_nitr_sum,LM_min,-0.8017716712461095,0.8017716712461095,0.35474634791659543,0.03911108663407119
seasonal_nitr_sum,JuvenileLeaves,-0.6409568644739981,0.6409568644739981,0.3112942704037105,0.03561995809095379
seasonal_nitr_sum,StayGreen,-0.4536153155637758,0.4536153155637758,0.3007952022479488,0.03303933196213377
seasonal_nitr_sum,Rmax_LTAR,0.11563734363029546,0.15535013984684126,0.19557936587599045,0.018503951275633482
seasonal_nitr_sum,n,-0.013601809505161686,0.015427389833401221,0.01572973115447132,0.0015237004783254008
seasonal_nitr_sum,Rmax_LTIR,0.0034378874261232952,0.011496859743968725,0.016030293935502937,0.001301624849015039
seasonal_nitr_sum,thetaS,-0.0003513168075293451,0.00806112714055553,0.012154946279667709,0.0009897821291412906
seasonal_nitr_sum,Alfa,-0.0001997173047682646,0.007413140705746262,0.011658726877509535,0.001022807060492173
seasonal_nitr_sum,thetaR,-0.0007640670485993254,0.006352355880475959,0.00977228850768096,0.0008364618953245988
seasonal_nitr_sum,Ks,0.0003614426671131319,0.005130195928383402,0.009374263342220154,0.0008898809777105988
seasonal_nitr_sum,Diffz,0.00034760111220459724,0.0032242337028837386,0.00796035988457815,0.0008276458911725146
seasonal_nitr_sum,Diffx,0.0005415912722959899,0.00249528033847636,0.003931176308290596,0.0003446291230219233
seasonal_nitr_sum,PhyllFrmTassel,0.00014187135120124442,0.000278465482477018,0.0005600727830175191,5.817709755457535e-05
seasonal_pg_sum,LM_min,0.7871168360847947,0.7871168360847947,0.33261611196920854,0.03638637849120833
seasonal_pg_sum,JuvenileLeaves,0.6445905645790254,0.6445905645790254,0.28536876214028783,0.03184658975704154
seasonal_pg_sum,StayGreen,0.2668173426501958,0.3181366786320628,0.2936202429895901,0.02643249038760783
seasonal_pg_sum,Rmax_LTAR,0.2801079185352583,0.29158477585452114,0.2701756375105804,0.02805365376052349
seasonal_pg_sum,thetaS,0.08943784620361096,0.08943784620361096,0.08841113245770434,0.010368144289372331
seasonal_pg_sum,n,-0.07618096631146459,0.07618096631146459,0.07750966968041621,0.008728172210085023
seasonal_pg_sum,thetaR,-0.023210710252016913,0.023512382500686883,0.027774495015512258,0.003088833798147298
seasonal_pg_sum,Alfa,-0.011766635331937843,0.014302333794190138,0.01995795905588595,0.002035211635762843
seasonal_pg_sum,Ks,-0.007982564217219393,0.009976758065048002,0.012414196224419537,0.0012668391991332015
seasonal_pg_sum,Rmax_LTIR,0.006557846003425335,0.007665591024734735,0.012469850092949436,0.0013535252134101636
seasonal_pg_sum,Diffx,0.0004559108835207703,0.00259279810773676,0.0040653507616796964,0.00036194149930285645
seasonal_pg_sum,Diffz,0.0002526192544837989,0.002169751657753017,0.00420844289858296,0.00040081347318854675
seasonal_pg_sum,PhyllFrmTassel,0.0016206316935779993,0.001819126076611514,0.0027226206348264126,0.00028814994256375835
seasonal_pn_sum,LM_min,0.4614938479664947,0.6262387359974548,0.5861808926477462,0.04501626195946557
seasonal_pn_sum,StayGreen,0.145103972878289,0.49714717746339754,0.5672300404443936,0.03412334639311506
seasonal_pn_sum,Rmax_LTAR,0.4803119807392518,0.4951850967541568,0.4169732130000622,0.04423857017984572
seasonal_pn_sum,JuvenileLeaves,0.2589970041610317,0.4157818895143392,0.4337803013145378,0.032599092809701705
seasonal_pn_sum,thetaS,0.1707170584125511,0.1707170584125511,0.1734820520679823,0.020038383983584023
seasonal_pn_sum,n,-0.14744133571199022,0.14744133571199022,0.1462207419327077,0.016089551223437023
seasonal_pn_sum,thetaR,-0.040210422492676326,0.040559978370613994,0.0457125722276556,0.005038357995110668
seasonal_pn_sum,Alfa,-0.02491011355839706,0.027627434737726646,0.03840948139098599,0.0040912606364143225
seasonal_pn_sum,Ks,-0.014559195254030731,0.016401875585961574,0.019701722655662352,0.0020689021593635485
seasonal_pn_sum,Rmax_LTIR,0.004247343056611585,0.007780240029467246,0.013816694569654673,0.0013786558565486706
seasonal_pn_sum,Diffx,0.000950529719389328,0.0037072722590988758,0.005477381537408597,0.0004702368982034107
seasonal_pn_sum,PhyllFrmTassel,0.0030956211093989233,0.0034650435350472132,0.005363540421846797,0.0005760562405930798
seasonal_pn_sum,Diffz,0.0002435797387596711,0.003221620893340069,0.0057449427640720125,0.0005310672099999074
seasonal_potential_soil_evap,LM_min,-0.799460106239109,0.799460106239109,0.3295004934566063,0.036611208439850634
seasonal_potential_soil_evap,JuvenileLeaves,-0.687878146116919,0.687878146116919,0.2826601992933804,0.031194905400660576
seasonal_potential_soil_evap,StayGreen,-0.30467235400361514,0.32189320058040505,0.19722318452459803,0.018919528113622932
seasonal_potential_soil_evap,Rmax_LTAR,-0.21963502234732588,0.2214235037169386,0.14711281440806814,0.015850144400043596
seasonal_potential_soil_evap,n,-0.09734744430368342,0.09809609161196103,0.06358502470655607,0.0069092012171912305
seasonal_potential_soil_evap,thetaR,0.06239464945048552,0.06534649411122784,0.03747873068515199,0.0036301040616926127
seasonal_potential_soil_evap,thetaS,0.03411587332283186,0.03669088288731389,0.03351543120888293,0.0033955574981130634
seasonal_potential_soil_evap,Alfa,-0.016595358771874173,0.019143903169939077,0.036566641867775744,0.0038962972371247226
seasonal_potential_soil_evap,Ks,0.0012135934596671416,0.009157739205772931,0.023677372347278708,0.0024729629275535027
seasonal_potential_soil_evap,Rmax_LTIR,-0.006824259259774693,0.008362841577545466,0.019119301943590777,0.0021428994392690115
seasonal_potential_soil_evap,Diffz,0.00030222848170412313,0.00293204739305909,0.009375645735851909,0.000978689995306836
seasonal_potential_soil_evap,Diffx,0.00018867967627120042,0.002518728546432949,0.006007970932134231,0.0006165338548302903
seasonal_potential_soil_evap,PhyllFrmTassel,-0.00017133824878073965,0.0004347865463030857,0.0006376858210318232,5.834362877431169e-05
seasonal_potential_transpiration,LM_min,0.7370597691665841,0.7370597691665841,0.30955745756566394,0.03460367051141639
seasonal_potential_transpiration,JuvenileLeaves,0.6735982514108525,0.6736961374746325,0.30162539063287586,0.03445225870849821
seasonal_potential_transpiration,StayGreen,0.27844851955146394,0.29461601167246326,0.2614225312902979,0.026972222562879386
seasonal_potential_transpiration,thetaS,0.25176018211878365,0.25176018211878365,0.17455557176390588,0.02067017291594124
seasonal_potential_transpiration,Rmax_LTAR,0.14822551607020418,0.18812433792398164,0.20598223756487075,0.018876009512243462
seasonal_potential_transpiration,n,-0.07294972886431526,0.15006237101244474,0.19524680332122535,0.016434943265954946
seasonal_potential_transpiration,thetaR,-0.05353509576741588,0.054681915509085084,0.051274853620271746,0.005576526470237769
seasonal_potential_transpiration,Alfa,-0.014456795972016495,0.035796541217832434,0.0593531053511075,0.005647571770824889
seasonal_potential_transpiration,Ks,-0.02487924428443567,0.027081928878178445,0.02823924541356661,0.002909319410716788
seasonal_potential_transpiration,Rmax_LTIR,0.00398753974542528,0.01956870801038687,0.034431070255528794,0.003198816054296197
seasonal_potential_transpiration,Diffz,0.0014025186609147096,0.009811636163768404,0.016771679176192652,0.001505520828194032
seasonal_potential_transpiration,Diffx,0.001581061361718722,0.00865886709617237,0.012380406404492313,0.0009922349324811123
seasonal_potential_transpiration,PhyllFrmTassel,0.005305693612525477,0.00836342488855901,0.01213723591967614,0.0011763516770343816
seasonal_rain,LM_min,0.29128639420926106,0.5618368841284223,0.6361601122259738,0.04502444741308885
seasonal_rain,n,-0.0938604415062197,0.49196978366501903,0.6172793106845523,0.04260032294520267
seasonal_rain,JuvenileLeaves,0.27910075095763004,0.46767115059693387,0.5259279309767272,0.04134786229961998
seasonal_rain,Rmax_LTAR,-0.05892119346694128,0.44276863072904415,0.5771528356298072,0.04188591058262673
seasonal_rain,thetaS,-0.025549497059633167,0.3671691192005637,0.4807498778680803,0.03473275990653886
seasonal_rain,Alfa,0.06459943609395256,0.3543778500585927,0.47082948973221517,0.03527654549657481
seasonal_rain,thetaR,0.15183225145874313,0.32900900397324623,0.4132780179660593,0.03283321094835834
seasonal_rain,StayGreen,0.08632331078504324,0.27794960389953893,0.3763639912977839,0.030014040499241106
seasonal_rain,Ks,-0.008828562698983295,0.2540516517617915,0.3357108387352794,0.025109755985304745
seasonal_rain,Diffx,-0.006527486705273935,0.13738181021243578,0.21543340403421274,0.01830598279926828
seasonal_rain,Diffz,-0.017300487263002404,0.10979282316836247,0.17638613073093065,0.01569433277150511
seasonal_rain,Rmax_LTIR,0.0037424137638628597,0.07542963863993679,0.13260977405051466,0.012409848978984816
seasonal_rain,PhyllFrmTassel,0.003855850824759785,0.037131540350790436,0.09481786391704498,0.009926104200039369
seasonal_respiration_sum,LM_min,0.7671796193385522,0.7671796193385522,0.2827770015986357,0.030657876300388943
seasonal_respiration_sum,StayGreen,0.47610890766061725,0.47610890766061725,0.23949304347783762,0.02669735451972861
seasonal_respiration_sum,Rmax_LTAR,0.43877862789002164,0.43986443358472505,0.24865204004066982,0.02753568772041912
seasonal_respiration_sum,JuvenileLeaves,-0.1883031331611248,0.22985407653909676,0.23988342225394907,0.023010790062011944
seasonal_respiration_sum,n,-0.13471624389198913,0.13496030068447212,0.1030487342300923,0.01115133137956754
seasonal_respiration_sum,thetaS,0.1299809441419404,0.13006671589207391,0.09212438081502314,0.010873627017880475
seasonal_respiration_sum,Rmax_LTIR,0.042783593745984554,0.08136346705438798,0.10234391866905294,0.0085324949814394
seasonal_respiration_sum,PhyllFrmTassel,-0.04794525773154953,0.04798031490174955,0.025654621845953532,0.002904735015757013
seasonal_respiration_sum,thetaR,-0.028100563788578795,0.028888549917703645,0.02751976419414632,0.0029643915221951533
seasonal_respiration_sum,Alfa,-0.019452574407617503,0.025785497237158332,0.03612284003844289,0.0036527573436366152
seasonal_respiration_sum,Ks,-0.011177976979128746,0.015458815929906939,0.026645637478639156,0.002826021502843594
seasonal_respiration_sum,Diffx,0.0009149164024989261,0.004330398422004456,0.006501756597844272,0.0005664496026628413
seasonal_respiration_sum,Diffz,-0.00019124844853871264,0.0040903628425735935,0.012331080664845328,0.0013046393441583225
seasonal_sum_Flux,JuvenileLeaves,0.0,0.0,0.0,0.0
seasonal_sum_Flux,Rmax_LTAR,0.0,0.0,0.0,0.0
seasonal_sum_Flux,Rmax_LTIR,0.0,0.0,0.0,0.0
seasonal_sum_Flux,PhyllFrmTassel,0.0,0.0,0.0,0.0
seasonal_sum_Flux,StayGreen,0.0,0.0,0.0,0.0
seasonal_sum_Flux,LM_min,0.0,0.0,0.0,0.0
seasonal_sum_Flux,Diffx,0.0,0.0,0.0,0.0
seasonal_sum_Flux,Diffz,0.0,0.0,0.0,0.0
seasonal_sum_Flux,thetaR,0.0,0.0,0.0,0.0
seasonal_sum_Flux,thetaS,0.0,0.0,0.0,0.0
seasonal_sum_Flux,Alfa,0.0,0.0,0.0,0.0
seasonal_sum_Flux,n,0.0,0.0,0.0,0.0
seasonal_sum_Flux,Ks,0.0,0.0,0.0,0.0
seasonal_sum_GasSink_0_10,n,-0.826352327077766,0.826352327077766,0.34191983792028635,0.03867780842817231
seasonal_sum_GasSink_0_10,thetaS,-0.6908276105943094,0.6908276105943094,0.3112284178873546,0.03539078923865752
seasonal_sum_GasSink_0_10,Alfa,-0.21328996794356514,0.2378951000765456,0.15723277723310472,0.01332279661183857
seasonal_sum_GasSink_0_10,LM_min,0.12661993695693372,0.14408926188915966,0.15465911915641756,0.01565316805495322
seasonal_sum_GasSink_0_10,thetaR,0.13439971227948588,0.13836529566830655,0.09812138245168807,0.010336440627164718
seasonal_sum_GasSink_0_10,StayGreen,0.1140405324139189,0.1152172436910638,0.11088592850770383,0.012098283025360862
seasonal_sum_GasSink_0_10,JuvenileLeaves,0.05759999498264437,0.08810482774964914,0.1405568965366767,0.01384673627358818
seasonal_sum_GasSink_0_10,Rmax_LTAR,-0.02889718702597782,0.05647134537224811,0.10506992277268254,0.01059460110540043
seasonal_sum_GasSink_0_10,Ks,0.008837562368090293,0.029160718712440796,0.07529100756448517,0.00786330961728793
seasonal_sum_GasSink_0_10,Diffz,0.011113444650378201,0.011641945207561061,0.008385698782322159,0.0008603583197572681
seasonal_sum_GasSink_0_10,Rmax_LTIR,0.0011921005963258715,0.006416352494441219,0.016808172862633794,0.0017244278010393656
seasonal_sum_GasSink_0_10,PhyllFrmTassel,0.002231231012348091,0.00429688250087476,0.010579152397921102,0.0011315747696488303
seasonal_sum_GasSink_0_10,Diffx,0.0006060453239418234,0.00286433574621764,0.005079566260047371,0.000487205289920434
seasonal_sum_GasSink_0_20,thetaS,-0.7703248322222221,0.7703248322222221,0.3351162237650805,0.038877523836146906
seasonal_sum_GasSink_0_20,n,-0.7501764709942387,0.7520726098654325,0.3553173906731007,0.039435589079958165
seasonal_sum_GasSink_0_20,Alfa,-0.18789980474916423,0.20787089200925776,0.14485670937483364,0.013210078566743874
seasonal_sum_GasSink_0_20,LM_min,0.16716419468450733,0.17023236387836135,0.14069758057194573,0.015220298122402217
seasonal_sum_GasSink_0_20,thetaR,0.15085185429944423,0.15104408282647508,0.09567040494180602,0.010564895069855569
seasonal_sum_GasSink_0_20,JuvenileLeaves,0.13471922749498996,0.14329933261031724,0.1340467245968703,0.014079260803757538
seasonal_sum_GasSink_0_20,StayGreen,0.11441281106361506,0.11571362631383873,0.11516408108631448,0.012719009327481951
seasonal_sum_GasSink_0_20,Rmax_LTAR,-0.0330929079250759,0.06012505243506817,0.08217721288831531,0.0072166058057929385
seasonal_sum_GasSink_0_20,Ks,0.01781909305998719,0.035788866219136475,0.0644192153843242,0.0061867847134126595
seasonal_sum_GasSink_0_20,Rmax_LTIR,0.0027317469504780424,0.01353648353036085,0.03494438410838351,0.0036517019608889854
seasonal_sum_GasSink_0_20,Diffz,0.009244155709358933,0.010265706975020121,0.008785886866131618,0.0008469406089162059
seasonal_sum_GasSink_0_20,PhyllFrmTassel,0.005642479589776737,0.007941927770606014,0.014315082590562035,0.0014837956493612987
seasonal_sum_GasSink_0_20,Diffx,0.0009010502574723922,0.005369229135985905,0.008230544744059485,0.0007177904975016079
seasonal_sum_GasSink_0_200,n,-0.8122453294999555,0.8122453294999555,0.40980887007726424,0.046768968234090054
seasonal_sum_GasSink_0_200,Ks,-0.2803588288309929,0.33775626190641095,0.4158478147313806,0.041416887469558655
seasonal_sum_GasSink_0_200,thetaS,-0.2543461121903618,0.2720388355075041,0.3004887884135209,0.031211114033678145
seasonal_sum_GasSink_0_200,Alfa,0.24329772309158243,0.26243453651649207,0.293484831414334,0.031141189591564082
seasonal_sum_GasSink_0_200,JuvenileLeaves,0.24766736072424136,0.25315528595387876,0.23088845147247042,0.025675171632781303
seasonal_sum_GasSink_0_200,LM_min,0.12427250151153146,0.13377899780687236,0.15181841687323586,0.016405040982566597
seasonal_sum_GasSink_0_200,thetaR,0.05006676237767575,0.06170974877809094,0.10375473848643585,0.011190855765365755
seasonal_sum_GasSink_0_200,Rmax_LTAR,0.00929132020127841,0.06138593770869959,0.15243440646616582,0.015919033487524437
seasonal_sum_GasSink_0_200,StayGreen,0.024454489272169026,0.05399465573696797,0.14976611790887845,0.01630401950262127
seasonal_sum_GasSink_0_200,Rmax_LTIR,-0.01988321734730075,0.04380418786751996,0.13682257076627388,0.014732807187774024
seasonal_sum_GasSink_0_200,Diffz,0.011065468521254687,0.03519538126160325,0.12011261754106918,0.01284454701883764
seasonal_sum_GasSink_0_200,PhyllFrmTassel,0.013942959459483527,0.023343327730232063,0.08904868423939594,0.009722677945541562
seasonal_sum_GasSink_0_200,Diffx,0.0004831955271871624,0.018777627317307626,0.08535297349448337,0.009350474888984037
seasonal_sum_GasSink_10_20,thetaS,-0.8395711080200562,0.8395711080200562,0.33988180362663317,0.04022263381300742
seasonal_sum_GasSink_10_20,n,-0.58259686754052,0.5901410580576066,0.33085847521499273,0.03523545192064703
seasonal_sum_GasSink_10_20,JuvenileLeaves,0.24265465764945846,0.24367819407937058,0.20632126741146667,0.02321163456010388
seasonal_sum_GasSink_10_20,LM_min,0.21632009024481721,0.2346046488072012,0.19609065131950568,0.01945141442379327
seasonal_sum_GasSink_10_20,Alfa,-0.14082927970050146,0.19176025675804345,0.17678059229297138,0.013397626097369641
seasonal_sum_GasSink_10_20,thetaR,0.1677534029634847,0.17414356568762238,0.12134135030119836,0.012217442489078741
seasonal_sum_GasSink_10_20,StayGreen,0.10762136765713362,0.11416123710565027,0.12268442076506203,0.013134278463103166
seasonal_sum_GasSink_10_20,Rmax_LTAR,-0.036627951829322554,0.08749150692503514,0.1268836451874565,0.011116193219405488
seasonal_sum_GasSink_10_20,Ks,0.030368238902174105,0.056437009047970305,0.10192686330163629,0.009917300721298672
seasonal_sum_GasSink_10_20,Rmax_LTIR,0.005122915069076077,0.024366422256155932,0.05979453930552599,0.006199969944150956
seasonal_sum_GasSink_10_20,PhyllFrmTassel,0.01025943411715646,0.014361936284560025,0.025198154594714146,0.002535995315185536
seasonal_sum_GasSink_10_20,Diffz,0.005921376119734285,0.010254820760507816,0.01269593345897767,0.0010917653108984452
seasonal_sum_GasSink_10_20,Diffx,0.0015590826000554186,0.009390233902196591,0.014350759748635563,0.0012414171532234477
seasonal_sum_GasSink_120_200,n,-0.8119902574776322,0.8119902574776322,0.4101402831336878,0.04680836273398375
seasonal_sum_GasSink_120_200,Ks,-0.280878621343857,0.3383133374376664,0.41628108941391817,0.04145033666502696
seasonal_sum_GasSink_120_200,thetaS,-0.2534291283554697,0.2711602276933427,0.30029704919775063,0.031181901527599903
seasonal_sum_GasSink_120_200,Alfa,0.2440635436686135,0.2632019255455831,0.29401477863920444,0.03118928754358389
seasonal_sum_GasSink_120_200,JuvenileLeaves,0.24712451074978223,0.25263098866269323,0.23087979550031876,0.025675003436166462
seasonal_sum_GasSink_120_200,LM_min,0.1240773783675815,0.1335946033971735,0.15194361480569005,0.016417142077003184
seasonal_sum_GasSink_120_200,Rmax_LTAR,0.009787468841069116,0.06166702132595609,0.15265116150463484,0.015933972352388415
seasonal_sum_GasSink_120_200,thetaR,0.04985311584893663,0.061516027701979975,0.10375863411472033,0.011191912830279148
seasonal_sum_GasSink_120_200,StayGreen,0.024249791932616203,0.05382899827346537,0.14976030831438944,0.016306273746344267
seasonal_sum_GasSink_120_200,Rmax_LTIR,-0.01992765336993865,0.04380133253638224,0.13688999424533263,0.01474264448720758
seasonal_sum_GasSink_120_200,Diffz,0.011088226713838877,0.03523085990681531,0.12019798961385937,0.0128531323456479
seasonal_sum_GasSink_120_200,PhyllFrmTassel,0.013912971952236728,0.023350979491466,0.08910103447954,0.009728732750389364
seasonal_sum_GasSink_120_200,Diffx,0.0004791427667198289,0.018799805391770032,0.08542767874764513,0.009358332420975555
seasonal_sum_GasSink_20_40,thetaS,-0.6208942629649397,0.6208942629649397,0.3159825227352726,0.03648576594527284
seasonal_sum_GasSink_20_40,n,-0.5741980305265179,0.5795292364797131,0.30804190016881833,0.03222706614225859
seasonal_sum_GasSink_20_40,JuvenileLeaves,0.5158438526459682,0.5179225378647688,0.30473176242667727,0.03347007169869893
seasonal_sum_GasSink_20_40,LM_min,0.2302631631608737,0.2671292231616506,0.2560082639781925,0.024593960974808905
seasonal_sum_GasSink_20_40,Rmax_LTAR,-0.2061845508933663,0.21568421363649695,0.1932119055751598,0.021234248120218763
seasonal_sum_GasSink_20_40,Alfa,-0.10599806689542782,0.13616877236696642,0.12795952084914328,0.010261391522079959
seasonal_sum_GasSink_20_40,thetaR,0.12933104434561363,0.1314129790522833,0.10059263224882437,0.010585036964619153
seasonal_sum_GasSink_20_40,StayGreen,0.10117710189159655,0.10619634513134019,0.12114556939889182,0.012869879092382724
seasonal_sum_GasSink_20_40,Ks,0.01560075665972357,0.04907040079920829,0.07179208138662586,0.0064349233364890505
seasonal_sum_GasSink_20_40,Rmax_LTIR,0.007122099824556282,0.04709732689157351,0.09240150422214902,0.00891854564955083
seasonal_sum_GasSink_20_40,PhyllFrmTassel,0.02226473289374152,0.025752531730247618,0.03472664317357255,0.003638284453595535
seasonal_sum_GasSink_20_40,Diffx,0.00013592095361648912,0.018502475674543335,0.025492409439142893,0.0019027991751903728
seasonal_sum_GasSink_20_40,Diffz,-0.0023903180372844223,0.01180361107610309,0.016782718213702703,0.0014245910986578796
seasonal_sum_GasSink_80_120,JuvenileLeaves,0.6596625718448879,0.6600329092526076,0.34033565175019886,0.03784270738474364
seasonal_sum_GasSink_80_120,n,-0.6089424281477914,0.6089424281477914,0.2805029863521731,0.031827742440642
seasonal_sum_GasSink_80_120,thetaS,-0.3200061075954114,0.3200061075954114,0.21558505920036916,0.02435211328453197
seasonal_sum_GasSink_80_120,Rmax_LTAR,-0.29228262738282923,0.2976225624792059,0.23437149270766255,0.02576219873996528
seasonal_sum_GasSink_80_120,LM_min,0.22012371735865371,0.25466600714962817,0.28789891692376696,0.029301256045353278
seasonal_sum_GasSink_80_120,Alfa,-0.08919030093232418,0.09834024970609381,0.07998195350433364,0.007789632650116717
seasonal_sum_GasSink_80_120,thetaR,0.07210516445789578,0.08402437315040115,0.0843311328085159,0.00825526558811218
seasonal_sum_GasSink_80_120,StayGreen,0.08168299368883697,0.08371971741657747,0.11950798999123666,0.013021119086627836
seasonal_sum_GasSink_80_120,Rmax_LTIR,-0.01101505219539959,0.066361054065491,0.1060078262442765,0.009318242426098421
seasonal_sum_GasSink_80_120,Ks,-0.005300010431895816,0.04162108037881355,0.05869573051334861,0.004779851462808066
seasonal_sum_GasSink_80_120,PhyllFrmTassel,0.019684143666700724,0.0215096648597659,0.028636379591991796,0.0031803184544792443
seasonal_sum_GasSink_80_120,Diffx,-0.0005946407371044358,0.018847788922762156,0.02629342133942019,0.0020202830569397818
seasonal_sum_GasSink_80_120,Diffz,0.0010558283766494924,0.010756938962916405,0.01598937620831649,0.0013835221473677923
seasonal_sum_NitSink_0_10,n,0.6664426922306141,0.6683917617448446,0.32747786332377915,0.037397416709820545
seasonal_sum_NitSink_0_10,thetaS,-0.6309055063866177,0.6327260847747347,0.3069839529484495,0.03457286188511457
seasonal_sum_NitSink_0_10,JuvenileLeaves,0.434866751939837,0.4387024037066969,0.24387579297543827,0.026815735037114513
seasonal_sum_NitSink_0_10,LM_min,0.408000098560055,0.4151564608083706,0.25144850177243316,0.02640282199650748
seasonal_sum_NitSink_0_10,Alfa,0.22446004395204175,0.22554456819853294,0.14879521986333133,0.016757943022471834
seasonal_sum_NitSink_0_10,thetaR,0.1490759085959982,0.15390439832150857,0.11220885546645672,0.01162717312674161
seasonal_sum_NitSink_0_10,Diffz,0.1432393118626465,0.1440704650160842,0.07720460151819408,0.008222578327819922
seasonal_sum_NitSink_0_10,Rmax_LTAR,0.10317442654712713,0.1400609787802919,0.1571825324035411,0.014389788028434972
seasonal_sum_NitSink_0_10,StayGreen,0.10169549458639736,0.11300650048456959,0.11817977729440782,0.011928948286090866
seasonal_sum_NitSink_0_10,Ks,0.022561153801289507,0.06110542362792704,0.08468141340832365,0.007026458685465711
seasonal_sum_NitSink_0_10,Rmax_LTIR,0.005024112494106611,0.03759627910192531,0.06956993082051567,0.006968476804929868
seasonal_sum_NitSink_0_10,PhyllFrmTassel,0.010899652295193357,0.025032082624949426,0.040749479583333824,0.003878621946538708
seasonal_sum_NitSink_0_10,Diffx,0.0046421956851412476,0.0236226963003276,0.0357071498744583,0.0031322630328138178
seasonal_sum_NitSink_0_20,n,0.6116124790909093,0.6284159835510028,0.34835302045901423,0.03652431324986153
seasonal_sum_NitSink_0_20,thetaS,-0.5772663455381216,0.6001363553602916,0.34113430385444604,0.033853953739454413
seasonal_sum_NitSink_0_20,JuvenileLeaves,0.4795106537685274,0.4941531091736471,0.30088147998631887,0.03095146011289383
seasonal_sum_NitSink_0_20,LM_min,0.4296877160488297,0.4436095421058826,0.2879946138134294,0.029758015957756893
seasonal_sum_NitSink_0_20,Alfa,0.272322359256961,0.27297783163019396,0.19275152652585723,0.021831481719313144
seasonal_sum_NitSink_0_20,thetaR,0.1503391232612331,0.15723785495232723,0.13726295636870142,0.014450419865625284
seasonal_sum_NitSink_0_20,Rmax_LTAR,0.051136963068847505,0.1334153808123271,0.18505085847012517,0.015725732345132293
seasonal_sum_NitSink_0_20,StayGreen,0.11788718891889677,0.1270919325041646,0.12206904455056077,0.012710867994468782
seasonal_sum_NitSink_0_20,Diffz,0.11507616225441936,0.11673584554546909,0.06721914837873362,0.007013524454450464
seasonal_sum_NitSink_0_20,Ks,-0.0014547448688710404,0.0691548847290372,0.1027771281946323,0.008503979257589486
seasonal_sum_NitSink_0_20,Rmax_LTIR,0.006643809470274383,0.0390855316524447,0.06762658822058756,0.006526880165398788
seasonal_sum_NitSink_0_20,PhyllFrmTassel,0.010952149773665333,0.02625630480867067,0.044163527068587324,0.0042614480752242
seasonal_sum_NitSink_0_20,Diffx,0.005953451143944433,0.025056842741181834,0.039644730937190086,0.0035185779334375245
seasonal_sum_NitSink_0_200,thetaS,0.4955842846972288,0.5159025360696671,0.35354318225049897,0.03744517937565164
seasonal_sum_NitSink_0_200,Rmax_LTAR,0.33912580415676846,0.48635891178067464,0.4800206584277164,0.03720765425122873
seasonal_sum_NitSink_0_200,n,0.2827857700803898,0.38450227019117944,0.3968685114029802,0.035158611409047316
seasonal_sum_NitSink_0_200,JuvenileLeaves,-0.3080165734808449,0.38380875186853414,0.41210070808007554,0.03870058669781547
seasonal_sum_NitSink_0_200,LM_min,0.29640279821564114,0.3711461873412523,0.3947597113412943,0.03558532337213362
seasonal_sum_NitSink_0_200,Alfa,0.217241989027208,0.3318226482625761,0.35757165882422437,0.02941018493429272
seasonal_sum_NitSink_0_200,Ks,-0.12108705495378866,0.22735016913421238,0.30044373925122825,0.02635872975793386
seasonal_sum_NitSink_0_200,thetaR,-0.076874013813008,0.20057005388901383,0.2950480576738195,0.026304183365642626
seasonal_sum_NitSink_0_200,Rmax_LTIR,0.07789634851016422,0.1939840707455831,0.29058930782038983,0.026179223907192857
seasonal_sum_NitSink_0_200,Diffz,0.11868847974402935,0.18811677011070524,0.22870082685629087,0.020035363927487726
seasonal_sum_NitSink_0_200,StayGreen,0.021733470886923113,0.17819577890922753,0.27911587297733875,0.023560362288975834
seasonal_sum_NitSink_0_200,Diffx,-0.05924101995080407,0.1497127753713137,0.25752867683407454,0.02376346234820769
seasonal_sum_NitSink_0_200,PhyllFrmTassel,0.0007633709739665967,0.0027659413184906805,0.00674075139553918,0.000716298308478226
seasonal_sum_NitSink_10_20,JuvenileLeaves,0.41795889264905395,0.637328544087011,0.6119159762326616,0.043522428620642484
seasonal_sum_NitSink_10_20,thetaS,-0.19145883940207378,0.5382397443263697,0.6328436691788644,0.04395594195447095
seasonal_sum_NitSink_10_20,LM_min,0.34819509762826195,0.5045803591411552,0.49939381852693165,0.03792464914867889
seasonal_sum_NitSink_10_20,n,0.19311647038457747,0.5042745353145954,0.5963868808023389,0.04146966107152205
seasonal_sum_NitSink_10_20,Alfa,0.267867218461869,0.29444137397185366,0.29004407652231406,0.028826563522233728
seasonal_sum_NitSink_10_20,Rmax_LTAR,-0.10468277174272701,0.2150367619351331,0.27793545955734306,0.02276910478868945
seasonal_sum_NitSink_10_20,thetaR,0.08013220391625173,0.20064809269144676,0.2615710051114744,0.02109377457909077
seasonal_sum_NitSink_10_20,StayGreen,0.12684928832946865,0.14321133234449582,0.14936040292614863,0.015067739811445085
seasonal_sum_NitSink_10_20,Ks,-0.060910749540467345,0.14224904940387806,0.23136588404649627,0.021452830909018714
seasonal_sum_NitSink_10_20,Diffz,-0.032417956845960265,0.06512793338744814,0.10068398233160514,0.009256298091049659
seasonal_sum_NitSink_10_20,Rmax_LTIR,0.008620679195324311,0.060999546065628574,0.12040860991926103,0.011818818918216126
seasonal_sum_NitSink_10_20,Diffx,0.00926120648571955,0.04095957109226046,0.07607875007728845,0.00729920514984857
seasonal_sum_NitSink_10_20,PhyllFrmTassel,0.006343767612369404,0.03341177692766901,0.06994988531250285,0.006945834361238771
seasonal_sum_NitSink_120_200,thetaS,0.49936321870315764,0.5191452913608563,0.35377887510304695,0.03753521394764152
seasonal_sum_NitSink_120_200,Rmax_LTAR,0.3381985258426988,0.48631805311285686,0.4807648508159734,0.03723581239504186
seasonal_sum_NitSink_120_200,JuvenileLeaves,-0.3140743369405313,0.3873619362564218,0.41195276613784476,0.03886160812569745
seasonal_sum_NitSink_120_200,n,0.2781181804273249,0.38129893805415427,0.3962877334604513,0.03502795879777116
seasonal_sum_NitSink_120_200,LM_min,0.2907176438068831,0.36723805979599494,0.39502207483952,0.03557852586393285
seasonal_sum_NitSink_120_200,Alfa,0.21280782207203242,0.3289085221941556,0.3569431260597458,0.029314376472205875
seasonal_sum_NitSink_120_200,Ks,-0.12026070498574659,0.226856405673664,0.3001370556644115,0.02632282409170046
seasonal_sum_NitSink_120_200,thetaR,-0.07848938589200632,0.20060855562619137,0.2944340177916361,0.026284100043524085
seasonal_sum_NitSink_120_200,Rmax_LTIR,0.07817778065074452,0.19410743377195216,0.2909050189477613,0.026203234946795904
seasonal_sum_NitSink_120_200,Diffz,0.11719499515213808,0.18668260449074486,0.22790771716871752,0.01998518063028498
seasonal_sum_NitSink_120_200,StayGreen,0.020135332342391066,0.17819698241692378,0.2793057117770758,0.02359249644904216
seasonal_sum_NitSink_120_200,Diffx,-0.05940549631564004,0.1496084201616813,0.25701108266393374,0.023718764898005652
seasonal_sum_NitSink_120_200,PhyllFrmTassel,0.000575894440308475,0.0026798775489277004,0.006689784662349005,0.0007112068807779871
seasonal_sum_NitSink_20_40,thetaS,0.6781443917787819,0.7296144166706605,0.45942074200344557,0.04173458048306249
seasonal_sum_NitSink_20_40,JuvenileLeaves,-0.29556196338366714,0.41118186944108087,0.4368114059340993,0.037201122153956885
seasonal_sum_NitSink_20_40,n,-0.2776621238207796,0.3938803097222504,0.408369591501174,0.03354970068933538
seasonal_sum_NitSink_20_40,Rmax_LTAR,-0.31659328567732764,0.36020947708438056,0.35818318120028797,0.03494139772197192
seasonal_sum_NitSink_20_40,LM_min,-0.247909858876028,0.34215086216455154,0.3738298674861404,0.0333604015465956
seasonal_sum_NitSink_20_40,Alfa,0.13025025538833887,0.2179754633483438,0.2988568841751245,0.027338989621606444
seasonal_sum_NitSink_20_40,thetaR,-0.1386449117653474,0.21284429234092084,0.2719532768496778,0.024574670018512962
seasonal_sum_NitSink_20_40,Ks,-0.11026691008003686,0.17403023853964555,0.23359003003162015,0.021548868385320035
seasonal_sum_NitSink_20_40,Rmax_LTIR,0.031808223896746264,0.15012519221440881,0.24284041627896533,0.022199218639564325
seasonal_sum_NitSink_20_40,StayGreen,0.017741258165845566,0.1472464794802876,0.24634316518933974,0.02217026140233812
seasonal_sum_NitSink_20_40,Diffz,-0.02098629512549637,0.08761866699968593,0.1854753600739352,0.018651965272604435
seasonal_sum_NitSink_20_40,Diffx,0.0012031549453015915,0.0818153741162637,0.16443614289669073,0.01600776841330597
seasonal_sum_NitSink_20_40,PhyllFrmTassel,0.003933024918990739,0.009609855121812616,0.016896054041542034,0.001642523736847993
seasonal_sum_NitSink_80_120,n,-0.5953945941124289,0.6320472945452236,0.4083265190681917,0.03929482835142952
seasonal_sum_NitSink_80_120,JuvenileLeaves,0.30675206127294075,0.46286063448828146,0.4836591484372392,0.038939062941232096
seasonal_sum_NitSink_80_120,LM_min,0.11034473641333425,0.3709333280317195,0.47622533646127796,0.037239851455385976
seasonal_sum_NitSink_80_120,Rmax_LTAR,0.1781781488088187,0.36078498991187513,0.44933245876482114,0.03654682515216499
seasonal_sum_NitSink_80_120,thetaS,0.16765473228528055,0.32334925193634206,0.4167819284875619,0.035793029244756996
seasonal_sum_NitSink_80_120,Alfa,0.11910934215738801,0.24229981298902387,0.3419171716516608,0.030081845296598474
seasonal_sum_NitSink_80_120,thetaR,0.10007455577470933,0.21616967745419505,0.31846081710222396,0.028277485036005377
seasonal_sum_NitSink_80_120,Ks,-0.043960490831173565,0.17567401970782784,0.2825457380331947,0.025169330940353795
seasonal_sum_NitSink_80_120,StayGreen,0.005443577549266001,0.17525393475942694,0.2986921711147766,0.02695686058597511
seasonal_sum_NitSink_80_120,Rmax_LTIR,-0.06843638928571101,0.1747476800000474,0.27464475396017374,0.02505132951707364
seasonal_sum_NitSink_80_120,Diffz,0.005180877064598888,0.11329274354745453,0.20026177706347129,0.01869379836393031
seasonal_sum_NitSink_80_120,Diffx,0.008046868844263226,0.10536398636129313,0.18827536601826678,0.01737522592909799
seasonal_sum_NitSink_80_120,PhyllFrmTassel,0.0018935234811422678,0.004591176952866723,0.01122018343173013,0.0011727099260693261
seasonal_sum_PARInt,JuvenileLeaves,0.0,0.0,0.0,0.0
seasonal_sum_PARInt,Rmax_LTAR,0.0,0.0,0.0,0.0
seasonal_sum_PARInt,Rmax_LTIR,0.0,0.0,0.0,0.0
seasonal_sum_PARInt,PhyllFrmTassel,0.0,0.0,0.0,0.0
seasonal_sum_PARInt,StayGreen,0.0,0.0,0.0,0.0
seasonal_sum_PARInt,LM_min,0.0,0.0,0.0,0.0
seasonal_sum_PARInt,Diffx,0.0,0.0,0.0,0.0
seasonal_sum_PARInt,Diffz,0.0,0.0,0.0,0.0
seasonal_sum_PARInt,thetaR,0.0,0.0,0.0,0.0
seasonal_sum_PARInt,thetaS,0.0,0.0,0.0,0.0
seasonal_sum_PARInt,Alfa,0.0,0.0,0.0,0.0
seasonal_sum_PARInt,n,0.0,0.0,0.0,0.0
seasonal_sum_PARInt,Ks,0.0,0.0,0.0,0.0
seasonal_sum_RADInt,JuvenileLeaves,0.0,0.0,0.0,0.0
seasonal_sum_RADInt,Rmax_LTAR,0.0,0.0,0.0,0.0
seasonal_sum_RADInt,Rmax_LTIR,0.0,0.0,0.0,0.0
seasonal_sum_RADInt,PhyllFrmTassel,0.0,0.0,0.0,0.0
seasonal_sum_RADInt,StayGreen,0.0,0.0,0.0,0.0
seasonal_sum_RADInt,LM_min,0.0,0.0,0.0,0.0
seasonal_sum_RADInt,Diffx,0.0,0.0,0.0,0.0
seasonal_sum_RADInt,Diffz,0.0,0.0,0.0,0.0
seasonal_sum_RADInt,thetaR,0.0,0.0,0.0,0.0
seasonal_sum_RADInt,thetaS,0.0,0.0,0.0,0.0
seasonal_sum_RADInt,Alfa,0.0,0.0,0.0,0.0
seasonal_sum_RADInt,n,0.0,0.0,0.0,0.0
seasonal_sum_RADInt,Ks,0.0,0.0,0.0,0.0
seasonal_sum_RDenM_0_10,thetaS,-0.7409652258003715,0.7409652258003715,0.4224183161189486,0.04835686292232027
seasonal_sum_RDenM_0_10,n,0.5421684236147615,0.5421684236147615,0.35349969615074933,0.040109657565706405
seasonal_sum_RDenM_0_10,JuvenileLeaves,0.4754563822646969,0.4754563822646969,0.3434971816755557,0.03832949316053289
seasonal_sum_RDenM_0_10,LM_min,0.42175844096474757,0.42175844096474757,0.2951479201225456,0.03324284400220289
seasonal_sum_RDenM_0_10,thetaR,0.15870131780708985,0.15967523331006353,0.14249734186261462,0.015453194812650287
seasonal_sum_RDenM_0_10,Rmax_LTAR,0.11459563888379326,0.14503215613185486,0.17337525933912207,0.016979191127443862
seasonal_sum_RDenM_0_10,StayGreen,0.10253628280947583,0.10935241284571345,0.12271174319003064,0.012764714306328617
seasonal_sum_RDenM_0_10,Alfa,0.09010832747432472,0.09699165094070944,0.11067269527285928,0.0117776214472841
seasonal_sum_RDenM_0_10,Diffz,0.09177332638465337,0.0921492607323961,0.06632514087394782,0.00723892313480882
seasonal_sum_RDenM_0_10,Ks,0.0842871111196336,0.08676278381293479,0.09591229983478833,0.010610195394451906
seasonal_sum_RDenM_0_10,Rmax_LTIR,0.00900300497323713,0.03656042462988284,0.07977128524095042,0.008387375803586969
seasonal_sum_RDenM_0_10,PhyllFrmTassel,0.012176557949566192,0.020638814108780833,0.03264294547830911,0.003194736786073293
seasonal_sum_RDenM_0_10,Diffx,0.0040914381670504076,0.018657433734680585,0.030847752835163604,0.002781050594600397
seasonal_sum_RDenM_0_20,thetaS,-0.7464881287679568,0.7464881287679568,0.40379619499237235,0.04643832920206243
seasonal_sum_RDenM_0_20,JuvenileLeaves,0.5437744251545699,0.5437744251545699,0.3616738454108973,0.040188571464742744
seasonal_sum_RDenM_0_20,n,0.4525341147344292,0.4525341147344292,0.2944750525167145,0.03303882969014424
seasonal_sum_RDenM_0_20,LM_min,0.41747904242569833,0.41747904242569833,0.2803933400702473,0.031666915744500194
seasonal_sum_RDenM_0_20,thetaR,0.15738424844609236,0.15792053234550466,0.13310766055104678,0.014461991062436596
seasonal_sum_RDenM_0_20,Rmax_LTAR,0.050868122594438944,0.12497432187710326,0.16776413659906242,0.01365011465333579
seasonal_sum_RDenM_0_20,StayGreen,0.09627629760822924,0.10200367147459348,0.11049284612666949,0.011595247849368585
seasonal_sum_RDenM_0_20,Ks,0.09207678063135387,0.09303631672402055,0.0886893038836559,0.010017488285449136
seasonal_sum_RDenM_0_20,Alfa,0.04275395079617629,0.07483050230499201,0.10523302755959267,0.009462331604235655
seasonal_sum_RDenM_0_20,Rmax_LTIR,0.010346206289403446,0.04029630508651961,0.09071802490505476,0.009613998314905567
seasonal_sum_RDenM_0_20,Diffz,0.0353337952938465,0.037065964220255924,0.034795735028096374,0.003633725410869435
seasonal_sum_RDenM_0_20,PhyllFrmTassel,0.016585097543130006,0.023482763856714748,0.03638774821653324,0.0036504474738037807
seasonal_sum_RDenM_0_20,Diffx,0.0047649225511709695,0.018285034588412793,0.029406438068728915,0.002630356100909584
seasonal_sum_RDenM_0_200,JuvenileLeaves,0.7910337901536582,0.7910337901536582,0.3298496729501554,0.03631665975979435
seasonal_sum_RDenM_0_200,n,0.5527072986310338,0.5527072986310338,0.2304851208920094,0.02624525207762621
seasonal_sum_RDenM_0_200,LM_min,0.4704199101567675,0.4704199101567675,0.2251291839388111,0.025159385511663485
seasonal_sum_RDenM_0_200,Rmax_LTAR,0.19524241014689594,0.21355201774149066,0.1937291676067663,0.01792154308718626
seasonal_sum_RDenM_0_200,Alfa,0.19414523903045758,0.19414523903045758,0.08882935578391059,0.009667288244605542
seasonal_sum_RDenM_0_200,StayGreen,0.1637110412086873,0.1637110412086873,0.12129529478000714,0.013409721657940339
seasonal_sum_RDenM_0_200,Rmax_LTIR,-0.06416365151330079,0.08552410324578993,0.0933902311994693,0.008191819425043476
seasonal_sum_RDenM_0_200,thetaS,0.06133347690399425,0.07582669784238352,0.08270505424205116,0.007619649104394209
seasonal_sum_RDenM_0_200,Ks,-0.05568933737427914,0.0573628162810435,0.03775251684324712,0.0040635339843512665
seasonal_sum_RDenM_0_200,thetaR,-0.04158850967494631,0.04448404056800995,0.03849812210023681,0.0038847696276192627
seasonal_sum_RDenM_0_200,Diffz,0.0365470613461785,0.036639631857911054,0.023732337527943983,0.0027049229410445845
seasonal_sum_RDenM_0_200,PhyllFrmTassel,0.01684283701598006,0.017562504705779188,0.01938339088056394,0.0021357039664307007
seasonal_sum_RDenM_0_200,Diffx,-0.012736725358468171,0.015767604340726618,0.015846754106624707,0.0014215144812162797
seasonal_sum_RDenM_10_20,thetaS,-0.7432787350265992,0.7432787350265992,0.3956065428181763,0.04560485856045242
seasonal_sum_RDenM_10_20,JuvenileLeaves,0.5636414503586453,0.5636414503586453,0.36534019174747684,0.040661901263586736
seasonal_sum_RDenM_10_20,n,0.4207395075479537,0.4207395075479537,0.2757238299458854,0.030798795654913235
seasonal_sum_RDenM_10_20,LM_min,0.4137984528636104,0.4137984528636104,0.2746559378298052,0.030946325121553528
seasonal_sum_RDenM_10_20,thetaR,0.1554460169655837,0.15597622968499983,0.1292864679325326,0.014063440711014473
seasonal_sum_RDenM_10_20,Rmax_LTAR,0.02933087732878415,0.12246013642237093,0.17008135671783844,0.013311343291674884
seasonal_sum_RDenM_10_20,StayGreen,0.09389975534704707,0.09942580159571504,0.1062453543730034,0.011163298440194917
seasonal_sum_RDenM_10_20,Ks,0.09365005888236103,0.09435269150334491,0.08595845004911531,0.009782708959290348
seasonal_sum_RDenM_10_20,Alfa,0.026686040862706484,0.07265576482651083,0.10436113749991567,0.008760142857462981
seasonal_sum_RDenM_10_20,Rmax_LTIR,0.010880434914569932,0.04167318216345546,0.09461141170826179,0.010047114495327364
seasonal_sum_RDenM_10_20,PhyllFrmTassel,0.01783995410846931,0.024481691046155687,0.03809625531805976,0.0038531218647780644
seasonal_sum_RDenM_10_20,Diffz,0.016528169529191748,0.021721196770899565,0.02749802087509222,0.002626683884421242
seasonal_sum_RDenM_10_20,Diffx,0.0049268619220819345,0.01827646965569103,0.029003674065562854,0.0025757024591063897
seasonal_sum_RDenM_120_200,JuvenileLeaves,0.7865937743692574,0.7865937743692574,0.32983244989235144,0.03634522791369013
seasonal_sum_RDenM_120_200,n,0.5574599208210594,0.5574599208210594,0.23281085836852486,0.026486403550952137
seasonal_sum_RDenM_120_200,LM_min,0.468525587411793,0.468525587411793,0.22552380312716241,0.02518380582325404
seasonal_sum_RDenM_120_200,Rmax_LTAR,0.20148156247003723,0.21933224695595424,0.19703781561017555,0.018311147416160783
seasonal_sum_RDenM_120_200,Alfa,0.1972979670387115,0.1972979670387115,0.0904058923653127,0.00984487094446492
seasonal_sum_RDenM_120_200,StayGreen,0.1633516879693575,0.1633516879693575,0.12132321375267115,0.01340308871845316
seasonal_sum_RDenM_120_200,Rmax_LTIR,-0.06505494443549409,0.0858137193248219,0.09349059267338526,0.008263428784942503
seasonal_sum_RDenM_120_200,thetaS,0.06943833483767763,0.0823494171926917,0.08653777636788103,0.008161174424979725
seasonal_sum_RDenM_120_200,Ks,-0.057683197033095476,0.05925768235216739,0.03880076243129442,0.004201969138439132
seasonal_sum_RDenM_120_200,thetaR,-0.04364422851628559,0.04624690595225614,0.03929720446182354,0.004008082382173364
seasonal_sum_RDenM_120_200,Diffz,0.037024157784850305,0.03711515862561921,0.02407428702693843,0.0027413294011467784
seasonal_sum_RDenM_120_200,PhyllFrmTassel,0.016646583266813526,0.01754743147362796,0.019838059418053812,0.002177184985682646
seasonal_sum_RDenM_120_200,Diffx,-0.012929308133468981,0.015995707139640616,0.016047331184705763,0.0014403012235624456
seasonal_sum_RDenM_20_40,JuvenileLeaves,0.7673500291085525,0.7673500291085525,0.36064106941568097,0.03993033292838626
seasonal_sum_RDenM_20_40,thetaS,-0.5163734072219562,0.5163734072219562,0.287989053316993,0.03311726792165343
seasonal_sum_RDenM_20_40,LM_min,0.4409943579216424,0.4419189836607369,0.283309528706185,0.031534933203746146
seasonal_sum_RDenM_20_40,n,0.2701965934639831,0.2705091049103595,0.19438038024835277,0.022317526921597525
seasonal_sum_RDenM_20_40,Rmax_LTAR,-0.144186855513223,0.19165964414661643,0.23439364711171976,0.022197097792144793
seasonal_sum_RDenM_20_40,StayGreen,0.1308909873926736,0.13311845964413244,0.11854503762917011,0.012881482637017373
seasonal_sum_RDenM_20_40,thetaR,0.09957631807487395,0.10467122853863886,0.09201283611916025,0.009354240273768721
seasonal_sum_RDenM_20_40,Ks,0.06974154069576036,0.07387066832209309,0.07294412948626164,0.007715528497201695
seasonal_sum_RDenM_20_40,Alfa,5.273078256175919e-05,0.06153715052950984,0.0894457410896554,0.007122391325174539
seasonal_sum_RDenM_20_40,Rmax_LTIR,0.015798563825618547,0.058276354831023634,0.11837422962901947,0.011869814413843365
seasonal_sum_RDenM_20_40,PhyllFrmTassel,0.02517495150328109,0.029430715119700506,0.04262512393274392,0.0045356314447336146
seasonal_sum_RDenM_20_40,Diffx,0.002340935865271707,0.022085314329356964,0.031735458121498035,0.002524286267326935
seasonal_sum_RDenM_20_40,Diffz,-0.0016725655571703895,0.013198000434153924,0.019796427013054032,0.0016793618055269588
seasonal_sum_RDenM_80_120,JuvenileLeaves,0.8223971966510768,0.82253909649276,0.32520144859167277,0.03632503039523933
seasonal_sum_RDenM_80_120,LM_min,0.4154286323797398,0.42564935918506064,0.336711927837419,0.03637443024369507
seasonal_sum_RDenM_80_120,Rmax_LTAR,-0.2381879762550533,0.262196136827693,0.2597653306876867,0.02626627183123875
seasonal_sum_RDenM_80_120,thetaS,-0.08997459496730341,0.19316294292687475,0.2272527340587751,0.017065663099980765
seasonal_sum_RDenM_80_120,StayGreen,0.16133135391632986,0.16141322952355183,0.14885630099423622,0.01667405321843713
seasonal_sum_RDenM_80_120,n,0.03689681159828555,0.1404285668400677,0.18267293066823415,0.013689615889503856
seasonal_sum_RDenM_80_120,Rmax_LTIR,-0.010197314092093969,0.07435099306617539,0.12132410880380702,0.01050608601490686
seasonal_sum_RDenM_80_120,thetaR,0.01703900462400483,0.06715232894660908,0.09254776484528618,0.007570588540842551
seasonal_sum_RDenM_80_120,Alfa,-0.01733029345480639,0.05286110221919799,0.07534850339561312,0.006425748103877681
seasonal_sum_RDenM_80_120,Ks,0.023110879338531624,0.05127507242514063,0.07067626022791174,0.0060848165590058085
seasonal_sum_RDenM_80_120,PhyllFrmTassel,0.019109746967775145,0.02130584383479114,0.02903170737095141,0.00310320803503857
seasonal_sum_RDenM_80_120,Diffx,-0.00042785146410395696,0.020337336400238753,0.028098418085671345,0.0021255265857143416
seasonal_sum_RDenM_80_120,Diffz,0.0008039437371031227,0.011412865622712692,0.01736727533536217,0.0015008033774301624
seasonal_sum_RDenY_0_10,thetaS,-0.7186626910437101,0.7186626910437101,0.4138020419472672,0.047444105602766955
seasonal_sum_RDenY_0_10,n,0.5989328925915086,0.5989328925915086,0.3658988577793412,0.04176101352707324
seasonal_sum_RDenY_0_10,JuvenileLeaves,0.49421483957806156,0.49421483957806156,0.34058069870043195,0.03803662415771458
seasonal_sum_RDenY_0_10,LM_min,0.3726027161950928,0.3726027161950928,0.2694285884980254,0.03033927081377419
seasonal_sum_RDenY_0_10,thetaR,0.15698375490906258,0.15902541800101802,0.1454146923792857,0.015691954403626543
seasonal_sum_RDenY_0_10,Rmax_LTAR,0.10427105439966224,0.13658576915303253,0.16970514053259997,0.016511823406645802
seasonal_sum_RDenY_0_10,Alfa,0.12199231878003272,0.12579891093418946,0.12320321893946552,0.013519725771255327
seasonal_sum_RDenY_0_10,Diffz,0.0942001701035467,0.09468929921702511,0.06840495936957301,0.0074472499816339455
seasonal_sum_RDenY_0_10,Ks,0.07357721223069556,0.08041756181699448,0.09890402259605101,0.010589795728873495
seasonal_sum_RDenY_0_10,StayGreen,0.044493287466073735,0.06563432065296548,0.0910167799610818,0.008313298492198347
seasonal_sum_RDenY_0_10,Rmax_LTIR,0.00753886174628983,0.03932972780334211,0.08098051363905144,0.008320023777287865
seasonal_sum_RDenY_0_10,PhyllFrmTassel,0.013267358817280302,0.023611103440195572,0.037907421094096456,0.0036528763794411246
seasonal_sum_RDenY_0_10,Diffx,0.003961596852057978,0.020586361627815457,0.03388512972168369,0.0030386695644457444
seasonal_sum_RDenY_0_20,thetaS,-0.7492075359884619,0.7492075359884619,0.4021272932879758,0.04627783531558954
seasonal_sum_RDenY_0_20,JuvenileLeaves,0.5590233576880906,0.5590233576880906,0.3629508045515646,0.04022684010764603
seasonal_sum_RDenY_0_20,n,0.48241309359228723,0.48241309359228723,0.30168529658583554,0.034017482441615336
seasonal_sum_RDenY_0_20,LM_min,0.3728076495728955,0.3728076495728955,0.25639037492462763,0.028934343843885317
seasonal_sum_RDenY_0_20,thetaR,0.16035352513929424,0.16118689176792808,0.13585271579305003,0.014728373444599584
seasonal_sum_RDenY_0_20,Rmax_LTAR,0.049886857009331216,0.12420171389362764,0.16453204521316145,0.013069784245697665
seasonal_sum_RDenY_0_20,Ks,0.08828618661273056,0.09004242628503349,0.08860195675489012,0.009950906297904762
seasonal_sum_RDenY_0_20,Alfa,0.05828525801494553,0.08321403285709347,0.11071191578386284,0.010447009631219627
seasonal_sum_RDenY_0_20,StayGreen,0.0379612599092157,0.0562534067512192,0.07666287152131593,0.007084356028330169
seasonal_sum_RDenY_0_20,Rmax_LTIR,0.00958136034847036,0.04242767209841059,0.09012592128609234,0.009395774434886914
seasonal_sum_RDenY_0_20,Diffz,0.0356716831157721,0.03777788061865163,0.03692931897511481,0.00382373505744093
seasonal_sum_RDenY_0_20,PhyllFrmTassel,0.017258310346098576,0.025714848615941123,0.04001038799845355,0.003925300580484128
seasonal_sum_RDenY_0_20,Diffx,0.004723820082608917,0.01986648282252746,0.032372153084334186,0.002898590613473054
seasonal_sum_RDenY_0_200,JuvenileLeaves,0.8407645409921031,0.8407645409921031,0.3148573297688766,0.034424730503892664
seasonal_sum_RDenY_0_200,n,0.5844898829274757,0.5844898829274757,0.2427526033023767,0.02793289067543703
seasonal_sum_RDenY_0_200,LM_min,0.39571304778273214,0.39571304778273214,0.19221551932001887,0.02147411258147299
seasonal_sum_RDenY_0_200,Alfa,0.18781231909876384,0.18781231909876384,0.08694778776247064,0.009558329312073536
seasonal_sum_RDenY_0_200,Rmax_LTAR,0.10641839258191677,0.14391029185235663,0.16463713699950502,0.014209259298013468
seasonal_sum_RDenY_0_200,Rmax_LTIR,-0.05782379706536304,0.08075266064199875,0.09734028590375243,0.008742679263857876
seasonal_sum_RDenY_0_200,thetaS,-0.02127625822068197,0.07485732665249813,0.09575318296195018,0.006951718220116689
seasonal_sum_RDenY_0_200,StayGreen,0.05061004544385741,0.05165491133621726,0.04536026045598418,0.005022930821646538
seasonal_sum_RDenY_0_200,Ks,-0.045595239269465244,0.04864406398208291,0.03950121721963943,0.004135621861705929
seasonal_sum_RDenY_0_200,thetaR,-0.023495956873895465,0.03580343480733011,0.042641147652240925,0.0037410275388026063
seasonal_sum_RDenY_0_200,PhyllFrmTassel,0.02388618824935312,0.02547738328451825,0.025432120180861405,0.002775398095291806
seasonal_sum_RDenY_0_200,Diffz,0.0239887240701137,0.024655534326277064,0.021236650042377344,0.0023095743120820854
seasonal_sum_RDenY_0_200,Diffx,-0.0077124465880308805,0.012964839675773778,0.015360147061216122,0.0012582130096806129
seasonal_sum_RDenY_10_20,thetaS,-0.7523934734433042,0.7523934734433042,0.39497230889256285,0.04556731100428536
seasonal_sum_RDenY_10_20,JuvenileLeaves,0.5778777875826633,0.5778777875826633,0.3675744623809191,0.04080247313700127
seasonal_sum_RDenY_10_20,n,0.436845747438551,0.436845747438551,0.2801171387377743,0.031396760881235254
seasonal_sum_RDenY_10_20,LM_min,0.3697509339772601,0.3697509339772601,0.2509805949035477,0.02822324623227925
seasonal_sum_RDenY_10_20,thetaR,0.15966023530192264,0.16032368873021896,0.13213699944439689,0.014346886354303099
seasonal_sum_RDenY_10_20,Rmax_LTAR,0.02943035434892027,0.12156945836225143,0.16687780940542202,0.012831574260614842
seasonal_sum_RDenY_10_20,Ks,0.09229851357030286,0.09356157689739728,0.08536425693313773,0.009706533052769858
seasonal_sum_RDenY_10_20,Alfa,0.034698991939326254,0.07634642936410523,0.10796757590113443,0.009320935316958523
seasonal_sum_RDenY_10_20,StayGreen,0.035177236632293496,0.05279822218708207,0.07174691635512352,0.006663918102772055
seasonal_sum_RDenY_10_20,Rmax_LTIR,0.010367986612893747,0.043570658609730105,0.09338224640049786,0.009772166660688838
seasonal_sum_RDenY_10_20,PhyllFrmTassel,0.018451321030445667,0.026493249129745156,0.04132755373538498,0.004091289377673854
seasonal_sum_RDenY_10_20,Diffz,0.013887426289591371,0.021478269528024167,0.029285000604386713,0.0027150970050020596
seasonal_sum_RDenY_10_20,Diffx,0.004932097204757479,0.019676149819427082,0.031811563886434475,0.0028346929694024435
seasonal_sum_RDenY_120_200,JuvenileLeaves,0.836006013717176,0.836006013717176,0.31533167305898296,0.03451145760516546
seasonal_sum_RDenY_120_200,n,0.5908897262922356,0.5908897262922356,0.24572019600782774,0.028249002631610256
seasonal_sum_RDenY_120_200,LM_min,0.3939943730457137,0.3939943730457137,0.1933458639059902,0.02154834869346631
seasonal_sum_RDenY_120_200,Alfa,0.19157125808908607,0.19157125808908607,0.08879651740225752,0.009758344728593594
seasonal_sum_RDenY_120_200,Rmax_LTAR,0.11342771532984562,0.15013117693417746,0.16893248998434163,0.014666192620089643
seasonal_sum_RDenY_120_200,Rmax_LTIR,-0.058902793299461687,0.08127422413641237,0.09752137609960876,0.00881286934211244
seasonal_sum_RDenY_120_200,thetaS,-0.01233988731569505,0.07570962146386769,0.09993828922988583,0.007248238552913184
seasonal_sum_RDenY_120_200,StayGreen,0.05036061904414791,0.05158344629960228,0.04550615854180518,0.0050102659487502935
seasonal_sum_RDenY_120_200,Ks,-0.047983998342722475,0.050720917946754165,0.040729045295534685,0.0043269542270902754
seasonal_sum_RDenY_120_200,thetaR,-0.0259840520313657,0.037145299701288464,0.04379009990196013,0.003936839355173393
seasonal_sum_RDenY_120_200,PhyllFrmTassel,0.02365169794860264,0.02559174957953381,0.02616827070528525,0.002830957510819818
seasonal_sum_RDenY_120_200,Diffz,0.024334718165347085,0.025017254492198163,0.021577984193935508,0.0023422223945630764
seasonal_sum_RDenY_120_200,Diffx,-0.007870172939108935,0.013158490060988116,0.01555213848491916,0.0012708589575550525
seasonal_sum_RDenY_20_40,JuvenileLeaves,0.7921921737532465,0.7921921737532465,0.36043481545971523,0.03997413286387645
seasonal_sum_RDenY_20_40,thetaS,-0.5419740109058676,0.5419740109058676,0.2923518313446884,0.03345046382765701
seasonal_sum_RDenY_20_40,LM_min,0.37787961902388206,0.3800689218415648,0.24424986488127925,0.027106565344908268
seasonal_sum_RDenY_20_40,n,0.28782322272836797,0.28874082788949923,0.20517890522821186,0.023338509014475217
seasonal_sum_RDenY_20_40,Rmax_LTAR,-0.1522818138728752,0.19002004172015224,0.22674555129847976,0.021937562213863063
seasonal_sum_RDenY_20_40,thetaR,0.10970976630357908,0.11420056276273584,0.09827921516280055,0.009984902038576125
seasonal_sum_RDenY_20_40,Ks,0.07017602662220308,0.07494530738486047,0.07389161134564182,0.007831639893832645
seasonal_sum_RDenY_20_40,Alfa,0.006678972456686121,0.06563453909602653,0.09407785652935893,0.007310870068360172
seasonal_sum_RDenY_20_40,Rmax_LTIR,0.015815628226781276,0.06284946302210981,0.12392592366209171,0.012352395603944574
seasonal_sum_RDenY_20_40,StayGreen,0.04429168853438442,0.05810860354017727,0.07669540417023091,0.007391800816308781
seasonal_sum_RDenY_20_40,PhyllFrmTassel,0.028265327379154284,0.034335405639277485,0.049233243960061936,0.005109989050261251
seasonal_sum_RDenY_20_40,Diffx,0.0029138511072683967,0.023803342002087172,0.03408223674331611,0.0027198442661585057
seasonal_sum_RDenY_20_40,Diffz,-0.0024232033620780287,0.01576072231172711,0.022617064180394716,0.0018563822445082892
seasonal_sum_RDenY_80_120,JuvenileLeaves,0.8514356875703796,0.8514356875703796,0.31255095922430143,0.035895998425183775
seasonal_sum_RDenY_80_120,LM_min,0.31048383747481134,0.33518654813639526,0.31608820698870804,0.032723922887144506
seasonal_sum_RDenY_80_120,Rmax_LTAR,-0.2977108723240393,0.3090893141729983,0.2520970159454588,0.026167585711271545
seasonal_sum_RDenY_80_120,thetaS,0.005491285609881788,0.17792706587775042,0.22989288174583455,0.01684217010453095
seasonal_sum_RDenY_80_120,n,-0.004442811299095734,0.14348628887922718,0.19933579067639332,0.015430796979334499
seasonal_sum_RDenY_80_120,Rmax_LTIR,-0.006460619427068246,0.07769559801748693,0.1277954545047121,0.011023716069034052
seasonal_sum_RDenY_80_120,thetaR,0.0006538467695335141,0.0711482408073098,0.10176291432571234,0.008474906971616365
seasonal_sum_RDenY_80_120,StayGreen,0.050149407501059215,0.057754874423190425,0.09525311901951608,0.01007678525371531
seasonal_sum_RDenY_80_120,Alfa,-0.016407286763901976,0.05524535116044556,0.07719665580919084,0.006428468404859239
seasonal_sum_RDenY_80_120,Ks,0.011336378344649022,0.051915168395714945,0.07443331028730872,0.006286752481261943
seasonal_sum_RDenY_80_120,PhyllFrmTassel,0.023831190383783445,0.027167611820612468,0.034690833010395404,0.0036249255575923987
seasonal_sum_RDenY_80_120,Diffx,-0.0016949696026162385,0.023279678369165287,0.0315386121378136,0.0023827578117298267
seasonal_sum_RDenY_80_120,Diffz,0.0006325817564914104,0.013165057636690194,0.018944990729460327,0.0015612199018948925
seasonal_sum_RMassM_0_10,thetaS,-0.740967242369433,0.740967242369433,0.4224148876315214,0.04835659776650428
seasonal_sum_RMassM_0_10,n,0.5421838759756514,0.5421838759756514,0.353509364948359,0.040111127320625314
seasonal_sum_RMassM_0_10,JuvenileLeaves,0.4754581619355021,0.4754581619355021,0.3434987775386184,0.03832959728246608
seasonal_sum_RMassM_0_10,LM_min,0.4217507266306589,0.4217507266306589,0.2951405528059358,0.03324238505720078
seasonal_sum_RMassM_0_10,thetaR,0.15869666183305312,0.15967126835594825,0.14250267220262597,0.01545403363782081
seasonal_sum_RMassM_0_10,Rmax_LTAR,0.11460174801932725,0.14502997046760546,0.173372006046623,0.01697929381215772
seasonal_sum_RMassM_0_10,StayGreen,0.1025274382807725,0.10934681876014277,0.12270047629989407,0.012763202718485049
seasonal_sum_RMassM_0_10,Alfa,0.09010766707697682,0.09699179006667007,0.11067248587864989,0.011776935754417312
seasonal_sum_RMassM_0_10,Diffz,0.09176458780914802,0.09214060508834698,0.0663274219507525,0.007238668946288889
seasonal_sum_RMassM_0_10,Ks,0.0842740381059904,0.08675219346188537,0.09590073727585423,0.01060905134959998
seasonal_sum_RMassM_0_10,Rmax_LTIR,0.009002135845986005,0.03655460701092062,0.07975837425674323,0.008386253020538302
seasonal_sum_RMassM_0_10,PhyllFrmTassel,0.012173968701372525,0.020638894454440226,0.03263613690662402,0.0031933467484013167
seasonal_sum_RMassM_0_10,Diffx,0.0040921574357982715,0.018665035384307364,0.03086149180667297,0.002782570097190896
seasonal_sum_RMassM_0_20,thetaS,-0.7464945278354986,0.7464945278354986,0.4037984251109746,0.04643934972448402
seasonal_sum_RMassM_0_20,JuvenileLeaves,0.5437866604887909,0.5437866604887909,0.36167677913565854,0.040189405835080495
seasonal_sum_RMassM_0_20,n,0.4525234126073248,0.4525234126073248,0.29447379698474807,0.033038458929330765
seasonal_sum_RMassM_0_20,LM_min,0.4174720494360241,0.4174720494360241,0.2803985530383335,0.03166857765266435
seasonal_sum_RMassM_0_20,thetaR,0.15737775131582224,0.15791262125507965,0.13311446493409398,0.014463985013010673
seasonal_sum_RMassM_0_20,Rmax_LTAR,0.0508537414326912,0.12497675779310503,0.1677790709602907,0.013651464714404081
seasonal_sum_RMassM_0_20,StayGreen,0.0962794592515403,0.10200594124478415,0.11048626297115999,0.011594633490727958
seasonal_sum_RMassM_0_20,Ks,0.0920846082554841,0.09304448623391376,0.08869133718652795,0.0100176789390294
seasonal_sum_RMassM_0_20,Alfa,0.04275212509510137,0.07482844167311335,0.10523546917214832,0.009462696443600562
seasonal_sum_RMassM_0_20,Rmax_LTIR,0.010348044774504999,0.040283326859834115,0.09071008633322802,0.0096143929225026
seasonal_sum_RMassM_0_20,Diffz,0.03533745064849609,0.037072833809211815,0.03480549507049454,0.0036345092311050554
seasonal_sum_RMassM_0_20,PhyllFrmTassel,0.016598820443563412,0.023485765916062433,0.03638359342412385,0.003651131283874588
seasonal_sum_RMassM_0_20,Diffx,0.004758886247626173,0.018295338940997084,0.029419009780201958,0.002631523928090873
seasonal_sum_RMassM_0_200,JuvenileLeaves,0.7910338248343115,0.7910338248343115,0.32984855799627055,0.03631648989735541
seasonal_sum_RMassM_0_200,n,0.5527101062729081,0.5527101062729081,0.23048488265871123,0.02624541173128153
seasonal_sum_RMassM_0_200,LM_min,0.4704232377958308,0.4704232377958308,0.22513351445566587,0.025159609180290567
seasonal_sum_RMassM_0_200,Rmax_LTAR,0.19524649550907702,0.2135526131517913,0.193729523206437,0.017921853521291504
seasonal_sum_RMassM_0_200,Alfa,0.19414651302046995,0.19414651302046995,0.08882853104100781,0.009667387043666273
seasonal_sum_RMassM_0_200,StayGreen,0.1637050211421764,0.1637050211421764,0.12129347828052335,0.013409887936251363
seasonal_sum_RMassM_0_200,Rmax_LTIR,-0.06415566849362907,0.08551728382755726,0.09338591868422173,0.008191382299101947
seasonal_sum_RMassM_0_200,thetaS,0.06132982260279686,0.07582154976646126,0.08269637338968493,0.007618755388110402
seasonal_sum_RMassM_0_200,Ks,-0.055686745079873354,0.057358874658521346,0.037753723552902414,0.004063605258183965
seasonal_sum_RMassM_0_200,thetaR,-0.04159404685286007,0.04448908807454097,0.038501470395935156,0.0038853355536502057
seasonal_sum_RMassM_0_200,Diffz,0.0365433322827416,0.036635816550387855,0.02372122169153732,0.002703916559520286
seasonal_sum_RMassM_0_200,PhyllFrmTassel,0.01684707407830367,0.017557369544624533,0.01937821221115532,0.002135831385798296
seasonal_sum_RMassM_0_200,Diffx,-0.012741344793591777,0.01577396680429895,0.015853768121006473,0.0014218786504156867
seasonal_sum_RMassM_10_20,thetaS,-0.7432870194756928,0.7432870194756928,0.39561127858930445,0.045606384790083
seasonal_sum_RMassM_10_20,JuvenileLeaves,0.5636573056713932,0.5636573056713932,0.3653432535346344,0.04066287084306343
seasonal_sum_RMassM_10_20,n,0.4207215238895742,0.4207215238895742,0.27571919010211404,0.0307979251914481
seasonal_sum_RMassM_10_20,LM_min,0.4137922555159537,0.4137922555159537,0.27466618095197,0.030948657304132376
seasonal_sum_RMassM_10_20,thetaR,0.1554384138685262,0.15596626707135747,0.12929329128075798,0.014065624848537187
seasonal_sum_RMassM_10_20,Rmax_LTAR,0.029311289117573552,0.12246299961491292,0.1700997383755136,0.013313618781708236
seasonal_sum_RMassM_10_20,StayGreen,0.09390757122271239,0.09942920172646327,0.1062408194741231,0.011163148168591508
seasonal_sum_RMassM_10_20,Ks,0.09366457313491813,0.0943669204496523,0.08596646568964073,0.009783566349335502
seasonal_sum_RMassM_10_20,Alfa,0.02668379477676037,0.07264505415916268,0.10435857250196338,0.008760677499387196
seasonal_sum_RMassM_10_20,Rmax_LTIR,0.010883496914128207,0.04166174472773703,0.09460651765003274,0.010047642693879245
seasonal_sum_RMassM_10_20,PhyllFrmTassel,0.017859683479348378,0.02448469723444912,0.03809507020665945,0.0038549473964337795
seasonal_sum_RMassM_10_20,Diffz,0.016537118910784274,0.021734843804642412,0.027504170398397653,0.002627376635523059
seasonal_sum_RMassM_10_20,Diffx,0.00491860612180002,0.018289512514205245,0.02901839706575434,0.0025770937536213827
seasonal_sum_RMassM_120_200,JuvenileLeaves,0.7865940447541554,0.7865940447541554,0.32983148128840467,0.0363450607428133
seasonal_sum_RMassM_120_200,n,0.5574627428016938,0.5574627428016938,0.23281032251227754,0.026486528694176063
seasonal_sum_RMassM_120_200,LM_min,0.46852884338596673,0.46852884338596673,0.22552754858958507,0.025183942858211232
seasonal_sum_RMassM_120_200,Rmax_LTAR,0.20148591406170904,0.2193329124696259,0.19703842017724188,0.01831151271631724
seasonal_sum_RMassM_120_200,Alfa,0.19729923188538095,0.19729923188538095,0.09040500346849761,0.009844948354317025
seasonal_sum_RMassM_120_200,StayGreen,0.16334520350981946,0.16334520350981946,0.12132134945888104,0.01340324620417808
seasonal_sum_RMassM_120_200,Rmax_LTIR,-0.06504677191075676,0.08580667883824428,0.09348649787106379,0.008263003016151148
seasonal_sum_RMassM_120_200,thetaS,0.06943455698804123,0.0823439876597673,0.08652835777529581,0.00816010085980133
seasonal_sum_RMassM_120_200,Ks,-0.05768084983836431,0.05925525631942567,0.038802183204524214,0.004201757929091057
seasonal_sum_RMassM_120_200,thetaR,-0.04365005075350898,0.04625219714623494,0.03930085377117195,0.004008702165260822
seasonal_sum_RMassM_120_200,Diffz,0.03702031907236141,0.037111249820619585,0.024062842755581876,0.002740310987076889
seasonal_sum_RMassM_120_200,PhyllFrmTassel,0.016650745626785403,0.017540654254516636,0.019832488457772295,0.002177385328328509
seasonal_sum_RMassM_120_200,Diffx,-0.01293405211894489,0.016002132670985218,0.016054630920188932,0.001440638733184207
seasonal_sum_RMassM_20_40,JuvenileLeaves,0.7673511935884458,0.7673511935884458,0.3606404775792271,0.03993045499664531
seasonal_sum_RMassM_20_40,thetaS,-0.5163712955174702,0.5163712955174702,0.2879885876510275,0.0331173221726713
seasonal_sum_RMassM_20_40,LM_min,0.44098054457088076,0.4419067222549819,0.2833119937189536,0.03153439941466939
seasonal_sum_RMassM_20_40,n,0.270213178850017,0.27052576379661564,0.19438084952796844,0.022317746228607997
seasonal_sum_RMassM_20_40,Rmax_LTAR,-0.14417468261776933,0.19165452189506774,0.23439936345314136,0.02219754832150277
seasonal_sum_RMassM_20_40,StayGreen,0.13088659097297775,0.133110711522469,0.11853490298291885,0.012881344947942706
seasonal_sum_RMassM_20_40,thetaR,0.09959027645786253,0.10468873510827677,0.09203635596543518,0.009356130192581405
seasonal_sum_RMassM_20_40,Ks,0.06974405828845333,0.0738697089558863,0.07291861303962237,0.007713229100112531
seasonal_sum_RMassM_20_40,Alfa,3.548460538508843e-05,0.06153430395214987,0.08944029732741803,0.007121878883567591
seasonal_sum_RMassM_20_40,Rmax_LTIR,0.015783444381447943,0.058305199389900544,0.1184086679251371,0.01187269521425503
seasonal_sum_RMassM_20_40,PhyllFrmTassel,0.025164120907036458,0.029431730945584652,0.042625009749619976,0.004534509756867201
seasonal_sum_RMassM_20_40,Diffx,0.002338512137976528,0.022084173692001226,0.03172955042421865,0.0025232160193241625
seasonal_sum_RMassM_20_40,Diffz,-0.0016651245211809459,0.013200711946513373,0.01981564052250176,0.0016816642441369431
seasonal_sum_RMassM_80_120,JuvenileLeaves,0.8223822398921923,0.8225228818688554,0.32520473875523326,0.03632486534737701
seasonal_sum_RMassM_80_120,LM_min,0.41543640021502637,0.42566507303269624,0.33671678014685175,0.036373078420706646
seasonal_sum_RMassM_80_120,Rmax_LTAR,-0.238212526198719,0.2622117133352738,0.25974157824900485,0.0262653940531451
seasonal_sum_RMassM_80_120,thetaS,-0.08998304739633035,0.19315914789588937,0.22722098157728232,0.017062369525548293
seasonal_sum_RMassM_80_120,StayGreen,0.1613577448659069,0.16143847916359785,0.14883332216355502,0.016672652351403933
seasonal_sum_RMassM_80_120,n,0.03688143717432883,0.1404159883460138,0.18268389979321542,0.01369151668299509
seasonal_sum_RMassM_80_120,Rmax_LTIR,-0.010181879392483816,0.07435646565412478,0.12130529113451888,0.010503816306653984
seasonal_sum_RMassM_80_120,thetaR,0.017042767682353136,0.06717380576397437,0.09262804518765991,0.00758009946894389
seasonal_sum_RMassM_80_120,Alfa,-0.01731349607545449,0.052868961406863944,0.07537629285987531,0.006427019115247657
seasonal_sum_RMassM_80_120,Ks,0.02312215712787064,0.051240944043514765,0.07063936796674083,0.006082470062734419
seasonal_sum_RMassM_80_120,PhyllFrmTassel,0.019138287631195357,0.021298344937278203,0.029027260001270278,0.0031042949773872003
seasonal_sum_RMassM_80_120,Diffx,-0.0004180334911714186,0.02032490075230401,0.028068795472395363,0.0021229119145737517
seasonal_sum_RMassM_80_120,Diffz,0.000794080136635178,0.011420738731114885,0.017361514261206037,0.0015000682895511652
seasonal_sum_RMassY_0_10,thetaS,-0.7186690110447491,0.7186690110447491,0.4138105120707391,0.04744440178353653
seasonal_sum_RMassY_0_10,n,0.598924951587162,0.598924951587162,0.3658890701663758,0.041759329923012616
seasonal_sum_RMassY_0_10,JuvenileLeaves,0.49421614059793284,0.49421614059793284,0.3405856150622722,0.038037554378263255
seasonal_sum_RMassY_0_10,LM_min,0.37260551124706626,0.37260551124706626,0.26942603055414915,0.030339287129957596
seasonal_sum_RMassY_0_10,thetaR,0.15698991544545124,0.15903686064182745,0.14541950293418104,0.015692131550098028
seasonal_sum_RMassY_0_10,Rmax_LTAR,0.10427133530863184,0.1365845031413029,0.1697123723154591,0.016513324564934925
seasonal_sum_RMassY_0_10,Alfa,0.12199871549949312,0.12580710806808348,0.12320973436583116,0.013519957308113938
seasonal_sum_RMassY_0_10,Diffz,0.09420893912096616,0.09469743705407015,0.06840250005214014,0.0074473774404191
seasonal_sum_RMassY_0_10,Ks,0.07358535127656116,0.0804279144193713,0.09889814855705753,0.010588942257103618
seasonal_sum_RMassY_0_10,StayGreen,0.04449586354698149,0.06562328251673066,0.09099577683388488,0.008311720399712706
seasonal_sum_RMassY_0_10,Rmax_LTIR,0.00753896931565203,0.0393236392744512,0.08096789053363479,0.008319281796296527
seasonal_sum_RMassY_0_10,PhyllFrmTassel,0.013282523328832998,0.023620248718484605,0.03791330804025363,0.0036540755437049124
seasonal_sum_RMassY_0_10,Diffx,0.003975221728554397,0.02058837794986426,0.03388064470243073,0.003038561046443691
seasonal_sum_RMassY_0_20,thetaS,-0.749213458934862,0.749213458934862,0.40213617781723215,0.04627885385123322
seasonal_sum_RMassY_0_20,JuvenileLeaves,0.5590192480974128,0.5590192480974128,0.36294832544107275,0.04022683855006414
seasonal_sum_RMassY_0_20,n,0.4824184504355624,0.4824184504355624,0.30168454778120707,0.03401776228824945
seasonal_sum_RMassY_0_20,LM_min,0.37280889177153687,0.37280889177153687,0.2564019473168979,0.028936680392115412
seasonal_sum_RMassY_0_20,thetaR,0.16035040485266341,0.16118219000228032,0.13584211916083205,0.014727161087728256
seasonal_sum_RMassY_0_20,Rmax_LTAR,0.04987895107460185,0.12418868692562962,0.1645152048472942,0.013068114658297988
seasonal_sum_RMassY_0_20,Ks,0.0882842175594486,0.09004402263170701,0.08860273751824789,0.009950186192237954
seasonal_sum_RMassY_0_20,Alfa,0.05828642866420855,0.08322652693664387,0.11072419994931151,0.010446971282783388
seasonal_sum_RMassY_0_20,StayGreen,0.0379616020525252,0.05624895567363558,0.07665822783112376,0.007084310572608447
seasonal_sum_RMassY_0_20,Rmax_LTIR,0.009582268868677905,0.042418808216233665,0.09012057245395297,0.009395596819600395
seasonal_sum_RMassY_0_20,Diffz,0.03567599162014764,0.03778050748341762,0.03691705053358443,0.003822572713293766
seasonal_sum_RMassY_0_20,PhyllFrmTassel,0.01725945464305084,0.025711377867563633,0.040005752859283,0.00392498792535695
seasonal_sum_RMassY_0_20,Diffx,0.00472916785871998,0.01987080678050639,0.03240251341123786,0.002902192075051231
seasonal_sum_RMassY_0_200,JuvenileLeaves,0.8407620099537724,0.8407620099537724,0.31485200035977495,0.03442396727069886
seasonal_sum_RMassY_0_200,n,0.5844920169652501,0.5844920169652501,0.24275033739944324,0.027932855407051826
seasonal_sum_RMassY_0_200,LM_min,0.39571269346317944,0.39571269346317944,0.1922160642764413,0.021474242877794023
seasonal_sum_RMassY_0_200,Alfa,0.18780899734911258,0.18780899734911258,0.08694940393818092,0.009558416611489713
seasonal_sum_RMassY_0_200,Rmax_LTAR,0.10641955868663944,0.14391184695235906,0.16464033015943252,0.014209761777182594
seasonal_sum_RMassY_0_200,Rmax_LTIR,-0.05783226492545528,0.08075862053548462,0.09734449975531975,0.008743327736495343
seasonal_sum_RMassY_0_200,thetaS,-0.02128464615500347,0.07485888342668673,0.09575331115946414,0.006951918457416309
seasonal_sum_RMassY_0_200,StayGreen,0.050606164879060556,0.051648958457907866,0.045356853382827134,0.005022785795534675
seasonal_sum_RMassY_0_200,Ks,-0.045590781268026605,0.04863891361245864,0.039503028004740454,0.004135849811808899
seasonal_sum_RMassY_0_200,thetaR,-0.023500960513942085,0.03580287287721834,0.042647919368100334,0.0037428243637594814
seasonal_sum_RMassY_0_200,PhyllFrmTassel,0.02388930337174293,0.025479063568005535,0.025431244380229666,0.0027753444224485617
seasonal_sum_RMassY_0_200,Diffz,0.02398663314933569,0.024654493147377436,0.021238495249281127,0.0023098290231212334
seasonal_sum_RMassY_0_200,Diffx,-0.007708090067732348,0.012961886721361632,0.015356191560674906,0.0012580113457486847
seasonal_sum_RMassY_10_20,thetaS,-0.7524006636629695,0.7524006636629695,0.39498026756836907,0.04556841871252294
seasonal_sum_RMassY_10_20,JuvenileLeaves,0.5778725788924371,0.5778725788924371,0.3675723178276086,0.040802456163321656
seasonal_sum_RMassY_10_20,n,0.4368567005096446,0.4368567005096446,0.28011873557676237,0.031397544794553554
seasonal_sum_RMassY_10_20,LM_min,0.3697528469409267,0.3697528469409267,0.25099636829772254,0.0282263082820193
seasonal_sum_RMassY_10_20,thetaR,0.1596546170773389,0.1603146163551143,0.13212035142409148,0.014345145731610233
seasonal_sum_RMassY_10_20,Rmax_LTAR,0.02941893084427939,0.12155820490318679,0.1668521621448227,0.012828053524881398
seasonal_sum_RMassY_10_20,Ks,0.09229470693814323,0.09356012231157214,0.08536923676150385,0.009706590905079105
seasonal_sum_RMassY_10_20,Alfa,0.034698474042605,0.0763582030590275,0.10798628104759538,0.009321787555913527
seasonal_sum_RMassY_10_20,StayGreen,0.03517811072029609,0.052798274139058424,0.0717503312773123,0.006664521568662663
seasonal_sum_RMassY_10_20,Rmax_LTIR,0.010368721999693943,0.04356133405221502,0.09337659802251402,0.00977151397023862
seasonal_sum_RMassY_10_20,PhyllFrmTassel,0.018448105546113668,0.026489747734694074,0.04131845905448989,0.004089660145548439
seasonal_sum_RMassY_10_20,Diffz,0.013890122918058663,0.021479905143291813,0.02927225417634647,0.002713523364602921
seasonal_sum_RMassY_10_20,Diffx,0.004934769768154998,0.01968564900635328,0.03185270644192821,0.002839095714767237
seasonal_sum_RMassY_120_200,JuvenileLeaves,0.8360035095884781,0.8360035095884781,0.3153262046507626,0.03451066997088736
seasonal_sum_RMassY_120_200,n,0.5908917964683593,0.5908917964683593,0.24571815790315452,0.02824897948079611
seasonal_sum_RMassY_120_200,LM_min,0.3939939491460576,0.3939939491460576,0.19334604410888795,0.021548445471720603
seasonal_sum_RMassY_120_200,Alfa,0.19156780220153855,0.19156780220153855,0.08879807749037157,0.009758409430725186
seasonal_sum_RMassY_120_200,Rmax_LTAR,0.11342890319208825,0.1501338162753133,0.16893570841752634,0.014666596239418952
seasonal_sum_RMassY_120_200,Rmax_LTIR,-0.058911374669494074,0.08128035926584963,0.09752564662883224,0.008813494225606896
seasonal_sum_RMassY_120_200,thetaS,-0.012348297285411723,0.07570890766043367,0.0999381651326238,0.007248457138050888
seasonal_sum_RMassY_120_200,StayGreen,0.05035679365581314,0.051578112010208677,0.045502454536025756,0.005010013360373034
seasonal_sum_RMassY_120_200,Ks,-0.047979709352619124,0.050716510289977194,0.04073078604066812,0.004327102826883708
seasonal_sum_RMassY_120_200,thetaR,-0.025989256432421375,0.037146358279604635,0.04379761530724322,0.003938697647693116
seasonal_sum_RMassY_120_200,PhyllFrmTassel,0.023655072566496235,0.025593799569711004,0.02616724544969989,0.002830829740041942
seasonal_sum_RMassY_120_200,Diffz,0.024332931068698375,0.025016634031479336,0.02158033576239203,0.0023425145783630068
seasonal_sum_RMassY_120_200,Diffx,-0.007865960695381246,0.013155436906527021,0.015548573160055697,0.001270722576920169
seasonal_sum_RMassY_20_40,JuvenileLeaves,0.7921868979469866,0.7921868979469866,0.3604339050547951,0.03997421286903863
seasonal_sum_RMassY_20_40,thetaS,-0.5419808711854028,0.5419808711854028,0.29234634513617946,0.03344895074328813
seasonal_sum_RMassY_20_40,LM_min,0.377876027382675,0.3800619666588225,0.2442375366066611,0.027105419016554107
seasonal_sum_RMassY_20_40,n,0.2878365947757988,0.28875842807014135,0.20516646257374488,0.023336153614783868
seasonal_sum_RMassY_20_40,Rmax_LTAR,-0.152292934625081,0.19002150239488444,0.22674438434061384,0.021937920698292517
seasonal_sum_RMassY_20_40,thetaR,0.10971386457870483,0.1141997408340591,0.09827563796752295,0.009985994050182724
seasonal_sum_RMassY_20_40,Ks,0.0701692552318673,0.07493518409860171,0.07386686050074874,0.00782858916521864
seasonal_sum_RMassY_20_40,Alfa,0.006686446596596121,0.0656230628783755,0.09406416056177226,0.007310255568772016
seasonal_sum_RMassY_20_40,Rmax_LTIR,0.015831662709179833,0.06284010267170476,0.12391819495129476,0.012351917417947987
seasonal_sum_RMassY_20_40,StayGreen,0.04428217413244692,0.058108065341074315,0.07669374684849227,0.007390582057431364
seasonal_sum_RMassY_20_40,PhyllFrmTassel,0.028277222958326836,0.03434165103727013,0.049240877899011666,0.005111201822035173
seasonal_sum_RMassY_20_40,Diffx,0.002925646936118963,0.02378556618991576,0.03406271144225689,0.0027191306076276255
seasonal_sum_RMassY_20_40,Diffz,-0.0024243180898389617,0.015755272750794837,0.022626794324829166,0.0018588097622075144
seasonal_sum_RMassY_80_120,JuvenileLeaves,0.8514349681689896,0.8514349681689896,0.31254362123979185,0.03589528997121467
seasonal_sum_RMassY_80_120,LM_min,0.31047974594707617,0.3351871496631703,0.3160965502042954,0.03272459923074917
seasonal_sum_RMassY_80_120,Rmax_LTAR,-0.2976838153131924,0.3090691908044106,0.25206756618212517,0.02616412285767326
seasonal_sum_RMassY_80_120,thetaS,0.005483403259103737,0.17793446773638602,0.22990035935260997,0.016842859041721177
seasonal_sum_RMassY_80_120,n,-0.0044434134896957625,0.14351712683282922,0.19936633197401446,0.015431792172987057
seasonal_sum_RMassY_80_120,Rmax_LTIR,-0.006468742857581896,0.07769406310044573,0.12780221375423975,0.011025223929170278
seasonal_sum_RMassY_80_120,thetaR,0.0006581678597821877,0.07113719063543306,0.10175667961229319,0.008476557393477262
seasonal_sum_RMassY_80_120,StayGreen,0.05015495742603125,0.05778096796843016,0.09527404337164662,0.010076939708330372
seasonal_sum_RMassY_80_120,Alfa,-0.01641805268169603,0.05521886970112147,0.07720759765851236,0.006433761465614447
seasonal_sum_RMassY_80_120,Ks,0.011368992425252255,0.051913347005793704,0.07448564587828922,0.006295039071911991
seasonal_sum_RMassY_80_120,PhyllFrmTassel,0.02380820613411069,0.027168253381823396,0.0346875237432558,0.003622651931187207
seasonal_sum_RMassY_80_120,Diffx,-0.001683417935834292,0.023298328945703748,0.031560826230668096,0.002384402607370558
seasonal_sum_RMassY_80_120,Diffz,0.0006158805839530325,0.0131739560394901,0.018963790092406587,0.001561869484539132
seasonal_sum_RNC,JuvenileLeaves,0.0,0.0,0.0,0.0
seasonal_sum_RNC,Rmax_LTAR,0.0,0.0,0.0,0.0
seasonal_sum_RNC,Rmax_LTIR,0.0,0.0,0.0,0.0
seasonal_sum_RNC,PhyllFrmTassel,0.0,0.0,0.0,0.0
seasonal_sum_RNC,StayGreen,0.0,0.0,0.0,0.0
seasonal_sum_RNC,LM_min,0.0,0.0,0.0,0.0
seasonal_sum_RNC,Diffx,0.0,0.0,0.0,0.0
seasonal_sum_RNC,Diffz,0.0,0.0,0.0,0.0
seasonal_sum_RNC,thetaR,0.0,0.0,0.0,0.0
seasonal_sum_RNC,thetaS,0.0,0.0,0.0,0.0
seasonal_sum_RNC,Alfa,0.0,0.0,0.0,0.0
seasonal_sum_RNC,n,0.0,0.0,0.0,0.0
seasonal_sum_RNC,Ks,0.0,0.0,0.0,0.0
seasonal_sum_RNS,JuvenileLeaves,0.0,0.0,0.0,0.0
seasonal_sum_RNS,Rmax_LTAR,0.0,0.0,0.0,0.0
seasonal_sum_RNS,Rmax_LTIR,0.0,0.0,0.0,0.0
seasonal_sum_RNS,PhyllFrmTassel,0.0,0.0,0.0,0.0
seasonal_sum_RNS,StayGreen,0.0,0.0,0.0,0.0
seasonal_sum_RNS,LM_min,0.0,0.0,0.0,0.0
seasonal_sum_RNS,Diffx,0.0,0.0,0.0,0.0
seasonal_sum_RNS,Diffz,0.0,0.0,0.0,0.0
seasonal_sum_RNS,thetaR,0.0,0.0,0.0,0.0
seasonal_sum_RNS,thetaS,0.0,0.0,0.0,0.0
seasonal_sum_RNS,Alfa,0.0,0.0,0.0,0.0
seasonal_sum_RNS,n,0.0,0.0,0.0,0.0
seasonal_sum_RNS,Ks,0.0,0.0,0.0,0.0
seasonal_sum_SoilEA,LM_min,-0.6423771863911181,0.6442781986094627,0.29649861699838087,0.03245807960639915
seasonal_sum_SoilEA,JuvenileLeaves,-0.6069081821266633,0.6069081821266633,0.25391679077541557,0.028847543927586906
seasonal_sum_SoilEA,n,-0.562804082496015,0.5633699349768077,0.24719685780949846,0.028196856747487946
seasonal_sum_SoilEA,thetaS,0.31462912333702825,0.31462912333702825,0.14367097752049066,0.016577132519884078
seasonal_sum_SoilEA,StayGreen,-0.24708749520883772,0.2540017589251435,0.14832539431919306,0.01541697599759616
seasonal_sum_SoilEA,Alfa,-0.22345414782413703,0.22394843971777825,0.10873823684801982,0.01223852234840763
seasonal_sum_SoilEA,Rmax_LTAR,-0.047294214964579674,0.10398007349662163,0.13482654286967263,0.010761460297500509
seasonal_sum_SoilEA,thetaR,-0.049537773565593746,0.053469555646328645,0.04702446624641883,0.004885334067132246
seasonal_sum_SoilEA,Ks,0.03572720358562716,0.0462274167445677,0.05081845722948224,0.0048216684371324755
seasonal_sum_SoilEA,Diffx,-4.721507169319942e-05,0.010923213271405142,0.01693914814396182,0.0014404782662293632
seasonal_sum_SoilEA,Diffz,-0.004425482946322633,0.010600571795796546,0.01724865719647226,0.0015700963011367225
seasonal_sum_SoilEA,Rmax_LTIR,-0.006051690158634028,0.009539770631008138,0.016400402317199494,0.0016588625591192373
seasonal_sum_SoilEA,PhyllFrmTassel,-0.0021761251418842523,0.0038990433382564923,0.006848958113668733,0.0006809594676864231
seasonal_sum_WATACT,StayGreen,0.8087080069023574,0.8087080069023574,0.3941827932593833,0.04535608330910023
seasonal_sum_WATACT,LM_min,0.555625970446396,0.555625970446396,0.3852405697114125,0.04359606977345282
seasonal_sum_WATACT,Rmax_LTAR,-0.17600708722859384,0.23582692063941132,0.34534093189435416,0.034010376680218904
seasonal_sum_WATACT,JuvenileLeaves,-0.12168945403986958,0.21335815447708698,0.2935441834314964,0.02699576678882845
seasonal_sum_WATACT,n,-0.03516234762022513,0.035786991908375386,0.13015121962764714,0.014574391261009633
seasonal_sum_WATACT,Alfa,-0.01792583942362002,0.018597632916654262,0.09806498056497141,0.010787991198848866
seasonal_sum_WATACT,thetaS,0.011950667317055847,0.01433965661816871,0.08682241357115691,0.009510661286996848
seasonal_sum_WATACT,thetaR,-0.008277072961024376,0.011194269704495064,0.08090520085675539,0.009228666791782287
seasonal_sum_WATACT,Ks,0.005294937658105655,0.01045037767488268,0.0766796155774446,0.00872063451550341
seasonal_sum_WATACT,Rmax_LTIR,-0.0029796631807890374,0.007474868974104408,0.06333743217698601,0.0073724138388239265
seasonal_sum_WATACT,Diffz,-0.0002995564671994923,0.0006027970300893226,0.006605138869427015,0.0007268249166399687
seasonal_sum_WATACT,PhyllFrmTassel,0.0,0.0,0.0,0.0
seasonal_sum_WATACT,Diffx,0.0,0.0,0.0,0.0
seasonal_sum_WATPOT,StayGreen,0.8087654083323877,0.8087654083323877,0.39453599459324523,0.04529982258172242
seasonal_sum_WATPOT,LM_min,0.5567184479946775,0.5567184479946775,0.38475557606932165,0.04348398947530307
seasonal_sum_WATPOT,Rmax_LTAR,-0.17716483297078917,0.23315542055223754,0.3366346318372521,0.033330754352767236
seasonal_sum_WATPOT,JuvenileLeaves,-0.1196554488003234,0.21202419209465925,0.2926327305216517,0.026856915972381486
seasonal_sum_WATPOT,n,-0.034574111516440555,0.035707314520248376,0.12727110797397215,0.014204357323934573
seasonal_sum_WATPOT,Alfa,-0.01787840224957357,0.018624204748325057,0.09844976756897816,0.010840958923501901
seasonal_sum_WATPOT,thetaS,0.011942021016662136,0.014106037575694877,0.0867739797283154,0.009537010385370612
seasonal_sum_WATPOT,thetaR,-0.008267004473528485,0.01106299584772775,0.07965335916576305,0.009096203900837931
seasonal_sum_WATPOT,Ks,0.005680366263219416,0.010835723113607414,0.07762914066953906,0.00880715825909642
seasonal_sum_WATPOT,Rmax_LTIR,-0.0030282503727600226,0.0069701641643402975,0.05885696949778895,0.006861573891615465
seasonal_sum_WATPOT,Diffz,-0.0004365945831063049,0.0007100367978299068,0.007587957513168936,0.0008253704466273464
seasonal_sum_WATPOT,PhyllFrmTassel,0.0,0.0,0.0,0.0
seasonal_sum_WATPOT,Diffx,0.0,0.0,0.0,0.0
seasonal_sum_WATRAT,StayGreen,0.8095167052517801,0.8095167052517801,0.39272038841347834,0.04520577963485771
seasonal_sum_WATRAT,LM_min,0.5555137532473692,0.5555137532473692,0.3836021250243832,0.043406664406021006
seasonal_sum_WATRAT,Rmax_LTAR,-0.17472130691607346,0.23488188374595173,0.3439254093213003,0.033850617928224525
seasonal_sum_WATRAT,JuvenileLeaves,-0.1227043010256792,0.2130626997935668,0.29269821198825546,0.026982913546138146
seasonal_sum_WATRAT,n,-0.03519180100697811,0.03580031473856421,0.13022338160896066,0.014584031753691478
seasonal_sum_WATRAT,Alfa,-0.01798997123425028,0.018680754469677374,0.09832251408289089,0.010814257058324497
seasonal_sum_WATRAT,thetaS,0.011985308429715907,0.014369909135906076,0.08694122012682877,0.009523620198191423
seasonal_sum_WATRAT,thetaR,-0.008279093638610452,0.011216612755597741,0.08097528368879461,0.00923384872205488
seasonal_sum_WATRAT,Ks,0.005254820603053536,0.010430575424086102,0.0766480549161818,0.0087179577159211
seasonal_sum_WATRAT,Rmax_LTIR,-0.003004993180801896,0.007520520025234367,0.06365162938711952,0.0074082691882817265
seasonal_sum_WATRAT,Diffz,-0.0002922751287295388,0.0006102223873440068,0.0066839668029649284,0.0007355903558712545
seasonal_sum_WATRAT,PhyllFrmTassel,0.0,0.0,0.0,0.0
seasonal_sum_WATRAT,Diffx,0.0,0.0,0.0,0.0
seasonal_sum_WATTSM,JuvenileLeaves,0.0,0.0,0.0,0.0
seasonal_sum_WATTSM,Rmax_LTAR,0.0,0.0,0.0,0.0
seasonal_sum_WATTSM,Rmax_LTIR,0.0,0.0,0.0,0.0
seasonal_sum_WATTSM,PhyllFrmTassel,0.0,0.0,0.0,0.0
seasonal_sum_WATTSM,StayGreen,0.0,0.0,0.0,0.0
seasonal_sum_WATTSM,LM_min,0.0,0.0,0.0,0.0
seasonal_sum_WATTSM,Diffx,0.0,0.0,0.0,0.0
seasonal_sum_WATTSM,Diffz,0.0,0.0,0.0,0.0
seasonal_sum_WATTSM,thetaR,0.0,0.0,0.0,0.0
seasonal_sum_WATTSM,thetaS,0.0,0.0,0.0,0.0
seasonal_sum_WATTSM,Alfa,0.0,0.0,0.0,0.0
seasonal_sum_WATTSM,n,0.0,0.0,0.0,0.0
seasonal_sum_WATTSM,Ks,0.0,0.0,0.0,0.0
seasonal_sum_WaterSink_0_10,thetaS,-0.7132519415876408,0.7132519415876408,0.4697213006313069,0.053704308677567564
seasonal_sum_WaterSink_0_10,JuvenileLeaves,0.48333269712277305,0.48333269712277305,0.41686269053345637,0.04778063611701615
seasonal_sum_WaterSink_0_10,LM_min,0.44010121015904685,0.44010121015904685,0.3729436732106829,0.041101996551095595
seasonal_sum_WaterSink_0_10,n,0.3486942841739662,0.3535879844947922,0.36040944138248965,0.04073646183917667
seasonal_sum_WaterSink_0_10,Rmax_LTAR,0.1504957866054696,0.1704164732598336,0.23330292414736825,0.02561099101919966
seasonal_sum_WaterSink_0_10,thetaR,0.16587022321737915,0.1665205537548776,0.20650179124829404,0.022793160943645537
seasonal_sum_WaterSink_0_10,StayGreen,0.10514587423203155,0.10524305050998176,0.13309591391601713,0.014826602778957297
seasonal_sum_WaterSink_0_10,Alfa,0.06716938720232744,0.10304915236504542,0.15522506015962945,0.01513555813384185
seasonal_sum_WaterSink_0_10,Ks,0.09007468091752473,0.09418189338786251,0.14804388465962967,0.016734408233245356
seasonal_sum_WaterSink_0_10,Diffz,0.0471144956759348,0.0519574019829577,0.053557742492182585,0.005441583426807511
seasonal_sum_WaterSink_0_10,Rmax_LTIR,0.012376810543259694,0.030453475059118596,0.09260434623392975,0.010249209994573176
seasonal_sum_WaterSink_0_10,Diffx,0.00740131713525629,0.017301253619445404,0.048363051521363776,0.005270484394399928
seasonal_sum_WaterSink_0_10,PhyllFrmTassel,0.00388657862195292,0.011858243274496982,0.027050394925488917,0.0027264096782142195
seasonal_sum_WaterSink_0_20,thetaS,-0.7219963155914622,0.7219963155914622,0.4256625435855853,0.04929377599670678
seasonal_sum_WaterSink_0_20,JuvenileLeaves,0.5207961805092777,0.5207961805092777,0.40190933253494454,0.04648800280995389
seasonal_sum_WaterSink_0_20,LM_min,0.4211483709815092,0.4211483709815092,0.3367945223756015,0.036775362845399305
seasonal_sum_WaterSink_0_20,n,0.3132699652807088,0.31523552905341035,0.3119716847375721,0.03432305137496379
seasonal_sum_WaterSink_0_20,thetaR,0.16097893461750454,0.16143068494598942,0.22630908754614523,0.02505815530113601
seasonal_sum_WaterSink_0_20,Rmax_LTAR,0.10766441128523768,0.13922626780801708,0.2233329469120376,0.02312172082544297
seasonal_sum_WaterSink_0_20,Alfa,0.05075937754207025,0.09541379493364055,0.17095360801014076,0.017606711176490906
seasonal_sum_WaterSink_0_20,StayGreen,0.0858787896456785,0.08593249818828702,0.1124118989212926,0.012327216308399178
seasonal_sum_WaterSink_0_20,Ks,0.07813897636796643,0.08317791878697556,0.15592714060375226,0.017675157603570628
seasonal_sum_WaterSink_0_20,Rmax_LTIR,0.013943587054675938,0.0322656428928479,0.10709369322733824,0.012041467130715106
seasonal_sum_WaterSink_0_20,Diffz,0.01776570365928321,0.02393445170668033,0.04548654348620829,0.004829340907906577
seasonal_sum_WaterSink_0_20,Diffx,0.009821044636990113,0.017938048810209526,0.05382776238238263,0.005991220681016341
seasonal_sum_WaterSink_0_20,PhyllFrmTassel,0.007660496294389763,0.01525926003589562,0.04257843095748094,0.004670969389209377
seasonal_sum_WaterSink_0_200,JuvenileLeaves,0.7214899024255101,0.7214899024255101,0.3426676409014339,0.03914252840220376
seasonal_sum_WaterSink_0_200,LM_min,0.5990125774073907,0.5990125774073907,0.31370455224896593,0.035956187914007544
seasonal_sum_WaterSink_0_200,thetaS,-0.3631760169432581,0.37550345804018714,0.3133505178783461,0.03328112881526736
seasonal_sum_WaterSink_0_200,n,0.3687578027271135,0.36975321776754994,0.28258901305962075,0.03212921388033142
seasonal_sum_WaterSink_0_200,StayGreen,0.12841337954756515,0.12962733557365838,0.09821534044564847,0.010675944986436415
seasonal_sum_WaterSink_0_200,Alfa,0.1263764792289129,0.12798594236378324,0.08745647192605015,0.009738699639023532
seasonal_sum_WaterSink_0_200,Rmax_LTAR,0.05786387990932287,0.09017565961280573,0.11505997407819415,0.010155027947401956
seasonal_sum_WaterSink_0_200,thetaR,0.05513078738365515,0.07177710718772384,0.08272819498822782,0.007853160735643483
seasonal_sum_WaterSink_0_200,Ks,0.0034801979507880663,0.03720858758404256,0.05273412247376279,0.004331575842074158
seasonal_sum_WaterSink_0_200,Rmax_LTIR,-0.008820496099142839,0.022297411841685127,0.03492717366666852,0.003129856177973049
seasonal_sum_WaterSink_0_200,PhyllFrmTassel,0.004891119558213253,0.012740289954881157,0.019050647513542077,0.0016572868658607529
seasonal_sum_WaterSink_0_200,Diffz,0.0056821751632505,0.012067533700448387,0.016814080023685295,0.0014518219988296222
seasonal_sum_WaterSink_0_200,Diffx,-0.0012513971707317016,0.009893565569609374,0.01493661688026578,0.0012536678923644668
seasonal_sum_WaterSink_10_20,thetaS,-0.6992869270799612,0.7155138782118404,0.44493863650377175,0.04852988182560803
seasonal_sum_WaterSink_10_20,JuvenileLeaves,0.5152021494460537,0.5224246553620133,0.41732697301245447,0.047163843128165385
seasonal_sum_WaterSink_10_20,LM_min,0.40199246236441716,0.40707100723278,0.34721358409459224,0.03715547443344672
seasonal_sum_WaterSink_10_20,n,0.27395795374506204,0.3287294598693604,0.36899599116990117,0.03531091321640336
seasonal_sum_WaterSink_10_20,thetaR,0.14779923228023045,0.1690167130312559,0.25674593721162225,0.027000817581529068
seasonal_sum_WaterSink_10_20,Rmax_LTAR,0.08424319533002189,0.1494562714328332,0.2493353256658922,0.02431333917854678
seasonal_sum_WaterSink_10_20,Alfa,0.04079570259390346,0.10381717501790941,0.19269414633844428,0.01958159110055805
seasonal_sum_WaterSink_10_20,Ks,0.06516305173633453,0.09103590754766482,0.18653270262257776,0.02039325321399145
seasonal_sum_WaterSink_10_20,StayGreen,0.07659800703774984,0.07849327480657019,0.111766668226987,0.012201425093432531
seasonal_sum_WaterSink_10_20,Rmax_LTIR,0.015262266960059506,0.03456733097980094,0.11445502068017785,0.012894792266084093
seasonal_sum_WaterSink_10_20,PhyllFrmTassel,0.007644446711180925,0.020060758270842475,0.06053824472823295,0.006780943276406499
seasonal_sum_WaterSink_10_20,Diffx,0.011157673798694813,0.01981984105087551,0.0593605305160907,0.006624019664754994
seasonal_sum_WaterSink_10_20,Diffz,0.005159466979419484,0.017206391922543234,0.04892220636375797,0.005223944560938807
seasonal_sum_WaterSink_120_200,JuvenileLeaves,0.7169881766378137,0.7169881766378137,0.34210613868591233,0.039057211830488645
seasonal_sum_WaterSink_120_200,LM_min,0.5954994495071805,0.5954994495071805,0.314086864802292,0.036032009578050125
seasonal_sum_WaterSink_120_200,thetaS,-0.35568030291930064,0.3742960770227823,0.32279903874747906,0.03348252329316794
seasonal_sum_WaterSink_120_200,n,0.3716345230262416,0.37334118289103146,0.29206490551104025,0.03310490888888619
seasonal_sum_WaterSink_120_200,Alfa,0.12921747108706755,0.13093055637520284,0.08920396707949145,0.009910750763219216
seasonal_sum_WaterSink_120_200,StayGreen,0.12856774308975624,0.12990856228290446,0.09970288484257202,0.010830104293100482
seasonal_sum_WaterSink_120_200,Rmax_LTAR,0.05550305905676177,0.09073145445814679,0.11630066151459491,0.010089793101499123
seasonal_sum_WaterSink_120_200,thetaR,0.05280353346642024,0.07266867463428056,0.08519319683054477,0.007919931039293995
seasonal_sum_WaterSink_120_200,Ks,0.001580768929492466,0.03851425931738165,0.05462762017545911,0.004499480518611663
seasonal_sum_WaterSink_120_200,Rmax_LTIR,-0.009341624790790029,0.02294137312591003,0.03564070901356678,0.0031708256287987257
seasonal_sum_WaterSink_120_200,PhyllFrmTassel,0.004829884926181466,0.013217501484758015,0.019776411735560703,0.0017143693469698698
seasonal_sum_WaterSink_120_200,Diffz,0.005471584721236339,0.01218653493209192,0.01708610774250009,0.001472223104281993
seasonal_sum_WaterSink_120_200,Diffx,-0.0013193140355716422,0.01002548419305808,0.015283248297416908,0.0012940203829043158
seasonal_sum_WaterSink_20_40,thetaS,0.43220715720551445,0.5261943079222381,0.5101816576947711,0.047374186018334395
seasonal_sum_WaterSink_20_40,JuvenileLeaves,-0.06722896262311456,0.4945736413990056,0.6178873299302511,0.044091143534202515
seasonal_sum_WaterSink_20_40,LM_min,0.17769726185448845,0.4834555224636197,0.5723635662222771,0.039188767761395876
seasonal_sum_WaterSink_20_40,n,-0.45035082220304806,0.4600956203164939,0.3652442706889569,0.04061399994543792
seasonal_sum_WaterSink_20_40,Rmax_LTAR,0.07327474736338602,0.27056389394641617,0.3988459503006239,0.03297836609961522
seasonal_sum_WaterSink_20_40,Alfa,-0.15070940654172704,0.1858055980653564,0.22168088173145525,0.022110050419492003
seasonal_sum_WaterSink_20_40,thetaR,-0.06570279690682074,0.17452810278197498,0.25281350218765153,0.022475633980070315
seasonal_sum_WaterSink_20_40,StayGreen,0.0783923896860914,0.13791852634775736,0.19210744066606317,0.017048823187692425
seasonal_sum_WaterSink_20_40,Ks,-0.01052667447346549,0.11661449830191846,0.19996401452591092,0.01825720596682278
seasonal_sum_WaterSink_20_40,Rmax_LTIR,-0.0012550757275645562,0.06552362499399621,0.1773717434337593,0.018770128872185522
seasonal_sum_WaterSink_20_40,Diffx,-0.007776012531806128,0.0450986148767653,0.11638334564419797,0.012260406208626017
seasonal_sum_WaterSink_20_40,PhyllFrmTassel,-0.0026050163882327276,0.03506342270794608,0.08157995943893646,0.008217091004624814
seasonal_sum_WaterSink_20_40,Diffz,-0.006736973638184584,0.029381904169038825,0.08505329071831741,0.009238581236904441
seasonal_sum_WaterSink_80_120,JuvenileLeaves,0.7626696357193826,0.7842132091239338,0.41279785174337014,0.04060053806846726
seasonal_sum_WaterSink_80_120,LM_min,0.4557821960795303,0.48460476093422905,0.3997698097870252,0.03983837875707686
seasonal_sum_WaterSink_80_120,thetaS,0.17627415588975764,0.28557712992479256,0.31917786142964366,0.02626589493229788
seasonal_sum_WaterSink_80_120,Rmax_LTAR,0.004372004188956005,0.23535187637525132,0.3421872805798176,0.026604394356314648
seasonal_sum_WaterSink_80_120,n,0.003991763483084155,0.15612814973098593,0.25189096886987644,0.02278131078539362
seasonal_sum_WaterSink_80_120,thetaR,-0.09549462260221941,0.13894332341579008,0.20713557354469392,0.020258169964696093
seasonal_sum_WaterSink_80_120,Alfa,0.041405591353069746,0.11910896360272197,0.18047186638312765,0.015752553025635805
seasonal_sum_WaterSink_80_120,Ks,-0.03610114284393678,0.11303566795539624,0.17592145778423746,0.016082696871766684
seasonal_sum_WaterSink_80_120,StayGreen,0.030248500608602964,0.05921497296706884,0.13239986646439317,0.013668171247844984
seasonal_sum_WaterSink_80_120,Rmax_LTIR,-0.010924563319277604,0.056392164348352126,0.09454510398453604,0.008416546276046957
seasonal_sum_WaterSink_80_120,Diffx,-0.015135193041141158,0.03915307923392065,0.07266002566707742,0.007219878915427368
seasonal_sum_WaterSink_80_120,Diffz,-0.0005746339607939412,0.027874813982813808,0.05404423293582698,0.005330870259375238
seasonal_sum_WaterSink_80_120,PhyllFrmTassel,-0.0014233914117232171,0.00676441165963887,0.027165215220470898,0.003111425511727912
seasonal_transpiration_deficit,JuvenileLeaves,0.7080387173876418,0.7080387173876418,0.3350143686315463,0.03737949279969358
seasonal_transpiration_deficit,n,-0.6169104350829824,0.6856344938485467,0.45093101612008724,0.03871730701741685
seasonal_transpiration_deficit,Alfa,-0.23332826283069488,0.2548630979844282,0.17493116574580156,0.016460276740559977
seasonal_transpiration_deficit,thetaS,-0.184924464506195,0.24047138383956537,0.3510305874866892,0.03600667689677944
seasonal_transpiration_deficit,LM_min,0.23607679306422769,0.24041957010465584,0.24017718804478785,0.027176435761431493
seasonal_transpiration_deficit,Rmax_LTAR,0.0874818955496703,0.13043829423037825,0.18581013920709508,0.01819903661181202
seasonal_transpiration_deficit,Ks,0.09859644709633188,0.0989266026545769,0.07791049660971754,0.00878348844826859
seasonal_transpiration_deficit,Rmax_LTIR,-0.07828964720447866,0.09577700463290979,0.10469650849691808,0.009747033355638044
seasonal_transpiration_deficit,thetaR,0.06749270998346829,0.08116184956184982,0.129087212168279,0.01331117536930829
seasonal_transpiration_deficit,StayGreen,0.028250745368919847,0.043778987745549454,0.06056250016512468,0.005615223770587768
seasonal_transpiration_deficit,Diffz,0.0023551024812171295,0.010042362929487748,0.017358861959296274,0.0015982233569792682
seasonal_transpiration_deficit,Diffx,0.0012547781039274934,0.00943240124912033,0.014010687330813258,0.0011292315311742626
seasonal_transpiration_deficit,PhyllFrmTassel,0.004767063780605746,0.009411616231833654,0.015350058781583818,0.0015247692647172835
silked_flag,JuvenileLeaves,0.0,0.0,0.0,0.0
silked_flag,Rmax_LTAR,0.0,0.0,0.0,0.0
silked_flag,Rmax_LTIR,0.0,0.0,0.0,0.0
silked_flag,PhyllFrmTassel,0.0,0.0,0.0,0.0
silked_flag,StayGreen,0.0,0.0,0.0,0.0
silked_flag,LM_min,0.0,0.0,0.0,0.0
silked_flag,Diffx,0.0,0.0,0.0,0.0
silked_flag,Diffz,0.0,0.0,0.0,0.0
silked_flag,thetaR,0.0,0.0,0.0,0.0
silked_flag,thetaS,0.0,0.0,0.0,0.0
silked_flag,Alfa,0.0,0.0,0.0,0.0
silked_flag,n,0.0,0.0,0.0,0.0
silked_flag,Ks,0.0,0.0,0.0,0.0
silking_doy_censored,JuvenileLeaves,0.8656272182270887,0.8656272182270887,0.35131268605117166,0.04027631904303023
silking_doy_censored,Rmax_LTAR,-0.676101031259661,0.676101031259661,0.2961209950397178,0.033100621352779955
silking_doy_censored,PhyllFrmTassel,0.09615281941796731,0.09615281941796731,0.05031780516665532,0.00559397665615765
silking_doy_censored,Rmax_LTIR,-0.006729914712611198,0.08328933166421162,0.14793342855172759,0.013729492927986513
silking_doy_censored,Alfa,-0.006187675538147638,0.007219720791509469,0.03811338597822947,0.004391977768967112
silking_doy_censored,n,0.0010689222366566551,0.006606130816436439,0.034390051787081315,0.0037121702501717703
silking_doy_censored,thetaS,-0.0014268175631094167,0.006142606044990224,0.034092130343073755,0.0040038128161915525
silking_doy_censored,Ks,-0.0005374853494736167,0.004190981526193096,0.035150991116146495,0.003903693997052268
silking_doy_censored,thetaR,-0.002774577805785012,0.004146194152932662,0.027277173818300922,0.003093401785017253
silking_doy_censored,LM_min,-0.0012127690146109993,0.0039130776389476075,0.02941406926079929,0.0032394864284493443
silking_doy_censored,StayGreen,0.0006785170864321375,0.0021747246482196757,0.020501528537108238,0.0022384317786267624
silking_doy_censored,Diffz,0.00034640799647056336,0.00034640799647056336,0.00599996250035156,0.0006762146957750622
silking_doy_censored,Diffx,0.0,0.0,0.0,0.0
silking_to_grainfill_days,JuvenileLeaves,-0.25952012301512656,0.5074716513198061,0.6713323902316268,0.057152049617275436
silking_to_grainfill_days,Rmax_LTAR,0.16601255586595456,0.4430222311559921,0.6693292562334477,0.06099510918358612
silking_to_grainfill_days,PhyllFrmTassel,-0.1191796727095091,0.16457049864498066,0.3733603603706593,0.040332672337892346
silking_to_grainfill_days,Rmax_LTIR,0.04316625965025582,0.14563947313297748,0.36096973815894273,0.03761543978485599
silking_to_grainfill_days,Alfa,0.017274402277764212,0.07363577146518555,0.29093329972111254,0.03218143893760866
silking_to_grainfill_days,n,-0.006916124807224768,0.05159092995741305,0.20909052371069392,0.0227108595120278
silking_to_grainfill_days,thetaS,-0.002881789798175746,0.05000424367532145,0.1998701382459264,0.022291344069908525
silking_to_grainfill_days,thetaR,0.010446305581400629,0.045879824524237334,0.2124627922764669,0.024384140276222852
silking_to_grainfill_days,LM_min,0.00019498133508123386,0.03558975740834799,0.20102583777387362,0.0228399487189699
silking_to_grainfill_days,Ks,0.00029369734908417285,0.017362865556163457,0.1458377941328653,0.016147495808284992
silking_to_grainfill_days,StayGreen,0.006128470552944559,0.014857186162384253,0.12344270929955745,0.013763082813391702
silking_to_grainfill_days,Diffz,0.0013201967239688992,0.0013201967239688992,0.022866478019001185,0.0025771241863861674
silking_to_grainfill_days,Diffx,0.0,0.0,0.0,0.0
soil_evap_deficit,n,0.8615945619999116,0.8615945619999116,0.3224665620436779,0.03739026843378565
soil_evap_deficit,Alfa,0.5088373598694163,0.5088373598694163,0.19997341580759234,0.023141825668884373
soil_evap_deficit,thetaS,-0.4511955618396882,0.4511955618396882,0.19777492973365168,0.023112648244893445
soil_evap_deficit,Rmax_LTAR,-0.13611765197748552,0.15434320748640398,0.1460849876646753,0.01450461000032572
soil_evap_deficit,thetaR,0.13934672875969142,0.140646471880768,0.08487472614091908,0.009156844855448314
soil_evap_deficit,LM_min,0.03937747824051199,0.13793716291398697,0.189131753690091,0.014929529769985779
soil_evap_deficit,JuvenileLeaves,0.09572429996746941,0.12632409873757874,0.1445117260483362,0.013003732413632754
soil_evap_deficit,Ks,-0.09935959149156305,0.10382522906761263,0.07992614778339154,0.008281245332306269
soil_evap_deficit,StayGreen,0.022135358732337445,0.09529238950945894,0.1270770277427561,0.010123007718960374
soil_evap_deficit,Diffx,0.001460771405669337,0.01233383245299037,0.01968908825701388,0.0016786920315709478
soil_evap_deficit,Diffz,0.005525689384123402,0.01155162553219145,0.01795686497899004,0.0015806683147412898
soil_evap_deficit,Rmax_LTIR,0.0012338310725589483,0.010776207475100372,0.021840127818987094,0.0022855421366595077
soil_evap_deficit,PhyllFrmTassel,0.0024056759411846098,0.004377573283236321,0.00730556129704096,0.0007083244791052852
soil_evap_fraction,LM_min,-0.6954745795668767,0.6954745795668767,0.30129197955955317,0.03288606255002752
soil_evap_fraction,JuvenileLeaves,-0.6297738043855893,0.6297738043855893,0.26011711145192,0.02949882943393526
soil_evap_fraction,n,-0.5101602127759609,0.5101602127759609,0.21585980919999312,0.025279629107496246
soil_evap_fraction,Alfa,-0.28388628154606427,0.28388628154606427,0.12943396926006334,0.014455787896935121
soil_evap_fraction,StayGreen,-0.2697245397275289,0.26978554644558345,0.1680005127629116,0.018853267926100738
soil_evap_fraction,thetaS,0.15792555638106995,0.15928671907765385,0.09674970717678916,0.0105830534339647
soil_evap_fraction,Rmax_LTAR,-0.07570281400205005,0.10526766191368847,0.12282519860238805,0.01105693322790762
soil_evap_fraction,Ks,0.06626304048305068,0.0672512408058307,0.04887676718721897,0.005455988587968128
soil_evap_fraction,thetaR,-0.02491363056074378,0.03387529993532357,0.03844898617298496,0.003484315101118155
soil_evap_fraction,Rmax_LTIR,-0.007421916995567599,0.01025847294860133,0.015299425190621269,0.0015875340614975645
soil_evap_fraction,Diffz,-0.0032002398420094918,0.007765893579927779,0.011690499342452195,0.0010372021351043232
soil_evap_fraction,Diffx,-0.0006236936764393452,0.0073456186719124735,0.011055102963861868,0.0009278277453125333
soil_evap_fraction,PhyllFrmTassel,-0.0032806080076888604,0.0042764478904971925,0.005504304430378354,0.000548799533274217
stem_shoot_ratio,JuvenileLeaves,0.838124103906696,0.838124103906696,0.34003322652784873,0.03877998598856677
stem_shoot_ratio,Rmax_LTAR,-0.6685998036695315,0.6685998036695315,0.28855168134195797,0.03192772567190455
stem_shoot_ratio,Rmax_LTIR,0.1269810706534755,0.1585890458851199,0.17689366418137972,0.01783487005381729
stem_shoot_ratio,StayGreen,-0.0827398711218505,0.1126565245216203,0.133993456834877,0.012397231247177934
stem_shoot_ratio,LM_min,-0.039482896646339374,0.10723414899311294,0.13848593582946803,0.010837226914074342
stem_shoot_ratio,n,0.019818277043610166,0.040572002125771944,0.057187729884278886,0.0048355248818691176
stem_shoot_ratio,thetaS,-0.02897516483657456,0.03969163996228502,0.05094589252355599,0.005049721926365931
stem_shoot_ratio,Alfa,0.002437952361818964,0.018811754166596195,0.048717666242508444,0.0050280047530401675
stem_shoot_ratio,Ks,-0.0001581900475768485,0.014890039299761704,0.054866062940628166,0.006008159277188469
stem_shoot_ratio,PhyllFrmTassel,0.013992433818209594,0.0140340362505971,0.00846904380409569,0.0009390668385967727
stem_shoot_ratio,thetaR,0.0058440015051823575,0.013438163800582086,0.027845978693040906,0.002866168457010321
stem_shoot_ratio,Diffz,0.0012569346987740702,0.0042287418286381055,0.013716465410660458,0.0014940913922135415
stem_shoot_ratio,Diffx,0.0004769748242707367,0.0038354323029181595,0.005986669578732768,0.0005242116729708555
tasseled_doy_censored,JuvenileLeaves,0.8890743473555683,0.8890743473555683,0.335229665699497,0.038356799085107536
tasseled_doy_censored,Rmax_LTAR,-0.6396532158783628,0.6396532158783628,0.27446173256468637,0.030988705292888174
tasseled_doy_censored,Rmax_LTIR,-0.011470559790222849,0.08533290145899164,0.14994699704323927,0.013780898579602241
tasseled_doy_censored,Alfa,-0.002852907015697859,0.004035907900797943,0.03323771958671788,0.003774439852767328
tasseled_doy_censored,thetaS,0.0005810087346490611,0.0037064599375141814,0.030489566429909996,0.0035210997150227053
tasseled_doy_censored,Ks,-0.0008446334632055219,0.0033810283189003166,0.03085899052464788,0.003474485479255257
tasseled_doy_censored,n,-0.0007946026605821269,0.0028956202428678554,0.02290128812209718,0.0025103465712927706
tasseled_doy_censored,LM_min,-5.826097053344026e-05,0.0021062070993921374,0.022237586125369035,0.0024546494006466315
tasseled_doy_censored,thetaR,-0.0007970977361203113,0.001667866679936146,0.017755661417254126,0.002015106766082059
tasseled_doy_censored,StayGreen,0.001211989264409783,0.001211989264409783,0.015489136617767853,0.0016937078045354203
tasseled_doy_censored,Diffz,0.0003961464120688305,0.0003961464120688305,0.00686145712939331,0.0007733078573498524
tasseled_doy_censored,PhyllFrmTassel,0.0,0.0,0.0,0.0
tasseled_doy_censored,Diffx,0.0,0.0,0.0,0.0
tasseled_flag,JuvenileLeaves,0.0,0.0,0.0,0.0
tasseled_flag,Rmax_LTAR,0.0,0.0,0.0,0.0
tasseled_flag,Rmax_LTIR,0.0,0.0,0.0,0.0
tasseled_flag,PhyllFrmTassel,0.0,0.0,0.0,0.0
tasseled_flag,StayGreen,0.0,0.0,0.0,0.0
tasseled_flag,LM_min,0.0,0.0,0.0,0.0
tasseled_flag,Diffx,0.0,0.0,0.0,0.0
tasseled_flag,Diffz,0.0,0.0,0.0,0.0
tasseled_flag,thetaR,0.0,0.0,0.0,0.0
tasseled_flag,thetaS,0.0,0.0,0.0,0.0
tasseled_flag,Alfa,0.0,0.0,0.0,0.0
tasseled_flag,n,0.0,0.0,0.0,0.0
tasseled_flag,Ks,0.0,0.0,0.0,0.0
tasselinit_doy_censored,JuvenileLeaves,0.9656909231184317,0.9656909231184317,0.22742803016506852,0.025705817526327487
tasselinit_doy_censored,Rmax_LTIR,-0.38175385117354654,0.38175385117354654,0.22112387518933613,0.024696595585614083
tasselinit_doy_censored,Rmax_LTAR,0.028528679759801428,0.105266362193235,0.14182372220315745,0.011381758118990469
tasselinit_doy_censored,Alfa,-0.012325636520872442,0.012325636520872442,0.04887129931075471,0.00579247675373241
tasselinit_doy_censored,thetaS,-0.007443694428732489,0.008583670375493771,0.04057511715305445,0.004544077601543534
tasselinit_doy_censored,n,0.0068756612690562355,0.0068756612690562355,0.03542936699273438,0.004029110222731651
tasselinit_doy_censored,Ks,0.004258533544393119,0.0051415551157698155,0.028458137655258176,0.003125976294116347
tasselinit_doy_censored,thetaR,-0.0028978464988513673,0.003469071097911695,0.026058011070311467,0.0029761081025502243
tasselinit_doy_censored,LM_min,-0.0016491083463697593,0.0024509766893026402,0.019595419393656464,0.002158482818607416
tasselinit_doy_censored,Diffz,0.0004975288880282986,0.0011385347744925077,0.015234683489163837,0.001716835458644254
tasselinit_doy_censored,Diffx,0.0006735753140545636,0.0006735753140545636,0.01166666666666667,0.001253045184839579
tasselinit_doy_censored,StayGreen,0.00040102208598815655,0.00040102208598815655,0.006945906278887422,0.0007859790107851177
tasselinit_doy_censored,PhyllFrmTassel,0.0,0.0,0.0,0.0
tasselinit_flag,JuvenileLeaves,0.0,0.0,0.0,0.0
tasselinit_flag,Rmax_LTAR,0.0,0.0,0.0,0.0
tasselinit_flag,Rmax_LTIR,0.0,0.0,0.0,0.0
tasselinit_flag,PhyllFrmTassel,0.0,0.0,0.0,0.0
tasselinit_flag,StayGreen,0.0,0.0,0.0,0.0
tasselinit_flag,LM_min,0.0,0.0,0.0,0.0
tasselinit_flag,Diffx,0.0,0.0,0.0,0.0
tasselinit_flag,Diffz,0.0,0.0,0.0,0.0
tasselinit_flag,thetaR,0.0,0.0,0.0,0.0
tasselinit_flag,thetaS,0.0,0.0,0.0,0.0
tasselinit_flag,Alfa,0.0,0.0,0.0,0.0
tasselinit_flag,n,0.0,0.0,0.0,0.0
tasselinit_flag,Ks,0.0,0.0,0.0,0.0
transpiration_fraction,LM_min,0.6954745795668769,0.6954745795668769,0.3012919795595533,0.032886062550027524
transpiration_fraction,JuvenileLeaves,0.6297738043855894,0.6297738043855894,0.2601171114519201,0.029498829433935277
transpiration_fraction,n,0.5101602127759609,0.5101602127759609,0.21585980919999312,0.02527962910749625
transpiration_fraction,Alfa,0.28388628154606416,0.28388628154606416,0.12943396926006331,0.014455787896935133
transpiration_fraction,StayGreen,0.26972453972752886,0.26978554644558334,0.16800051276291175,0.01885326792610075
transpiration_fraction,thetaS,-0.15792555638107,0.15928671907765402,0.09674970717678934,0.010583053433964713
transpiration_fraction,Rmax_LTAR,0.0757028140020501,0.10526766191368853,0.12282519860238801,0.011056933227907611
transpiration_fraction,Ks,-0.06626304048305064,0.06725124080583064,0.04887676718721895,0.00545598858796812
transpiration_fraction,thetaR,0.024913630560743947,0.03387529993532365,0.03844898617298485,0.003484315101118139
transpiration_fraction,Rmax_LTIR,0.007421916995567536,0.010258472948601192,0.015299425190621184,0.0015875340614975595
transpiration_fraction,Diffz,0.0032002398420095963,0.007765893579927699,0.01169049934245241,0.0010372021351043536
transpiration_fraction,Diffx,0.000623693676439379,0.007345618671912648,0.01105510296386224,0.0009278277453125666
transpiration_fraction,PhyllFrmTassel,0.0032806080076890507,0.0042764478904973365,0.00550430443037833,0.0005487995332742185
water_sink_0_20_share,thetaS,-0.7769227061497073,0.7798017163380903,0.43325760369606275,0.04947326722091713
water_sink_0_20_share,JuvenileLeaves,0.3530975898884328,0.3847078224047134,0.3854442555644618,0.041184539589194234
water_sink_0_20_share,LM_min,0.28017024635270327,0.33340828048500354,0.3724359977999673,0.0351655875382645
water_sink_0_20_share,n,0.2196343284670555,0.28762154592211187,0.37461032742867106,0.037201582436654584
water_sink_0_20_share,thetaR,0.17928391627311727,0.18625847497676598,0.2686217101726123,0.029510154169386828
water_sink_0_20_share,Rmax_LTAR,0.10697455247171149,0.17985753957915734,0.2667864826396727,0.02552702899561553
water_sink_0_20_share,Ks,0.09798222137543033,0.11018451051027199,0.1929501381720109,0.021172100316299847
water_sink_0_20_share,Alfa,-0.0016742291055734497,0.10526212929812917,0.2019551623242697,0.019812794713239688
water_sink_0_20_share,StayGreen,0.056733134839847446,0.08087939122974366,0.143829626126959,0.014293067572279303
water_sink_0_20_share,Rmax_LTIR,0.018498250430139977,0.04325204835102767,0.12250612876151169,0.013730254742410653
water_sink_0_20_share,Diffz,0.023813982520942727,0.031986155641710895,0.05830289698494833,0.006118371189771398
water_sink_0_20_share,Diffx,0.0171681042581208,0.02761867084834576,0.07153448759071632,0.007855484269573432
water_sink_0_20_share,PhyllFrmTassel,0.006941822685861284,0.023406653779505963,0.06058339553405149,0.006432296411424841
