sample_id,max_lai,final_shoot_dm,final_ear_dm,mean_top20_theta,seasonal_transpiration_deficit,seasonal_potential_transpiration,seasonal_actual_transpiration,matured,maturity_date
1,5.78,393.256,235.39,0.16294809514380576,0.019071462667568317,402.224,394.553,True,2007-09-27
2,5.78,393.287,235.32,0.1630577624726277,0.019159051725210374,401.951,394.25,True,2007-09-27
3,5.78,395.019,236.39,0.16555101817062906,0.01720674099965558,403.679,396.733,True,2007-09-27
4,5.79,408.154,247.18,0.2004868446677333,0.011485849281271165,419.908,415.085,True,2007-09-27
5,5.78,407.87,247.16,0.2005181818844633,0.011477170695227468,419.877,415.058,True,2007-09-27
6,5.77,408.991,248.34,0.2084602901233645,0.01404116404021638,422.116,416.189,True,2007-09-27
7,4.87,381.26,227.83,0.2139722916376842,0.013849305994176886,389.478,384.084,True,2007-09-23
8,4.87,380.775,227.45,0.21827491453972384,0.013987739522689613,389.055,383.613,True,2007-09-23
9,4.92,398.156,244.5,0.21567093323251263,0.013962976881292666,409.798,404.076,True,2007-09-28
10,4.92,397.799,244.43,0.21577066242164045,0.013944461105950046,410.127,404.408,True,2007-09-28
11,4.92,399.327,244.24,0.21581484217116542,0.013651843804548092,409.615,404.023,True,2007-09-28
12,3.83,382.055,268.55,0.22096077916660115,0.010108246614024985,382.46,378.594,True,2007-09-28
13,3.87,373.497,248.07,0.22325514619177855,0.009806150036502426,373.949,370.282,True,2007-09-28
14,3.86,376.218,250.52,0.26881127541784355,0.013421991375405784,373.119,368.111,True,2007-09-28
15,4.24,383.437,262.59,0.2002562811082296,0.010619946939588676,381.452,377.401,True,2007-09-29
16,4.24,383.816,263.0,0.20331869323976112,0.010648938510038897,381.916,377.849,True,2007-09-29
17,4.26,381.005,260.15,0.20262715469696158,0.01088973328385423,382.654,378.487,False,
18,4.27,382.158,261.0,0.19780435922172904,0.010647739665237799,384.213,380.122,False,
19,4.14,395.224,297.58,0.1964391769559575,0.01003633536958004,391.079,387.154,False,
20,4.14,394.987,297.27,0.19657752271438914,0.0101434819304842,390.99,387.024,False,
21,4.13,398.374,301.2,0.2396554503912445,0.013011648693113664,393.263,388.146,False,
22,4.13,398.415,301.24,0.23974985569914561,0.013066355090227244,392.841,387.708,False,
23,4.19,399.692,291.77,0.23890951339249852,0.013009231297966384,395.719,390.571,False,
24,4.2,399.694,291.99,0.23584400879244094,0.012074806747552347,396.114,391.331,False,
25,4.2,398.794,291.55,0.23600936981765344,0.01214719181492585,395.647,390.841,False,
26,3.53,377.441,277.7,0.23998095150749682,0.011498392697794957,372.052,367.774,False,
27,4.53,397.278,252.36,0.23482753304454007,0.015791951630488632,403.56,397.187,True,2007-09-29
28,4.53,400.775,255.04,0.2724811552461386,0.016064188238518295,408.673,402.108,True,2007-09-29
29,3.8,379.063,283.58,0.19749729679556835,0.00658023069820679,384.485,381.955,True,2007-09-29
30,3.8,378.327,282.82,0.20334464575230046,0.00680633314332868,384.201,381.586,True,2007-09-28
31,3.8,377.619,282.53,0.2035824794647457,0.006967614029138369,383.345,380.674,True,2007-09-28
32,4.49,404.988,303.48,0.19902420801044396,0.0074891643239848316,404.451,401.422,False,
33,4.49,404.863,303.24,0.19890651281668129,0.007444829814841403,405.382,402.364,False,
34,4.49,404.728,303.21,0.19895396376496036,0.007547458627236381,405.037,401.98,False,
35,4.49,396.338,294.85,0.2002808243624762,0.007500426739632804,392.511,389.567,True,2007-09-28
36,5.76,404.713,243.74,0.19445726785253503,0.010710700348356639,415.379,410.93,True,2007-09-26
37,5.72,414.449,260.87,0.24214306104195604,0.015033902048219416,425.638,419.239,True,2007-09-27
38,5.74,415.927,261.35,0.2476906237359015,0.017279689252451935,425.297,417.948,True,2007-09-27
39,5.77,409.326,238.31,0.24950244798958413,0.017307363176510826,420.688,413.407,True,2007-09-27
40,5.77,409.356,238.17,0.2524881044640215,0.01626157256177374,420.931,414.086,True,2007-09-27
41,5.77,407.521,237.6,0.25249452131466266,0.01716184148077826,421.4,414.168,True,2007-09-27
42,5.76,404.051,234.96,0.21537966733351718,0.01622162061645538,414.077,407.36,True,2007-09-27
43,3.77,366.082,270.31,0.19455310608586696,0.011009524970156503,361.051,357.076,True,2007-09-26
44,3.78,366.516,270.8,0.19782774493378788,0.01215139221424133,360.864,356.479,True,2007-09-26
45,3.76,366.344,271.04,0.20078111662019898,0.011844350388902414,361.016,356.74,True,2007-09-26
46,3.76,366.083,270.88,0.2008399518171117,0.011913040346420156,360.949,356.649,True,2007-09-26
47,3.76,367.566,272.22,0.20084458953034312,0.011390291251381246,361.097,356.984,True,2007-09-26
48,4.47,402.327,300.46,0.19611423212702006,0.011913535691220667,394.845,390.141,True,2007-09-29
49,4.48,407.988,305.87,0.2308027720359955,0.011515974287396702,405.871,401.197,True,2007-09-29
50,4.48,408.815,306.27,0.23072335680187245,0.011606810970220982,406.227,401.512,True,2007-09-29
51,4.47,407.555,305.35,0.23479943088825264,0.012278628709297856,404.524,399.557,True,2007-09-29
52,4.49,402.825,301.13,0.19373040910247136,0.008607346727516174,401.866,398.407,True,2007-09-29
53,4.48,402.498,300.85,0.19418984596313763,0.008682880685071281,401.71,398.222,True,2007-09-29
54,4.57,397.474,270.58,0.19416397211953232,0.009099137963279325,401.027,397.378,True,2007-09-28
55,4.6,393.832,266.92,0.19328604523755544,0.009351094500267276,400.274,396.531,False,
56,5.84,390.202,221.13,0.18870981103380333,0.011706361771884222,410.546,405.74,False,
57,5.81,383.233,203.16,0.21086179162020954,0.01538732514959229,408.778,402.488,False,
58,5.82,382.113,202.1,0.20571751356840412,0.013011284447938976,408.261,402.949,False,
59,5.82,383.885,202.52,0.20575006360812154,0.012640669725130449,408.048,402.89,False,
60,5.85,383.652,202.12,0.2033799433612215,0.01344748679067398,407.288,401.811,False,
61,5.82,386.894,204.79,0.2377165826476905,0.014163344101355113,412.332,406.492,False,
62,5.76,396.753,215.2,0.2386174717557435,0.01388438253312474,416.079,410.302,True,2007-09-28
63,4.86,387.833,214.9,0.2425133714302298,0.012477269407266567,397.042,392.088,True,2007-09-27
64,4.87,387.589,214.92,0.2424754930442953,0.012476919085177118,396.973,392.02,True,2007-09-27
65,4.86,381.041,212.6,0.1938731964650296,0.008933245990535577,395.377,391.845,True,2007-09-27
66,4.9,389.893,236.64,0.19054613680521199,0.008874527033443713,400.134,396.583,True,2007-09-26
67,4.9,390.124,236.59,0.1904749434627904,0.008963876876749155,399.827,396.243,True,2007-09-26
68,4.9,390.423,236.58,0.19050963554221823,0.008974451943297712,399.913,396.324,True,2007-09-26
69,3.82,370.324,257.08,0.19484718085000494,0.006638982338099231,380.48,377.954,True,2007-09-27
70,3.82,369.46,256.17,0.20094536790476691,0.006739885576854898,380.867,378.3,True,2007-09-27
71,4.95,394.125,256.67,0.17340222242221934,0.01414254774062007,393.847,388.277,True,2007-09-27
72,4.95,394.123,256.61,0.1731240242625044,0.014030489136784619,393.714,388.19,True,2007-09-28
73,4.95,388.896,243.48,0.1729948879642545,0.015325874893305724,393.648,387.615,True,2007-09-28
74,4.94,386.81,242.21,0.16779549660550838,0.014967113649110186,392.26,386.389,True,2007-09-28
75,4.11,355.581,219.57,0.17807176342462977,0.010892058165548169,357.6,353.705,True,2007-09-24
76,4.11,355.72,219.7,0.1779473081858127,0.01090439550326161,358.571,354.661,True,2007-09-24
77,4.11,356.003,219.73,0.17788958279198072,0.011004640578287539,358.576,354.63,True,2007-09-24
78,4.12,356.712,220.23,0.17986672118938618,0.010391713338953501,359.421,355.686,True,2007-09-24
79,3.19,331.022,235.43,0.1857976838509906,0.007189546399535063,333.818,331.418,True,2007-09-23
80,3.18,332.181,236.79,0.18061670712582098,0.007199880845993323,335.7,333.283,True,2007-09-23
81,3.21,354.103,258.5,0.17830119357938048,0.007290907776412059,359.626,357.004,True,2007-09-29
82,3.2,357.499,262.17,0.22197830327685455,0.010933867236062156,353.123,349.262,True,2007-09-29
83,3.2,360.179,264.82,0.25715633251043535,0.01021463305572623,357.82,354.165,True,2007-09-29
84,3.23,357.077,248.71,0.25837344756414243,0.010053064948427282,351.833,348.296,True,2007-09-29
85,4.9,406.926,269.08,0.21534042344988685,0.013792505622468698,415.298,409.57,False,
86,4.89,411.237,272.45,0.25042022724577556,0.014145779791135071,422.953,416.97,False,
87,4.89,411.212,272.18,0.25047617052805443,0.014130848726118361,422.763,416.789,False,
88,4.9,411.953,273.04,0.24610635378424828,0.014127046675649013,423.797,417.81,False,
89,4.9,412.004,272.72,0.24609590106908077,0.014223922415826262,424.004,417.973,False,
90,4.88,407.053,268.19,0.2471289868100998,0.014166175036420814,415.285,409.402,True,2007-09-28
91,4.97,402.792,243.38,0.2488616967306877,0.013793540740451693,410.047,404.391,True,2007-09-28
92,4.96,402.233,243.53,0.2460349299141413,0.014503490177381728,409.005,403.073,True,2007-09-28
93,4.97,402.336,243.05,0.2399900907128628,0.012472216868234076,409.871,404.759,True,2007-09-27
94,4.97,395.092,239.64,0.19109083850146882,0.0087167991775019,404.621,401.094,True,2007-09-27
95,4.96,393.245,238.94,0.1911400049208287,0.00908659220640462,404.332,400.658,True,2007-09-27
96,4.96,393.159,238.81,0.19112462359704535,0.00909700585762041,404.089,400.413,True,2007-09-27
97,4.12,361.619,217.81,0.19636695107829888,0.008357269940623024,373.208,370.089,True,2007-09-25
98,3.2,334.205,232.05,0.19917510720964568,0.0048932757281229255,357.838,356.087,True,2007-09-25
99,4.22,384.698,253.36,0.2123248984927532,0.010231935979759021,385.753,381.806,True,2007-09-29
100,4.22,387.14,256.18,0.25964799490158535,0.013600852089117876,386.814,381.553,True,2007-09-29
101,5.33,389.321,214.19,0.2563733840085158,0.020633017241590723,407.793,399.379,True,2007-09-29
102,5.34,388.224,214.22,0.2596225377049514,0.02073563964176528,406.884,398.447,True,2007-09-29
103,5.33,387.929,214.21,0.25961274635060255,0.02070439664385826,407.015,398.588,True,2007-09-29
104,5.34,387.741,213.78,0.2567240776808253,0.021650859586866744,406.358,397.56,True,2007-09-29
105,5.32,383.419,210.28,0.21463518119877584,0.019153972234144945,398.403,390.772,True,2007-09-29
106,5.33,386.449,210.36,0.21481592200235655,0.018325732162375985,397.965,390.672,True,2007-09-29
107,4.45,376.295,211.09,0.22099450571036638,0.016200248019399233,379.809,373.656,True,2007-09-28
108,4.42,361.729,197.0,0.22261870134702733,0.01613036326326278,363.538,357.674,True,2007-09-25
109,4.42,361.76,197.38,0.22273723872405982,0.016106529294730332,363.393,357.54,True,2007-09-25
110,4.42,361.931,197.5,0.22265083132621002,0.01612171191070222,363.547,357.686,True,2007-09-25
111,4.42,361.302,197.03,0.22096542131348376,0.0148480957317223,363.683,358.283,True,2007-09-25
112,4.43,361.132,211.57,0.22091320252098162,0.01585295422396682,358.419,352.737,True,2007-09-19
113,4.1,374.058,245.73,0.23552748783721403,0.015859550086684493,378.384,372.383,True,2007-09-27
114,4.14,374.524,228.97,0.2378290400492256,0.015147856773286339,376.885,371.176,True,2007-09-27
115,3.2,349.521,247.55,0.24196210711483218,0.011168457322303538,343.915,340.074,True,2007-09-28
116,3.87,384.331,273.01,0.23716557081213513,0.012114560688883724,379.048,374.456,True,2007-09-29
117,3.88,384.856,273.6,0.239901772579692,0.01325666321756469,379.809,374.774,True,2007-09-29
118,3.88,385.506,274.34,0.235933506363827,0.01322783280985751,380.788,375.751,False,
119,3.88,386.014,274.95,0.23882262852773822,0.012746358745571507,381.05,376.193,False,
120,3.88,386.232,275.18,0.23897637262375745,0.012776583091113847,380.853,375.987,False,
121,3.85,374.142,263.31,0.2403716132127997,0.012784129521199894,367.878,363.175,True,2007-09-27
122,3.86,371.248,259.69,0.19480562721293215,0.008898562872632354,369.835,366.544,True,2007-09-27
123,3.86,374.984,263.7,0.22446135340011353,0.007998458128553487,373.572,370.584,True,2007-09-27
124,3.86,375.579,263.85,0.22454905484449006,0.00805298694066825,373.526,370.518,True,2007-09-27
125,3.86,375.776,263.85,0.22459147562856943,0.008054644076876727,373.325,370.318,True,2007-09-27
126,3.86,376.597,264.05,0.2245498143898953,0.007838346821397613,373.293,370.367,True,2007-09-27
127,5.72,410.799,257.73,0.202555345214968,0.014810505636193683,419.432,413.22,True,2007-09-27
128,5.72,411.014,257.9,0.20255133352500104,0.014754102269990299,419.341,413.154,True,2007-09-27
129,4.86,380.634,234.38,0.20777409856215318,0.01465034475970417,386.066,380.41,True,2007-09-22
130,4.86,381.861,220.03,0.20878108692071867,0.014201256661673267,387.853,382.345,True,2007-09-25
131,4.87,382.455,220.01,0.211291361985478,0.013453284274977273,388.381,383.156,True,2007-09-25
132,4.86,382.459,220.49,0.2164496289761194,0.01589728697609749,389.123,382.937,True,2007-09-25
133,4.86,382.663,220.77,0.21650977273491576,0.01589012758928543,388.669,382.493,True,2007-09-25
134,3.84,361.466,242.28,0.22170418039137985,0.011353950111260835,355.471,351.435,True,2007-09-24
135,3.84,361.597,242.78,0.22173845068950676,0.011248916750137838,355.412,351.414,True,2007-09-24
136,3.84,360.066,241.57,0.225981050175192,0.011610209782734082,355.463,351.336,True,2007-09-24
137,3.84,355.286,237.57,0.18843085826108016,0.007823024810717727,361.497,358.669,True,2007-09-24
138,3.84,374.355,256.37,0.1866609823741152,0.008143516885197766,376.987,373.917,True,2007-09-28
139,3.8,374.929,267.92,0.1867426014708522,0.00785265486959874,377.834,374.867,True,2007-09-28
140,3.8,378.604,271.69,0.21462160254743767,0.007561890159634155,383.502,380.602,True,2007-09-28
141,5.81,393.06,226.02,0.18181189402497414,0.013554109936171344,408.437,402.901,True,2007-09-28
142,5.81,395.077,226.5,0.18202424529675065,0.013226449959073183,408.046,402.649,True,2007-09-28
143,5.81,395.227,226.51,0.18253759829652616,0.013135769786994267,407.97,402.611,True,2007-09-28
144,4.57,393.983,267.04,0.19094367957225122,0.009463553733737307,392.77,389.053,True,2007-09-28
145,4.56,400.055,272.24,0.23610813866035782,0.012879133895812522,398.474,393.342,True,2007-09-28
146,4.56,404.339,275.75,0.2730357463000474,0.012836621223213718,404.312,399.122,True,2007-09-28
147,3.83,376.228,256.11,0.2774251256879457,0.011549236004608998,372.319,368.019,True,2007-09-27
148,3.83,376.731,256.58,0.279478250111639,0.0113799191786923,372.674,368.433,True,2007-09-27
149,3.83,376.67,256.5,0.27949187363844125,0.011352933758006167,372.679,368.448,True,2007-09-27
150,3.83,376.985,256.9,0.27524381498757766,0.011343977462012655,373.414,369.178,True,2007-09-27
151,3.76,374.701,279.26,0.2751868811626218,0.010308112691981508,371.455,367.626,True,2007-09-26
152,3.76,374.017,278.95,0.27536400503062347,0.010262177739300271,370.779,366.974,True,2007-09-26
153,3.78,390.829,295.66,0.27380398157558083,0.01039354498059697,390.146,386.091,False,
154,3.78,390.957,296.29,0.2796748706559776,0.01159078076074127,389.62,385.104,False,
155,4.89,389.868,254.22,0.16649705693610675,0.01997242396387844,395.996,388.087,True,2007-09-28
156,4.9,373.797,238.19,0.16783193308027478,0.019201914644068507,378.556,371.287,True,2007-09-25
157,4.1,339.872,212.07,0.18029775094275857,0.011319718571837667,338.701,334.867,True,2007-09-16
158,4.1,339.8,212.1,0.1802160827634583,0.011373797768327476,338.849,334.995,True,2007-09-16
159,4.11,342.294,213.9,0.17613491348571128,0.010735344822548232,342.234,338.56,True,2007-09-16
160,4.12,348.457,219.23,0.2047734497299173,0.00984651028091521,355.659,352.157,True,2007-09-16
161,4.12,354.206,231.17,0.2048235492852016,0.009065364569416312,355.529,352.306,True,2007-09-16
162,4.12,353.966,231.18,0.2049171582073825,0.009101219326408172,354.458,351.232,True,2007-09-16
163,3.18,321.179,230.73,0.2107405588867274,0.00599621258668992,317.367,315.464,True,2007-09-14
164,3.17,324.996,234.65,0.2616772781739967,0.010038481910949248,313.394,310.248,True,2007-09-14
165,3.17,325.168,234.67,0.26343970620752655,0.009635769811104478,314.142,311.115,True,2007-09-14
166,3.17,325.114,234.98,0.2686223236661925,0.011081038863332782,313.689,310.213,True,2007-09-14
167,3.17,325.636,235.12,0.26849627215746424,0.011140146222376468,314.179,310.679,True,2007-09-14
168,3.19,328.933,226.31,0.26731930838665885,0.011077292650563897,318.038,314.515,True,2007-09-19
169,4.11,376.379,246.22,0.23656836537194778,0.015801746966523145,379.515,373.518,True,2007-09-27
170,4.14,376.617,229.37,0.23890650943709715,0.015141850635343679,377.827,372.106,True,2007-09-27
171,4.14,376.838,229.83,0.23901017731664867,0.015095808985966408,377.522,371.823,True,2007-09-27
172,4.14,376.788,229.96,0.23887768804786197,0.01519883130699895,377.858,372.115,True,2007-09-27
173,4.09,355.86,209.46,0.24160967375499123,0.015047713296105214,353.675,348.353,True,2007-09-21
174,4.08,355.65,209.14,0.244833263462546,0.016973814578910118,353.25,347.254,True,2007-09-21
175,4.08,352.68,208.62,0.24488972962886016,0.01821095034947029,353.249,346.816,True,2007-09-21
176,4.09,350.936,207.49,0.20128828723307127,0.011974950961603614,354.824,350.575,True,2007-09-21
177,4.93,389.21,234.85,0.1937368304733759,0.01340462270152376,396.132,390.822,True,2007-09-27
178,4.93,387.053,233.22,0.1977227418305459,0.013939829280240734,393.979,388.487,True,2007-09-27
179,3.85,368.933,258.53,0.20355385113315794,0.010133629078731388,367.884,364.156,True,2007-09-27
180,3.85,373.696,263.05,0.23454158500241684,0.009861795211980273,372.346,368.674,True,2007-09-27
181,3.85,373.921,263.26,0.2374353514988448,0.009310957001185227,372.894,369.422,True,2007-09-27
182,3.85,373.921,263.26,0.23747334254487845,0.009248428034916434,373.577,370.122,True,2007-09-27
183,3.89,376.582,259.55,0.21858069405692404,0.011358112706179813,370.308,366.102,True,2007-09-28
184,3.88,375.055,258.07,0.22264210933029216,0.011322822513265218,368.636,364.462,True,2007-09-28
185,3.88,375.138,258.07,0.2226031128038583,0.011362588108894123,368.578,364.39,True,2007-09-28
186,3.84,380.007,276.81,0.22054692062060519,0.011784917232631642,373.698,369.294,True,2007-09-28
187,3.18,334.814,239.85,0.2273894338625653,0.01106707270417917,326.735,323.119,True,2007-09-23
188,3.18,334.773,239.75,0.22745773481364157,0.011060212630444433,326.576,322.964,True,2007-09-23
189,3.21,356.345,261.13,0.22489691561890865,0.011201420667987239,351.384,347.448,True,2007-09-29
190,3.21,352.596,257.15,0.1830171525918489,0.007276954633609223,357.842,355.238,True,2007-09-29
191,3.21,353.63,257.98,0.18809077168723382,0.008512504749346284,357.944,354.897,True,2007-09-29
192,3.21,354.102,258.43,0.18820240559181284,0.008201760514181977,357.85,354.915,True,2007-09-29
193,3.22,358.904,262.94,0.21774764103848424,0.007751444926854867,361.61,358.807,True,2007-09-29
194,4.13,385.72,255.85,0.21310084799815215,0.01098373849519163,387.664,383.406,True,2007-09-28
195,4.13,385.195,256.06,0.2104564771682855,0.011210311320170807,387.768,383.421,True,2007-09-28
196,4.13,385.037,256.3,0.2104896978739058,0.011229838917725221,387.628,383.275,True,2007-09-28
197,5.41,389.141,220.85,0.24737738969700213,0.01667814862045547,409.338,402.511,False,
198,4.58,382.138,223.96,0.25093051240699715,0.014765854280974877,391.85,386.064,False,
199,4.58,386.999,236.05,0.2509708956283425,0.012974967358171052,391.369,386.291,False,
200,4.53,387.947,237.38,0.25206707647822346,0.012705343771185262,387.947,383.018,True,2007-09-27
201,4.53,388.031,237.24,0.25201159511347687,0.01273468462200511,388.074,383.132,True,2007-09-27
202,4.53,387.074,236.42,0.2557071159979369,0.012890417254002862,387.342,382.349,True,2007-09-27
203,4.52,387.554,237.42,0.2593696655543584,0.014788117871213258,387.338,381.61,True,2007-09-28
204,4.52,387.453,237.29,0.25938070604692703,0.014780945102666143,387.323,381.598,True,2007-09-28
205,3.54,364.756,250.78,0.26352194681422464,0.01209485989399195,358.086,353.755,True,2007-09-28
206,3.55,361.923,249.13,0.21669143586842238,0.008220388108317045,362.27,359.292,True,2007-09-27
207,3.55,356.768,244.47,0.18696878932544625,0.008333215950868333,354.965,352.007,True,2007-09-27
208,3.55,356.824,244.48,0.18691881150886383,0.008421620740349245,355.751,352.755,True,2007-09-27
209,3.55,357.465,244.99,0.18946479138910077,0.008255169996495004,356.625,353.681,True,2007-09-27
210,3.5,355.988,255.95,0.1875876695740685,0.008275796176554162,355.857,352.912,True,2007-09-27
211,3.42,348.898,257.46,0.23578611362798196,0.009985743000046732,342.288,338.87,True,2007-09-22
212,3.42,348.491,256.09,0.23586381102483214,0.01029610811790549,342.071,338.549,True,2007-09-22
213,3.42,348.641,256.17,0.235819642490518,0.010262884127596461,342.204,338.692,True,2007-09-22
214,3.42,347.545,255.67,0.23004444557012227,0.008438204699207197,343.675,340.775,True,2007-09-22
215,3.45,369.346,277.21,0.22760250697359785,0.009347011533859528,368.567,365.122,True,2007-09-29
216,3.45,363.571,271.06,0.1825589572914829,0.00578890438272972,383.665,381.444,True,2007-09-29
217,3.45,353.082,261.32,0.1568555972350247,0.006506139201490124,374.723,372.285,True,2007-09-29
218,3.45,351.956,260.05,0.1625939298441713,0.01065074748931294,371.711,367.752,True,2007-09-29
219,3.45,352.068,260.01,0.16253319549564985,0.010355498487640613,372.266,368.411,True,2007-09-29
220,3.56,354.35,243.95,0.16432696664406826,0.008637143210447285,371.998,368.785,True,2007-09-28
221,3.56,353.795,243.6,0.165340694511693,0.007042122768999737,377.017,374.362,True,2007-09-28
222,4.49,365.724,215.67,0.1587228330017148,0.014092551269790698,376.44,371.135,True,2007-09-28
223,4.49,365.627,215.69,0.15898775440485327,0.014360056557838896,376.252,370.849,True,2007-09-28
224,5.4,372.416,212.04,0.15247256464411432,0.028627082592102338,390.679,379.495,False,
225,4.98,393.145,247.81,0.18061456852370258,0.008735488703033423,400.55,397.051,True,2007-09-28
226,4.97,396.729,251.01,0.18891868288673616,0.00917433468091966,403.19,399.491,True,2007-09-28
227,4.97,396.639,250.9,0.18890839996434297,0.009233379049678692,403.211,399.488,True,2007-09-28
228,4.98,397.675,251.9,0.19193276632178727,0.0091884218971795,405.075,401.353,True,2007-09-28
229,4.98,392.559,238.92,0.1914992413482974,0.00995972261568967,405.935,401.892,True,2007-09-28
230,4.98,398.523,241.45,0.23367752867502073,0.014086330372932387,409.404,403.637,True,2007-09-28
231,4.98,398.28,240.94,0.23367636194467292,0.014105519147564638,409.556,403.779,True,2007-09-28
232,4.87,407.506,270.51,0.2310796239500328,0.014566107074250323,419.055,412.951,True,2007-09-29
233,4.88,408.562,270.79,0.22721697942414945,0.014536560713621638,419.494,413.396,True,2007-09-29
234,4.88,392.93,255.31,0.22896710234209194,0.014355010155552184,400.766,395.013,True,2007-09-25
235,4.91,388.283,251.13,0.192899509126155,0.014356356269739745,392.927,387.286,True,2007-09-25
236,4.11,347.883,218.73,0.20239722234932933,0.013544180581394616,347.234,342.531,True,2007-09-16
237,4.11,348.112,219.05,0.20241480124570665,0.013607262577869927,347.535,342.806,True,2007-09-16
238,3.14,318.006,243.04,0.2085211438166864,0.009500445886735154,310.617,307.666,True,2007-09-14
239,4.88,390.177,253.61,0.21149926878853242,0.014835349715496826,398.238,392.33,True,2007-09-25
240,4.1,349.254,219.39,0.21960510753193382,0.013550235749061668,351.433,346.671,True,2007-09-16
241,4.08,353.465,208.28,0.21958277140672322,0.013037324416224405,354.674,350.05,True,2007-09-21
242,4.09,352.512,207.93,0.2171194125168588,0.013560078406118836,354.054,349.253,True,2007-09-21
243,4.08,352.086,207.07,0.21195776642351832,0.012123577898089488,353.526,349.24,True,2007-09-21
244,3.2,325.228,223.75,0.21661713513456185,0.008818364314369886,318.313,315.506,True,2007-09-19
245,3.2,316.323,215.41,0.1741871674445074,0.004548144641060459,337.94,336.403,True,2007-09-19
246,3.21,340.404,239.09,0.17009170144421148,0.005201152171242063,366.265,364.36,True,2007-09-28
247,3.21,339.877,239.03,0.17020073950427614,0.005281728545874942,366.736,364.799,True,2007-09-28
248,3.21,339.95,239.52,0.17027577108091102,0.005201858899577361,366.023,364.119,True,2007-09-28
249,3.21,338.96,238.18,0.17630540624277496,0.005031387845067181,364.313,362.48,True,2007-09-28
250,3.21,340.609,238.64,0.1764038066835175,0.004833447566826576,364.75,362.987,True,2007-09-28
251,3.21,346.83,244.02,0.20095406409664282,0.004934053688824935,367.041,365.23,True,2007-09-28
252,3.21,346.754,243.96,0.20097280898389921,0.004831490328940036,371.314,369.52,True,2007-09-28
253,5.78,401.249,238.91,0.20991536551295517,0.019109060765515662,416.19,408.237,False,
254,5.81,382.705,201.92,0.21415246743718147,0.018493577103284697,403.167,395.711,False,
255,5.82,383.33,202.28,0.21292102819522252,0.016933791853405933,402.745,395.925,False,
256,5.85,372.753,192.21,0.1681845982454901,0.0159294603379857,392.857,386.599,False,
257,5.85,370.391,192.11,0.1677604743308394,0.01659467077780996,393.078,386.555,False,
258,5.85,369.826,191.84,0.1678565216067657,0.01661617972841334,393.171,386.638,False,
259,5.85,368.307,190.64,0.16586127679468293,0.018258882406260613,391.645,384.494,False,
260,4.92,370.687,202.16,0.17386444756113129,0.012238182293026867,382.9,378.214,True,2007-09-29
261,4.92,373.579,204.69,0.16986391981028964,0.011746758199847496,386.745,382.202,True,2007-09-29
262,4.86,377.314,209.04,0.17092708132002976,0.011464200040024686,384.763,380.352,True,2007-09-27
263,4.86,377.146,208.9,0.17085932271533674,0.011362604814258548,385.563,381.182,True,2007-09-27
264,4.86,383.183,213.3,0.20210988503912594,0.012293223271994003,394.689,389.837,True,2007-09-27
265,3.87,370.151,245.04,0.2053500591999805,0.008732939675123674,369.864,366.634,True,2007-09-28
266,3.87,370.097,245.03,0.20531957398418357,0.008700979063438474,368.924,365.714,True,2007-09-28
267,5.31,398.19,240.68,0.20817641433891956,0.01613347567064971,406.546,399.987,True,2007-09-26
268,5.32,401.073,242.34,0.2438434756565355,0.017304798325436188,411.331,404.213,True,2007-09-26
269,5.32,401.402,242.92,0.24388230555025636,0.01725479705245747,411.19,404.095,True,2007-09-26
270,5.35,409.956,251.23,0.24292691730884605,0.017226782753879788,424.049,416.744,True,2007-09-28
271,5.35,409.912,251.34,0.24298347001872303,0.01714944686430664,424.037,416.765,True,2007-09-28
272,5.35,409.83,251.25,0.2430192317063513,0.0171659246962953,424.096,416.816,True,2007-09-28
273,5.37,406.154,248.68,0.19727366117099063,0.011820661843197744,421.55,416.567,True,2007-09-28
274,5.37,405.84,248.18,0.20251637906867637,0.011727910572006173,420.45,415.519,True,2007-09-28
275,5.38,407.355,248.31,0.2024698988318434,0.011512251221320269,420.856,416.011,True,2007-09-28
276,5.37,407.564,248.15,0.20554558734387468,0.011196536360852716,421.291,416.574,True,2007-09-28
277,5.35,387.789,211.12,0.2085737194865679,0.011313783207911876,405.965,401.372,True,2007-09-29
278,4.22,382.722,253.57,0.21238743897488138,0.008242895126165162,386.636,383.449,True,2007-09-29
279,3.53,358.525,239.8,0.21648254444254295,0.006948083136843919,366.432,363.886,True,2007-09-28
280,3.53,356.525,238.26,0.2070116052695447,0.006023672546016434,369.542,367.316,True,2007-09-28
281,3.78,359.693,278.64,0.18508001354522244,0.009514427408286785,356.301,352.911,True,2007-09-26
282,3.78,359.677,278.58,0.18518765158575715,0.009586583859340414,354.558,351.159,True,2007-09-26
283,3.78,361.728,280.61,0.1803145151696173,0.009047762796001835,357.768,354.531,True,2007-09-26
284,3.79,360.57,279.06,0.17497545584938348,0.008401981063527186,359.201,356.183,True,2007-09-26
285,3.79,360.544,279.07,0.17511662587604152,0.008398816973805512,358.741,355.728,True,2007-09-26
286,4.91,379.994,243.46,0.1652241462949279,0.013765937597180478,385.88,380.568,True,2007-09-25
287,4.92,389.629,252.85,0.19880238168564932,0.011701491940222408,399.949,395.269,True,2007-09-25
288,4.11,348.431,219.35,0.20730249792468808,0.010339875808640264,354.453,350.788,True,2007-09-16
289,4.09,352.112,222.4,0.25805657521206976,0.016339119573806404,353.079,347.31,True,2007-09-16
290,4.08,355.587,210.37,0.2579375072475072,0.01566892535140285,357.14,351.544,True,2007-09-21
291,4.08,357.841,211.29,0.2578762726701727,0.014622306085768533,357.194,351.971,True,2007-09-21
292,4.14,378.764,231.93,0.25524982941744323,0.014532969987226974,381.271,375.73,True,2007-09-27
293,4.14,379.421,231.95,0.2578870122324664,0.014049411376302667,381.653,376.291,True,2007-09-27
294,4.14,379.381,231.66,0.25789923126868153,0.014084248700318658,381.632,376.257,True,2007-09-27
295,4.48,388.358,254.17,0.2791390080199842,0.01763750407339948,395.861,388.879,True,2007-09-26
296,4.53,388.827,236.14,0.2807046479648303,0.017493516929495967,394.489,387.588,True,2007-09-27
297,4.53,388.889,236.09,0.2807082023789982,0.01745366603037468,394.473,387.588,True,2007-09-27
298,4.52,384.602,233.9,0.2421084536702861,0.017379229626055315,389.603,382.832,True,2007-09-27
299,4.56,388.411,237.32,0.2411389420868335,0.01736279716901623,397.459,390.558,True,2007-09-29
300,4.55,393.851,250.29,0.24111183846606984,0.015295027730112043,396.861,390.791,True,2007-09-29
301,5.39,401.89,249.88,0.23723579699607478,0.015295092773910834,412.616,406.305,False,
302,5.39,401.828,249.94,0.23729871106831216,0.015322439960458234,412.728,406.404,False,
303,4.23,395.303,278.64,0.24154894916125644,0.012451029530599622,391.052,386.183,False,
304,4.23,395.086,278.88,0.2415367809068068,0.012368065021853836,391.007,386.171,False,
305,4.24,394.2,278.07,0.2385862611205051,0.012768971884222546,391.026,386.033,False,
306,4.23,394.266,277.8,0.2356417843656608,0.01147809671354505,389.873,385.398,False,
307,4.24,389.64,272.95,0.1894958576142161,0.008175068749000314,387.642,384.473,False,
308,4.25,390.996,274.11,0.18365030826980427,0.008090382005839003,389.104,385.956,False,
309,5.35,398.805,229.96,0.22295573720513878,0.014200994927340949,408.07,402.275,True,2007-09-27
310,5.37,398.06,229.68,0.22678034873000388,0.014318121556727403,407.316,401.484,True,2007-09-27
311,5.37,398.039,229.63,0.22672290680313112,0.01430861339741818,407.377,401.548,True,2007-09-27
312,5.43,390.523,221.62,0.22544071696212178,0.01430312880942708,406.065,400.257,False,
313,5.41,395.176,234.75,0.22552760269324165,0.013030039149322437,405.371,400.089,False,
314,5.41,394.952,234.77,0.22551813346082447,0.013035638968297736,405.427,400.142,False,
315,4.25,388.109,265.47,0.22958139243948075,0.010519952887214745,385.458,381.403,False,
316,4.25,388.292,265.5,0.22955987954378745,0.010490208533730172,385.693,381.647,False,
317,4.25,382.963,261.5,0.19673606620865583,0.010494978763942342,377.895,373.929,False,
318,4.2,393.03,285.79,0.195075109322452,0.011048994828625536,386.551,382.28,False,
319,4.21,382.564,275.53,0.15757149474026153,0.012663475771967025,376.279,371.514,False,
320,4.21,383.516,276.67,0.16137746968798367,0.012154182064254782,378.306,373.708,False,
321,3.53,360.837,261.27,0.1695849346807091,0.008609983811234678,360.744,357.638,True,2007-09-29
322,3.53,361.63,261.96,0.17222173799677323,0.008289823837824728,365.629,362.598,True,2007-09-29
323,4.48,392.083,249.64,0.20539580752433004,0.013487937758735136,400.506,395.104,True,2007-09-28
324,4.48,392.362,249.67,0.20547030932853708,0.013538516855728266,400.487,395.065,True,2007-09-28
325,4.49,383.39,226.87,0.2078345389341759,0.012800815338556593,392.475,387.451,True,2007-09-28
326,4.49,383.308,226.65,0.20571291002561382,0.013162394034817337,391.874,386.716,True,2007-09-28
327,5.4,393.675,227.61,0.20053748514453193,0.01370813263202475,410.851,405.219,False,
328,5.4,393.753,227.81,0.20044626107441474,0.013653149115285701,410.528,404.923,False,
329,5.4,393.702,227.66,0.20046039375593147,0.013580162679285857,410.378,404.805,False,
330,5.34,399.654,233.91,0.20150610545796785,0.013717651701734224,410.493,404.862,True,2007-09-28
331,5.34,385.596,223.76,0.15779084175538519,0.012592765367261838,398.721,393.7,True,2007-09-27
332,5.33,389.295,226.63,0.16567090216784622,0.01169485740196774,401.373,396.679,True,2007-09-27
333,4.2,383.212,260.89,0.17245879571621703,0.008296972789469836,384.116,380.929,True,2007-09-28
334,4.19,380.857,258.95,0.17741459108277546,0.008366000073271151,382.142,378.945,True,2007-09-28
335,4.19,381.725,258.91,0.17731020482030826,0.008234097521360506,380.491,377.358,True,2007-09-28
336,4.2,387.286,264.27,0.20480592130467545,0.008176076456948178,390.285,387.094,True,2007-09-28
337,3.83,381.439,268.02,0.2082792751584177,0.009105730266986023,381.518,378.044,True,2007-09-28
338,3.79,379.349,278.8,0.20880750014081825,0.008774126871554544,379.297,375.969,True,2007-09-28
339,3.79,379.467,278.88,0.20869877137112958,0.008816624732869482,379.964,376.614,True,2007-09-28
340,4.92,397.796,243.8,0.2029513914233211,0.01224982999936397,408.822,403.814,True,2007-09-28
341,4.89,382.082,212.17,0.2068116552976477,0.012115446247643602,396.271,391.47,True,2007-09-28
342,4.84,376.463,207.43,0.20735992731213276,0.012101662233870769,386.889,382.207,True,2007-09-27
343,4.84,376.828,207.57,0.20738505697246096,0.012209150529545743,386.841,382.118,True,2007-09-27
344,5.7,396.147,216.79,0.20257452332672216,0.012302391470212282,411.546,406.483,True,2007-09-27
345,5.7,398.524,219.63,0.2528979879944571,0.019271096010405442,414.403,406.417,True,2007-09-27
346,5.71,398.67,219.97,0.2493807227080245,0.019237808989846394,415.224,407.236,True,2007-09-27
347,5.7,398.341,220.14,0.2528273676795979,0.023257774469919834,415.173,405.517,True,2007-09-28
348,5.7,398.206,220.4,0.2528343975970471,0.023261023513939327,415.158,405.501,True,2007-09-28
349,5.7,398.635,220.42,0.25578114503086913,0.021818899286097482,415.603,406.535,True,2007-09-28
350,5.7,394.948,218.44,0.2143122390057449,0.018654694068876543,409.602,401.961,True,2007-09-28
351,3.17,325.599,230.53,0.24586474352792131,0.009895173694566828,316.619,313.486,True,2007-09-16
352,3.17,325.583,230.45,0.24584797659000696,0.009893729335381574,316.362,313.232,True,2007-09-16
353,3.23,329.902,221.83,0.24522503432438944,0.009788442336495229,320.48,317.343,True,2007-09-21
354,3.23,330.313,222.21,0.24065123626761165,0.009697037639079698,321.129,318.015,True,2007-09-21
355,3.23,330.141,221.78,0.23476073381870446,0.007942018921968663,322.588,320.026,True,2007-09-21
356,3.23,330.222,221.83,0.23685435412056277,0.007407728296655702,323.176,320.782,True,2007-09-21
357,3.23,323.268,216.96,0.19285318510267543,0.004673779624209229,338.912,337.328,True,2007-09-21
358,4.09,355.207,213.1,0.18880135039123755,0.007693821384721633,360.809,358.033,True,2007-09-24
359,4.14,372.074,229.74,0.18722138743081543,0.007573660167605523,375.644,372.799,True,2007-09-28
360,4.14,372.385,229.86,0.18718445430863603,0.007579203877657981,375.897,373.048,True,2007-09-28
361,4.15,365.807,226.24,0.1603556041015658,0.0072725108289525275,369.611,366.923,True,2007-09-28
362,4.14,365.755,226.14,0.16029284298640825,0.007227705122595629,370.242,367.566,True,2007-09-28
363,4.99,376.325,226.92,0.15361314109894583,0.010971648575164417,385.448,381.219,True,2007-09-29
364,4.99,371.272,212.86,0.153146041421389,0.01179647637718606,385.115,380.572,True,2007-09-29
365,3.2,349.332,253.78,0.23629978395253315,0.008460792188089261,347.367,344.428,True,2007-09-27
366,4.13,376.95,236.79,0.23124068936747436,0.01228724521958413,380.72,376.042,True,2007-09-27
367,4.13,376.937,236.83,0.23123128276744934,0.012380354332467092,380.603,375.891,True,2007-09-27
368,4.13,377.005,236.89,0.23127142831717476,0.012316345572581322,380.47,375.784,True,2007-09-27
369,4.13,377.43,237.22,0.23320376450394678,0.011373231864979183,381.334,376.997,True,2007-09-27
370,4.13,378.51,238.21,0.23912740615177644,0.012982211407354671,381.368,376.417,True,2007-09-27
371,4.13,379.324,238.8,0.23469555833151817,0.012674738349905401,382.572,377.723,True,2007-09-27
372,4.14,374.246,236.01,0.19212034726171062,0.0090240232016503,383.421,379.961,True,2007-09-27
373,4.96,401.292,253.09,0.18664080054179757,0.009292296010007806,410.878,407.06,True,2007-09-28
374,4.98,387.044,236.28,0.18964992798934543,0.009127933934009236,398.995,395.353,True,2007-09-29
375,4.98,375.718,226.78,0.15926202050773014,0.011604534542822509,384.074,379.617,True,2007-09-29
376,4.91,377.182,228.79,0.1605094494732301,0.010920174911665415,381.221,377.058,True,2007-09-27
377,4.9,372.298,215.38,0.15980627312374665,0.011827956989247324,382.23,377.709,True,2007-09-27
378,4.9,372.068,214.83,0.15981556377697778,0.011831626848691656,382.365,377.841,True,2007-09-27
379,4.51,387.669,245.32,0.27219689489560445,0.016823092804397755,394.755,388.114,True,2007-09-27
380,4.51,386.961,244.81,0.27687020372129845,0.019065912206592817,394.631,387.107,True,2007-09-27
381,4.51,387.122,244.71,0.2768398895525286,0.019115799286640756,394.752,387.206,True,2007-09-27
382,4.53,384.303,242.13,0.2257266261278711,0.013027137538905942,393.256,388.133,True,2007-09-27
383,4.53,385.934,243.53,0.22104385931100365,0.01254155564014725,394.05,389.108,True,2007-09-27
384,4.53,386.06,243.45,0.22341069647798584,0.011592786598039972,394.987,390.408,True,2007-09-27
385,3.46,361.258,271.5,0.22877870943121295,0.007098535754101909,361.483,358.917,True,2007-09-27
386,3.48,376.669,286.94,0.22752789281107968,0.007784594446459736,377.669,374.729,False,
387,4.14,398.676,301.51,0.22345411820222197,0.00836371757585197,398.507,395.174,False,
388,4.14,398.812,301.66,0.22344660280995757,0.008379636356348752,399.182,395.837,False,
389,4.14,398.801,301.52,0.22355359667800298,0.008412421799581349,398.815,395.46,False,
390,4.27,386.066,264.69,0.2249436320975556,0.009123432871011028,390.204,386.644,False,
391,4.27,387.899,265.02,0.22488346593602282,0.00873916251614093,390.312,386.901,False,
392,4.27,383.31,261.22,0.19487831450988058,0.009412542766532472,384.062,380.447,False,
393,4.46,378.333,224.47,0.20117986037323507,0.014296772316627848,384.982,379.478,True,2007-09-27
394,4.44,359.771,205.97,0.20390382566973142,0.01415392565959106,363.786,358.637,True,2007-09-22
395,4.45,359.181,205.18,0.20793965069113138,0.014634861857199422,361.329,356.041,True,2007-09-22
396,4.44,359.486,205.26,0.20810716994372086,0.014512369975475892,361.278,356.035,True,2007-09-22
397,3.55,335.076,222.0,0.21497012032043653,0.01127401892598534,328.543,324.839,True,2007-09-19
398,3.5,326.618,215.41,0.18102684536665056,0.007464587409988899,333.709,331.218,True,2007-09-20
399,4.19,369.614,248.23,0.17145359021832163,0.009568267747703474,366.315,362.81,True,2007-09-27
400,4.19,367.693,246.48,0.16813257580364932,0.010956301108810518,364.174,360.184,True,2007-09-27
401,4.27,379.402,256.79,0.1990238692261909,0.00882025766513006,380.261,376.907,True,2007-09-27
402,4.27,379.247,256.93,0.19900017179402701,0.008813723324814005,380.316,376.964,True,2007-09-27
403,4.2,379.183,256.37,0.1992964232673145,0.008689747735751485,378.492,375.203,True,2007-09-27
404,4.2,379.231,256.46,0.19938815243647592,0.00865475814100547,379.56,376.275,True,2007-09-27
405,4.12,375.579,277.43,0.19859453392055834,0.00834700337477745,372.469,369.36,True,2007-09-26
406,4.12,373.76,275.73,0.19073126861611178,0.007449280351111365,371.848,369.078,True,2007-09-26
407,3.86,374.319,261.92,0.21703620677831437,0.009041959842114311,372.928,369.556,True,2007-09-27
408,4.94,397.183,249.31,0.2132216641977624,0.012000451427639947,398.735,393.95,True,2007-09-27
409,4.93,396.389,249.22,0.2102486026564236,0.012424404595898997,398.007,393.062,True,2007-09-27
410,4.97,400.896,253.42,0.20930256143078405,0.012473889858206633,406.93,401.854,True,2007-09-28
411,4.97,404.691,256.32,0.2565688111162838,0.017771015929687772,409.487,402.21,True,2007-09-28
412,4.97,404.83,256.46,0.2566124853090368,0.017776496823531884,409.417,402.139,True,2007-09-28
413,4.97,404.412,256.07,0.25282999338122986,0.015016276383492566,409.489,403.34,True,2007-09-28
414,4.98,399.065,242.37,0.25288907667990307,0.01751177692600292,410.124,402.942,True,2007-09-28
415,4.88,408.92,271.48,0.25039743630461997,0.016856876119346054,419.888,412.81,True,2007-09-29
416,4.88,408.825,271.67,0.25038819262661344,0.016851336674224893,419.848,412.773,True,2007-09-29
417,4.88,404.29,267.24,0.21088061374905795,0.017025176742874293,411.332,404.329,True,2007-09-29
418,4.88,404.361,267.39,0.2109902500240122,0.01699672616007275,411.138,404.15,True,2007-09-29
419,4.88,402.109,265.38,0.21245349580602244,0.01787634078692235,407.41,400.127,True,2007-09-29
420,4.11,371.71,243.28,0.22017221736398732,0.01552354275043355,374.85,369.031,True,2007-09-27
421,5.85,389.068,220.75,0.17569939674168392,0.009960169038713773,411.74,407.639,False,
422,5.85,387.391,220.22,0.17564510375314601,0.010214313180528345,410.894,406.697,False,
423,5.85,387.271,220.44,0.17561037565074866,0.010237987670693838,411.702,407.487,False,
424,4.56,395.047,279.27,0.18090102065997332,0.007469993564236166,399.331,396.348,False,
425,4.56,395.189,278.89,0.18087170974818806,0.007505442447836463,399.177,396.181,False,
426,4.56,393.728,277.38,0.1866661463282051,0.0074370306239556205,397.336,394.381,False,
427,4.55,399.38,283.3,0.23007613818511802,0.010321922579361154,401.96,397.811,False,
428,4.56,394.332,278.15,0.19705522659496624,0.01118934861551868,392.963,388.566,False,
429,4.56,394.223,278.07,0.19702769970818923,0.011179306206714146,393.316,388.919,False,
430,4.52,396.71,281.06,0.19782586008355824,0.011335278510540281,393.109,388.653,True,2007-09-28
431,4.52,396.148,280.49,0.1954245585245888,0.011920932227623582,391.664,386.995,True,2007-09-28
432,4.47,399.571,296.82,0.19520757233609123,0.012063590863405138,392.006,387.277,True,2007-09-29
433,4.46,400.074,297.91,0.19839858130086457,0.01305351071541605,391.772,386.658,True,2007-09-29
434,3.76,365.758,269.87,0.2034539487695884,0.011876312347851359,358.613,354.354,True,2007-09-26
435,3.84,370.653,266.35,0.20944724869588863,0.006997906200988835,376.827,374.19,True,2007-09-27
436,3.87,386.513,282.24,0.2084410163506493,0.007230828319037319,390.55,387.726,True,2007-09-29
437,4.95,405.745,268.12,0.20387460636589666,0.00948036848224676,413.697,409.775,True,2007-09-28
438,4.99,389.679,236.5,0.20676822579999724,0.009431055601896832,399.213,395.448,True,2007-09-29
439,4.99,389.694,236.72,0.20686405244622172,0.009419486829767343,398.854,395.097,True,2007-09-29
440,4.98,380.256,228.71,0.17748817644969034,0.009607869941682057,387.703,383.978,True,2007-09-29
441,4.98,391.356,236.73,0.21617257550274466,0.01247870227545389,396.756,391.805,True,2007-09-29
442,4.13,374.19,229.93,0.22189937547348676,0.011933795338629594,372.723,368.275,True,2007-09-28
443,4.13,369.352,217.64,0.2214904161661819,0.013113972979701294,373.571,368.672,True,2007-09-28
444,4.13,370.264,218.51,0.2171708546415424,0.01311627807578053,374.344,369.434,True,2007-09-28
445,4.13,370.392,218.5,0.2172194746402027,0.013079984923132115,374.083,369.19,True,2007-09-28
446,4.13,370.688,218.62,0.21726699205274527,0.013146566706059182,374.014,369.097,True,2007-09-28
447,4.13,370.837,219.43,0.21970526209015856,0.012975760096405109,375.084,370.217,True,2007-09-28
448,4.13,370.109,218.64,0.21466385270311167,0.011532292286628665,374.687,370.366,True,2007-09-28
449,4.56,402.749,274.43,0.25158080366046454,0.012808940147858605,402.141,396.99,True,2007-09-28
450,4.51,403.213,287.44,0.2515791106396786,0.012394913502135951,401.455,396.479,True,2007-09-28
451,4.52,398.293,282.69,0.21465855436332965,0.012636981162785332,393.211,388.242,True,2007-09-28
452,5.81,398.554,231.01,0.20622056103858535,0.01813192934190333,412.918,405.431,True,2007-09-28
453,5.8,398.818,231.41,0.2086241832997476,0.019636159221532057,412.708,404.604,True,2007-09-28
454,5.8,398.665,231.22,0.20861759586757456,0.019524216862506494,412.667,404.61,True,2007-09-28
455,5.84,388.823,221.2,0.20657958799437678,0.019399383557294536,409.446,401.503,False,
456,4.94,387.509,228.14,0.21531778704405197,0.01834158955431442,399.093,391.773,True,2007-09-29
457,4.94,379.192,220.99,0.17272701037762483,0.014383999590782404,390.99,385.366,True,2007-09-29
458,4.88,390.839,257.34,0.1698740466184612,0.018074477065001537,399.237,392.021,True,2007-09-28
459,4.88,394.525,260.75,0.16592185060051745,0.014488543249605246,402.732,396.897,True,2007-09-28
460,4.88,394.378,260.95,0.1660238740076131,0.014474906024838363,402.766,396.936,True,2007-09-28
461,4.89,395.862,262.28,0.1696014320579654,0.013908801644195168,403.845,398.228,True,2007-09-28
462,4.88,395.695,262.23,0.16963822332423478,0.013947833665955311,403.862,398.229,True,2007-09-28
463,4.42,362.89,219.98,0.25155124234097065,0.01468585026942737,365.59,360.221,True,2007-09-16
464,3.41,336.832,244.68,0.25608790707786566,0.00924275253010065,328.149,325.116,True,2007-09-15
465,3.43,361.063,268.99,0.25166568726412264,0.009329543554589592,358.86,355.512,True,2007-09-27
466,4.11,400.476,301.32,0.24722612610171193,0.010307834654530001,399.89,395.768,True,2007-09-29
467,4.11,399.811,300.83,0.2514621675095729,0.01066027435083261,398.395,394.148,True,2007-09-29
468,4.11,398.824,300.28,0.2516448807457042,0.010634149532192994,397.493,393.266,True,2007-09-29
469,4.11,398.757,300.19,0.2516279941501243,0.01069815855902978,397.732,393.477,True,2007-09-29
470,4.11,398.969,300.53,0.2547110144423222,0.010085405676965697,398.1,394.085,True,2007-09-29
471,4.11,400.049,302.31,0.25467079710162943,0.00973014234884384,398.247,394.372,True,2007-09-29
472,4.14,395.563,297.03,0.20930339736767808,0.007542663663709148,396.942,393.948,True,2007-09-29
473,4.14,388.487,290.08,0.18203316547648235,0.00888028379484651,384.785,381.368,True,2007-09-29
474,4.21,383.495,260.95,0.18331388383660058,0.0079590632174793,384.593,381.532,True,2007-09-29
475,4.21,383.25,261.0,0.18351489683404038,0.00799715056013861,384.637,381.561,True,2007-09-29
476,4.2,379.552,258.93,0.17615968751787825,0.007366434363449081,382.546,379.728,True,2007-09-29
477,3.88,364.253,249.54,0.18645002957626589,0.00816856144077649,365.303,362.319,True,2007-09-27
478,3.87,368.83,252.57,0.22257940337738089,0.012069357698600403,364.891,360.487,True,2007-09-27
479,3.88,368.839,252.63,0.22264059489139024,0.012064894007550175,365.026,360.622,True,2007-09-27
480,3.87,370.276,253.71,0.21867816873981058,0.011600318536701404,365.421,361.182,True,2007-09-27
481,3.88,370.776,253.91,0.22140799775611766,0.011397394803246308,366.575,362.397,True,2007-09-27
482,3.87,370.547,254.09,0.22147997144491272,0.011425090952792094,366.124,361.941,True,2007-09-27
483,3.9,377.582,260.67,0.21999374166951927,0.011351572506999474,373.957,369.712,True,2007-09-30
484,3.9,376.768,259.98,0.21551843776918347,0.010340549841930335,374.835,370.959,True,2007-09-29
485,3.9,381.108,263.88,0.2478151834496679,0.009163378058405725,380.1,376.617,True,2007-09-29
486,4.98,388.964,224.93,0.24520829583337525,0.013213046081678392,402.481,397.163,True,2007-09-29
487,4.98,394.004,238.63,0.24514363163151834,0.011705839490483982,402.107,397.4,True,2007-09-29
488,4.14,377.78,233.37,0.2485691103651641,0.010497536750624037,378.565,374.591,True,2007-09-28
489,4.13,381.052,240.35,0.24680400464882146,0.01213303677111377,384.405,379.741,True,2007-09-27
490,4.13,380.905,240.45,0.24680632098014796,0.012119004566091274,384.355,379.697,True,2007-09-27
491,3.44,368.555,272.62,0.23726583614072982,0.011641005352059919,363.972,359.735,True,2007-09-29
492,3.44,368.603,272.66,0.23698362510489143,0.011620497778070726,364.098,359.867,True,2007-09-29
493,3.44,367.668,271.89,0.24139956547047758,0.012026829080255985,363.188,358.82,True,2007-09-29
494,3.43,347.195,251.48,0.24406748533785502,0.011519070002765197,339.958,336.042,True,2007-09-23
495,3.43,350.977,255.01,0.27911547695617495,0.010691977102291528,344.838,341.151,True,2007-09-23
496,3.52,352.964,233.0,0.2790294975890233,0.01114790065101201,348.227,344.345,True,2007-09-27
497,3.52,353.125,233.11,0.2789462999794975,0.011115992843954037,348.237,344.366,True,2007-09-27
498,3.52,353.16,233.69,0.27894219618234717,0.011021609591499781,348.225,344.387,True,2007-09-27
499,3.52,353.316,233.55,0.27893644656617067,0.011041475871533035,348.323,344.477,True,2007-09-27
500,3.52,353.715,233.92,0.28354180869255624,0.012537681949987167,348.31,343.943,True,2007-09-27
501,4.22,387.915,258.1,0.2798971347691288,0.013064594715072042,385.852,380.811,True,2007-09-28
502,4.22,388.413,258.52,0.2826145025769274,0.012695620683411235,386.59,381.682,True,2007-09-28
503,5.3,397.022,218.61,0.2794164160938338,0.01857886123256547,409.39,401.784,True,2007-09-28
504,5.32,394.729,215.78,0.22782241929736993,0.01235795349933344,407.349,402.315,True,2007-09-28
505,4.47,373.236,220.71,0.17051206399015667,0.009027586478296934,381.165,377.724,True,2007-09-27
506,5.38,387.233,223.29,0.16360995676898712,0.012526414886478654,399.396,394.393,True,2007-09-28
507,5.37,390.122,225.85,0.1710613080351186,0.012438810278385337,403.254,398.238,True,2007-09-28
508,5.38,398.294,232.31,0.20199204161350542,0.01159675194305998,413.909,409.109,True,2007-09-28
509,5.3,395.782,230.63,0.2024674457450197,0.011448559022478655,406.252,401.601,True,2007-09-27
510,5.3,395.955,230.57,0.20275954082518233,0.011612718785889209,405.762,401.05,True,2007-09-27
511,5.3,396.118,230.53,0.2027191019180202,0.011572543640651634,405.356,400.665,True,2007-09-27
512,5.3,396.315,230.57,0.20262865008599754,0.011611685136254324,405.712,401.001,True,2007-09-27
513,5.3,397.693,248.73,0.20096899157000575,0.011588908040050527,407.286,402.566,True,2007-09-25
514,5.3,396.912,247.91,0.2010342852395425,0.0117840201619136,407.501,402.699,True,2007-09-25
515,5.28,395.673,247.08,0.20620797256014453,0.01184775134263838,405.731,400.924,True,2007-09-25
516,5.28,400.284,249.54,0.24984092184334952,0.017442625828250402,410.202,403.047,True,2007-09-25
517,5.27,400.158,249.78,0.2533805545392282,0.016811968834209212,410.065,403.171,True,2007-09-25
518,4.09,382.651,283.53,0.2573701381204235,0.010739430564117636,377.953,373.894,True,2007-09-26
519,4.91,393.034,231.49,0.23238303160280255,0.014279070227693258,404.228,398.456,True,2007-09-28
520,4.91,393.161,231.64,0.23247015960297854,0.014378114990291735,404.295,398.482,True,2007-09-28
521,5.83,399.021,230.16,0.22741082394563397,0.013941939504064638,420.458,414.596,True,2007-09-29
522,5.83,399.786,230.48,0.22308003000083915,0.013771302001071795,421.674,415.867,True,2007-09-29
523,5.83,399.882,230.59,0.2203960961205102,0.014782957683932119,421.093,414.868,True,2007-09-29
524,5.84,389.121,223.07,0.17581941803311915,0.011279383523348785,411.37,406.73,True,2007-09-29
525,5.78,405.683,253.57,0.1738049099713089,0.012744901212844106,423.385,417.989,True,2007-09-28
526,5.74,392.468,253.78,0.14487044687416592,0.03655534055444254,409.817,394.836,True,2007-09-28
527,5.73,392.216,253.61,0.1448572243584385,0.03653881334227704,409.975,394.995,True,2007-09-28
528,5.74,396.119,256.54,0.15044511977684172,0.033966771214666514,411.932,397.94,True,2007-09-28
529,4.49,392.213,289.61,0.15754143368235607,0.015997445353221118,388.312,382.1,False,
530,4.48,382.436,280.11,0.15846249678993077,0.014707404115313683,376.885,371.342,True,2007-09-28
531,4.49,383.766,281.9,0.15847765105113265,0.014247428211713986,376.489,371.125,True,2007-09-28
532,4.49,383.276,281.82,0.15890826146732207,0.013868320088059605,376.109,370.893,True,2007-09-28
533,4.5,361.353,213.27,0.15805504459371345,0.01246551491763459,363.563,359.031,True,2007-09-25
534,4.5,360.869,213.11,0.15790036827658147,0.012375122267526906,363.956,359.452,True,2007-09-25
535,4.52,357.293,224.87,0.15554913138375331,0.01735765801151601,358.977,352.746,True,2007-09-22
536,4.52,378.807,246.37,0.15246506136505708,0.01805471631279565,383.944,377.012,True,2007-09-28
537,4.53,381.147,248.2,0.15485080437216214,0.015270497068147315,386.104,380.208,True,2007-09-28
538,4.52,378.137,245.67,0.15998099658379872,0.020012150795562844,381.868,374.226,True,2007-09-28
539,4.5,390.301,256.51,0.1969442887621823,0.01519564165881726,392.81,386.841,True,2007-09-28
540,4.49,396.786,262.98,0.23364694611299058,0.01464755935940154,403.685,397.772,True,2007-09-28
541,4.49,394.387,261.45,0.2335421295434184,0.015370029309252242,403.968,397.759,True,2007-09-28
542,3.46,368.122,289.85,0.23963393852132095,0.010412338376555086,368.217,364.383,True,2007-09-29
543,4.08,398.791,314.92,0.23565605618452873,0.011192414924561911,397.412,392.964,False,
544,4.1,398.432,314.09,0.22981237342919472,0.009908807688911891,396.415,392.487,False,
545,4.1,398.341,313.98,0.22969052086162714,0.009934301355618125,396.203,392.267,False,
546,4.1,398.799,314.14,0.22953907176950616,0.009867103861467719,397.077,393.159,False,
547,4.22,389.374,265.02,0.2124470913328069,0.010318118378971342,388.346,384.339,False,
548,4.19,388.333,264.27,0.21306374471570683,0.010470293946690967,385.376,381.341,True,2007-09-28
549,4.2,388.982,264.95,0.2086661604181862,0.010382326719329926,385.848,381.842,True,2007-09-28
550,4.2,388.862,264.79,0.20665521266436943,0.01084111470029192,385.108,380.933,True,2007-09-28
551,4.2,393.605,268.74,0.23846707176393145,0.009538003742599277,391.172,387.441,True,2007-09-28
552,4.2,393.469,268.89,0.2384389579502082,0.00951161280757451,391.206,387.485,True,2007-09-28
553,5.34,404.519,236.45,0.23516479926795206,0.013417936191329582,415.116,409.546,True,2007-09-28
554,5.34,397.606,233.25,0.18608943024580019,0.009017365874616212,409.654,405.96,True,2007-09-27
555,5.34,397.654,233.14,0.18618895380706485,0.008990358590218128,410.106,406.419,True,2007-09-27
556,5.35,399.681,234.42,0.19533557865374515,0.010740805366525219,412.632,408.2,True,2007-09-27
557,4.45,372.169,217.04,0.19955657494926116,0.009848692541678084,382.995,379.223,True,2007-09-26
558,4.47,372.089,230.49,0.19896852222973027,0.010263153758703236,381.754,377.836,True,2007-09-22
559,4.47,372.508,230.74,0.19902484206491972,0.010307629376350325,381.368,377.437,True,2007-09-22
560,4.47,371.425,229.99,0.19897238299287331,0.010527723091522612,381.469,377.453,True,2007-09-22
561,4.15,376.315,239.75,0.18954648289513257,0.008852304198809446,376.964,373.627,True,2007-09-27
562,4.15,376.071,239.71,0.18956731647338076,0.008911398046867691,376.933,373.574,True,2007-09-27
563,4.15,379.699,242.14,0.2178249709351207,0.008235894884317752,381.865,378.72,True,2007-09-27
564,4.12,380.396,256.52,0.21548255950881928,0.008673731651721361,385.186,381.845,True,2007-09-27
565,4.1,384.658,260.23,0.2710225404624676,0.013378855540554624,385.16,380.007,True,2007-09-27
566,4.1,384.78,260.37,0.2709859237952277,0.013352302967207352,385.177,380.034,True,2007-09-27
567,4.1,360.263,235.92,0.2752768351195169,0.013482797955188919,355.045,350.258,True,2007-09-16
568,4.1,360.384,236.41,0.27527195259065756,0.01345554206652555,355.021,350.244,True,2007-09-16
569,4.09,359.887,236.1,0.2807454379210803,0.015176437726948211,354.431,349.052,True,2007-09-16
570,4.08,360.297,236.95,0.2834635500350316,0.014807572009039704,354.886,349.631,True,2007-09-16
571,4.87,402.116,270.12,0.2766983827956139,0.016227597567470498,403.695,397.144,True,2007-09-25
572,4.87,396.151,258.26,0.27679652299064744,0.0185725078334964,403.715,396.217,True,2007-09-25
573,3.77,370.847,290.53,0.2812697136508471,0.010982936008670952,367.206,363.173,True,2007-09-26
574,3.77,370.871,290.44,0.2848145402966709,0.011046275527307747,366.911,362.858,True,2007-09-26
575,3.89,371.501,255.21,0.17806636435023543,0.00857447634351105,368.419,365.26,True,2007-09-28
576,3.88,370.149,254.54,0.1835616419807956,0.008755822347383813,364.329,361.139,True,2007-09-28
577,3.88,370.689,254.97,0.18668607126201495,0.009965158892419446,365.373,361.732,True,2007-09-28
578,3.86,374.873,271.09,0.18450911311452917,0.010176825395101896,368.386,364.637,True,2007-09-28
579,3.86,375.72,272.13,0.18789613762750823,0.010171834345186426,368.96,365.207,True,2007-09-28
580,3.86,375.028,271.84,0.18796563196117666,0.010214177864402041,368.899,365.131,True,2007-09-28
581,4.95,389.052,243.1,0.17835261725780677,0.01639872852094082,393.872,387.413,True,2007-09-28
582,4.93,396.513,250.84,0.2186988747844661,0.01846573892904202,400.688,393.289,True,2007-09-28
583,4.93,396.618,250.87,0.21877946658871694,0.018413297300264753,400.743,393.364,True,2007-09-28
584,4.92,402.434,255.76,0.2604577019405884,0.01933381113272581,410.214,402.283,True,2007-09-28
585,4.92,402.452,255.7,0.2604578261491414,0.019336026545285212,410.167,402.236,True,2007-09-28
586,4.11,366.118,228.17,0.2662995497366567,0.018313756341046483,368.63,361.879,True,2007-09-24
587,4.12,371.147,241.83,0.26623939897153354,0.015678510419297687,368.211,362.438,True,2007-09-24
588,4.12,389.091,259.57,0.26436767940455297,0.015820535797052226,388.356,382.212,True,2007-09-28
589,4.56,385.853,266.47,0.17702477055505714,0.007119202771376676,393.162,390.363,False,
590,5.83,378.369,201.62,0.17180144886860016,0.009088819861962638,404.673,400.995,False,
591,5.8,387.525,207.54,0.21952476783468797,0.013445733476546984,411.506,405.973,False,
592,5.8,387.805,207.46,0.2195083663133328,0.013466925493378357,411.601,406.058,False,
593,5.8,389.481,207.71,0.21955549576422922,0.013030788335962051,411.487,406.125,False,
594,5.79,383.956,203.94,0.18424615976578898,0.013306767947201203,401.525,396.182,False,
595,5.83,381.672,201.36,0.18782096288210526,0.0145808994228811,398.878,393.062,False,
596,5.8,383.182,203.11,0.1924829393176094,0.016154584253715742,400.196,393.731,False,
597,5.8,400.962,239.69,0.18768307810495127,0.017539716202668365,414.944,407.666,True,2007-09-28
598,4.92,394.033,240.53,0.19547501918567545,0.015928964617299868,400.026,393.654,True,2007-09-28
599,4.92,393.322,239.77,0.19210661902683338,0.01630959879742111,398.477,391.978,True,2007-09-28
600,4.87,376.851,223.6,0.194680958343571,0.0161654214792194,378.524,372.405,True,2007-09-23
601,4.86,376.924,223.66,0.19472978205233132,0.01633836864384408,378.924,372.733,True,2007-09-23
602,4.86,376.627,223.43,0.19443847107188042,0.016330446425276812,379.414,373.218,True,2007-09-23
603,4.94,387.327,235.57,0.17839064040983788,0.016374920912295532,398.292,391.77,True,2007-09-28
604,4.93,398.841,245.09,0.21421781505882825,0.01419004638820831,413.036,407.175,True,2007-09-28
605,4.94,399.11,245.14,0.2142261914335701,0.014230835332363467,413.117,407.238,True,2007-09-28
606,4.93,379.049,208.52,0.21694491535567906,0.013490056168561249,395.773,390.434,True,2007-09-29
607,4.92,381.02,211.64,0.26235161078601055,0.02024696572043405,397.788,389.734,False,
608,4.91,380.808,211.67,0.26226528689775264,0.020256590182570866,397.599,389.545,False,
609,4.92,380.728,211.47,0.25919977373806224,0.02135177617101547,397.625,389.135,False,
610,4.92,382.254,212.21,0.25921065360316525,0.020630329250194923,397.57,389.368,False,
611,4.93,382.765,211.31,0.2563529635198845,0.0175491146154525,397.285,390.313,False,
612,5.83,386.136,205.39,0.25254873893910035,0.018763014702670167,412.034,404.303,False,
613,5.82,386.165,205.85,0.2493770519380498,0.018679195424869843,412.491,404.786,False,
614,4.61,391.934,256.73,0.252457519954514,0.013472559029188425,396.287,390.948,False,
615,4.59,395.603,260.48,0.2527873080495924,0.013434300868788385,396.299,390.975,True,2007-09-29
616,4.59,395.353,260.55,0.2527859931149234,0.013406760924541516,396.218,390.906,True,2007-09-29
617,3.8,377.38,269.47,0.2025951927016651,0.007014352766540277,382.644,379.96,True,2007-09-28
618,3.8,377.443,269.18,0.20419211202179988,0.006692834531176417,384.441,381.868,True,2007-09-28
619,3.79,377.991,282.01,0.20283763148621922,0.006713556650348895,384.446,381.865,True,2007-09-28
620,3.8,377.92,281.85,0.20290045762489714,0.00661229086813564,385.343,382.795,True,2007-09-28
621,4.9,397.701,252.68,0.19665408486899771,0.00882769564772945,410.866,407.239,True,2007-09-28
622,4.87,378.341,233.05,0.19946088922860916,0.009035094289913337,387.157,383.659,True,2007-09-22
623,5.76,407.116,254.88,0.19445091317157825,0.009592486362920427,419.078,415.058,True,2007-09-26
624,5.74,410.368,257.82,0.20386113722773463,0.011241246618751366,422.551,417.801,True,2007-09-27
625,5.74,411.039,258.11,0.19891624438766975,0.011241028453631619,423.004,418.249,True,2007-09-27
626,5.75,400.211,248.55,0.16670756662061542,0.014150736530243235,410.438,404.63,True,2007-09-27
627,5.75,400.285,248.66,0.16681085785026717,0.014022962174070952,410.327,404.573,True,2007-09-27
628,5.74,411.359,258.21,0.20881464060555757,0.01629405797824457,420.951,414.092,True,2007-09-27
629,5.77,412.456,249.39,0.208393985681758,0.016208861539628527,421.868,415.03,True,2007-09-27
630,5.77,412.033,249.2,0.20866736062582772,0.01628280180988606,421.242,414.383,True,2007-09-27
631,3.79,382.341,301.44,0.19533329731298915,0.0071732063126273005,388.808,386.019,False,
632,3.16,340.556,265.62,0.2014250317529193,0.005529059215802046,355.395,353.43,True,2007-09-26
633,3.15,345.823,271.33,0.24296723217086919,0.009213113321585142,343.315,340.152,True,2007-09-26
634,3.16,345.953,271.49,0.23838858865258328,0.008783038284964073,343.503,340.486,True,2007-09-26
635,3.16,345.951,271.41,0.23831956888509892,0.00881506426315859,343.276,340.25,True,2007-09-26
636,3.16,341.896,267.36,0.20499373053679845,0.00998665310418223,340.154,336.757,True,2007-09-26
637,3.16,341.651,267.09,0.20503257067771563,0.009962288976868239,340.484,337.092,True,2007-09-26
638,3.2,347.812,245.47,0.2050851722914019,0.009691162968519684,345.263,341.917,True,2007-09-28
639,3.2,347.435,244.95,0.20270197875849089,0.009862970693053308,344.014,340.621,True,2007-09-28
640,4.14,373.398,228.0,0.19775496370855605,0.012937087206539521,374.582,369.736,True,2007-09-27
641,4.14,373.476,227.84,0.1977407851112835,0.012973076861476418,374.622,369.762,True,2007-09-27
642,4.14,373.367,227.24,0.19430722085678703,0.011730173949505707,374.419,370.027,True,2007-09-27
643,4.09,352.699,207.04,0.19706290769098722,0.011678682416746744,351.067,346.967,True,2007-09-21
644,4.09,350.155,206.62,0.19700871679781148,0.012114706769999928,351.226,346.971,True,2007-09-21
645,4.48,396.924,295.44,0.1761625777670364,0.010951055694013334,392.017,387.724,False,
646,4.6,388.066,260.79,0.17615321009795473,0.011056204516631918,388.741,384.443,False,
647,5.85,381.534,213.03,0.16769178084304273,0.017581508454817762,398.885,391.872,False,
648,5.84,380.586,211.86,0.16579966830903028,0.019675824079125714,397.747,389.921,False,
649,5.84,380.451,211.46,0.16570373147662532,0.02008321230716581,397.297,389.318,False,
650,5.85,394.708,224.44,0.200354569672604,0.011571507092369537,414.812,410.012,False,
651,5.84,395.432,225.59,0.1955559880470792,0.011522728582128328,416.568,411.768,False,
652,5.84,395.68,225.68,0.1954618692009787,0.011564715620763777,416.785,411.965,False,
653,5.85,399.547,227.95,0.24741547923131582,0.01718166528890286,420.972,413.739,False,
654,5.85,399.56,227.96,0.2473400583226349,0.017197570207976187,421.106,413.864,False,
655,5.81,409.169,237.79,0.24834193654446526,0.01716898979332182,424.428,417.141,True,2007-09-28
656,5.81,409.507,238.64,0.2525165710089639,0.02015268254753655,424.41,415.857,True,2007-09-28
657,5.81,407.367,238.29,0.2525598235820005,0.021135120620698333,424.554,415.581,True,2007-09-28
658,4.87,391.777,231.31,0.25615170163835344,0.02122788398778297,401.406,392.885,True,2007-09-27
659,4.5,391.496,258.83,0.1875655688047479,0.01226148842720487,400.033,395.128,True,2007-09-29
660,4.51,394.375,261.42,0.1827169848746423,0.011901306960949931,403.149,398.351,True,2007-09-29
661,3.46,372.079,293.68,0.18913266094934017,0.008688509725903848,374.978,371.72,False,
662,3.46,372.525,293.83,0.18897132147007495,0.008620919600322186,374.902,371.67,False,
663,3.48,373.794,294.63,0.19441930337722907,0.009932434950670532,375.638,371.907,False,
664,3.48,374.585,295.35,0.19456786137539503,0.00969587184029197,374.283,370.654,False,
665,3.48,374.607,295.42,0.19448632493828572,0.009745141400351764,375.777,372.115,False,
666,3.46,374.105,295.73,0.19742479937191007,0.009203413065960508,374.209,370.765,False,
667,3.46,374.496,296.05,0.19719333748331128,0.009138454391824258,374.571,371.148,False,
668,3.55,372.601,264.4,0.19833337784977725,0.009036929916753866,372.029,368.667,False,
669,3.53,361.293,253.53,0.19932144336423233,0.008831717651234472,360.632,357.447,True,2007-09-28
670,3.52,365.93,257.79,0.22979478957694155,0.008396986287113273,365.131,362.065,True,2007-09-28
671,4.23,398.069,281.01,0.22583845459283441,0.009272014411359608,396.354,392.679,True,2007-09-29
672,4.22,400.546,284.15,0.27733537159073085,0.013171865800451932,397.438,392.203,True,2007-09-29
673,4.46,363.532,224.2,0.15427713149627165,0.022901134128275547,370.593,362.106,True,2007-09-26
674,3.44,340.997,249.62,0.16325270174057768,0.010014599998889762,360.274,356.666,True,2007-09-27
675,3.44,340.665,249.67,0.1636550962048766,0.010075594763137241,359.681,356.057,True,2007-09-27
676,3.44,340.846,249.76,0.16376451609253878,0.010166603084788561,359.117,355.466,True,2007-09-27
677,4.12,377.629,280.0,0.15810428927602657,0.017171801358795702,371.947,365.56,True,2007-09-29
678,4.14,379.388,281.19,0.16362964853398101,0.014130379648836233,374.583,369.29,True,2007-09-29
679,4.12,362.332,264.18,0.16573258788907788,0.012796358241621841,354.554,350.017,True,2007-09-26
680,4.12,362.328,264.11,0.1659408937790271,0.012716031241875814,353.884,349.384,True,2007-09-26
681,4.11,360.947,262.54,0.16603335222280785,0.01321753436080042,354.983,350.291,True,2007-09-26
682,4.12,361.751,263.07,0.16773819182008803,0.012460105187449444,355.936,351.501,True,2007-09-26
683,4.09,372.78,273.72,0.20385327818877835,0.011893645796320573,363.051,358.733,True,2007-09-26
684,4.1,374.803,275.83,0.19934609207459342,0.011473490915341888,366.497,362.292,True,2007-09-26
685,4.08,379.155,280.65,0.2334915795092635,0.010494376869710775,375.058,371.122,True,2007-09-26
686,4.15,383.847,272.64,0.23361176025792701,0.010539033114779217,379.921,375.917,True,2007-09-27
687,4.08,396.094,311.87,0.19868057315613202,0.011461399139687689,388.696,384.241,False,
688,5.29,403.713,262.74,0.1888224916515856,0.017157613268940053,414.743,407.627,False,
689,5.3,400.924,260.76,0.19143019351735685,0.01934551636209081,411.775,403.809,False,
690,5.31,411.656,270.22,0.23238021728679872,0.015937255122772997,426.234,419.441,False,
691,5.4,397.275,236.11,0.2335512341067198,0.016358453435202924,414.648,407.865,False,
692,5.4,397.542,236.63,0.23359255424398717,0.01632329138534494,414.561,407.794,False,
693,5.4,390.217,232.09,0.19324440316106195,0.011551945674899478,407.031,402.329,False,
694,5.4,390.132,231.83,0.19338602902623464,0.011438361712416079,407.401,402.741,False,
695,5.39,398.167,240.45,0.19443722020871568,0.011509253996404123,409.931,405.213,True,2007-09-28
696,5.39,398.451,240.47,0.1945255016443696,0.011500950894816397,410.14,405.423,True,2007-09-28
697,4.52,381.524,232.53,0.19849769490633454,0.01006767429019051,389.365,385.445,True,2007-09-27
698,4.53,378.854,230.6,0.18998569593249198,0.00871089119117574,388.02,384.64,True,2007-09-27
699,4.53,378.64,230.14,0.1884572766849734,0.009082415370161967,387.452,383.933,True,2007-09-27
700,4.54,382.772,242.22,0.18862933417030944,0.008037636634647183,386.432,383.326,True,2007-09-27
701,3.14,314.571,239.92,0.2005536574126986,0.006064073586228402,318.103,316.174,True,2007-09-14
702,3.16,339.879,264.97,0.19653431817280273,0.007338065455890774,346.004,343.465,True,2007-09-26
703,4.13,369.579,241.14,0.18968056529838076,0.01067741404137068,376.402,372.383,True,2007-09-27
704,4.13,371.092,242.54,0.18937591473431528,0.01016361261766896,375.949,372.128,True,2007-09-27
705,4.14,372.355,243.01,0.1915691465156327,0.009847442957047203,376.646,372.937,True,2007-09-27
706,4.14,373.709,244.16,0.19821126797484262,0.011443350663746021,378.91,374.574,True,2007-09-27
707,4.14,373.815,244.09,0.1982837546272077,0.011408380406106589,378.669,374.349,True,2007-09-27
708,4.11,376.238,246.68,0.24258723250568362,0.016051872059463013,379.395,373.305,True,2007-09-27
709,4.11,376.184,246.7,0.24263357881694594,0.015953786486607613,379.283,373.232,True,2007-09-27
710,4.11,376.214,246.38,0.24261472693843472,0.016004323355345407,379.335,373.264,True,2007-09-27
711,4.87,408.53,270.87,0.23775799014975063,0.01635165426558105,416.227,409.421,True,2007-09-29
712,4.98,399.448,241.96,0.23966140693066135,0.01674857528034812,407.975,401.142,True,2007-09-28
713,4.98,399.582,242.3,0.2366811379156517,0.016722260591009896,408.318,401.49,True,2007-09-28
714,4.99,403.587,244.48,0.2750478940741441,0.017911856530893777,413.19,405.789,True,2007-09-28
715,4.49,382.984,237.43,0.1904383837648254,0.00913345753623851,396.126,392.508,True,2007-09-28
716,4.49,389.42,240.33,0.233420725970591,0.013594557169006594,399.351,393.922,True,2007-09-28
717,4.49,390.085,241.12,0.23883263090052392,0.01637267615647675,399.446,392.906,True,2007-09-28
718,5.36,404.376,246.8,0.2349900021640507,0.016725865576584842,421.742,414.688,True,2007-09-29
719,5.36,404.823,247.05,0.23106728800539408,0.016213271433139553,422.185,415.34,True,2007-09-29
720,5.34,406.22,248.64,0.2321548632969316,0.01617245518145005,418.242,411.478,True,2007-09-27
721,5.34,406.157,248.58,0.23222998889938784,0.01616444778247117,418.078,411.32,True,2007-09-27
722,5.33,405.197,248.57,0.2293981400993224,0.017228031742912098,417.227,410.039,True,2007-09-27
723,5.29,390.862,216.05,0.23153456521088833,0.01750303197286096,406.501,399.386,True,2007-09-28
724,4.17,386.187,268.18,0.23531504548067714,0.01168078443049636,382.851,378.379,True,2007-09-28
725,4.17,386.356,268.25,0.23526494976025178,0.011716781345066596,382.955,378.468,True,2007-09-28
726,4.17,386.35,267.83,0.23526811699042338,0.011735563508035507,383.109,378.613,True,2007-09-28
727,4.18,381.603,263.94,0.2009161007451475,0.011720649871498123,376.259,371.849,True,2007-09-28
728,4.23,382.831,252.19,0.20018834804365543,0.01187541004423176,378.008,373.519,True,2007-09-28
729,5.42,389.439,221.59,0.22566610697815226,0.013575347462793319,408.461,402.916,False,
730,5.41,389.256,221.43,0.2175156159671182,0.011609493506429813,407.942,403.206,False,
731,4.56,381.153,223.52,0.2218935483812537,0.00994946384858486,392.986,389.076,True,2007-09-28
732,4.56,381.248,223.93,0.2218678523433764,0.009927841541963356,392.331,388.436,True,2007-09-28
733,4.56,380.578,223.51,0.22730747508104368,0.010400345570587666,391.237,387.168,True,2007-09-28
734,4.56,380.436,223.61,0.22732318532631834,0.010307828785736661,391.159,387.127,True,2007-09-28
735,4.56,383.927,225.86,0.27953623979295583,0.016214371922248394,392.738,386.37,True,2007-09-28
736,4.48,376.186,218.68,0.2800160545292243,0.016213330262527692,382.093,375.898,True,2007-09-27
737,4.49,376.495,234.24,0.27871479478833583,0.01744335297969879,381.75,375.091,True,2007-09-23
738,4.5,380.068,234.84,0.2786646277751863,0.016150789597068393,381.777,375.611,True,2007-09-23
739,4.5,379.918,234.68,0.27861751765156356,0.016267827307533178,381.858,375.646,True,2007-09-23
740,3.49,351.697,252.64,0.28376815060445637,0.01089444716845922,344.671,340.916,True,2007-09-22
741,3.49,348.32,249.08,0.24724752756403187,0.011446183527141995,340.026,336.134,True,2007-09-22
742,3.49,347.799,248.81,0.2449504809723087,0.011826091055597954,339.419,335.405,True,2007-09-22
743,3.48,369.33,260.89,0.22195807838751289,0.012017322463906965,365.306,360.916,True,2007-09-29
744,3.47,373.173,264.75,0.25617553018479866,0.011717999962138959,369.773,365.44,True,2007-09-29
745,3.53,366.058,246.04,0.25804071010190144,0.011330037021392902,362.223,358.119,True,2007-09-29
746,3.53,365.858,244.84,0.2580327285555508,0.01161292458634633,362.441,358.232,True,2007-09-29
747,3.53,365.95,244.87,0.2580584466601635,0.011595282433271348,362.475,358.272,True,2007-09-29
748,3.52,365.748,244.69,0.2608414437495829,0.01110541037056656,362.526,358.5,True,2007-09-29
749,4.48,377.472,211.37,0.25806504544833875,0.01477580692808611,389.285,383.533,True,2007-09-29
750,4.48,378.665,212.07,0.253802122454202,0.014877161990058063,389.456,383.662,True,2007-09-29
751,4.44,374.215,208.23,0.2546999578868983,0.014767400968921929,381.042,375.415,True,2007-09-27
752,4.44,369.149,205.58,0.21088734394943992,0.010197021396381567,380.111,376.235,True,2007-09-27
753,4.44,367.686,205.29,0.20113190774529624,0.008674364968789594,381.123,377.817,True,2007-09-27
754,5.3,388.303,214.87,0.19640505668266012,0.009635642277703305,406.304,402.389,True,2007-09-28
755,5.3,387.688,214.61,0.19640309954943574,0.009626205738292315,406.079,402.17,True,2007-09-28
756,5.3,387.695,214.72,0.19640454713390998,0.009683678022636366,405.631,401.703,True,2007-09-28
757,5.4,384.208,219.24,0.16277697536225785,0.012677029795041261,397.885,392.841,False,
758,5.4,385.958,221.15,0.1693907699712001,0.013893123666045115,400.126,394.567,False,
759,5.4,386.019,220.98,0.1694044492347584,0.013849466452930947,399.871,394.333,False,
760,4.23,384.289,261.35,0.17668967232304755,0.010081043684522561,384.484,380.608,False,
761,4.14,392.561,293.54,0.17552839914628227,0.009921427448595366,388.049,384.199,False,
762,4.12,397.306,298.62,0.2170591038054048,0.012410480527286216,392.652,387.779,False,
763,4.11,396.809,298.53,0.21461616395515745,0.012828183649882918,391.092,386.075,False,
764,4.11,396.633,298.38,0.21471683722745794,0.012875788913779496,391.044,386.009,False,
765,3.45,366.651,275.26,0.21961796602881056,0.013008769428007438,361.141,356.443,True,2007-09-29
766,3.44,365.314,274.27,0.2231294588926143,0.012499547622162877,359.213,354.723,True,2007-09-29
767,3.44,365.853,274.46,0.2229415244421874,0.012414728660621432,359.734,355.268,True,2007-09-29
768,3.44,364.86,272.87,0.22291189006465048,0.012876335496061264,359.885,355.251,True,2007-09-29
769,3.41,343.481,251.5,0.22613587678519453,0.012764035803898066,334.377,330.109,True,2007-09-22
770,3.41,347.855,255.81,0.26367725782158535,0.012441501440981328,340.393,336.158,True,2007-09-22
771,4.92,375.185,206.14,0.1874144074548428,0.01091865830133143,390.341,386.079,True,2007-09-29
772,4.93,379.294,210.42,0.2339554946269879,0.016645430091216107,395.544,388.96,True,2007-09-29
773,4.93,382.652,211.57,0.27128390717469797,0.01708622735899612,399.386,392.562,True,2007-09-30
774,4.93,382.905,211.3,0.2713161872047835,0.017091726852918487,399.316,392.491,True,2007-09-30
775,5.83,386.696,206.06,0.2680208766671963,0.01900129576266274,413.656,405.796,False,
776,4.57,394.218,271.31,0.27060685250414995,0.011924879554938816,397.069,392.334,False,
777,4.58,394.69,271.57,0.27291311419090775,0.011589216596120333,397.611,393.003,False,
778,4.58,394.759,271.58,0.2729095872669813,0.011639809759029784,397.601,392.973,False,
779,4.54,397.512,274.9,0.273417749501546,0.011508606907178254,397.181,392.61,True,2007-09-29
780,4.54,397.69,274.62,0.273442155141449,0.011558073654390877,397.125,392.535,True,2007-09-29
781,4.5,408.64,300.85,0.2712273491242271,0.012118215023648848,408.476,403.526,True,2007-09-29
782,4.5,408.736,300.89,0.2674639084729154,0.01203633851164454,409.593,404.663,True,2007-09-29
783,4.55,410.868,289.23,0.26720896513993075,0.012327673106047654,410.702,405.639,True,2007-09-29
784,4.54,410.72,289.26,0.27250493943385296,0.014003593283137605,411.323,405.563,True,2007-09-29
785,5.82,396.439,227.76,0.18676698153643284,0.013755877144776218,409.425,403.793,True,2007-09-28
786,5.81,394.642,227.42,0.18642869376549207,0.01404333580989725,410.515,404.75,True,2007-09-28
787,5.81,394.615,227.48,0.18618217230401093,0.014031358477319622,410.224,404.468,True,2007-09-28
788,5.8,396.034,228.53,0.19186299351686922,0.015860559249927575,411.587,405.059,True,2007-09-28
789,5.83,386.089,218.69,0.19045939600423858,0.01599778224273163,407.619,401.098,False,
790,5.83,395.204,225.29,0.22542066173377678,0.014399595934568077,419.734,413.69,False,
791,5.84,395.17,225.35,0.2254183251706087,0.01443947854923866,419.752,413.691,False,
792,5.84,395.065,225.06,0.22858967380625517,0.013521014028409328,419.791,414.115,False,
793,4.94,391.448,229.85,0.23345619469626483,0.013976994098657158,407.026,401.337,True,2007-09-28
794,4.94,391.377,229.97,0.23355253415080132,0.01394890157318629,406.627,400.955,True,2007-09-28
795,3.82,382.922,275.28,0.23710222452111698,0.009322736028310574,382.613,379.046,True,2007-09-29
796,3.81,384.047,276.6,0.2319678713041327,0.008957913431141273,384.018,380.578,True,2007-09-29
797,3.8,385.459,278.55,0.282217270797118,0.012960518420736755,383.318,378.35,False,
798,3.77,389.949,294.2,0.2819807304471822,0.012913280070538602,390.141,385.103,False,
799,5.35,398.643,231.41,0.2488237622642105,0.017097745973559952,410.288,403.273,True,2007-09-27
800,5.35,398.396,230.85,0.24882115363852914,0.017166670728438027,410.33,403.286,True,2007-09-27
801,5.35,403.694,244.16,0.2489782769588853,0.014874463144684102,409.561,403.469,True,2007-09-27
802,5.35,403.897,245.08,0.2532402288729437,0.016806148090443562,409.493,402.611,True,2007-09-28
803,5.35,404.22,244.61,0.256186275452073,0.01650825534653444,410.219,403.447,True,2007-09-27
804,5.4,396.876,237.14,0.2548250772931377,0.016584583331295644,408.934,402.152,False,
805,5.34,412.722,258.86,0.2526276665096103,0.01715412622785517,425.437,418.139,True,2007-09-29
806,5.33,412.495,258.97,0.2528877701894174,0.017318582905307633,425.208,417.844,True,2007-09-29
807,5.34,412.729,258.77,0.25255796760591875,0.017207702920914225,425.449,418.128,True,2007-09-29
808,4.53,398.705,252.76,0.2559666264737191,0.01646920489387671,403.116,396.477,True,2007-09-28
809,4.53,393.896,249.71,0.2173776415354526,0.015440522361918618,396.813,390.686,True,2007-09-28
810,4.54,389.18,245.3,0.17575473012917706,0.01213840999831739,392.226,387.465,True,2007-09-28
811,4.53,386.271,243.12,0.17967012668586552,0.013172154420793336,388.471,383.354,True,2007-09-28
812,3.53,366.359,266.62,0.18666733008197686,0.00867950965132036,366.841,363.657,True,2007-09-29
813,4.99,388.474,236.6,0.20668945034638117,0.009669040552916952,399.626,395.762,True,2007-09-29
814,4.99,388.389,236.72,0.20675122648525815,0.009662017180814164,399.399,395.54,True,2007-09-29
815,4.91,389.12,237.54,0.2077546471404989,0.009482604299822617,396.621,392.86,True,2007-09-27
816,4.91,389.761,237.83,0.20224713497447946,0.009382721014228657,397.859,394.126,True,2007-09-27
817,3.88,370.616,254.29,0.2058242397208467,0.007009016530749479,376.087,373.451,True,2007-09-27
818,3.88,375.691,257.86,0.2509137600362567,0.009515904307354828,371.063,367.532,True,2007-09-27
819,3.88,375.633,257.88,0.250909329173116,0.009516036932889382,371.268,367.735,True,2007-09-27
820,3.88,375.779,258.05,0.2509232884477437,0.009488182190334538,371.304,367.781,True,2007-09-27
821,3.88,371.231,254.21,0.21803386728952154,0.010647093332605717,366.485,362.583,True,2007-09-27
822,3.83,370.918,267.31,0.21583116720513676,0.010882979304319362,366.26,362.274,True,2007-09-27
823,3.84,370.52,266.82,0.21119179436176994,0.009764612824918806,366.63,363.05,True,2007-09-27
824,3.17,323.264,228.2,0.21960078599448954,0.008323687722560646,316.206,313.574,True,2007-09-16
825,3.13,321.892,236.69,0.22013238014401557,0.0078505254864083,314.756,312.285,True,2007-09-16
826,3.12,322.13,236.96,0.22189164527162758,0.00696306945020575,315.809,313.61,True,2007-09-16
827,3.18,337.318,242.32,0.2343955886337255,0.008533161808465195,332.702,329.863,True,2007-09-23
828,3.85,381.863,278.22,0.22816927264874726,0.009875828685678267,380.12,376.366,True,2007-09-28
829,3.85,377.7,274.21,0.19616630032207172,0.01044962183731335,371.401,367.52,True,2007-09-28
830,3.85,377.53,274.29,0.19789285669630322,0.010179729131152504,372.505,368.713,True,2007-09-28
831,3.85,378.389,274.71,0.19767223678043688,0.010234204281903025,372.965,369.148,True,2007-09-28
832,3.85,378.323,274.76,0.1978527915067728,0.010197783323940723,372.63,368.83,True,2007-09-28
833,3.86,367.722,264.24,0.15906892993478702,0.009399258950785305,374.604,371.083,True,2007-09-28
834,3.86,370.377,267.14,0.16679264648260383,0.008478650762781426,370.224,367.085,True,2007-09-28
835,4.95,382.94,238.19,0.1571081036909812,0.020296974893339814,388.383,380.5,True,2007-09-28
836,4.94,388.119,251.3,0.1574906320055809,0.01943335058567852,388.353,380.806,True,2007-09-28
837,4.95,378.749,228.69,0.16047924127408536,0.013370294840166719,383.462,378.335,True,2007-09-28
838,4.96,380.96,231.36,0.15644007121091058,0.010569645534292293,385.538,381.463,True,2007-09-28
839,4.99,374.43,224.46,0.15545620882322786,0.01114402448824614,384.511,380.226,False,
840,4.99,374.091,223.88,0.15524280610511823,0.011080217346718824,385.191,380.923,False,
841,4.45,370.487,216.42,0.20265173594824637,0.014532092819263376,373.931,368.497,True,2007-09-26
842,4.45,369.653,215.87,0.19970727634128385,0.01483417549301902,372.653,367.125,True,2007-09-26
843,4.45,358.817,207.02,0.1637616933988168,0.012731001650060803,364.229,359.592,True,2007-09-26
844,4.45,358.738,207.08,0.1639162852977976,0.012778060208021302,363.905,359.255,True,2007-09-26
845,4.45,356.591,206.33,0.15863183520573165,0.012724683125027614,362.288,357.678,True,2007-09-26
846,4.45,356.762,206.59,0.15864620597021645,0.01262291421435524,362.753,358.174,True,2007-09-26
847,3.5,336.903,226.24,0.16659785212213488,0.00665203124012248,348.014,345.699,True,2007-09-25
848,4.27,375.495,254.63,0.15853364066347791,0.010967125536581745,371.565,367.49,True,2007-09-28
849,4.16,385.628,273.86,0.187654656469267,0.007127762363141166,387.078,384.319,True,2007-09-28
850,4.16,386.156,274.31,0.18762576705991635,0.007166766025864302,387.483,384.706,True,2007-09-28
851,4.19,386.925,274.82,0.18665888038685932,0.0073219738971372905,388.693,385.847,False,
852,4.12,392.648,293.6,0.18516924957629818,0.007812519985367472,390.911,387.857,False,
853,4.13,393.273,295.27,0.18509193171263558,0.007508064454239238,390.913,387.978,False,
854,4.15,395.38,296.73,0.179538841543107,0.007324696939712716,394.146,391.259,False,
855,3.88,387.568,275.63,0.25980152483100954,0.011726685858165942,382.461,377.976,True,2007-09-30
856,3.87,387.478,275.59,0.2601875556215374,0.01173831071875897,382.423,377.934,True,2007-09-29
857,3.85,375.292,263.56,0.2611606553832281,0.011501349993635945,369.261,365.014,True,2007-09-27
858,3.84,370.889,259.47,0.2237000043878703,0.011803793978162558,362.68,358.399,True,2007-09-27
859,3.84,370.72,259.58,0.22572890766984405,0.012439781903513136,362.225,357.719,True,2007-09-27
860,3.81,365.794,269.33,0.22577441363275563,0.012456343602276543,354.759,350.34,True,2007-09-26
861,3.16,319.047,229.76,0.2350301763721004,0.011943692155908292,306.103,302.447,True,2007-09-14
862,4.09,353.189,230.93,0.2277368797767013,0.015020462659274814,344.53,339.355,True,2007-09-16
863,4.08,347.52,219.09,0.22766372589546297,0.016735334112305322,344.899,339.127,True,2007-09-16
864,4.08,347.663,219.3,0.23084369598223056,0.01638898687840118,345.842,340.174,True,2007-09-16
865,4.08,347.78,219.32,0.23074309540744206,0.016391452512190208,345.973,340.302,True,2007-09-16
866,4.08,348.419,219.75,0.22819070203304165,0.016355173896357655,346.557,340.889,True,2007-09-16
867,4.11,346.34,217.57,0.18775486940876637,0.012145363191406466,346.305,342.099,True,2007-09-16
868,4.11,346.165,217.12,0.18775397767704802,0.012167691228232247,346.327,342.113,True,2007-09-16
869,3.2,334.979,233.65,0.20690763266767265,0.01066923260803132,330.483,326.957,True,2007-09-25
870,3.2,334.957,233.69,0.20696837609227617,0.010652177203311575,330.355,326.836,True,2007-09-25
871,3.2,335.003,233.68,0.2069908376565554,0.010623993022326195,330.196,326.688,True,2007-09-25
872,3.2,336.183,233.79,0.20699397069273673,0.010265142448545483,330.049,326.661,True,2007-09-25
873,3.2,336.204,234.25,0.2069694688957855,0.010250914287098345,330.312,326.926,True,2007-09-25
874,4.11,364.68,219.12,0.2015333286846052,0.013428204726530057,363.861,358.975,True,2007-09-26
875,4.12,356.966,213.93,0.16616558717317426,0.010010179843909062,359.534,355.935,True,2007-09-25
876,4.11,354.819,211.5,0.17062643325115237,0.010249759092844424,356.984,353.325,True,2007-09-25
877,4.16,367.586,223.35,0.16859977652132654,0.010552233556102686,369.59,365.69,True,2007-09-28
878,4.16,377.088,231.86,0.19992670407214652,0.009705088515210236,383.098,379.38,True,2007-09-28
879,4.13,382.222,253.84,0.19726131473882813,0.010419762448887426,390.316,386.249,True,2007-09-28
880,4.13,379.985,251.38,0.18920254770330328,0.008562735326831716,387.493,384.175,True,2007-09-28
881,4.13,380.793,252.01,0.1914171349752345,0.008314783123383518,388.585,385.354,True,2007-09-28
882,4.92,399.671,262.56,0.18610296502882628,0.009999609103968465,409.316,405.223,True,2007-09-29
883,3.45,371.308,293.79,0.2633183584337474,0.011107584032644446,368.577,364.483,True,2007-09-29
884,4.1,402.669,319.12,0.25915233181725017,0.011982717714342783,400.41,395.612,False,
885,4.23,398.36,282.58,0.2589595531358786,0.012812285240732413,395.792,390.721,False,
886,4.23,397.052,282.94,0.2590226406446435,0.013425768079705969,395.955,390.639,False,
887,4.23,397.059,282.84,0.25890134346555893,0.013469569125273306,396.078,390.743,False,
888,4.23,397.272,282.58,0.25888855377137066,0.013458814260787988,396.023,390.693,False,
889,4.23,392.998,278.43,0.22016679584665816,0.013297468435887194,388.495,383.329,False,
890,4.24,389.417,274.3,0.1797689047894368,0.010369630059240187,386.224,382.219,False,
891,5.39,390.924,233.21,0.1737170675091758,0.014783401371328941,403.696,397.728,True,2007-09-29
892,5.39,387.567,229.88,0.17656985667123956,0.015606761596968721,400.083,393.839,True,2007-09-29
893,5.4,385.853,228.61,0.17089815764178073,0.0147606756919616,398.288,392.409,True,2007-09-29
894,5.4,384.666,227.22,0.16840361890031916,0.016580146601812285,397.403,390.814,True,2007-09-29
895,5.36,388.781,231.85,0.16943424740861168,0.01639423040444321,395.383,388.901,True,2007-09-27
896,5.36,388.773,231.94,0.16956428839103718,0.016108125317424782,395.763,389.388,True,2007-09-27
897,5.37,389.687,233.2,0.17611934469579427,0.014862480071392015,398.924,392.995,True,2007-09-27
898,5.36,389.666,233.61,0.17643736267252608,0.014480109904435268,398.892,393.116,True,2007-09-27
899,5.36,392.787,236.31,0.17264213290505775,0.012359838486168617,401.947,396.979,True,2007-09-27
900,5.36,402.518,244.11,0.2115640775907652,0.015771296726725836,410.873,404.393,True,2007-09-27
901,5.37,402.332,243.95,0.21155394890125218,0.015805006703016322,411.009,404.513,True,2007-09-27
902,5.37,402.337,243.69,0.2115617108250639,0.015856679172932098,410.994,404.477,True,2007-09-27
903,5.28,406.475,266.17,0.210039134355128,0.016001022830345213,414.536,407.903,True,2007-09-27
904,5.29,406.23,265.64,0.2137938979562437,0.015797191128917643,415.327,408.766,True,2007-09-27
905,5.28,412.366,271.84,0.2122667398315688,0.015426909138797518,425.231,418.671,True,2007-09-29
906,5.29,414.31,273.15,0.21211107870489826,0.014786330816811244,425.19,418.903,True,2007-09-29
907,5.3,418.545,276.18,0.2484787996120855,0.015553704474987273,432.18,425.458,True,2007-09-29
908,5.31,418.489,275.74,0.24163790071104707,0.013523352826872337,431.254,425.422,True,2007-09-29
909,4.09,403.234,319.4,0.24611987360298643,0.008607865294110173,402.655,399.189,False,
910,3.46,371.161,293.37,0.24957022879720095,0.0081465518401036,371.691,368.663,True,2007-09-29
911,4.44,373.361,208.57,0.2832656897836266,0.01781135086471408,380.993,374.207,True,2007-09-27
912,4.48,378.299,212.7,0.2823375189103517,0.017842014735707123,389.53,382.58,True,2007-09-29
913,3.48,366.657,257.72,0.28525015258979786,0.01178632620350406,361.86,357.595,True,2007-09-29
914,3.48,366.677,257.82,0.28520321936915755,0.011766689050457635,361.869,357.611,True,2007-09-29
915,3.48,366.664,257.77,0.28523903992077965,0.011743667982267114,361.812,357.563,True,2007-09-29
916,3.48,363.935,255.79,0.2353014038098841,0.008053071058450767,363.588,360.66,True,2007-09-28
917,4.2,384.252,266.44,0.2310675533325769,0.009074038556240449,385.826,382.325,False,
918,4.2,382.871,264.71,0.22265265596569322,0.00777411417450713,384.867,381.875,False,
919,4.2,382.877,264.28,0.2226623798471866,0.007804254124400001,384.662,381.66,False,
920,4.17,395.202,290.76,0.22058146907765064,0.007872923298908874,396.422,393.301,False,
921,4.16,395.724,291.73,0.2155175624605416,0.007305793529513882,397.219,394.317,False,
922,4.16,391.49,287.66,0.18735991362983942,0.008220640660731138,389.629,386.426,False,
923,4.21,393.418,275.9,0.18654320690386017,0.008199018563719518,392.486,389.268,False,
924,4.21,393.65,275.64,0.18450638541676986,0.008623965034947223,392.163,388.781,False,
925,4.24,397.55,281.69,0.25363958296325334,0.011742211849808837,395.922,391.273,False,
926,4.21,393.588,278.09,0.2546875682274345,0.011590065804308991,390.248,385.725,True,2007-09-28
927,3.52,353.743,246.62,0.26005638499958444,0.010425979869062463,346.73,343.115,True,2007-09-24
928,3.52,353.579,246.6,0.2541429619513471,0.008813393831485938,348.22,345.151,True,2007-09-24
929,3.52,349.151,242.28,0.22206873818861966,0.009817964613573427,344.878,341.492,True,2007-09-24
930,3.52,349.647,242.76,0.22464258306270604,0.009347932479431997,345.317,342.089,True,2007-09-24
931,3.52,350.629,243.46,0.21972082959428077,0.009144248354323814,346.666,343.496,True,2007-09-24
932,3.52,350.701,243.06,0.21971079202716928,0.009184291773667641,346.57,343.387,True,2007-09-24
933,3.52,351.892,243.45,0.2197499129319268,0.008920580848176818,346.39,343.3,True,2007-09-24
934,4.51,379.143,236.46,0.21433333583973585,0.0117759708827746,378.058,373.606,True,2007-09-25
935,4.51,371.406,230.93,0.17306058222934018,0.00799767068509094,374.359,371.365,True,2007-09-25
936,4.51,371.696,231.52,0.17321790416530553,0.007926702074742109,373.926,370.962,True,2007-09-25
937,4.51,371.785,231.27,0.17318348347209342,0.007858430717863074,374.375,371.433,True,2007-09-25
938,4.53,369.059,242.47,0.17179408233803195,0.009403772967221835,366.555,363.108,True,2007-09-22
939,4.56,398.987,282.28,0.218286104921068,0.009831062073360708,401.686,397.737,False,
940,4.56,399.252,282.03,0.21832666057396385,0.009884584476749003,401.939,397.966,False,
941,5.84,395.046,224.79,0.21457610605184052,0.012035660863943365,419.171,414.126,False,
942,5.84,396.623,225.59,0.2145327550550522,0.011716447649432471,419.069,414.159,False,
943,5.85,396.671,225.71,0.2143967653961976,0.01179841765205536,419.124,414.179,False,
944,5.85,396.727,225.72,0.21443388270177213,0.01176010716141418,419.554,414.62,False,
945,5.84,397.527,225.65,0.22203666843600395,0.01415786122577467,419.343,413.406,False,
946,4.94,394.022,230.75,0.22631642206434552,0.014434466150367697,407.774,401.888,True,2007-09-29
947,4.88,393.112,229.52,0.2272249299409127,0.014251799242896657,401.002,395.287,True,2007-09-27
948,4.88,392.851,229.67,0.22985471970380839,0.013337724353696734,400.818,395.472,True,2007-09-27
949,4.9,394.654,238.47,0.2281448643372968,0.013639445513978443,404.122,398.61,True,2007-09-26
950,4.86,397.438,250.08,0.27893750043068566,0.019967843991494316,404.901,396.816,True,2007-09-26
951,4.86,398.217,250.5,0.2756369460127356,0.020343108273225274,405.936,397.678,True,2007-09-26
952,4.85,394.619,248.01,0.23601999860859493,0.01864391127794396,400.667,393.197,True,2007-09-26
953,4.1,383.353,259.19,0.24795688174563638,0.012037508971571853,384.548,379.919,True,2007-09-27
954,4.11,383.543,259.27,0.24147110652052672,0.0106230529595015,385.2,381.108,True,2007-09-27
955,4.11,382.375,258.16,0.2459495805349217,0.01067617510801111,384.22,380.118,True,2007-09-27
956,3.2,349.922,258.72,0.25129816034084385,0.007474009391455594,347.337,344.741,True,2007-09-26
957,3.16,346.047,271.04,0.2517890307494795,0.007463119149059505,345.03,342.455,True,2007-09-26
958,3.2,351.508,248.81,0.25116924103825966,0.008053886993987458,349.769,346.952,True,2007-09-28
959,3.2,348.131,245.72,0.2204682361201954,0.009090042271874932,346.093,342.947,True,2007-09-28
960,3.19,324.742,222.69,0.22402701124638716,0.009016146069111164,318.096,315.228,True,2007-09-19
961,3.19,324.696,222.71,0.2239622599476621,0.00897059934049893,317.816,314.965,True,2007-09-19
962,3.19,324.659,222.56,0.22412297983898047,0.008999851633452516,316.783,313.932,True,2007-09-19
963,3.19,324.702,223.02,0.2241011663204578,0.008943317933057693,316.661,313.829,True,2007-09-19
964,3.2,313.886,212.9,0.1831398366239865,0.00426171602736003,338.596,337.153,True,2007-09-19
965,3.86,362.117,251.54,0.17639864309650014,0.006739597311782641,367.381,364.905,True,2007-09-27
966,3.86,362.551,251.95,0.17803173082278517,0.00631807277143237,369.733,367.397,True,2007-09-27
967,3.57,362.528,252.19,0.1784220642400096,0.006950774534083104,371.901,369.316,False,
968,4.58,373.701,218.81,0.17312171594265918,0.009120653659717037,388.459,384.916,True,2007-09-30
969,4.58,379.539,221.35,0.2133147498968858,0.013644590419091163,390.631,385.301,False,
970,4.58,379.439,221.32,0.21334211009607643,0.013668266508134574,390.247,384.913,False,
971,4.52,380.787,223.21,0.21416978697204392,0.013731695820405232,386.114,380.812,True,2007-09-28
972,4.52,385.776,235.82,0.21426461441650316,0.012365249652989574,385.435,380.669,True,2007-09-28
973,4.52,385.316,235.64,0.21159673460761372,0.012615075209753246,384.857,380.002,True,2007-09-28
974,4.52,385.553,235.65,0.21155204669861732,0.012620403114955603,384.853,379.996,True,2007-09-28
975,5.39,399.293,239.79,0.20716132618542973,0.013422719724460297,406.475,401.019,True,2007-09-28
976,5.38,398.969,238.86,0.21151640668718585,0.013365329721794605,404.629,399.221,True,2007-09-28
977,5.38,398.529,238.91,0.21148678644687896,0.013394081501046373,404.731,399.31,True,2007-09-28
978,5.39,402.741,241.49,0.24641307460590336,0.013707280560384505,410.147,404.525,True,2007-09-28
979,5.39,402.047,240.28,0.2405396714257318,0.011986501775055558,410.128,405.212,True,2007-09-28
980,5.34,415.572,272.76,0.23800823863391055,0.012297534107920338,422.849,417.649,True,2007-09-28
981,4.23,387.435,256.48,0.271469229263631,0.011521660928105248,389.18,384.696,False,
982,4.23,386.73,255.78,0.27564992228061325,0.01159987637787152,388.28,383.776,False,
983,4.2,401.851,283.9,0.2736655594995324,0.011401057157233496,401.454,396.877,False,
984,5.36,408.268,247.22,0.2705990637545761,0.017045721867266383,425.092,417.846,True,2007-09-29
985,5.36,408.223,247.22,0.2706086498928513,0.016935396602099417,425.086,417.887,True,2007-09-29
986,5.36,408.235,247.09,0.2706444529714764,0.01688066403080246,425.161,417.984,True,2007-09-29
987,5.35,408.549,247.73,0.2762025319001111,0.01929051725962705,425.183,416.981,True,2007-09-29
988,5.38,404.865,244.7,0.22328006281725715,0.011944395149364073,422.625,417.577,True,2007-09-29
989,5.37,403.308,245.0,0.22325938526208555,0.012241302139208488,422.259,417.09,True,2007-09-29
990,5.35,405.773,247.35,0.22442556641510397,0.012440958063783203,418.135,412.933,True,2007-09-27
991,5.34,405.127,247.5,0.2220439463862663,0.01319680747890939,417.601,412.09,True,2007-09-27
992,5.35,398.18,241.84,0.1890593618438361,0.01408726996309606,407.815,402.07,True,2007-09-27
993,5.35,398.092,242.0,0.18918904743799886,0.01404784510570245,407.607,401.881,True,2007-09-27
994,4.45,370.214,222.85,0.1959108412326624,0.012646410004027775,374.889,370.148,True,2007-09-24
995,4.48,403.161,300.28,0.2000056136809685,0.010863136459261402,400.713,396.36,False,
996,4.48,403.215,300.21,0.19999277213515843,0.010853273813234976,400.985,396.633,False,
997,4.49,403.971,301.63,0.1997568669047792,0.010398181564412856,401.224,397.052,False,
998,4.46,402.565,300.36,0.19752254602084846,0.011134455888399675,398.852,394.411,False,
999,4.48,405.165,302.81,0.1919392971720151,0.01063003688530717,401.786,397.515,False,
1000,4.46,408.94,306.63,0.23593407193203522,0.013501638955807471,405.136,399.666,False,
1001,5.72,413.735,259.99,0.23057507913848363,0.018708987045303105,430.809,422.749,False,
1002,5.72,413.684,260.24,0.23061484800691195,0.018702871364362328,430.736,422.68,False,
1003,5.85,396.789,227.18,0.2321240172103373,0.01886810512537651,417.901,410.016,False,
1004,5.81,406.364,237.09,0.23318251142870802,0.01874175391303512,421.412,413.514,True,2007-09-28
1005,5.81,406.41,236.7,0.2301474822251018,0.01703971666848425,421.838,414.65,True,2007-09-28
1006,4.88,390.793,229.87,0.23498096914280012,0.017683297267172438,398.342,391.298,True,2007-09-27
1007,4.88,394.639,232.39,0.2730356117802615,0.018350376335283247,403.098,395.701,True,2007-09-27
1008,4.88,394.741,232.3,0.2730671574850605,0.018356339747342965,403.076,395.677,True,2007-09-27
1009,3.42,332.773,240.85,0.21473673712475888,0.006358940277316094,331.03,328.925,True,2007-09-15
1010,3.42,331.164,240.12,0.2199329020467909,0.0068628045085445954,330.04,327.775,True,2007-09-15
1011,3.41,326.359,235.13,0.19167900833535245,0.007605093211222047,322.547,320.094,True,2007-09-15
1012,3.41,327.147,235.85,0.19631749133015616,0.008622316547608255,323.231,320.444,True,2007-09-15
1013,4.11,370.745,272.13,0.18717216667968092,0.01001042233974625,361.723,358.102,True,2007-09-26
1014,4.11,371.892,272.9,0.18709662098345156,0.009844052965645167,362.046,358.482,True,2007-09-26
1015,4.11,371.418,272.42,0.18689010915620546,0.009951635877786802,362.252,358.647,True,2007-09-26
1016,4.08,376.313,278.45,0.2253475338229779,0.013497996710732707,366.647,361.698,True,2007-09-26
1017,4.19,379.191,256.45,0.22559076207917225,0.013944602093833858,373.191,367.987,True,2007-09-27
1018,5.29,393.157,228.3,0.21780598572842733,0.01861874213142456,398.738,391.314,True,2007-09-27
1019,5.29,393.018,228.37,0.21783782302771887,0.018665148440850654,398.711,391.269,True,2007-09-27
1020,5.29,391.7,227.02,0.2132067410711157,0.01937711209262738,397.118,389.423,True,2007-09-27
1021,5.36,393.23,228.42,0.2123848736808864,0.019701364111769704,404.439,396.471,True,2007-09-28
1022,5.36,391.166,228.66,0.21219759401895452,0.020345834712949262,404.702,396.468,True,2007-09-28
1023,4.57,395.993,269.08,0.18612692569200012,0.008811049968756812,396.888,393.391,True,2007-09-28
1024,4.57,395.078,268.52,0.1842075806644687,0.009241766013336039,395.92,392.261,True,2007-09-28
1025,4.56,392.622,266.34,0.18961526849156804,0.009676555023923394,391.875,388.083,True,2007-09-28
1026,4.57,393.004,266.56,0.1899444785042441,0.009656822399329301,391.226,387.448,True,2007-09-28
1027,4.57,392.99,266.21,0.18989306445502396,0.009735928899610058,391.334,387.524,True,2007-09-28
1028,4.56,399.568,272.23,0.23512613533308802,0.013097378013878114,398.324,393.107,True,2007-09-28
1029,4.59,396.767,268.96,0.23443445397062646,0.012992815796211699,398.374,393.198,False,
1030,4.6,397.405,269.66,0.2371272900743121,0.014266701088550326,398.971,393.279,False,
1031,5.85,395.611,225.2,0.23203658678161196,0.017896984151407835,415.936,408.492,False,
1032,5.84,393.333,225.5,0.2319575994516706,0.018756141332942566,416.237,408.43,False,
1033,5.85,398.171,228.22,0.27254396359099536,0.021143013890399742,422.882,413.941,False,
1034,4.93,393.779,232.95,0.2767702696169848,0.020829512021541152,408.891,400.374,True,2007-09-29
1035,4.93,393.775,232.93,0.2767497490656811,0.02083496399499052,408.832,400.314,True,2007-09-29
1036,4.87,407.089,260.53,0.27485467996742186,0.01989280977902419,420.001,411.646,True,2007-09-28
1037,5.42,381.589,216.07,0.18910157377512862,0.010821905733318316,397.065,392.768,False,
1038,5.42,388.533,221.52,0.21904510020280435,0.01049727557252278,407.058,402.785,False,
1039,5.41,392.252,223.69,0.27461633007094643,0.016930347336695184,410.092,403.149,False,
1040,4.56,384.316,226.03,0.2781596927277712,0.015115414770239588,392.844,386.906,True,2007-09-28
1041,4.56,385.308,226.78,0.2741411582634852,0.015193900081051148,393.579,387.599,True,2007-09-28
1042,4.56,385.241,226.58,0.27407897154474015,0.015230515916575316,393.552,387.558,True,2007-09-28
1043,4.48,377.265,219.1,0.2744997431107002,0.015251615061361856,382.648,376.812,True,2007-09-27
1044,4.49,381.82,232.05,0.2745174324826306,0.013210906514469767,382.487,377.434,True,2007-09-27
1045,3.55,355.296,241.8,0.27750453023370986,0.010413738907977033,348.674,345.043,True,2007-09-26
1046,3.49,352.296,253.1,0.2776449067846672,0.010053696867297068,345.644,342.169,True,2007-09-22
1047,3.49,352.133,253.23,0.27767826378853305,0.010064841081456555,345.46,341.983,True,2007-09-22
1048,3.49,352.601,253.28,0.2774896062140707,0.010119882575812422,345.755,342.256,True,2007-09-22
1049,3.49,352.511,253.08,0.28349677587795746,0.01142503441972409,345.732,341.782,True,2007-09-22
1050,3.49,352.377,253.03,0.2808707292430073,0.011800844820048728,345.399,341.323,True,2007-09-22
1051,3.5,334.113,220.97,0.2008463615136281,0.008987991898148251,331.776,328.794,True,2007-09-20
1052,3.5,334.303,221.44,0.2008098813333013,0.008974269934685863,331.169,328.197,True,2007-09-20
1053,3.5,334.145,221.54,0.20069298089547705,0.00898434441091256,332.022,329.039,True,2007-09-20
1054,4.2,378.949,256.25,0.19360002836125192,0.010196176566896753,375.631,371.801,True,2007-09-27
1055,4.15,379.492,268.54,0.1936974783193537,0.009928391047151153,375.791,372.06,True,2007-09-27
1056,4.16,383.678,272.49,0.22383409275323587,0.009294547513328477,381.514,377.968,True,2007-09-27
1057,4.16,384.063,272.79,0.223887552508381,0.00925991394774539,381.861,378.325,True,2007-09-27
1058,4.15,382.603,271.38,0.2161143455888273,0.007957302025686008,380.908,377.877,True,2007-09-27
1059,4.11,377.872,278.51,0.21533095139576267,0.00797121858675609,376.354,373.354,True,2007-09-26
1060,4.11,378.253,278.86,0.21712569701018586,0.007340467613007329,376.679,373.914,True,2007-09-26
1061,5.31,397.272,248.26,0.21214729071929106,0.010631940396475192,408.298,403.957,True,2007-09-25
1062,5.26,401.134,251.19,0.2689083419736014,0.018014010627075194,411.402,403.991,True,2007-09-25
1063,5.26,400.414,250.69,0.2730268024586405,0.017687492537822647,410.403,403.144,True,2007-09-25
1064,5.28,413.903,264.09,0.27158304866455224,0.017696883078669234,428.211,420.633,True,2007-09-28
1065,4.56,399.959,271.4,0.23373478625041033,0.013017169654337857,396.63,391.467,True,2007-09-28
1066,4.45,398.505,297.6,0.23485997785876583,0.012451340030509628,392.006,387.125,True,2007-09-28
1067,4.45,399.218,297.89,0.23463999179692455,0.012375286087795478,392.799,387.938,True,2007-09-28
1068,4.45,398.958,297.68,0.22994783269792,0.01138452386097566,393.341,388.863,True,2007-09-28
1069,4.45,399.004,297.66,0.23001495904995417,0.011398046848184573,393.313,388.83,True,2007-09-28
1070,4.45,398.222,296.32,0.2299254469859237,0.011783279183636086,393.354,388.719,True,2007-09-28
1071,4.48,408.842,306.18,0.22852899748887398,0.012049883316758048,406.228,401.333,False,
1072,4.48,408.28,305.68,0.22844682773423602,0.01197613640282369,405.974,401.112,False,
1073,4.47,399.549,297.56,0.1862238199038701,0.008728911822430185,398.446,394.968,False,
1074,4.5,403.344,300.68,0.18058657763632008,0.007972758703947536,401.743,398.54,False,
1075,4.48,390.639,288.68,0.1519852596192079,0.017379022035503122,386.558,379.84,False,
1076,5.76,391.586,241.61,0.14481264229929214,0.036873249880479575,409.972,394.855,True,2007-09-28
1077,4.9,381.208,237.8,0.1482174084063919,0.02378462878962606,390.21,380.929,True,2007-09-28
1078,4.9,382.285,238.39,0.14984806005953952,0.021310337230066034,390.327,382.009,True,2007-09-28
1079,4.11,389.211,304.91,0.16930052314604413,0.009173004048666944,385.806,382.267,False,
1080,4.11,386.459,302.24,0.17539586371512042,0.009202019353890756,381.112,377.605,False,
1081,4.11,394.957,310.96,0.20055552740368177,0.007454846152686101,397.862,394.896,False,
1082,4.11,396.416,312.05,0.2091638060483543,0.00902196291166324,397.807,394.218,False,
1083,5.28,410.277,271.12,0.20383991946187702,0.011713457775101466,425.152,420.172,True,2007-09-29
1084,5.28,410.36,270.91,0.20384800364681166,0.011764484610248593,425.348,420.344,True,2007-09-29
1085,5.28,410.517,271.09,0.2039605427870451,0.011833414872798431,425.152,420.121,True,2007-09-29
1086,4.51,392.749,259.61,0.2069305693885022,0.011385630208950559,405.072,400.46,True,2007-09-28
1087,4.52,395.205,261.68,0.2069962176798591,0.010956913679091351,404.676,400.242,True,2007-09-28
1088,4.52,394.803,261.49,0.2070303422080165,0.010983259724838379,405.071,400.622,True,2007-09-28
1089,4.52,373.45,239.86,0.21007667370093616,0.010738686685504484,379.376,375.302,True,2007-09-22
1090,4.5,374.206,222.73,0.21154861580155915,0.010544861680866657,380.28,376.27,True,2007-09-25
1091,4.5,378.757,225.88,0.25398038853922716,0.015071052244915006,381.128,375.384,True,2007-09-25
1092,4.5,379.258,225.87,0.2573335670913493,0.014162200636409272,382.144,376.732,True,2007-09-25
1093,4.42,361.575,197.53,0.23971420346042385,0.01636131021700271,365.802,359.817,True,2007-09-25
1094,3.5,339.007,219.03,0.24475205794083887,0.011911344785387357,330.945,327.003,True,2007-09-22
1095,4.22,380.137,250.33,0.23905124158170946,0.012903810140306282,375.393,370.549,True,2007-09-27
1096,4.22,384.434,254.08,0.23806936201174056,0.012713350326339024,382.118,377.26,True,2007-09-29
1097,4.22,384.397,254.11,0.23814065823712374,0.01269198957210027,382.052,377.203,True,2007-09-29
1098,4.22,380.376,251.15,0.1922202897366783,0.009225208565364462,380.696,377.184,True,2007-09-29
1099,4.2,393.199,275.59,0.1895902840448626,0.009287213401400374,391.183,387.55,True,2007-09-29
1100,4.2,391.795,274.66,0.1946287062314843,0.00971470922781581,388.586,384.811,True,2007-09-29
1101,4.16,389.158,285.83,0.19543030625005697,0.009678196096098435,386.229,382.491,True,2007-09-29
1102,4.15,394.151,290.69,0.22429774717472237,0.009007894530885019,396.097,392.529,True,2007-09-29
1103,4.15,393.969,290.51,0.22424482073355248,0.009068573496183063,395.211,391.627,True,2007-09-29
1104,4.15,394.808,291.51,0.23160328015808082,0.01043453726026633,396.951,392.809,True,2007-09-29
1105,4.15,395.404,291.67,0.23137267820242302,0.010462881920341283,397.596,393.436,True,2007-09-29
1106,4.15,396.091,292.21,0.23425605750274295,0.009764893159545207,397.649,393.766,True,2007-09-29
1107,3.87,357.959,234.41,0.19670621453358772,0.008025852102572562,358.965,356.084,True,2007-09-26
1108,3.86,358.931,235.51,0.20357031134267156,0.008970049582346928,358.192,354.979,True,2007-09-26
1109,3.86,358.986,235.21,0.20363611668607384,0.008947412610898153,357.31,354.113,True,2007-09-26
1110,3.86,363.403,238.84,0.2330092717399714,0.007876870618386933,361.311,358.465,True,2007-09-26
1111,3.82,363.322,250.45,0.2320867554732157,0.007751036379194276,361.113,358.314,True,2007-09-23
1112,3.82,363.04,250.59,0.2321327170871586,0.0077325089759762156,360.685,357.896,True,2007-09-23
1113,3.81,364.611,252.28,0.28371537757406423,0.012237186535466904,358.334,353.949,True,2007-09-23
1114,3.81,364.458,252.18,0.28367554857289234,0.012287316129788284,358.337,353.934,True,2007-09-23
1115,3.77,363.52,263.27,0.28421797414726113,0.011544011544011523,356.895,352.775,True,2007-09-23
1116,3.77,363.336,263.22,0.2801037971194696,0.011697278455557014,358.032,353.844,True,2007-09-23
1117,3.78,385.144,284.81,0.27776835336509453,0.0116452913536772,383.932,379.461,True,2007-09-29
1118,4.5,409.745,301.97,0.27393504922897804,0.012929021713752098,411.168,405.852,False,
1119,4.51,409.472,301.74,0.27087114656246875,0.013507793799988344,411.096,405.543,False,
1120,5.79,413.815,251.16,0.26837034201384313,0.020788651018353588,434.083,425.059,True,2007-09-29
1121,4.47,370.786,206.92,0.1795152258273588,0.012118608768093342,384.12,379.465,True,2007-09-29
1122,4.47,372.41,208.1,0.17958025596718774,0.011829232602379003,382.696,378.169,True,2007-09-29
1123,4.47,372.157,208.18,0.17972727077939293,0.011817827663652136,382.473,377.953,True,2007-09-29
1124,4.47,370.328,206.97,0.18459811105749976,0.011748220746217841,378.951,374.499,True,2007-09-28
1125,4.48,370.431,206.87,0.1845362021593295,0.011720780505824813,378.985,374.543,True,2007-09-28
1126,4.47,373.988,210.47,0.22314254223117339,0.016763174795453195,383.042,376.621,True,2007-09-29
1127,5.36,380.539,206.76,0.21720688344878203,0.018790350751538565,397.917,390.44,False,
1128,5.37,381.627,206.32,0.2157682684483132,0.016606630594784066,398.094,391.483,False,
1129,4.23,380.238,250.21,0.2215421815326233,0.012240318876540979,378.83,374.193,False,
1130,4.23,379.923,249.95,0.21897058400745922,0.01260122916881623,377.979,373.216,False,
1131,4.23,379.918,249.88,0.21906258581724977,0.012592878765426807,377.912,373.153,False,
1132,4.22,381.639,252.11,0.2200626985800287,0.01274608047421355,377.214,372.406,True,2007-09-28
1133,4.22,385.889,255.76,0.2574787710735777,0.012538637560139176,383.694,378.883,True,2007-09-28
1134,4.17,393.83,276.73,0.25510167999146166,0.01284534663244652,390.803,385.783,True,2007-09-28
1135,5.3,417.518,275.56,0.2457961009382397,0.01568079707614589,429.57,422.834,True,2007-09-29
1136,4.09,401.618,317.87,0.2505685981362595,0.010684221886466672,398.438,394.181,False,
1137,4.1,402.135,317.71,0.25253591571679573,0.010250088147257141,399.899,395.8,False,
1138,4.1,397.7,313.71,0.21595373771441442,0.01090503067359272,391.379,387.111,False,
1139,4.23,393.589,277.0,0.21646773855332774,0.011442049143523536,387.518,383.084,False,
1140,4.19,389.424,273.28,0.2174417824330065,0.011780645633785225,382.322,377.818,True,2007-09-28
1141,4.2,384.29,268.08,0.17426266845026606,0.0084352415064749,377.464,374.28,True,2007-09-28
1142,4.21,384.546,268.35,0.17447359413741254,0.008664776491162929,377.39,374.12,True,2007-09-28
1143,3.53,346.111,238.21,0.18030445041887203,0.007211877709134229,347.205,344.701,True,2007-09-24
1144,3.52,346.843,238.95,0.18589138399943222,0.008512526610709226,344.786,341.851,True,2007-09-24
1145,3.52,344.949,238.45,0.18585498533940956,0.008698399448125449,345.006,342.005,True,2007-09-24
1146,3.52,345.18,238.68,0.18584711746354515,0.008655510675129818,344.867,341.882,True,2007-09-24
1147,3.52,343.606,237.44,0.190597041289744,0.00849313869890489,342.865,339.953,True,2007-09-24
1148,3.52,343.852,238.16,0.19064759405622292,0.008410303716764433,342.556,339.675,True,2007-09-24
1149,4.54,380.712,260.41,0.16313146056319694,0.010636615679784134,379.444,375.408,True,2007-09-29
1150,4.58,377.025,256.49,0.16223951422455027,0.01071920458569986,381.185,377.099,False,
1151,4.58,377.225,256.65,0.162552944863697,0.010815312191328696,380.664,376.547,False,
1152,4.58,374.845,254.35,0.1666685907271522,0.013352365264783006,377.611,372.569,False,
1153,3.83,363.678,252.26,0.1743750022611985,0.007917990468625846,362.592,359.721,False,
1154,3.83,363.177,252.17,0.17409891831365665,0.007843687496045137,363.477,360.626,False,
1155,4.92,364.262,197.3,0.1658851823006569,0.015524113349999924,379.603,373.71,True,2007-09-29
1156,4.92,375.827,206.86,0.2010460011474759,0.015338401555443526,388.828,382.864,False,
1157,4.92,375.396,205.87,0.1982854833040145,0.013690792220578452,387.998,382.686,True,2007-09-29
1158,4.92,375.237,206.08,0.19828562426623986,0.013723019682716386,388.107,382.781,True,2007-09-29
1159,4.92,380.696,209.71,0.23304122541817265,0.013676239866415862,396.454,391.032,True,2007-09-30
1160,4.93,380.323,209.85,0.23087827622512913,0.014724301283799535,396.012,390.181,True,2007-09-29
1161,4.93,381.538,210.33,0.2309226601250279,0.01432115984213378,395.778,390.11,True,2007-09-29
1162,4.93,401.483,245.86,0.22790043359389223,0.014936123155719794,412.356,406.197,True,2007-09-28
1163,5.33,409.265,256.6,0.23810356707281496,0.017555063681555905,413.385,406.128,True,2007-09-27
1164,4.17,391.805,284.66,0.2422057630746208,0.013188445695704765,385.034,379.956,True,2007-09-28
1165,4.17,391.511,284.49,0.23883343443120522,0.012104440023757546,385.561,380.894,True,2007-09-28
1166,4.19,387.514,279.88,0.19336155186760468,0.00874775906975056,384.327,380.965,True,2007-09-28
1167,4.19,387.394,279.79,0.19341082619896202,0.008737394488160244,384.554,381.194,True,2007-09-28
1168,4.21,394.863,287.31,0.1924180730513025,0.008806699838739829,391.293,387.847,False,
1169,4.21,394.006,286.89,0.19272623758428717,0.008887954873382453,390.191,386.723,False,
1170,4.21,393.344,286.22,0.19056100094232195,0.009256643259653474,389.342,385.738,False,
1171,3.52,366.734,267.33,0.1952954322731753,0.008456734091124574,369.055,365.934,True,2007-09-29
1172,3.48,365.674,276.08,0.19611138641118384,0.00849517870672678,366.914,363.797,True,2007-09-29
1173,3.48,365.883,276.13,0.1963034438256018,0.008577387582170415,366.312,363.17,True,2007-09-29
1174,3.55,362.079,251.38,0.1978396281347513,0.008449413894346502,362.392,359.33,True,2007-09-28
1175,3.56,362.718,252.1,0.19235124891497765,0.008381308308486934,363.905,360.855,True,2007-09-28
1176,3.55,367.342,255.59,0.22052742083621596,0.007844139878094958,367.663,364.779,True,2007-09-28
1177,4.09,397.959,314.07,0.21574712621590966,0.011780281675769388,392.011,387.393,False,
1178,5.3,408.12,268.05,0.20834228203380198,0.016781948876087638,420.273,413.22,False,
1179,4.49,397.381,264.0,0.21297946335468704,0.015277402866277434,403.799,397.63,True,2007-09-29
1180,4.5,383.734,250.46,0.21443384086946773,0.01562520143875623,387.835,381.775,True,2007-09-26
1181,4.5,383.427,249.87,0.21440610053085107,0.0156512234043924,387.893,381.822,True,2007-09-26
1182,4.5,383.551,250.15,0.214511788774507,0.015591596114221562,387.773,381.727,True,2007-09-26
1183,4.53,384.048,232.81,0.21607104027635304,0.015510758168956307,387.473,381.463,True,2007-09-27
1184,4.53,383.458,232.31,0.21985191564824677,0.015579619948551948,385.632,379.624,True,2007-09-27
1185,4.53,383.767,232.47,0.2198966075383789,0.015490198622228446,385.405,379.435,True,2007-09-27
1186,4.53,376.046,226.95,0.17776846431651924,0.011713447533296506,379.393,374.949,True,2007-09-27
1187,4.53,376.868,227.54,0.18229621283912117,0.013218805462368532,379.762,374.742,True,2007-09-27
1188,4.54,381.898,240.39,0.18258646970901965,0.012284046826005812,379.191,374.533,True,2007-09-27
1189,4.54,380.5,239.24,0.17959393487353276,0.012710111882920594,377.18,372.386,True,2007-09-27
1190,4.54,388.771,246.23,0.21259708980811817,0.011792337804017228,389.575,384.981,True,2007-09-27
1191,4.87,409.504,271.33,0.2731672032369207,0.018058197552501598,421.083,413.479,True,2007-09-29
1192,4.87,409.687,271.59,0.27335835110416545,0.01804162868429038,421.248,413.648,True,2007-09-29
1193,4.09,377.163,247.49,0.2772812844236422,0.016649792170407185,384.209,377.812,True,2007-09-27
1194,4.09,377.254,247.85,0.27732800159986726,0.01663712022408448,384.141,377.75,True,2007-09-27
1195,4.09,377.112,247.71,0.2772738116315169,0.016526236604481936,384.177,377.828,True,2007-09-27
1196,4.1,377.915,248.13,0.27983990164508454,0.01615093594933492,385.117,378.897,True,2007-09-27
1197,4.1,377.918,248.67,0.28515077627875646,0.018530982420123854,384.815,377.684,True,2007-09-27
1198,4.1,373.414,244.88,0.2458283114040661,0.017439861179445515,378.042,371.449,True,2007-09-27
1199,4.1,375.611,246.38,0.2457784969477281,0.016688401177631373,378.047,371.738,True,2007-09-27
1200,4.13,376.546,229.82,0.24825484606526071,0.016432385426664142,377.182,370.984,True,2007-09-27
1201,4.13,377.132,230.12,0.24497846697590708,0.016680995145952227,378.035,371.729,True,2007-09-27
1202,4.08,356.364,209.78,0.24777461783236884,0.016360420833757106,353.964,348.173,True,2007-09-21
1203,4.09,354.156,208.12,0.2039176395192302,0.011243244462998292,354.524,350.538,True,2007-09-21
1204,3.2,325.831,223.65,0.2092194535987849,0.008202803355009225,319.403,316.783,True,2007-09-19
1205,3.52,369.654,270.05,0.2166629349948216,0.008647503438733772,370.049,366.849,True,2007-09-29
1206,3.53,370.68,271.14,0.21922927487193192,0.008309203750734628,370.914,367.832,True,2007-09-29
1207,4.54,393.353,249.28,0.213610860705832,0.011784578894392328,401.372,396.642,True,2007-09-28
1208,4.53,390.563,248.98,0.21360605692289986,0.012340865809953638,400.134,395.196,True,2007-09-28
1209,5.34,405.428,256.21,0.20988152447448014,0.01250059458688102,420.46,415.204,True,2007-09-29
1210,5.34,405.4,256.06,0.20986081056814335,0.012498750362989863,420.122,414.871,True,2007-09-29
1211,5.35,391.648,243.38,0.17348800466097863,0.01900578620602278,402.509,394.859,True,2007-09-29
1212,5.42,376.218,211.22,0.1763339494045302,0.015085876203238646,391.028,385.129,False,
1213,5.42,379.753,214.33,0.1740847334339742,0.013168352280085172,393.823,388.637,False,
1214,5.42,379.863,214.61,0.1738967796738038,0.013277724253334067,394.42,389.183,False,
1215,5.42,379.666,214.14,0.17391456557714896,0.01333894830840432,394.184,388.926,False,
1216,5.4,387.65,221.62,0.21698100666861234,0.016866955559195596,402.918,396.122,False,
1217,5.4,387.095,220.66,0.21357768604916383,0.015127287557725078,402.121,396.038,False,
1218,5.35,394.487,228.27,0.2149474349522584,0.01493469324036023,403.557,397.53,True,2007-09-27
1219,4.13,365.506,236.89,0.18852396460684862,0.008772472068653059,372.073,368.809,True,2007-09-24
1220,4.14,383.739,254.88,0.18676355087966925,0.008618287335898422,391.145,387.774,True,2007-09-28
1221,4.17,373.148,230.65,0.18937251874598632,0.008225053481289435,379.572,376.45,True,2007-09-28
1222,4.17,367.302,227.12,0.16170812750392208,0.007745340945814916,371.32,368.444,True,2007-09-28
1223,4.17,367.538,227.03,0.16184135434874752,0.007759475175351138,370.257,367.384,True,2007-09-28
1224,4.17,367.202,226.91,0.16191745450934286,0.0077949588096544176,370.111,367.226,True,2007-09-28
1225,4.17,367.015,226.57,0.16182363418644952,0.007840145440379254,369.636,366.738,True,2007-09-28
1226,4.17,362.364,214.44,0.1614510181909519,0.008302043434781692,370.993,367.913,True,2007-09-28
1227,4.16,360.526,212.54,0.16623650644126772,0.008630794981816958,366.826,363.66,True,2007-09-28
1228,4.16,369.056,217.82,0.20162755675867475,0.012729099742905925,374.182,369.419,True,2007-09-28
1229,4.16,369.973,218.55,0.20457882411412942,0.012694984401247833,375.03,370.269,True,2007-09-28
1230,3.23,351.701,244.71,0.20909801491654564,0.009641009786998889,349.341,345.973,True,2007-09-29
1231,3.23,350.744,243.95,0.20501457332286926,0.008836292590272299,349.581,346.492,True,2007-09-28
1232,3.92,373.836,256.96,0.19977957447570166,0.00949220475579926,371.252,367.728,False,
1233,4.91,384.234,224.56,0.19701969804736927,0.008240486327083074,397.428,394.153,True,2007-09-27
1234,4.92,387.937,242.6,0.1947687122908978,0.00834047860316467,397.699,394.382,True,2007-09-26
1235,4.93,387.949,242.74,0.19481357854195674,0.008406230854985042,398.276,394.928,True,2007-09-26
1236,4.93,377.711,233.04,0.1672493766169906,0.01228356473636738,383.602,378.89,True,2007-09-26
1237,4.94,382.301,246.46,0.16729482976104285,0.011523600845185666,383.821,379.398,True,2007-09-26
1238,4.11,345.683,218.87,0.17721783450549472,0.007015392613353821,353.936,351.453,True,2007-09-19
1239,4.1,355.34,226.31,0.21797821911426302,0.010641296085950214,351.273,347.535,True,2007-09-19
1240,4.1,355.512,226.87,0.2179993634721585,0.010622941111152251,351.221,347.49,True,2007-09-19
1241,3.18,322.845,227.94,0.22340594479184653,0.007556356907609141,316.687,314.294,True,2007-09-16
1242,3.17,324.135,229.39,0.2188978297077418,0.007181011336280241,316.947,314.671,True,2007-09-16
1243,3.18,324.627,229.81,0.2249724250897743,0.008586392070791038,316.198,313.483,True,2007-09-16
1244,3.18,324.937,229.82,0.2222986053621577,0.009515439188760522,315.172,312.173,True,2007-09-17
1245,3.18,324.806,229.68,0.22231709735836458,0.009454071826802468,314.785,311.809,True,2007-09-17
1246,3.2,348.7,253.38,0.21798487520381726,0.009686480714094947,344.604,341.266,True,2007-09-28
1247,4.93,401.202,246.85,0.2269545377439685,0.01731258594065288,413.803,406.639,True,2007-09-28
1248,4.94,401.666,246.69,0.22993501555526155,0.016327604391679018,414.329,407.564,True,2007-09-28
1249,4.93,397.329,244.1,0.19360437761904317,0.015719527430477,406.628,400.236,True,2007-09-28
1250,4.94,397.534,244.4,0.19360427104026143,0.015853058412479748,406.42,399.977,True,2007-09-28
1251,4.94,398.613,244.04,0.1936284155967183,0.01552142398926415,406.857,400.542,True,2007-09-28
1252,4.94,398.983,243.04,0.1898233341550008,0.014059039590472278,405.931,400.224,True,2007-09-28
1253,4.94,398.608,243.14,0.18970989064811236,0.013978431024624816,405.768,400.096,True,2007-09-28
1254,3.85,384.733,271.29,0.19516393581265729,0.010913149084225027,380.825,376.669,True,2007-09-29
1255,4.58,402.963,281.12,0.1892059677326794,0.010747721882411687,400.55,396.245,False,
1256,4.58,401.894,280.44,0.18976710269216734,0.010723223223223277,399.6,395.315,False,
1257,4.58,399.635,279.05,0.19372544498654679,0.0117410163435554,396.303,391.65,False,
1258,4.56,400.572,280.15,0.1940594047599254,0.01190057198706651,394.939,390.239,True,2007-09-29
1259,4.56,388.917,270.68,0.15596533818148228,0.01622781191716971,385.511,379.255,True,2007-09-28
1260,4.59,376.909,246.09,0.1589712274810968,0.011823945205334807,378.723,374.245,True,2007-09-29
1261,4.13,373.347,246.23,0.16290648494033283,0.0106268847909049,374.71,370.728,True,2007-09-28
1262,4.17,365.417,225.4,0.16693767234859977,0.008117664004261393,367.963,364.976,True,2007-09-28
1263,4.17,365.535,225.05,0.1688517764188365,0.007764901021226844,368.968,366.103,True,2007-09-28
1264,3.24,345.841,240.1,0.17393365571972924,0.00585447836987274,359.383,357.279,True,2007-09-29
1265,3.23,352.774,244.7,0.2091324776539612,0.009443170661193823,349.353,346.054,True,2007-09-29
1266,3.92,375.409,257.4,0.20414633850617006,0.010264198089329657,371.388,367.576,False,
1267,3.92,374.984,256.68,0.19974951151180506,0.009209249676584763,371.04,367.623,False,
1268,3.92,375.034,256.28,0.19974845478701445,0.009233115280576687,371.164,367.737,False,
1269,3.92,375.011,256.36,0.19977524548472433,0.009232734436267043,371.071,367.645,False,
1270,3.92,380.141,260.68,0.23164341600667965,0.008231708125860493,376.957,373.854,False,
1271,3.89,380.026,260.91,0.23253969825287998,0.008330067946698216,375.147,372.022,True,2007-09-28
1272,3.89,378.545,261.01,0.2325612824125982,0.008643429235253741,375.314,372.07,True,2007-09-28
1273,3.88,379.094,261.47,0.22744112986768308,0.008387688138475236,376.385,373.228,True,2007-09-28
1274,3.89,379.399,261.67,0.2273376369817838,0.00839443486943614,376.559,373.398,True,2007-09-28
1275,4.93,379.7,230.04,0.15665062428019938,0.018388622666697496,388.773,381.624,True,2007-09-27
1276,4.92,391.548,240.03,0.1862062588394702,0.009665210918849199,405.061,401.146,True,2007-09-27
1277,5.81,397.075,239.35,0.18037262979156296,0.011487975471878853,417.48,412.684,True,2007-09-28
1278,5.81,380.32,202.08,0.18297865385253823,0.009593565068645504,404.542,400.661,False,
1279,5.81,379.755,201.99,0.18317754288150784,0.009577980290084387,404.365,400.492,False,
1280,5.82,378.802,200.75,0.1804186223232867,0.010518021868565652,403.593,399.348,False,
1281,5.82,378.886,200.63,0.18039060468711626,0.010403948596915624,403.789,399.588,False,
1282,5.8,388.254,207.7,0.22561598616950468,0.014822730946376206,410.788,404.699,False,
1283,5.79,388.369,208.01,0.22162273853288164,0.014821327944348428,411.704,405.602,False,
1284,4.56,393.167,270.67,0.22452934793133075,0.01037055421052091,394.868,390.773,False,
1285,4.56,392.973,270.33,0.22450816906057988,0.01035678726783995,394.717,390.629,False,
1286,4.59,392.13,256.55,0.22455206690354554,0.010833647260490409,395.527,391.242,False,
1287,4.59,393.383,257.61,0.23002746475146665,0.012948675789846376,395.33,390.211,False,
1288,4.59,395.259,259.91,0.2308178439188957,0.012648359852313051,393.806,388.825,True,2007-09-28
1289,4.17,383.483,266.29,0.2324328544250803,0.012052519832257524,378.676,374.112,True,2007-09-26
1290,3.48,338.765,230.72,0.24018765122958285,0.010543363099742686,330.35,326.867,True,2007-09-17
1291,3.48,332.773,224.52,0.1990670107211371,0.00676994063328451,337.226,334.943,True,2007-09-17
1292,3.48,333.137,224.49,0.19904657502590398,0.006787893146952606,337.66,335.368,True,2007-09-17
1293,3.48,332.946,224.36,0.1991082131421113,0.006741220581141794,337.921,335.643,True,2007-09-17
1294,3.51,334.267,215.24,0.19926072062116987,0.006802221589123469,340.477,338.161,True,2007-09-22
1295,3.51,328.083,210.12,0.17241739683435403,0.006569102992986409,337.489,335.272,True,2007-09-22
1296,3.51,327.99,210.37,0.17232537717593138,0.0066959515612015075,336.92,334.664,True,2007-09-22
1297,3.53,350.06,231.87,0.169548535129557,0.006832493173114185,356.678,354.241,True,2007-09-28
1298,4.46,363.423,202.36,0.16258742937693887,0.010122724207687117,370.75,366.997,True,2007-09-28
1299,4.45,364.648,203.49,0.16481749223793263,0.009725609428549942,372.316,368.695,True,2007-09-28
1300,4.46,361.617,201.9,0.15894996934705952,0.009863425352476751,371.372,367.709,True,2007-09-28
1301,4.46,359.829,201.31,0.15873674896712836,0.010085746321028322,371.911,368.16,True,2007-09-28
1302,4.46,361.582,202.65,0.15255952932748937,0.009365025140648853,374.692,371.183,True,2007-09-28
1303,3.79,361.949,254.45,0.2329378785136406,0.008614006856503154,357.325,354.247,True,2007-09-24
1304,3.79,362.744,255.04,0.22803730737100816,0.008576166255148676,357.619,354.552,True,2007-09-24
1305,3.79,362.851,255.63,0.22805419087326465,0.008508403654758911,357.999,354.953,True,2007-09-24
1306,3.79,363.309,256.35,0.2345276866774745,0.009735125103914943,357.263,353.785,True,2007-09-24
1307,3.8,358.834,251.85,0.20099921232238233,0.010899313935976873,352.591,348.748,True,2007-09-24
1308,3.8,376.701,269.54,0.1990597240111628,0.011113586762483307,372.517,368.377,True,2007-09-28
1309,3.78,377.682,281.78,0.19757485039619055,0.011530583794449378,373.008,368.707,True,2007-09-29
1310,3.78,377.609,281.73,0.19762714479838606,0.011710914454277188,372.9,368.533,True,2007-09-29
1311,3.79,378.742,283.06,0.19740181875396318,0.011074499718717434,373.29,369.156,True,2007-09-29
1312,3.79,378.434,282.53,0.19478599204140765,0.011131889210815649,373.791,369.63,True,2007-09-29
1313,4.46,404.023,302.47,0.19112168072514157,0.01197868443299388,397.456,392.695,False,
1314,4.46,403.95,302.43,0.19113035197972522,0.01203691118058392,397.278,392.496,False,
1315,4.5,392.936,290.99,0.15236868679430243,0.014613184960726389,386.774,381.122,False,
1316,5.76,395.217,244.33,0.1443638301985548,0.032891515448273845,412.538,398.969,True,2007-09-28
1317,3.78,379.076,284.39,0.22046448414794628,0.012493684629193647,372.108,367.459,True,2007-09-29
1318,3.78,377.854,283.2,0.22397659127225542,0.012461084446750537,370.032,365.421,True,2007-09-29
1319,3.78,378.057,283.49,0.22650845053747573,0.012182114942280942,371.282,366.759,True,2007-09-29
1320,4.47,405.3,303.91,0.222071533691789,0.012840652446675094,398.5,393.383,False,
1321,4.46,394.933,293.73,0.22333234994088264,0.012755399656226518,385.719,380.799,True,2007-09-28
1322,4.45,394.098,292.46,0.22342649528465608,0.013388435751582883,385.706,380.542,True,2007-09-28
1323,4.46,386.584,284.16,0.1824004510126338,0.010919219466259622,378.049,373.921,True,2007-09-28
1324,4.46,387.243,284.44,0.18202447634787247,0.010924877930267751,378.677,374.54,True,2007-09-28
1325,4.47,387.185,284.5,0.18198272452999686,0.010969224572958347,379.881,375.714,True,2007-09-28
1326,4.47,387.216,284.43,0.18176796160223507,0.010935179039853304,379.692,375.54,True,2007-09-28
1327,4.48,385.897,283.79,0.17573023551844422,0.011561580629458001,377.976,373.606,True,2007-09-28
1328,4.51,388.833,272.91,0.1773744066702683,0.01039380414807034,380.9,376.941,True,2007-09-28
1329,4.51,397.168,280.41,0.20683532858965573,0.00846381504059901,395.33,391.984,True,2007-09-28
1330,5.76,401.669,232.99,0.2029202657959766,0.010888660665740235,413.825,409.319,True,2007-09-27
1331,4.51,396.739,268.55,0.1953709615403858,0.009837392079638185,400.411,396.472,True,2007-09-28
1332,4.51,395.796,268.15,0.19232396779799615,0.0104587110020532,399.38,395.203,True,2007-09-28
1333,4.56,389.581,248.3,0.19521378323126148,0.009795562103308675,396.404,392.521,True,2007-09-28
1334,3.53,368.533,260.33,0.2003476426705774,0.007659192633501788,374.452,371.584,True,2007-09-29
1335,3.53,367.431,260.01,0.20040086806407872,0.007962051833599548,373.773,370.797,True,2007-09-29
1336,3.53,367.23,260.28,0.2004040911163556,0.007917586460632786,373.725,370.766,True,2007-09-29
1337,3.54,360.435,253.83,0.17177095900627104,0.008320882208643687,358.736,355.751,True,2007-09-28
1338,3.53,340.745,234.28,0.173509502379202,0.009195786167943809,341.352,338.213,True,2007-09-24
1339,3.53,340.838,234.46,0.17337045884915336,0.008937981591212507,341.576,338.523,True,2007-09-24
1340,3.52,347.304,240.77,0.2074683065959922,0.010702233177803167,340.77,337.123,True,2007-09-24
1341,3.52,347.042,240.62,0.20753191825018044,0.010658309049878634,340.767,337.135,True,2007-09-24
1342,3.52,345.906,239.5,0.20498746324882597,0.010085289721269652,341.19,337.749,True,2007-09-24
1343,4.19,385.702,270.61,0.19780899913739855,0.011271435926546891,378.745,374.476,True,2007-09-28
1344,4.2,386.808,271.51,0.19390124636591496,0.011200587571807197,381.23,376.96,True,2007-09-28
1345,4.46,408.458,305.98,0.2356300671553442,0.012037620321052267,407.971,403.06,False,
1346,4.47,409.421,306.73,0.23141708996707755,0.011401928993302057,409.229,404.563,False,
1347,4.48,407.912,305.48,0.23257764606698933,0.011440167479706997,405.064,400.43,True,2007-09-29
1348,4.49,403.752,301.49,0.18937083021042783,0.008542377913017707,404.22,400.767,True,2007-09-29
1349,4.49,404.442,302.94,0.18953961112282808,0.008413363390486595,404.119,400.719,True,2007-09-29
1350,4.5,404.827,303.13,0.189769246338231,0.008296988628769264,404.002,400.65,True,2007-09-29
1351,4.5,404.844,303.24,0.18985591410546956,0.00847234829883381,403.194,399.778,True,2007-09-29
1352,5.76,413.515,261.13,0.18491162234360448,0.011172961292747141,425.76,421.003,True,2007-09-28
1353,5.75,412.742,260.39,0.18178907768932834,0.011881836116826694,424.766,419.719,True,2007-09-28
1354,5.81,402.513,233.81,0.18376649658143343,0.0111429077318429,417.934,413.277,True,2007-09-28
1355,5.81,402.785,233.91,0.18374451172910877,0.011154854072682463,417.845,413.184,True,2007-09-28
1356,5.81,398.481,230.7,0.1747754782068857,0.009986195978492818,414.372,410.234,True,2007-09-28
1357,4.89,386.948,227.83,0.18013309233740255,0.009214183314545044,398.299,394.629,True,2007-09-27
1358,4.88,375.126,218.04,0.1500949804543985,0.01418889471720075,383.187,377.75,True,2007-09-27
1359,3.84,369.712,265.93,0.20486145229861813,0.0077356694892504185,368.811,365.958,True,2007-09-27
1360,3.84,369.625,265.77,0.20490171631995682,0.0077633269542494165,368.914,366.05,True,2007-09-27
1361,3.87,385.694,281.87,0.20392298084441962,0.008081720363132483,385.314,382.2,True,2007-09-29
1362,3.87,386.485,282.23,0.20387562601135767,0.008107377245259895,384.588,381.47,True,2007-09-29
1363,3.87,386.196,281.73,0.203519360035414,0.00828465600780215,385.532,382.338,True,2007-09-30
1364,3.9,375.897,259.45,0.2061888044607985,0.008249403038832481,374.815,371.723,True,2007-09-29
1365,3.89,380.319,262.82,0.25609107546602256,0.011046631904476523,377.038,372.873,True,2007-09-29
1366,3.9,375.552,258.62,0.219875089768395,0.011556993615159383,370.252,365.973,True,2007-09-29
1367,3.9,375.616,258.57,0.22017827128957476,0.011529862750027653,369.909,365.644,True,2007-09-29
1368,3.9,376.901,260.17,0.21615744940325826,0.011509406493149354,370.914,366.645,True,2007-09-29
1369,3.23,348.521,240.76,0.22092324376571273,0.010879106731118027,341.756,338.038,True,2007-09-28
1370,4.13,370.114,218.73,0.2160737270087339,0.014241181824772187,372.441,367.137,True,2007-09-28
1371,4.13,370.149,218.5,0.21840092801005564,0.013786086120753716,372.477,367.342,True,2007-09-28
1372,4.13,370.188,218.95,0.22144938642153078,0.01547119000488173,372.822,367.054,True,2007-09-28
1373,4.93,378.72,209.31,0.20044779039246116,0.00986474092141476,396.868,392.953,True,2007-09-29
1374,4.93,378.803,209.38,0.19474394329148406,0.009552440228009718,397.176,393.382,True,2007-09-29
1375,4.93,378.761,209.35,0.19477245622902956,0.00965836284569832,396.444,392.615,True,2007-09-29
1376,4.93,377.253,208.64,0.19476718843462146,0.009798461177881967,396.797,392.909,True,2007-09-29
1377,3.83,372.601,260.42,0.19761156681722145,0.00668314348030441,378.714,376.183,False,
1378,3.83,372.493,260.43,0.19917600955497597,0.006197899321799039,378.354,376.009,False,
1379,3.83,372.306,259.8,0.19913626994351122,0.00624652568294215,379.571,377.2,False,
1380,3.81,382.836,282.28,0.19753159070298654,0.006357079370268526,391.532,389.043,True,2007-09-29
1381,3.81,385.055,285.28,0.20751219097039825,0.007541743922932609,391.554,388.601,False,
1382,3.81,380.989,280.88,0.1797488643577436,0.008071201195348543,384.825,381.719,True,2007-09-29
1383,3.78,367.697,267.55,0.18091281456669475,0.007889414433695618,373.792,370.843,True,2007-09-27
1384,4.53,399.561,291.97,0.1751065080428071,0.009021750830456643,399.479,395.875,True,2007-09-28
1385,4.5,404.941,297.81,0.21328037012206527,0.01224139041194272,403.794,398.851,True,2007-09-29
1386,4.5,405.016,297.76,0.21328304889310262,0.012198409655837739,404.315,399.383,True,2007-09-29
1387,3.19,331.033,235.54,0.18775718145765166,0.006914667130443197,333.494,331.188,True,2007-09-23
1388,3.19,331.119,235.54,0.1877849358082153,0.006888489208633053,333.6,331.302,True,2007-09-23
1389,3.15,329.463,243.9,0.18848987586762622,0.0067523804335324344,330.402,328.171,True,2007-09-23
1390,3.15,328.466,243.24,0.1882161357133927,0.006663743708633096,332.996,330.777,True,2007-09-23
1391,3.14,333.241,247.72,0.2163174409731248,0.006515476500309592,334.281,332.103,True,2007-09-23
1392,3.8,378.778,285.56,0.20997575539788857,0.00794382222411083,376.519,373.528,True,2007-09-28
1393,3.8,378.724,285.54,0.21000441670174003,0.007957017776598518,376.9,373.901,True,2007-09-28
1394,4.95,397.015,251.67,0.20406782429429235,0.010783134009479056,407.21,402.819,True,2007-09-27
1395,4.93,401.329,254.6,0.2542959411571169,0.016009846213838386,410.31,403.741,True,2007-09-28
1396,4.96,390.677,227.96,0.2567713363449261,0.015088440436620831,400.439,394.397,True,2007-09-28
1397,5.0,384.304,221.61,0.25582829700595133,0.015500581271797653,399.985,393.785,False,
1398,5.0,384.378,221.49,0.25998204151782317,0.017860982891663935,399.922,392.779,False,
1399,4.99,385.248,222.36,0.2566619366436078,0.017704831356430972,400.964,393.865,False,
1400,4.99,385.401,222.63,0.25379081893957717,0.018433617004275038,400.464,393.082,False,
1401,4.53,389.141,248.26,0.20036104436760113,0.009599995992696786,399.271,395.438,True,2007-09-28
1402,4.54,379.895,240.03,0.17275406365348053,0.011997893204033883,387.318,382.671,True,2007-09-28
1403,4.53,382.206,241.74,0.17788910271568992,0.012731821059620896,388.554,383.607,True,2007-09-28
1404,4.53,391.0,249.15,0.2160427261594977,0.015289469163373925,395.828,389.776,True,2007-09-28
1405,4.53,390.958,248.84,0.21595545785975556,0.015284713771390734,396.082,390.028,True,2007-09-28
1406,4.53,391.936,249.48,0.21238115005337552,0.015404396807618181,398.198,392.064,True,2007-09-28
1407,5.34,406.947,256.43,0.20823400069795975,0.016062598048228294,418.799,412.072,True,2007-09-29
1408,5.33,406.872,256.85,0.20845449576417277,0.01601357163337469,418.52,411.818,True,2007-09-29
1409,5.34,407.476,257.04,0.21140765828717756,0.015512537971290818,419.725,413.214,True,2007-09-29
1410,5.4,389.713,222.13,0.21312491684680587,0.015450953096731501,405.153,398.893,False,
1411,5.4,389.61,221.97,0.21306827844090476,0.015412978987013104,405.178,398.933,False,
1412,5.36,396.814,230.21,0.2145780632298228,0.015319875257011839,406.596,400.367,True,2007-09-27
1413,4.22,386.43,265.05,0.21911657177570518,0.011722553155850468,382.084,377.605,True,2007-09-28
1414,4.22,387.561,265.05,0.2190407725346418,0.011407242211507795,382.038,377.68,True,2007-09-28
1415,3.78,387.011,305.48,0.1987548586399166,0.007190952641454418,391.186,388.373,False,
1416,3.78,387.166,305.55,0.1987394859552366,0.007131358495596096,390.108,387.326,False,
1417,3.79,383.443,301.73,0.17151351244601798,0.007824014265179646,384.713,381.703,False,
1418,3.79,383.655,301.87,0.1714233062357999,0.007780119378318018,384.827,381.833,False,
1419,4.92,395.904,259.74,0.162482580377641,0.012759170653907526,406.923,401.731,True,2007-09-29
1420,4.91,393.524,257.58,0.16661701225981998,0.014463986060717082,404.038,398.194,True,2007-09-30
1421,4.92,398.885,268.75,0.16691435916845115,0.013877781436703152,403.883,398.278,True,2007-09-29
1422,4.92,398.992,268.49,0.16696603750349273,0.013826814258391273,403.636,398.055,True,2007-09-29
1423,4.92,395.596,265.99,0.15995466111615358,0.015896094795980975,399.595,393.243,True,2007-09-29
1424,4.98,383.788,239.14,0.1645772192372861,0.011825591597472096,393.215,388.565,False,
1425,4.16,373.258,238.77,0.1716706948129379,0.007414338806389642,377.242,374.445,True,2007-09-28
1426,4.16,381.295,243.68,0.21254745523792282,0.011196015466282239,381.475,377.204,True,2007-09-28
1427,4.16,381.682,244.03,0.21450490146329557,0.010911782475761078,382.339,378.167,True,2007-09-28
1428,4.12,368.691,231.34,0.21553000279994816,0.01078477053070992,366.999,363.041,True,2007-09-26
1429,5.34,403.621,235.8,0.23324142979889267,0.01625412461414899,413.372,406.653,True,2007-09-28
1430,5.34,403.629,235.74,0.23322800778361866,0.016289143797493022,413.22,406.489,True,2007-09-28
1431,5.4,398.111,229.67,0.23210004005873497,0.016133518103350397,413.487,406.816,False,
1432,5.4,397.982,229.48,0.23205967127094043,0.01610196541184672,413.552,406.893,False,
1433,5.4,397.182,228.98,0.22699377220003145,0.01353847944255604,412.454,406.87,False,
1434,5.39,395.624,228.38,0.22710228284714035,0.014006925915963309,412.653,406.873,False,
1435,5.28,410.762,260.76,0.22545311742224936,0.014494113452385604,426.311,420.132,True,2007-09-29
1436,5.29,410.67,260.81,0.2231591163900159,0.015117708879479164,425.329,418.899,True,2007-09-29
1437,5.31,400.109,250.83,0.18437034820183265,0.01832497026509672,411.133,403.599,True,2007-09-29
1438,5.33,385.358,238.21,0.14871872646638434,0.034255802892170006,401.567,387.811,True,2007-09-29
1439,5.33,385.083,238.16,0.14875546159761227,0.03412586229207937,401.836,388.123,True,2007-09-29
1440,5.34,388.993,242.0,0.1420831557515638,0.02883493513684532,404.544,392.879,True,2007-09-29
1441,4.5,375.997,235.93,0.14732705742200264,0.016193114985492807,382.57,376.375,True,2007-09-28
1442,3.45,355.527,263.62,0.15756725768948235,0.0072700065969075744,372.902,370.191,True,2007-09-29
1443,4.58,379.287,231.56,0.19405715996304174,0.01178092852833712,382.907,378.396,False,
1444,4.58,383.692,234.11,0.22652897550066742,0.011698472449956365,389.709,385.15,False,
1445,4.58,383.669,234.28,0.2265316401888691,0.011682057150481207,389.743,385.19,False,
1446,4.58,376.477,231.79,0.1832417503998082,0.008244232142672225,386.452,383.266,True,2007-09-29
1447,4.59,377.555,231.78,0.1771934580907067,0.008385014718239714,387.954,384.701,True,2007-09-29
1448,4.53,378.333,233.54,0.1778705386009405,0.008042271689704283,386.831,383.72,True,2007-09-27
1449,4.52,379.716,233.68,0.18638037073048275,0.00911749571405307,386.729,383.203,True,2007-09-27
1450,4.54,383.876,240.71,0.18292471402278754,0.009473697686625426,390.555,386.855,True,2007-09-27
1451,4.53,380.968,240.43,0.1829537723463902,0.009841975359216715,390.572,386.728,True,2007-09-27
1452,5.37,402.519,254.16,0.17896739927320318,0.011059132008108152,413.414,408.842,True,2007-09-28
1453,5.37,402.582,253.72,0.17900752816731852,0.011014592457656569,412.816,408.269,True,2007-09-28
1454,4.15,393.095,296.02,0.1844527422328404,0.007653093882901696,390.561,387.572,True,2007-09-29
1455,4.15,392.563,295.65,0.1845733223031766,0.007926995995614972,391.321,388.219,True,2007-09-29
1456,4.15,393.137,295.97,0.18661069702639177,0.00744943567973555,391.976,389.056,True,2007-09-29
1457,4.27,380.66,260.7,0.19830249707707595,0.009037294196995727,382.526,379.069,False,
1458,5.42,379.721,213.97,0.1922845204100112,0.011374909897352015,398.157,393.628,False,
1459,5.42,379.55,213.51,0.19228047729170997,0.011408821113603307,398.113,393.571,False,
1460,5.4,387.883,221.92,0.19348832104592495,0.01142865672235871,401.972,397.378,True,2007-09-28
1461,4.52,376.509,220.91,0.19835636100916618,0.010610699511533928,385.083,380.997,True,2007-09-27
1462,4.52,379.635,238.74,0.1958480690371732,0.011441766338894266,385.43,381.02,True,2007-09-27
1463,4.53,381.586,240.18,0.19047912892596897,0.011076287027014686,388.939,384.631,True,2007-09-27
1464,4.53,382.613,240.83,0.19687668915843698,0.012876075140747956,390.414,385.387,True,2007-09-27
1465,4.53,382.612,240.92,0.1969439373775335,0.01292349964884576,390.142,385.1,True,2007-09-27
1466,4.53,386.28,243.76,0.22879221591270343,0.012244145586400856,396.026,391.177,True,2007-09-27
1467,4.53,386.3,243.82,0.22876827431721547,0.012201347505901072,395.694,390.866,True,2007-09-27
1468,4.53,389.549,244.6,0.2287791141819096,0.011557993247525933,396.003,391.426,True,2007-09-27
1469,4.51,391.559,246.64,0.2801490456612347,0.01838297485564533,396.073,388.792,True,2007-09-27
1470,4.51,391.344,246.45,0.27697280289352444,0.018869594015527458,395.557,388.093,True,2007-09-27
1471,4.59,397.949,270.3,0.19251699034252556,0.013278468231131879,395.151,389.904,True,2007-09-28
1472,4.59,397.613,270.35,0.19242125267429555,0.013249289584023938,395.191,389.955,True,2007-09-28
1473,4.64,398.426,271.18,0.18964415034781468,0.011922545161347387,395.637,390.92,True,2007-09-28
1474,4.53,398.441,282.48,0.19179894434688322,0.010915592835724186,394.848,390.538,True,2007-09-28
1475,3.9,371.017,252.25,0.1971718370110192,0.01077391434929209,366.255,362.309,True,2007-09-27
1476,4.88,387.695,227.31,0.19167361680936515,0.013681532088050896,394.181,388.788,True,2007-09-27
1477,4.87,387.376,227.21,0.19172444277922512,0.013712442536763736,393.73,388.331,True,2007-09-27
1478,4.94,389.067,228.42,0.1908452692100525,0.013671245405227128,400.183,394.712,True,2007-09-29
1479,4.94,374.991,218.7,0.15033556726422473,0.014008626216106657,389.974,384.511,True,2007-09-28
1480,4.94,374.868,218.72,0.15043208371111305,0.013977043578205173,389.782,384.334,True,2007-09-28
1481,4.94,386.281,227.87,0.18051932302065282,0.009405064074784919,403.825,400.027,True,2007-09-28
1482,4.95,388.086,228.88,0.1806114939179751,0.009129524823836777,403.745,400.059,True,2007-09-28
1483,4.95,386.038,227.62,0.18581212180513593,0.009037304661778212,402.443,398.806,True,2007-09-28
1484,4.89,396.51,252.18,0.18350105122676919,0.010032715910315293,408.364,404.267,True,2007-09-28
1485,5.33,403.753,262.85,0.1686967549144658,0.01395890721559967,414.574,408.787,True,2007-09-29
1486,5.3,414.303,273.01,0.2013777153654891,0.01096288747028451,427.807,423.117,True,2007-09-29
1487,4.1,398.069,313.82,0.206309647350752,0.00796014943960155,401.5,398.304,False,
1488,4.1,403.618,319.25,0.251021231250852,0.010053707506387677,402.737,398.688,False,
1489,3.45,371.663,293.72,0.25485245384983923,0.009561647678232421,370.752,367.207,True,2007-09-29
1490,3.46,371.545,293.27,0.2484327691047737,0.008238095750056407,372.052,368.987,True,2007-09-29
1491,3.45,348.553,270.32,0.2513211645286657,0.007987859154518384,342.645,339.908,True,2007-09-21
1492,3.45,347.73,269.31,0.2514009676337861,0.008368932888156655,342.935,340.065,True,2007-09-21
1493,3.45,347.167,269.04,0.2514887811903282,0.008361927364341493,342.146,339.285,True,2007-09-21
1494,3.45,347.188,268.88,0.2514404876470374,0.008417434611438956,342.147,339.267,True,2007-09-21
1495,3.45,346.593,268.47,0.25627728075408385,0.008420842904692583,341.296,338.422,True,2007-09-21
1496,3.51,352.376,246.21,0.25548715331494476,0.008868569068427368,348.647,345.555,True,2007-09-24
1497,3.51,352.417,246.17,0.2554973819034178,0.008807148961553768,348.694,345.623,True,2007-09-24
1498,3.52,352.823,246.45,0.2533000135589275,0.009161310351964325,347.876,344.689,True,2007-09-24
1499,4.09,383.899,300.45,0.19884360410979596,0.0114592978087118,375.852,371.545,True,2007-09-28
1500,4.11,383.625,299.97,0.19514541886481188,0.01037895437895442,375.375,371.479,True,2007-09-28
1501,4.1,381.222,297.67,0.19959722638590613,0.010486238655101676,372.965,369.054,True,2007-09-28
1502,4.11,382.781,299.07,0.20206586711155,0.010419588077704933,374.391,370.49,True,2007-09-28
1503,4.2,387.176,271.67,0.20235825513555233,0.010600678801538588,379.787,375.761,True,2007-09-28
1504,4.2,387.324,271.83,0.20234530507057363,0.010580743625503097,380.03,376.009,True,2007-09-28
1505,4.2,387.607,271.66,0.20236989767821445,0.01068819219269801,379.952,375.891,True,2007-09-28
1506,5.37,397.905,237.95,0.19488293248754296,0.014801660734877764,401.509,395.566,True,2007-09-27
1507,5.39,393.651,233.53,0.1938806176765548,0.014968684915388497,402.841,396.811,True,2007-09-29
1508,5.39,391.548,233.04,0.19380884310824015,0.015569462323984706,403.161,396.884,True,2007-09-29
1509,5.4,400.059,239.75,0.23005304231978208,0.013275145749786943,415.438,409.923,True,2007-09-29
1510,4.55,388.799,237.65,0.2346486608258692,0.01305812124389949,396.688,391.508,True,2007-09-28
1511,4.55,382.208,234.6,0.19143640749824328,0.008908556363507625,395.238,391.717,True,2007-09-28
1512,4.55,382.439,234.66,0.19157215081046206,0.008902144884310181,394.287,390.777,True,2007-09-28
1513,4.9,404.109,267.45,0.1954875452837497,0.010983536670067573,417.534,412.948,False,
1514,4.91,403.978,267.55,0.1976096485156527,0.010064341866752202,417.613,413.41,True,2007-09-29
1515,3.78,387.381,305.54,0.2034313867197747,0.007664625520182544,387.364,384.395,False,
1516,3.78,386.995,305.3,0.20356228307655239,0.007697240163201058,386.762,383.785,False,
1517,3.79,381.866,299.93,0.1750237454350646,0.008513770568789658,379.033,375.806,False,
1518,3.78,383.464,301.79,0.18091480996852755,0.009280589397909544,378.963,375.446,False,
1519,3.79,373.729,292.1,0.18192044927550777,0.0090571007561977,370.538,367.182,True,2007-09-28
1520,3.79,374.586,293.15,0.18197424890975467,0.008889909992702227,369.97,366.681,True,2007-09-28
1521,3.79,374.333,292.9,0.18176292320705528,0.008805153604609761,370.692,367.428,True,2007-09-28
1522,3.16,329.251,254.46,0.1891021314998491,0.008091888360503785,329.095,326.432,True,2007-09-21
1523,3.15,331.924,257.15,0.2301314149317312,0.011875353617175177,323.443,319.602,True,2007-09-21
1524,3.2,337.83,235.29,0.22953158490408243,0.01146866315357864,329.245,325.469,True,2007-09-25
1525,3.19,336.953,234.64,0.23350955202458396,0.011466001475942678,327.926,324.166,True,2007-09-25
1526,3.19,336.61,234.72,0.23343981996282537,0.011430245295627084,327.727,323.981,True,2007-09-25
1527,4.15,390.747,278.97,0.23735211432131995,0.013475638292340442,384.62,379.437,True,2007-09-28
1528,5.33,400.678,236.2,0.232182136991711,0.01848190742793654,412.241,404.622,True,2007-09-28
1529,5.33,400.714,236.01,0.2323352320523696,0.01856366887189076,412.203,404.551,True,2007-09-28
1530,5.33,400.831,236.01,0.23232834417548143,0.01865663496591019,412.293,404.601,True,2007-09-28
1531,5.33,399.363,235.15,0.23576553932442257,0.018114883421959882,410.712,403.272,True,2007-09-28
1532,5.33,399.475,235.06,0.2356485195854624,0.018121409794567223,410.84,403.395,True,2007-09-28
1533,5.39,394.196,229.08,0.23459541461683095,0.01809583413491389,410.647,403.216,False,
1534,5.4,387.52,222.56,0.18988694300961817,0.014107995026838682,402.963,397.278,False,
1535,5.4,395.091,228.48,0.2228133788741608,0.013793170249759124,412.958,407.262,False,
1536,5.4,396.288,229.16,0.22281412550286103,0.013307013188330385,412.865,407.371,False,
1537,5.4,396.799,229.07,0.22537640998291605,0.012704591059642611,413.63,408.375,False,
1538,5.38,411.603,252.15,0.22328414113870085,0.01320355203999779,428.824,423.162,True,2007-09-29
1539,5.33,410.709,260.48,0.2152909848368511,0.010606922957520526,425.194,420.684,True,2007-09-29
1540,4.51,393.505,241.75,0.2187759067729958,0.010288187855787445,404.736,400.572,True,2007-09-28
1541,4.59,398.299,270.15,0.1996321956362645,0.00876239302599291,401.032,397.518,False,
1542,4.55,399.091,281.97,0.19934019904542416,0.00846218422501388,401.433,398.036,False,
1543,4.55,400.132,283.07,0.20660867730870447,0.009968415913597095,401.468,397.466,False,
1544,4.55,399.954,282.91,0.20671851573853098,0.009959832161149262,401.814,397.812,False,
1545,5.83,398.898,229.7,0.20329836713446203,0.012727675371650538,419.951,414.606,True,2007-09-29
1546,5.83,398.795,229.14,0.20045920396010375,0.013003972573960576,418.872,413.425,True,2007-09-29
1547,5.75,414.901,261.46,0.19968237184136706,0.013633428264798297,430.486,424.617,True,2007-09-28
1548,5.74,412.525,259.75,0.204578144528214,0.013842941876477277,427.727,421.806,True,2007-09-28
1549,5.72,418.74,264.79,0.2519504592880259,0.01872325536964281,434.433,426.299,True,2007-09-29
1550,5.72,418.343,264.66,0.25194955768312416,0.018706649078825355,434.391,426.265,True,2007-09-29
1551,4.86,402.955,256.76,0.2554920666381084,0.01886425846001394,411.731,403.964,True,2007-09-28
1552,4.83,381.892,236.04,0.25832264354608186,0.019150606672624138,387.194,379.779,True,2007-09-22
1553,4.84,382.161,236.01,0.2582241091921688,0.018958055753519387,387.276,379.934,True,2007-09-22
1554,4.85,375.121,230.0,0.21646128209182208,0.01926228856038059,377.058,369.795,True,2007-09-22
1555,4.09,351.159,206.84,0.19861487743162187,0.008808554966891147,358.061,354.907,True,2007-09-21
1556,4.14,372.713,228.18,0.1958985501255628,0.008918411093762457,377.87,374.5,True,2007-09-27
1557,4.14,372.521,227.75,0.1958538353614528,0.008922889231004927,378.689,375.31,True,2007-09-27
1558,4.14,361.283,217.89,0.1650799188701998,0.010911576427700798,364.292,360.317,True,2007-09-27
1559,4.13,360.527,231.52,0.16233623133284744,0.014442493415276592,364.48,359.216,True,2007-09-27
1560,4.9,386.18,250.19,0.1561821399109549,0.028557743966102778,394.604,383.335,True,2007-09-28
1561,4.9,398.654,261.44,0.19036259176032144,0.017275461116588287,403.694,396.72,True,2007-09-28
1562,4.9,398.998,261.43,0.1904979448171101,0.0172299831413526,403.947,396.987,True,2007-09-28
1563,4.89,396.285,260.0,0.19041087113949112,0.017897988889879146,403.956,396.726,True,2007-09-28
1564,4.89,398.526,262.08,0.1942538184985417,0.01653754285981912,405.683,398.974,True,2007-09-28
1565,4.89,397.521,260.4,0.1903134459636256,0.01524211194068692,403.553,397.402,True,2007-09-28
1566,4.89,397.795,260.64,0.19007727605314848,0.015261579308448958,403.759,397.597,True,2007-09-28
1567,4.89,400.205,263.0,0.18749207776992413,0.01413146093934381,406.752,401.004,True,2007-09-28
1568,3.78,383.335,301.54,0.1943865619413496,0.009930137876043466,378.746,374.985,False,
1569,4.24,391.047,275.83,0.2002301676946427,0.011486364457287346,387.59,383.138,False,
1570,4.24,390.204,274.56,0.19642957103798675,0.010432755655373493,387.817,383.771,False,
1571,4.24,390.571,274.91,0.19653298859094506,0.010467637039331179,387.48,383.424,False,
1572,4.24,389.696,274.17,0.19385525349023358,0.010980043796223637,387.248,382.996,False,
1573,4.24,389.641,274.17,0.19384108672613032,0.010963676682673618,386.914,382.672,False,
1574,4.24,394.581,278.91,0.22701879288176774,0.010407825630917245,394.703,390.595,False,
1575,4.24,394.743,278.61,0.2270323977337003,0.010423026934175739,394.703,390.589,False,
1576,4.24,393.697,277.57,0.2317734927526247,0.010845662369153297,394.259,389.983,False,
1577,4.22,394.677,278.88,0.23235826944714236,0.011099618888458673,392.536,388.179,True,2007-09-29
1578,4.1,396.301,312.3,0.2319937800407141,0.010737419666217995,393.67,389.443,True,2007-09-29
1579,3.46,357.619,279.54,0.23688930024360114,0.009427080410751354,356.42,353.06,True,2007-09-26
1580,3.51,361.397,266.67,0.2367121520340452,0.009506006665677913,357.353,353.956,True,2007-09-26
1581,3.51,355.495,260.82,0.1933432057303892,0.00603552476814595,368.982,366.755,True,2007-09-26
1582,4.51,384.253,256.74,0.18683128079670766,0.008467229072031124,385.25,381.988,True,2007-09-26
1583,4.08,352.375,211.4,0.1886317785893385,0.009831708972289799,350.702,347.254,True,2007-09-25
1584,3.23,321.929,215.65,0.19535257431970568,0.007481196372115195,322.943,320.527,True,2007-09-21
1585,3.18,318.352,223.36,0.19563250529917509,0.007626416311863782,316.138,313.727,True,2007-09-16
1586,3.18,318.589,223.65,0.19572816005767774,0.007748168729477145,316.72,314.266,True,2007-09-16
1587,3.18,319.813,224.32,0.19041673981307594,0.00773120547092776,318.191,315.731,True,2007-09-16
1588,3.18,318.803,223.26,0.18844484163241415,0.007803311032136495,316.276,313.808,True,2007-09-16
1589,3.19,343.661,247.95,0.1840361352594829,0.008092171596795428,346.137,343.336,True,2007-09-27
1590,3.2,343.297,247.79,0.1796366033113883,0.006934468693931439,346.674,344.27,True,2007-09-27
1591,3.87,380.353,276.71,0.17353027763606058,0.008994999227782796,375.542,372.164,True,2007-09-29
1592,3.87,379.595,276.35,0.1738251410767773,0.008910135679491171,374.854,371.514,True,2007-09-29
1593,3.81,378.17,285.26,0.1740967246911584,0.008797127468581745,373.19,369.907,True,2007-09-30
1594,3.81,383.496,290.35,0.20227254146007484,0.008056091551969291,381.947,378.87,True,2007-09-29
1595,3.81,383.742,290.69,0.2021691477231493,0.008055799102293926,382.085,379.007,True,2007-09-29
1596,3.8,387.684,295.17,0.25294450989309886,0.010575025129030302,384.018,379.957,False,
1597,4.22,388.527,265.6,0.21997895882844332,0.008469117726944697,386.581,383.307,True,2007-09-28
1598,4.22,389.38,266.89,0.22738764333113934,0.009781818087692074,386.329,382.55,True,2007-09-28
1599,4.22,389.39,266.73,0.22723660529108733,0.009722999440403002,385.992,382.239,True,2007-09-28
1600,4.19,394.25,286.14,0.22490756909652515,0.00997291464418315,392.463,388.549,True,2007-09-28
1601,5.34,412.042,269.79,0.2218388467401051,0.012999671107120525,416.549,411.134,True,2007-09-27
1602,5.34,412.014,270.09,0.2218478727479685,0.012963945302280067,416.617,411.216,True,2007-09-27
1603,4.52,380.925,246.22,0.22640590925511245,0.011933130331747255,380.621,376.079,True,2007-09-23
1604,4.52,379.504,245.0,0.23110854378254278,0.012353991704388001,380.201,375.504,True,2007-09-23
1605,4.52,374.998,241.25,0.19928306664396753,0.012431956064978156,372.186,367.559,True,2007-09-23
1606,4.5,378.35,244.77,0.24146846478980358,0.015730648635966182,375.064,369.164,True,2007-09-23
1607,4.49,373.247,231.35,0.2411764814310278,0.01791699920191525,375.9,369.165,True,2007-09-23
1608,4.5,373.398,231.33,0.2440747832024029,0.01789141796798155,376.158,369.428,True,2007-09-23
1609,4.52,392.421,250.4,0.24145120704493042,0.01753305824583984,397.934,390.957,True,2007-09-28
1610,4.52,392.562,250.42,0.2416974715074319,0.017542448300308267,397.778,390.8,True,2007-09-28
1611,5.34,400.924,251.26,0.20383477008098516,0.013443575461987711,415.812,410.222,False,
1612,5.35,403.602,251.14,0.20377461277364742,0.012848949662718101,415.676,410.335,False,
1613,5.35,403.095,250.84,0.20168329498074905,0.013242013538746655,414.514,409.025,False,
1614,5.35,407.489,253.79,0.23480010849767763,0.013235276730080181,422.885,417.288,False,
1615,5.34,406.704,253.3,0.23919058981518743,0.01317842693644844,421.674,416.117,False,
1616,5.4,392.618,232.42,0.24156129929057618,0.01249733041704415,407.367,402.276,False,
1617,5.4,392.737,232.31,0.2414907966533429,0.012500828072516956,407.573,402.478,False,
1618,5.41,400.605,240.27,0.24250648046650358,0.012344322075917291,409.419,404.365,True,2007-09-28
1619,5.41,400.531,240.25,0.2425480941918318,0.012331293588850989,409.365,404.317,True,2007-09-28
1620,4.23,390.79,267.76,0.24587799190054144,0.009048957643560729,388.111,384.599,True,2007-09-29
1621,4.23,391.085,268.44,0.25145624588294685,0.010817648301482241,388.162,383.963,True,2007-09-29
1622,3.55,364.763,251.29,0.25556805190454607,0.010239050136325978,359.799,356.115,True,2007-09-27
1623,3.54,364.462,251.16,0.25556982335327005,0.010238869855865529,359.317,355.638,True,2007-09-27
1624,3.55,359.535,247.46,0.2124828764843911,0.006656663483835756,366.55,364.11,True,2007-09-27
1625,4.47,392.621,244.4,0.2768638797799783,0.020567382923937116,403.114,394.823,True,2007-09-28
1626,4.48,391.994,243.52,0.28002301631264703,0.02071804344209993,402.789,394.444,True,2007-09-28
1627,4.48,392.184,243.44,0.279998015617568,0.020749153652943164,402.908,394.548,True,2007-09-28
1628,4.48,392.216,243.46,0.2799879737350348,0.020726095869672,402.922,394.571,True,2007-09-28
1629,3.44,370.995,275.68,0.2841545628850937,0.012941205154809454,369.131,364.354,True,2007-09-29
1630,4.15,399.449,296.04,0.28027840469964727,0.013736881840317072,400.018,394.523,False,
1631,4.19,401.561,284.75,0.2798387599961436,0.014147147274344518,401.353,395.675,False,
1632,4.21,399.298,281.41,0.22945244819013666,0.010234370323069841,400.904,396.801,False,
1633,4.21,395.131,276.8,0.1979195950718416,0.010720939940337404,392.876,388.664,False,
1634,4.18,390.79,272.81,0.19905460289234814,0.010547503817721071,387.011,382.929,True,2007-09-28
1635,4.18,390.751,272.9,0.1990509418263447,0.01062587515565494,387.074,382.961,True,2007-09-28
1636,4.22,381.504,251.73,0.20185601747353885,0.010423147083944095,379.348,375.394,True,2007-09-28
1637,4.22,381.459,251.72,0.19931514093643607,0.010814039223355332,378.397,374.305,True,2007-09-28
1638,4.22,380.392,251.17,0.19449495842178913,0.009445985654820133,377.409,373.844,True,2007-09-28
1639,4.13,379.566,275.78,0.21060468088534773,0.008497351987985069,379.53,376.305,True,2007-09-26
1640,4.12,383.972,280.75,0.2533149556720115,0.0113209628201828,380.798,376.487,True,2007-09-27
1641,4.11,383.803,280.66,0.25340169947453894,0.01129266607286894,380.601,376.303,True,2007-09-27
1642,4.11,383.865,280.7,0.253386950241506,0.01131142674761032,380.677,376.371,True,2007-09-27
1643,4.16,386.285,268.88,0.2529587229856837,0.011661005941797087,381.871,377.418,True,2007-09-27
1644,4.23,383.562,253.05,0.25503986886495567,0.011587241947392357,380.591,376.181,True,2007-09-27
1645,4.22,383.957,253.88,0.25780105483587906,0.01099278868863296,381.068,376.879,True,2007-09-27
1646,3.51,340.923,220.3,0.26266856305237785,0.01020203981065304,334.835,331.419,True,2007-09-22
1647,3.5,340.203,220.38,0.25606998210239684,0.008640979787129521,336.073,333.169,True,2007-09-22
1648,3.51,340.681,220.49,0.25126345269536243,0.00879843080760434,335.969,333.013,True,2007-09-22
1649,3.51,340.438,220.55,0.25130307084104586,0.008779712285047259,335.888,332.939,True,2007-09-22
1650,3.5,338.196,218.59,0.2199442234941093,0.009054763039068492,333.747,330.725,True,2007-09-22
1651,3.52,359.305,239.42,0.21766978294489414,0.009625293068834306,356.145,352.717,True,2007-09-28
1652,4.45,375.584,211.24,0.2136594566998661,0.012767833616396218,383.307,378.413,True,2007-09-28
1653,4.98,367.485,209.64,0.15985319911418358,0.01858741945187692,378.966,371.922,True,2007-09-29
1654,4.98,367.001,209.58,0.15981435249607034,0.01897102794102501,378.261,371.085,True,2007-09-29
1655,4.97,370.835,211.89,0.15464588710131047,0.014843874806529489,381.841,376.173,True,2007-09-29
1656,3.9,367.283,252.8,0.16355654409778173,0.007739828161613338,366.158,363.324,True,2007-09-29
1657,3.9,364.2,250.8,0.15740984186195808,0.00721900924196317,367.779,365.124,True,2007-09-29
1658,3.23,335.779,231.51,0.1615027625280012,0.0052796158248876734,358.17,356.279,True,2007-09-28
1659,3.2,334.385,239.16,0.1602054382643076,0.005112966682713882,361.434,359.586,True,2007-09-27
1660,3.18,309.281,214.49,0.16414984558567214,0.004172716805406429,332.637,331.249,True,2007-09-17
1661,3.19,310.259,215.09,0.16409287481091372,0.004042680098084839,331.958,330.616,True,2007-09-17
1662,3.19,310.736,215.19,0.1638553145033616,0.003900775343009477,332.498,331.201,True,2007-09-17
1663,3.19,310.253,214.88,0.16488584398041797,0.003578651191418314,341.19,339.969,True,2007-09-17
1664,3.19,310.47,214.97,0.16484970998453313,0.0034176510244159353,341.17,340.004,True,2007-09-17
1665,3.18,317.692,221.85,0.19047252335767673,0.004135049257867562,344.615,343.19,True,2007-09-16
1666,3.18,326.049,230.62,0.2353629708618816,0.0075310285915280994,318.416,316.018,True,2007-09-16
1667,3.84,361.53,241.98,0.24093759059488973,0.011853826389124578,353.388,349.199,True,2007-09-24
1668,3.84,361.707,242.09,0.2443734024868849,0.013192291496511133,353.843,349.175,True,2007-09-24
1669,3.84,362.316,242.84,0.24689010370494968,0.012729936237414696,354.283,349.773,True,2007-09-24
1670,4.86,383.637,222.3,0.24196735058387675,0.017908119531613975,388.483,381.526,True,2007-09-25
1671,4.91,394.91,233.4,0.24089031340176167,0.01750447832194857,403.611,396.546,True,2007-09-28
1672,4.91,395.655,233.25,0.2375537051545001,0.01759187831315756,404.448,397.333,True,2007-09-28
1673,4.91,393.585,232.88,0.23761904565906752,0.0183258047208974,404.457,397.045,True,2007-09-28
1674,5.85,401.286,231.83,0.23285872493640614,0.017789687103544005,421.705,414.203,True,2007-09-29
1675,5.84,404.181,233.38,0.27231654276941497,0.02072368652608414,426.179,417.347,True,2007-09-29
1676,5.84,404.295,233.34,0.2723036695693922,0.020744571031738657,426.232,417.39,True,2007-09-29
1677,5.84,404.435,233.44,0.2723390841313024,0.020674526365182744,426.225,417.413,True,2007-09-29
1678,5.72,421.511,266.83,0.2704302732329002,0.02011315494326371,440.458,431.599,True,2007-09-29
1679,5.75,417.538,263.5,0.21682888589746493,0.012694206251673501,436.971,431.424,True,2007-09-28
1680,5.75,417.541,263.39,0.21687512370515918,0.012659763699672921,436.817,431.287,True,2007-09-28
1681,3.87,362.883,240.06,0.16821206625860674,0.007778136726224516,362.169,359.352,True,2007-09-28
1682,4.59,380.292,248.06,0.15997916757053637,0.010945419819290314,381.164,376.992,True,2007-09-29
1683,4.59,390.958,257.64,0.1916165106730381,0.009088127527113965,395.461,391.867,True,2007-09-29
1684,4.59,389.597,257.04,0.1969337881549226,0.009217514038240782,393.924,390.293,True,2007-09-29
1685,4.59,389.771,257.09,0.19688271866044074,0.009139031130618536,393.696,390.098,True,2007-09-29
1686,4.58,389.916,257.05,0.1994712825926052,0.008871741990541526,393.722,390.229,True,2007-09-29
1687,5.79,392.525,210.28,0.1955222320384241,0.010651342308981904,408.587,404.235,True,2007-09-28
1688,5.75,397.497,214.52,0.2368940267503685,0.0161498364726399,413.998,407.312,True,2007-09-28
1689,5.75,397.391,214.86,0.23711583491281712,0.016084189964123086,413.636,406.983,True,2007-09-28
1690,5.78,415.007,251.8,0.23440281663776988,0.016145114101813962,427.25,420.352,True,2007-09-28
1691,5.78,414.851,251.79,0.23439328348624686,0.016056570043335383,427.364,420.502,True,2007-09-28
1692,5.79,414.939,250.31,0.22850980191540735,0.013751820851619967,426.998,421.126,True,2007-09-28
1693,5.79,413.155,250.69,0.22853913038959467,0.01416390802122014,427.142,421.092,True,2007-09-28
1694,5.79,405.5,242.77,0.22747617181026664,0.013703623570138435,425.216,419.389,False,
1695,4.48,404.898,302.38,0.21237878152378056,0.008738512825444245,405.561,402.017,True,2007-09-29
1696,3.78,369.314,273.58,0.217014826434453,0.00751113257148972,372.78,369.98,True,2007-09-26
1697,3.79,385.814,290.29,0.21531810283847816,0.007608489526474638,390.222,387.253,False,
1698,3.8,381.53,285.68,0.18649909094620257,0.008192108879146787,382.075,378.945,False,
1699,3.8,381.414,285.57,0.1867913075230716,0.008195028070716814,382.427,379.293,False,
1700,3.85,374.988,256.95,0.18905727549806217,0.008228195282501405,377.361,374.256,True,2007-09-29
1701,3.85,376.613,258.41,0.18367680254103805,0.008132888124033122,379.447,376.361,True,2007-09-29
1702,3.85,376.457,258.2,0.1836420057569248,0.008147783017500188,379.367,376.276,True,2007-09-29
1703,3.85,373.399,256.86,0.17601060541098218,0.006842994934133206,380.389,377.786,True,2007-09-29
1704,3.85,373.252,257.05,0.1759740673929655,0.0068076561161140026,380.454,377.864,True,2007-09-29
1705,3.81,374.452,267.7,0.17601596894030763,0.006565085395964898,381.107,378.605,True,2007-09-29
1706,3.82,374.596,267.49,0.1744078596543043,0.006710117644577407,379.278,376.733,True,2007-09-29
1707,3.81,380.326,272.94,0.21410158217464537,0.010477317721740764,376.814,372.866,True,2007-09-29
1708,4.94,389.814,229.99,0.2091492664897809,0.01442720672147424,403.959,398.131,True,2007-09-29
1709,4.93,398.418,250.12,0.2140195763441988,0.016605433143975223,400.652,393.999,True,2007-09-28
1710,4.94,400.953,252.23,0.21294875222458248,0.01570204069484815,403.196,396.865,True,2007-09-28
1711,4.11,364.925,225.94,0.21963572042361493,0.015161008425530476,363.894,358.377,True,2007-09-24
1712,4.11,365.276,225.67,0.22247666204037744,0.015180281295420595,363.959,358.434,True,2007-09-24
1713,4.11,365.287,225.84,0.22249033070822463,0.015183821509039963,363.94,358.414,True,2007-09-24
1714,4.11,362.3,225.22,0.22238756902840037,0.0159546569199549,364.157,358.347,True,2007-09-24
1715,3.14,334.459,248.82,0.22886106529259803,0.01079015329501476,326.038,322.52,True,2007-09-23
1716,3.23,337.455,230.11,0.22847458744412816,0.011074073515437655,331.495,327.824,True,2007-09-26
1717,3.23,337.586,230.62,0.22849041826448835,0.010990503263654361,331.377,327.735,True,2007-09-26
1718,3.22,340.662,233.07,0.26428426873097327,0.01033073895097758,334.826,331.367,True,2007-09-26
1719,3.23,338.319,231.1,0.21489158355637047,0.006809096367017542,341.455,339.13,True,2007-09-26
1720,3.23,338.89,231.9,0.2223938757238599,0.007963843677074367,338.53,335.834,True,2007-09-26
1721,3.24,353.988,246.85,0.22106809027953692,0.008321979183744999,353.762,350.818,True,2007-09-29
1722,3.23,353.995,246.93,0.22113369427029264,0.008300337210024877,354.082,351.143,True,2007-09-29
1723,4.57,384.449,257.65,0.16295552248759532,0.014897047814000142,382.022,376.331,True,2007-09-28
1724,3.85,360.77,243.24,0.1697128246500261,0.00817954475435001,360.289,357.342,True,2007-09-27
1725,3.84,369.143,250.2,0.20605984951491704,0.0112399981321607,364.057,359.965,True,2007-09-27
1726,3.84,369.44,250.48,0.20610350972840813,0.011190996671536668,364.132,360.057,True,2007-09-27
1727,3.84,369.434,250.36,0.20603576832792309,0.011230866769314285,364.353,360.261,True,2007-09-27
1728,3.9,369.98,251.46,0.20579566949355776,0.011490502719775364,364.736,360.545,True,2007-09-27
1729,3.9,370.542,251.86,0.20127789041080765,0.011538776512980076,366.33,362.103,True,2007-09-27
1730,3.77,367.975,271.62,0.20064803330952907,0.01088220749405322,361.967,358.028,True,2007-09-26
1731,3.77,367.462,271.47,0.20082920880112046,0.010898239728056036,361.251,357.314,True,2007-09-26
1732,3.77,366.658,270.72,0.1985461030555175,0.011298036816639767,359.62,355.557,True,2007-09-26
1733,3.79,383.534,287.48,0.19664740397252903,0.011429388948941188,377.448,373.134,False,
1734,3.78,387.815,292.35,0.23060286275359984,0.011324046334612259,385.198,380.836,False,
1735,3.79,387.582,291.69,0.2252984573115863,0.009844200538277725,385.303,381.51,False,
1736,4.89,405.266,258.55,0.21995698417588658,0.013867455212936197,417.308,411.521,True,2007-09-28
1737,3.15,319.732,245.26,0.1705510064710087,0.004766259001028672,349.96,348.292,True,2007-09-21
1738,3.15,320.472,245.92,0.1705120636049639,0.004746064187311383,350.817,349.152,True,2007-09-21
1739,3.19,322.235,232.31,0.17037541523421648,0.005214989073219378,348.227,346.411,True,2007-09-21
1740,3.85,367.42,269.6,0.16309356619040022,0.008545281641383795,371.199,368.027,True,2007-09-28
1741,3.85,368.046,269.87,0.1626055379041928,0.009342458400429354,372.6,369.119,True,2007-09-28
1742,3.85,377.462,279.31,0.1616907155153013,0.008933337891606108,380.261,376.864,False,
1743,3.85,380.488,282.05,0.1567694424002208,0.008144201349595592,381.744,378.635,False,
1744,3.85,383.625,285.41,0.164177332139536,0.008683121295473328,380.278,376.976,False,
1745,3.84,390.819,292.38,0.19257307373260768,0.00771360860730208,390.738,387.724,False,
1746,3.84,390.927,292.67,0.19256401255556044,0.007657456448216471,391.775,388.775,False,
1747,3.9,384.31,270.98,0.1937848594771665,0.007562073531965252,385.873,382.955,False,
1748,4.98,396.371,249.38,0.18936319332939147,0.01011842228568327,405.498,401.395,False,
1749,4.98,396.388,249.57,0.18650155216985298,0.010358335044875489,404.119,399.933,False,
1750,4.98,400.317,251.45,0.22828242641020294,0.014709600143340662,407.421,401.428,False,
1751,3.43,349.924,254.88,0.2809804179665881,0.012266438040729688,345.251,341.016,True,2007-09-23
1752,3.42,349.759,254.68,0.28488107149566827,0.012217485185863297,344.097,339.893,True,2007-09-23
1753,3.43,370.341,275.23,0.28241307727275833,0.012306765055628888,368.334,363.801,True,2007-09-29
1754,3.43,371.102,275.56,0.28225244310595343,0.012444779511266435,368.749,364.16,True,2007-09-29
1755,3.44,371.162,275.52,0.2822819539768065,0.012385546219398691,368.817,364.249,True,2007-09-29
1756,4.15,399.817,295.53,0.278104170003595,0.01297012636916639,399.148,393.971,False,
1757,4.15,395.419,291.83,0.24062522734142167,0.013131155628605784,391.207,386.07,False,
1758,4.16,391.464,287.46,0.19697482755805315,0.010487355070044169,389.326,385.243,False,
1759,4.16,392.12,288.07,0.19947355481516074,0.009880706056658362,391.47,387.602,False,
1760,5.38,396.52,239.98,0.1927257376068164,0.013556820168197814,411.896,406.312,True,2007-09-29
1761,5.35,393.118,237.59,0.18587164181892146,0.012453458749755009,408.24,403.156,True,2007-09-29
1762,5.37,392.896,236.92,0.18554722272515994,0.012433627667763236,407.926,402.854,True,2007-09-29
1763,5.38,394.927,236.59,0.18557055233566266,0.012194673832895297,408.211,403.233,True,2007-09-29
1764,5.38,377.783,202.0,0.18931628827429411,0.01078836072631495,394.87,390.61,False,
1765,3.21,344.338,241.97,0.17687073033978462,0.005614350123731904,360.861,358.835,True,2007-09-28
1766,3.2,350.476,247.89,0.21809317597893452,0.009040480235848691,346.663,343.529,True,2007-09-28
1767,3.2,350.46,248.0,0.21808843276152082,0.009029839988467625,346.85,343.718,True,2007-09-28
1768,3.2,350.727,248.51,0.22334150822455642,0.010221258485232476,346.337,342.797,True,2007-09-28
1769,4.14,375.016,229.08,0.21924175815453095,0.014110974262470988,378.358,373.019,True,2007-09-27
1770,4.98,397.198,241.15,0.21446191864774145,0.015422342656056576,407.785,401.496,True,2007-09-28
1771,4.98,396.964,241.2,0.21829799561019575,0.015246138022332878,406.398,400.202,True,2007-09-28
1772,4.98,396.962,240.95,0.21824006964225665,0.015253753805446357,406.654,400.451,True,2007-09-28
1773,4.98,397.006,241.05,0.21820447240830007,0.01525970272603605,406.561,400.357,True,2007-09-28
1774,4.98,396.144,240.5,0.21492070376850994,0.015613223580179358,406.002,399.663,True,2007-09-28
1775,4.98,399.855,242.56,0.25071176129433925,0.0164038054300073,411.307,404.56,True,2007-09-28
1776,4.98,405.058,256.52,0.2507838481452223,0.01424555557179541,410.514,404.666,True,2007-09-28
1777,4.88,415.487,282.87,0.248698552503585,0.01471504908188559,420.318,414.133,True,2007-09-29
1778,4.89,400.697,267.82,0.25057233288464226,0.014429332344841117,401.959,396.159,True,2007-09-25
1779,3.46,369.966,267.13,0.2441018502396567,0.008548052596718647,368.388,365.239,True,2007-09-28
1780,4.18,393.754,281.61,0.2400440555810573,0.009376748918850208,393.1,389.414,False,
1781,4.18,394.258,282.36,0.2460379983672933,0.010674564335922176,393.365,389.166,False,
1782,5.4,396.568,230.84,0.24230942292029856,0.01662840449135361,415.554,408.644,False,
1783,5.34,401.817,236.44,0.24333279116877357,0.016734266491749583,415.435,408.483,True,2007-09-28
1784,5.34,398.495,234.1,0.20829571218112025,0.015818661392967726,410.591,404.096,True,2007-09-28
1785,5.27,406.155,269.46,0.20685574637953516,0.015401717893193556,414.694,408.307,True,2007-09-28
1786,5.33,406.471,257.61,0.21019493161376057,0.01543094801105549,415.723,409.308,True,2007-09-27
1787,5.33,406.631,257.76,0.2101489975213449,0.01540633424963267,415.803,409.397,True,2007-09-27
1788,5.33,406.952,257.82,0.2101155155812761,0.015446327439055163,415.827,409.404,True,2007-09-27
1789,5.3,395.436,259.37,0.16739586619382082,0.013378083587671119,404.318,398.909,True,2007-09-27
1790,5.3,395.698,259.41,0.16746937018008096,0.013418402309627653,404.221,398.797,True,2007-09-27
1791,5.31,395.884,247.6,0.16731328990248265,0.013331024930747892,404.32,398.93,True,2007-09-27
1792,5.32,393.411,245.22,0.17140419313677718,0.0166653368971158,401.072,394.388,True,2007-09-27
1793,4.48,373.973,209.33,0.20805805486310947,0.011347990400835006,387.117,382.724,True,2007-09-28
1794,4.48,374.101,209.49,0.20819590174556535,0.011332236331460188,386.508,382.128,True,2007-09-28
1795,4.48,377.549,211.64,0.25784446281640183,0.015942025250559877,388.031,381.845,True,2007-09-29
1796,4.49,392.593,242.4,0.25462305320942813,0.01713359111887236,400.85,393.982,True,2007-09-28
1797,3.44,371.161,275.2,0.2594552201429617,0.011126957608356136,368.115,364.019,True,2007-09-29
1798,3.44,370.119,274.07,0.26326186700369825,0.011266961053253866,367.091,362.955,True,2007-09-29
1799,3.43,369.586,273.62,0.26105415544220795,0.012182463807702937,366.1,361.64,True,2007-09-29
1800,4.15,397.883,293.54,0.2566868407393332,0.012543504582229303,394.786,389.834,False,
1801,4.2,399.073,282.31,0.25609308379762696,0.013000027697134375,397.153,391.99,False,
1802,4.16,394.131,277.62,0.25712331254731996,0.013074957628637307,390.594,385.487,True,2007-09-28
1803,4.16,393.592,277.47,0.25732925106674176,0.012993503248375782,390.195,385.125,True,2007-09-28
1804,4.16,389.359,273.57,0.21879571406280154,0.012792937063669019,382.164,377.275,True,2007-09-28
1805,4.16,388.981,272.82,0.21966910894247232,0.014003635811168369,381.758,376.412,True,2007-09-28
1806,4.16,389.417,273.3,0.2199908050411262,0.013933303476254433,381.819,376.499,True,2007-09-28
1807,4.13,381.102,243.8,0.2153934431126146,0.010378457357133386,391.484,387.421,True,2007-09-28
1808,4.14,377.876,241.27,0.18715526630987286,0.010572554479827745,384.959,380.889,True,2007-09-28
1809,4.14,378.479,241.77,0.1929687190176554,0.012514457252017497,384.755,379.94,True,2007-09-28
1810,3.17,353.762,267.57,0.1983527093247808,0.008103226096889848,355.414,352.534,True,2007-09-29
1811,3.24,350.964,244.83,0.19950740123250957,0.008262493048383224,352.436,349.524,True,2007-09-29
1812,3.24,351.239,244.83,0.19952807300989694,0.008241266558525528,352.009,349.108,True,2007-09-29
1813,3.92,374.326,258.1,0.1945348721693346,0.009567728886739624,374.279,370.698,False,
1814,3.92,374.494,257.99,0.19444855115739054,0.009605393551351149,374.373,370.777,False,
1815,3.92,375.401,258.45,0.19446187244982718,0.009310638206792565,373.766,370.286,False,
1816,3.92,374.624,257.39,0.19981885735105073,0.009358729852175562,372.807,369.318,False,
1817,3.92,378.62,260.66,0.2425357224406334,0.012626019392538379,373.752,369.033,False,
1818,3.88,377.934,260.31,0.2435536368688126,0.012625173815093094,371.084,366.399,True,2007-09-28
1819,3.88,378.043,259.98,0.24354478384836503,0.01266660924614027,371.528,366.822,True,2007-09-28
1820,3.88,377.92,259.92,0.24608631124496794,0.012454334554662938,371.999,367.366,True,2007-09-28
1821,3.15,342.593,268.0,0.2454460190731385,0.01164582066734754,338.834,334.888,True,2007-09-26
1822,3.15,342.671,268.08,0.2454054739612136,0.011647082771580775,338.969,335.021,True,2007-09-26
1823,3.16,340.036,265.21,0.2012528761862691,0.008023082326577669,344.506,341.742,True,2007-09-26
1824,3.14,315.631,240.99,0.20596853312116992,0.007461782281774854,313.598,311.258,True,2007-09-14
1825,3.19,321.009,220.41,0.2050434928768953,0.007816229675462694,320.487,317.982,True,2007-09-19
1826,3.19,320.879,219.86,0.20503331481282921,0.007879142858923105,320.974,318.445,True,2007-09-19
1827,3.2,321.723,220.71,0.21015659246603982,0.00918567902011036,317.995,315.074,True,2007-09-19
1828,3.2,322.11,220.69,0.2127467184373589,0.00884374066328042,317.965,315.153,True,2007-09-19
1829,3.2,323.572,221.08,0.21273749544312173,0.008489679428950514,318.151,315.45,True,2007-09-19
1830,3.19,323.255,220.92,0.2126742455164677,0.008524217383247379,318.387,315.673,True,2007-09-19
1831,3.2,328.464,225.69,0.24277565433000625,0.008055982249530635,322.245,319.649,True,2007-09-19
1832,3.86,375.579,263.3,0.23619678768379979,0.009281968990334288,372.658,369.199,True,2007-09-27
1833,4.94,394.881,236.89,0.23172651401703093,0.013337784243776962,401.416,396.062,True,2007-09-27
1834,4.94,395.423,237.23,0.22725049961081897,0.012705672290911352,401.002,395.907,True,2007-09-27
1835,3.52,350.37,230.27,0.24459122873666864,0.012151084482838637,344.496,340.31,True,2007-09-27
1836,3.52,350.591,230.53,0.24453658408821072,0.012228264810383416,344.775,340.559,True,2007-09-27
1837,3.52,350.615,230.53,0.2445823545723296,0.012148898008462972,344.558,340.372,True,2007-09-27
1838,3.53,351.429,231.03,0.24078663272199063,0.012061159248383468,345.655,341.486,True,2007-09-27
1839,3.53,347.871,228.43,0.1944296939544156,0.00798442176128289,348.178,345.398,True,2007-09-27
1840,3.48,346.988,238.22,0.1936717300047231,0.00827226723843466,348.393,345.511,True,2007-09-23
1841,4.46,372.629,223.37,0.18734919035710096,0.011087329898269216,378.45,374.254,True,2007-09-24
1842,4.46,375.904,225.04,0.21773337734848824,0.01070406455954409,381.911,377.823,True,2007-09-24
1843,4.46,375.856,224.71,0.21772921843749488,0.010732276949823483,381.932,377.833,True,2007-09-24
1844,4.45,375.856,224.79,0.22002412168557403,0.010447054391137911,382.213,378.22,True,2007-09-24
1845,4.45,376.822,226.02,0.22880410786561903,0.01197517265860304,383.126,378.538,True,2007-09-24
1846,4.45,375.025,225.71,0.22893544083417855,0.012308815667661954,383.465,378.745,True,2007-09-24
1847,5.35,406.852,248.34,0.22377773421307723,0.01329392978860311,419.59,414.012,True,2007-09-27
1848,5.38,404.986,246.35,0.22274385642398178,0.013251988388284341,423.71,418.095,True,2007-09-29
1849,3.91,371.136,256.6,0.16908038217511667,0.006197387864686821,376.933,374.597,True,2007-09-29
1850,3.9,372.808,258.41,0.17662321133175352,0.007402481679988138,375.955,373.172,True,2007-09-29
1851,3.91,373.928,258.41,0.17659838623518834,0.00719929202975389,376.287,373.578,True,2007-09-29
1852,3.87,382.684,278.84,0.17452934946478726,0.007097041552748151,383.681,380.958,True,2007-09-30
1853,4.95,399.909,262.34,0.1691519764099064,0.010292925813111475,403.481,399.328,True,2007-09-28
1854,4.95,399.439,262.12,0.16910003909500693,0.010355671086639262,403.547,399.368,True,2007-09-28
1855,4.95,397.051,259.86,0.17316691147282023,0.011729246768281909,400.793,396.092,True,2007-09-28
1856,4.14,372.964,245.27,0.18024287664952315,0.008620597992514467,376.192,372.949,True,2007-09-27
1857,4.13,378.468,249.16,0.21859913440686463,0.01303793357465921,378.741,373.803,True,2007-09-27
1858,4.13,378.627,248.92,0.21856089120667502,0.013041929910178385,379.085,374.141,True,2007-09-27
1859,4.13,383.022,253.04,0.25223694646003525,0.011828790938807843,384.232,379.687,True,2007-09-27
1860,4.13,383.064,253.19,0.25221281783301375,0.011794540663827013,384.076,379.546,True,2007-09-27
1861,4.13,383.152,252.84,0.2497905300686456,0.012228360188385579,383.044,378.36,True,2007-09-27
1862,4.1,360.272,230.42,0.2533174979362967,0.012057613284469193,355.543,351.256,True,2007-09-19
1863,4.91,409.286,277.57,0.18488366093727526,0.010486064190211808,412.929,408.599,True,2007-09-28
1864,4.88,410.632,279.19,0.19115981122530087,0.011883344723249145,414.109,409.188,True,2007-09-29
1865,4.88,410.25,279.07,0.19112640577003392,0.011845318892958034,414.763,409.85,True,2007-09-29
1866,4.88,409.63,278.53,0.18842125321274694,0.012214713386754061,412.699,407.658,True,2007-09-29
1867,4.89,413.579,281.88,0.22059463662777437,0.012625752254683542,420.569,415.259,True,2007-09-29
1868,4.87,417.185,284.65,0.2726299940489695,0.017671675140360388,422.484,415.018,True,2007-09-29
1869,4.87,417.157,284.61,0.2725279798933108,0.017700497175729413,422.587,415.107,True,2007-09-29
1870,4.88,402.276,269.87,0.27401943285267555,0.01761355193422154,403.78,396.668,True,2007-09-26
1871,4.88,401.429,269.2,0.27764778611005725,0.017453549037225402,402.898,395.866,True,2007-09-25
1872,4.88,395.323,257.03,0.27772733515403086,0.019892819927554317,403.06,395.042,True,2007-09-25
1873,4.07,353.753,223.66,0.28518765061910123,0.018722127922772835,354.073,347.444,True,2007-09-16
1874,4.07,354.006,224.18,0.28516561416511865,0.018687390884282284,353.982,347.367,True,2007-09-16
1875,3.12,322.148,248.43,0.29042934316346514,0.012019199999999897,312.5,308.744,True,2007-09-14
1876,3.19,327.628,226.16,0.28842218642963435,0.012664549626377086,318.369,314.337,True,2007-09-19
1877,5.37,380.059,217.66,0.16416846018447614,0.02067470442924091,393.476,385.341,True,2007-09-28
1878,5.38,394.946,229.93,0.19588025987742444,0.011101680860819307,410.028,405.476,True,2007-09-28
1879,5.38,393.354,229.58,0.1958324360585782,0.011416831184258847,410.797,406.107,True,2007-09-28
1880,5.29,391.515,228.03,0.1968964775766227,0.011128926010167017,402.285,397.808,True,2007-09-27
1881,5.3,396.381,231.63,0.23769135388709361,0.01722270656565028,407.195,400.182,True,2007-09-27
1882,5.29,396.254,230.65,0.2323692325473033,0.013882285120210502,405.913,400.278,True,2007-09-27
1883,5.29,396.424,230.72,0.23244229417634632,0.013880642244554542,405.889,400.255,True,2007-09-27
1884,4.15,382.976,271.78,0.23657488915090505,0.009740952290664406,379.737,376.038,True,2007-09-27
1885,4.15,382.646,271.59,0.23421234530199006,0.010744369042274937,378.71,374.641,True,2007-09-27
1886,4.09,378.113,279.45,0.23377456711754682,0.011247317926683764,373.778,369.574,True,2007-09-26
1887,3.41,332.515,240.77,0.24172372560363523,0.00918676175072286,326.448,323.449,True,2007-09-15
1888,3.41,334.016,242.2,0.23677635331470714,0.008920262526326272,326.672,323.758,True,2007-09-15
1889,3.41,334.875,242.65,0.2366958832766895,0.008960858578132891,326.866,323.937,True,2007-09-15
1890,3.41,334.939,242.78,0.23667593664981354,0.008889841274700383,326.665,323.761,True,2007-09-15
1891,3.43,343.171,251.38,0.20977882398520348,0.009497045136525606,342.317,339.066,True,2007-09-22
1892,3.42,343.388,251.43,0.20983901158859486,0.009420448412177373,342.765,339.536,True,2007-09-22
1893,3.43,343.065,251.13,0.20729384574930448,0.010071276824571651,339.381,335.963,True,2007-09-22
1894,3.43,342.9,251.06,0.20730497445887436,0.010251240877633627,339.276,335.798,True,2007-09-22
1895,3.43,343.173,251.92,0.2070903117772178,0.00962249099632817,340.972,337.691,True,2007-09-22
1896,4.12,386.766,288.66,0.2003399322988646,0.010000943732567102,381.464,377.649,True,2007-09-28
1897,4.1,390.243,292.77,0.24293988703475664,0.01350483322627638,382.974,377.802,True,2007-09-28
1898,4.19,389.407,265.98,0.24367803111031205,0.014332242468738543,384.099,378.594,True,2007-09-28
1899,4.19,389.575,265.8,0.24371061231686333,0.014363124578493203,384.039,378.523,True,2007-09-28
1900,4.19,394.215,269.15,0.28186746717024436,0.014352904468274974,391.001,385.389,True,2007-09-28
1901,4.19,393.944,269.02,0.27798039612522063,0.012461242491532132,390.892,386.021,True,2007-09-28
1902,4.21,394.726,269.3,0.2768046971019716,0.012448795830110049,394.255,389.347,False,
1903,5.39,399.287,231.99,0.2731072708258811,0.018014381713648664,416.223,408.725,False,
1904,5.4,399.681,231.68,0.2697590463796253,0.018369574343044315,416.885,409.227,False,
1905,3.79,375.946,294.34,0.19227410277697649,0.008090148127968044,374.406,371.377,True,2007-09-28
1906,3.79,385.645,303.83,0.1910757735343638,0.008211085487742187,382.897,379.753,False,
1907,3.79,386.029,304.23,0.1912839926757266,0.00812262578443812,382.758,379.649,False,
1908,3.16,352.313,277.28,0.19635563914141596,0.006902126947843756,358.73,356.254,True,2007-09-29
1909,3.16,355.035,279.82,0.22386352794211073,0.005701973211691191,364.786,362.706,True,2007-09-29
1910,4.13,385.913,255.43,0.21854533365102674,0.009365542093063284,395.172,391.471,True,2007-09-28
1911,4.11,390.247,258.97,0.2734541611439173,0.014512977245896508,395.577,389.836,True,2007-09-28
1912,4.11,389.894,258.97,0.2734145039978605,0.014459378499510955,395.591,389.871,True,2007-09-28
1913,4.11,389.568,258.7,0.27149547869788127,0.014835743508729293,394.992,389.132,True,2007-09-28
1914,4.1,387.043,257.22,0.2715180569129111,0.01584489217373697,395.08,388.82,True,2007-09-28
1915,4.16,381.916,235.37,0.2735108631836721,0.015319339796515452,387.941,381.998,True,2007-09-28
1916,4.16,381.723,235.37,0.27357330062326374,0.01526628988675971,387.848,381.927,True,2007-09-28
1917,4.15,381.157,236.09,0.27811492424060835,0.017317713031063553,388.042,381.322,True,2007-09-28
1918,4.15,382.259,236.4,0.2743300512824985,0.017459566237293722,388.784,381.996,True,2007-09-28
1919,3.55,367.024,254.73,0.2193209861772217,0.010250572622958476,361.931,358.221,True,2007-09-28
1920,3.55,365.7,254.27,0.2192151636907114,0.010537157563088928,362.147,358.331,True,2007-09-28
1921,3.55,365.703,253.86,0.21923401512157792,0.010588520917708677,362.468,358.63,True,2007-09-28
1922,3.55,364.442,252.49,0.22374137962658608,0.010795885279193507,361.434,357.532,True,2007-09-28
1923,3.55,365.134,253.29,0.22634418271800913,0.010492091534167747,361.701,357.906,True,2007-09-28
1924,3.55,368.982,256.2,0.25901051691034455,0.0096099259809167,366.392,362.871,True,2007-09-28
1925,4.25,389.147,267.28,0.2548821958008728,0.01015856076794619,389.819,385.859,False,
1926,4.14,400.311,303.77,0.25397527181859064,0.009566467041881022,399.416,395.595,False,
1927,4.14,399.564,302.45,0.24709911203166235,0.008297797042811639,398.419,395.113,False,
1928,4.14,399.584,302.6,0.24729818151467237,0.00823875050220979,398.24,394.959,False,
1929,5.34,407.98,257.19,0.24302194641593872,0.013195147803556795,424.55,418.948,True,2007-09-29
1930,5.34,399.951,252.09,0.19419590289639357,0.008804304647719419,415.365,411.708,True,2007-09-29
1931,5.34,400.057,252.1,0.1943200562731746,0.008793984991406156,414.829,411.181,True,2007-09-29
1932,5.35,398.815,251.15,0.19547976968083647,0.008524247318001499,409.303,405.814,True,2007-09-27
1933,4.22,376.5,247.05,0.20251660893083898,0.010167990539394767,370.378,366.612,True,2007-09-27
1934,4.17,378.686,261.27,0.19994174908072473,0.010693702387819859,370.966,366.999,True,2007-09-26
1935,4.19,392.642,275.35,0.1984899158594897,0.010830408933277247,386.689,382.501,True,2007-09-29
1936,4.19,391.379,274.46,0.19882357726099772,0.011137649862720256,386.437,382.133,True,2007-09-29
1937,4.19,392.847,275.47,0.19398957093362573,0.010309384420688739,388.772,384.764,True,2007-09-29
1938,4.19,393.866,276.41,0.19844925122927373,0.011348569054439706,389.917,385.492,True,2007-09-29
1939,4.19,394.158,276.68,0.19853741745001677,0.011435832274459878,389.565,385.11,True,2007-09-29
1940,4.19,398.294,281.14,0.23263712127748024,0.010622872908149783,397.256,393.036,True,2007-09-29
1941,4.2,393.311,276.2,0.18981456149126874,0.007675316385153841,394.772,391.742,True,2007-09-29
1942,4.19,393.131,276.34,0.18985492852195765,0.007749236817585992,396.039,392.97,True,2007-09-29
1943,3.48,358.415,250.11,0.19546277594537403,0.0067304816033503245,367.73,365.255,True,2007-09-27
1944,4.48,381.951,233.58,0.18969255426596537,0.009732403569313708,391.784,387.971,True,2007-09-27
1945,4.49,382.027,233.65,0.18754256204550976,0.00978721120699566,391.327,387.497,True,2007-09-27
1946,4.48,379.761,233.28,0.18728798857215354,0.010099848157180347,391.194,387.243,True,2007-09-27
1947,4.52,389.45,248.03,0.21613468452355272,0.015217716936247516,393.883,387.889,True,2007-09-28
1948,4.53,390.977,249.26,0.21303117593352797,0.015213613561100514,396.487,390.455,True,2007-09-28
1949,4.53,390.622,249.17,0.21269423814583407,0.01517029661476943,396.103,390.094,True,2007-09-28
1950,4.56,379.344,223.27,0.215542719942915,0.014586697344731059,387.682,382.027,True,2007-09-28
1951,4.56,374.114,219.39,0.1713592283428899,0.010033357520580877,383.122,379.278,True,2007-09-28
1952,4.56,373.783,218.74,0.17109799271381337,0.009995431703974433,383.075,379.246,True,2007-09-28
1953,4.55,379.492,223.35,0.20095311758455986,0.010088022690979415,388.877,384.954,True,2007-09-28
1954,4.48,370.868,215.02,0.20120520197664826,0.009869863628918507,378.526,374.79,True,2007-09-27
1955,4.48,372.552,215.84,0.2089984113127642,0.011570786918699394,380.268,375.868,True,2007-09-27
1956,5.35,395.92,228.93,0.2055039780035607,0.012848670666214645,407.046,401.816,True,2007-09-27
1957,5.35,395.768,228.45,0.20550622337417368,0.012859476923454904,407.015,401.781,True,2007-09-27
1958,5.35,400.802,242.23,0.20565193335033136,0.011792650207989808,406.27,401.479,True,2007-09-27
1959,5.36,400.124,242.49,0.2030461609097875,0.0119768736026159,406.116,401.252,True,2007-09-27
1960,4.22,386.026,264.63,0.20638247465151036,0.009621045940298889,383.846,380.153,True,2007-09-28
1961,4.56,380.155,260.33,0.172837822213862,0.008565154684718634,384.815,381.519,False,
1962,5.82,371.773,196.3,0.16542539350399413,0.015826237158701795,395.988,389.721,False,
1963,5.82,373.025,196.37,0.16809796533542773,0.01360631489978259,397.536,392.127,False,
1964,5.82,373.256,196.7,0.16813001542501277,0.013737002904308793,397.685,392.222,False,
1965,5.82,391.59,234.52,0.1644123872030968,0.018801473115160894,410.287,402.573,True,2007-09-28
1966,5.82,393.1,234.13,0.16450531443958802,0.01849573540768834,410.473,402.881,True,2007-09-28
1967,5.82,395.563,236.01,0.15831648149369057,0.015528244085951104,412.281,405.879,True,2007-09-28
1968,4.92,388.733,236.74,0.16596076958233652,0.010402217400574565,398.665,394.518,True,2007-09-28
1969,4.92,400.019,244.11,0.20823214242660457,0.013842658377376194,408.881,403.221,True,2007-09-28
1970,4.92,399.77,243.84,0.20827828802312118,0.013777163611460974,408.865,403.232,True,2007-09-28
1971,4.91,399.869,245.21,0.21345083236173212,0.01594342089507006,409.197,402.673,True,2007-09-28
1972,4.86,383.28,228.77,0.2159326382960918,0.016273783074646886,387.986,381.672,True,2007-09-23
1973,4.86,383.047,228.3,0.21584332562055153,0.016307859435776506,388.463,382.128,True,2007-09-23
1974,4.86,386.839,230.72,0.2518221261800061,0.016229976912609412,392.422,386.053,True,2007-09-23
1975,4.2,381.956,258.23,0.20581178372368705,0.008474576271186529,380.314,377.091,True,2007-09-27
1976,4.2,381.649,257.95,0.20405985902064058,0.009126641690520243,380.096,376.627,True,2007-09-27
1977,4.19,376.237,253.43,0.1744832978723187,0.009239199179694735,371.569,368.136,True,2007-09-27
1978,4.2,376.105,253.17,0.17450071738978035,0.00926202730399317,371.301,367.862,True,2007-09-27
1979,4.2,374.904,252.03,0.17970960409671347,0.009355969385400287,368.321,364.875,True,2007-09-27
1980,3.5,331.877,218.91,0.18746835365186412,0.007969123788060473,331.906,329.261,True,2007-09-20
1981,3.5,331.114,219.02,0.18748254989777186,0.008181872893596509,332.32,329.601,True,2007-09-20
1982,3.5,354.751,241.92,0.1839371152566211,0.008488744896496758,355.883,352.862,True,2007-09-28
1983,4.46,372.526,219.94,0.1775796789016195,0.011664893645173424,377.886,373.478,True,2007-09-27
1984,4.48,373.389,232.49,0.1734332736675154,0.01329142272554995,377.311,372.296,True,2007-09-26
1985,4.48,373.749,232.59,0.17316513714765397,0.013256250397607916,377.256,372.255,True,2007-09-26
1986,4.47,375.584,233.73,0.17828279467892724,0.014257764540939522,378.741,373.341,True,2007-09-26
1987,4.47,375.6,233.57,0.17802288116812034,0.014053119522891788,378.279,372.963,True,2007-09-26
1988,4.44,380.752,239.39,0.21849660085336592,0.017955441783993553,384.396,377.494,True,2007-09-27
1989,3.47,352.116,244.57,0.27878779453269237,0.011346291713882684,345.928,342.003,True,2007-09-23
1990,3.47,351.985,244.47,0.27866453723268364,0.01135003901846876,345.99,342.063,True,2007-09-23
1991,3.46,352.062,244.59,0.28064879229974604,0.011073086416898414,345.974,342.143,True,2007-09-23
1992,4.45,379.493,227.02,0.2764181355187617,0.015944259100088565,382.771,376.668,True,2007-09-24
1993,4.45,379.604,226.85,0.27641640878571366,0.01594798423226329,382.807,376.702,True,2007-09-24
1994,4.45,380.056,227.09,0.2725547449222223,0.015862619641571096,383.228,377.149,True,2007-09-24
1995,4.45,375.402,224.17,0.2171743860620025,0.009917935895117247,381.531,377.747,True,2007-09-24
1996,4.45,373.779,224.17,0.21719042775062913,0.01023532866311505,381.424,377.52,True,2007-09-24
1997,4.45,375.235,225.29,0.2253927848287926,0.011598150360334625,382.561,378.124,True,2007-09-24
1998,4.5,391.122,240.98,0.22354771003867654,0.011783431570046465,402.09,397.352,True,2007-09-28
1999,4.48,375.679,210.12,0.2266638147001833,0.010669278082357181,389.061,384.91,True,2007-09-28
2000,5.38,383.471,206.76,0.22231664239011556,0.012402537365826638,404.514,399.497,False,
2001,5.38,383.358,206.63,0.22231340718679238,0.0124156091825115,404.813,399.787,False,
2002,5.37,380.06,205.06,0.19013103103237694,0.012287424312064088,400.328,395.409,False,
2003,4.54,403.976,283.5,0.2089026041878724,0.012125828889693713,400.385,395.53,True,2007-09-29
2004,4.5,402.188,294.7,0.20991060771074976,0.012067315781939425,398.183,393.378,True,2007-09-29
2005,5.79,408.794,248.0,0.2033409634338496,0.017109931188837968,419.99,412.804,True,2007-09-28
2006,5.78,409.944,248.71,0.20714614814821714,0.016890237233653016,420.598,413.494,True,2007-09-28
2007,5.78,409.958,248.49,0.20693199732963038,0.016921588161307843,420.587,413.47,True,2007-09-28
2008,5.78,409.967,248.43,0.2069327523498638,0.016953947165110783,420.669,413.537,True,2007-09-28
2009,5.78,401.633,240.3,0.20536391020730316,0.016887076480096352,418.841,411.768,False,
2010,5.81,389.791,230.26,0.15708991793772592,0.01784597967069468,406.31,399.059,False,
2011,5.81,391.589,232.03,0.16286046029408122,0.01672007530862385,410.046,403.19,False,
2012,5.79,388.041,229.21,0.16730122023630264,0.020741849920820288,406.039,397.617,False,
2013,5.81,403.849,242.08,0.20382507829811483,0.012932103504068593,423.365,417.89,False,
2014,5.81,403.68,241.62,0.20363113427645002,0.012940424015425611,423.711,418.228,False,
2015,5.83,383.375,202.78,0.20629090768079064,0.012928101610342413,410.037,404.736,False,
2016,4.93,379.449,208.72,0.21149328731878034,0.012708871488537277,396.416,391.378,True,2007-09-29
2017,3.83,378.072,264.83,0.17993096085468266,0.009772030610276428,373.208,369.561,True,2007-09-29
2018,3.83,378.304,265.03,0.18003010796383329,0.009915937093595395,372.935,369.237,True,2007-09-29
2019,3.79,375.333,275.79,0.18217382642794291,0.010156009691919987,370.618,366.854,True,2007-09-29
2020,3.8,376.273,276.93,0.18541144688154348,0.010403789855833567,371.307,367.444,True,2007-09-29
2021,3.83,367.491,255.57,0.1873455520387901,0.0093629818595663,363.773,360.367,False,
2022,4.58,379.21,257.94,0.17997220797253205,0.012349945914571392,379.03,374.349,False,
2023,4.58,386.289,265.15,0.21932452423516208,0.015025513311236471,385.877,380.079,False,
2024,4.57,387.768,266.12,0.22266179630201677,0.013861150798469501,387.053,381.688,False,
2025,4.57,388.906,266.92,0.2193996076014806,0.01370284913519848,389.627,384.288,False,
2026,4.58,389.055,267.37,0.21942385950170182,0.013627337904035808,389.291,383.986,False,
2027,4.57,393.989,270.95,0.25898179243077557,0.014100941830773484,395.931,390.348,False,
2028,5.83,384.512,205.91,0.256191546917288,0.02190561126809709,412.634,403.595,False,
2029,5.83,384.611,206.38,0.25624726633224715,0.021875409073058516,412.518,403.494,False,
2030,5.76,393.933,216.44,0.25735340595486006,0.022001217877283152,415.477,406.336,True,2007-09-28
2031,4.44,377.39,226.62,0.26119961734096186,0.018668074388652145,380.757,373.649,True,2007-09-24
2032,3.47,351.869,243.95,0.26575667913080614,0.01296807412647416,344.924,340.451,True,2007-09-23
2033,4.17,395.721,278.89,0.2599804656946721,0.013502303559350226,391.785,386.495,True,2007-09-28
2034,4.18,392.659,275.34,0.21261398999462558,0.01051576085149264,390.937,386.826,True,2007-09-28
2035,4.18,393.099,275.19,0.2096550912431668,0.010872568382059522,390.892,386.642,True,2007-09-28
2036,4.18,392.39,274.57,0.2034076852419857,0.009366160078980723,390.982,387.32,True,2007-09-28
2037,4.19,385.789,268.57,0.17248499371456885,0.010184703399567452,378.607,374.751,True,2007-09-28
2038,4.19,385.668,268.61,0.17265501506145206,0.01005667398650878,380.245,376.421,True,2007-09-28
2039,4.15,382.587,278.37,0.17463289810454716,0.00978026232742657,377.086,373.398,True,2007-09-28
2040,4.17,387.026,282.59,0.17331216098915805,0.00975888128875868,382.011,378.283,False,
2041,4.16,384.853,281.02,0.17811031159212007,0.010527457067755486,378.154,374.173,False,
2042,4.16,385.174,281.24,0.1782168069481901,0.01058536765911089,378.258,374.254,False,
2043,4.23,373.21,244.03,0.18038225195830185,0.009963514647954086,371.656,367.953,False,
2044,4.23,372.672,243.82,0.1805346155622857,0.00986151344482622,371.444,367.781,False,
2045,4.46,376.055,211.5,0.2604771571449576,0.014870158885205709,384.932,379.208,True,2007-09-28
2046,4.46,376.097,211.16,0.26043964066639724,0.014909868145966731,385.047,379.306,True,2007-09-28
2047,3.48,361.58,252.76,0.26401770138065633,0.009884303927599425,356.019,352.5,True,2007-09-28
2048,4.18,386.814,268.25,0.2600702045121789,0.010698331507782988,384.359,380.247,True,2007-09-29
2049,4.14,396.608,292.84,0.25845340430407393,0.011139476693040606,394.453,390.059,True,2007-09-29
2050,4.14,396.468,292.76,0.2562756740315523,0.011590017409135012,394.046,389.479,True,2007-09-29
2051,4.15,392.162,288.5,0.20660228133454067,0.008653745309250449,390.929,387.546,True,2007-09-29
2052,4.15,383.904,280.68,0.17740371803906713,0.01016887309531933,378.213,374.367,True,2007-09-29
2053,4.15,385.944,282.48,0.17287759847881937,0.009490761414919335,380.686,377.073,True,2007-09-29
2054,4.19,388.865,271.56,0.17057020790291783,0.009695858695850879,382.947,379.234,True,2007-09-29
2055,4.19,390.691,272.98,0.17556738859731583,0.01052626127397538,386.177,382.112,True,2007-09-29
2056,4.17,376.528,258.93,0.1770919072999348,0.010401759506991848,369.649,365.804,True,2007-09-26
2057,4.17,376.462,258.83,0.17720183407139922,0.010405680939323703,369.798,365.95,True,2007-09-26
2058,4.17,376.23,258.96,0.17710600752237035,0.010480153597304032,370.319,366.438,True,2007-09-26
2059,5.36,396.533,248.23,0.17266672982081574,0.012814920768748905,410.381,405.122,True,2007-09-29
2060,5.34,406.639,256.84,0.2130292973983082,0.0156874961357919,420.526,413.929,True,2007-09-29
2061,5.35,405.182,255.39,0.21428226763260996,0.015806699202062124,414.318,407.769,True,2007-09-27
2062,5.34,396.228,229.6,0.21644459684707104,0.015678521458377892,406.671,400.295,True,2007-09-27
2063,5.37,396.116,229.34,0.211153150016503,0.013607482886143663,406.688,401.154,True,2007-09-27
2064,5.37,400.867,242.65,0.21130047855249637,0.012457570170753218,406.259,401.198,True,2007-09-27
2065,4.48,376.994,228.47,0.21558987122544035,0.01174451697093315,377.027,372.599,True,2007-09-27
2066,3.55,351.705,238.96,0.22025158607496706,0.00896433284732101,347.042,343.931,True,2007-09-26
2067,3.55,351.727,239.39,0.22028034344781586,0.008905951423655134,346.959,343.869,True,2007-09-26
2068,3.55,351.008,238.91,0.21797033022500517,0.009336512867296753,346.382,343.148,True,2007-09-26
2069,3.55,354.595,241.43,0.24950160428427057,0.008455498505413495,349.595,346.639,True,2007-09-26
2070,3.55,354.416,241.52,0.24947908853402637,0.008433879756399087,349.424,346.477,True,2007-09-26
2071,3.54,354.262,241.42,0.2541912781738539,0.008454563171349627,348.924,345.974,True,2007-09-26
2072,3.54,354.244,241.38,0.2541683701113063,0.008488716113939643,348.816,345.855,True,2007-09-26
2073,5.4,393.75,232.57,0.21029207546421796,0.015925809695840454,404.689,398.244,False,
2074,5.4,393.55,232.53,0.21009829886654519,0.01603765426760717,404.735,398.244,False,
2075,4.57,387.647,235.23,0.2162575429082302,0.014362528987538647,392.41,386.774,True,2007-09-29
2076,4.49,396.765,262.92,0.21316256557883292,0.01523908435672039,400.549,394.445,True,2007-09-29
2077,4.51,387.336,254.27,0.167507588486831,0.013823119243559612,391.518,386.106,True,2007-09-29
2078,4.51,387.354,254.58,0.16752743814312485,0.013700134600502123,391.529,386.165,True,2007-09-29
2079,4.51,387.869,254.91,0.16977199783778202,0.012494082554096897,392.906,387.997,True,2007-09-29
2080,4.52,374.625,241.44,0.171334865619446,0.01217073507102473,377.052,372.463,True,2007-09-26
2081,4.52,377.321,244.08,0.17788528232507522,0.013121747246199411,379.294,374.317,True,2007-09-26
2082,4.52,377.742,244.31,0.17793207140717676,0.012883385465939035,379.481,374.592,True,2007-09-26
2083,4.51,375.422,243.03,0.17824683629418392,0.013312212027040138,380.027,374.968,True,2007-09-26
2084,4.52,377.741,245.01,0.17434918612982347,0.012686571068340036,382.294,377.444,True,2007-09-26
2085,4.52,384.185,251.13,0.2062349796989473,0.012127111597817875,394.488,389.704,True,2007-09-26
2086,3.47,356.847,278.41,0.21270012448558262,0.007630007454123455,358.191,355.458,True,2007-09-26
2087,3.48,368.915,278.98,0.2102479956347181,0.006758603487301507,376.853,374.306,True,2007-09-29
2088,3.48,369.001,279.0,0.21021887109863732,0.006677384439067846,376.944,374.427,True,2007-09-29
2089,3.49,365.255,275.6,0.18267838271266007,0.007704996368878669,370.409,367.555,True,2007-09-29
2090,3.45,342.919,253.39,0.1853201963039642,0.00713678302031906,344.553,342.094,True,2007-09-23
2091,3.45,341.712,252.54,0.190938656006746,0.006982029339501317,347.177,344.753,True,2007-09-23
2092,4.51,363.548,223.95,0.1834567110704892,0.012145683072564806,368.526,364.05,True,2007-09-23
2093,4.5,370.986,229.42,0.2200076723194032,0.01541419140154221,375.044,369.263,True,2007-09-23
2094,4.5,371.131,229.65,0.22014561347970985,0.015420788974322752,374.689,368.911,True,2007-09-23
2095,4.5,371.82,230.13,0.22003928535340614,0.01539852415253451,374.971,369.197,True,2007-09-23
2096,4.47,371.265,215.72,0.2210479492615129,0.015042919138009703,376.988,371.317,True,2007-09-27
2097,5.33,394.582,228.35,0.21691253556086304,0.015725633053733534,404.626,398.263,True,2007-09-27
2098,5.36,394.428,228.15,0.21312818685251056,0.013911529204564399,404.269,398.645,True,2007-09-27
2099,5.37,399.658,241.64,0.2133431227609447,0.012742987517123994,403.673,398.529,True,2007-09-27
2100,5.37,400.323,242.25,0.21558190794506707,0.012197049786094594,404.852,399.914,True,2007-09-27
2101,3.55,357.074,247.06,0.20403224434447317,0.007502083150600747,364.832,362.095,True,2007-09-27
2102,3.5,357.086,257.85,0.20202919670142352,0.007359743493311366,364.279,361.598,True,2007-09-27
2103,3.54,372.187,272.86,0.20054042246743506,0.007711286089238767,381.0,378.062,False,
2104,3.54,372.814,273.1,0.20055098665709187,0.007590806835672814,380.065,377.18,False,
2105,3.54,372.766,273.05,0.20055137227374825,0.007577173206441801,379.957,377.078,False,
2106,3.54,372.484,272.89,0.20054174124001284,0.007476079702746219,380.012,377.171,False,
2107,3.54,364.42,264.95,0.17235580769180386,0.00784286887489738,365.3,362.435,False,
2108,3.54,362.601,263.37,0.16658224291870583,0.008908847965000466,371.204,367.897,False,
2109,3.54,364.406,265.46,0.16141315337635231,0.006733331729522729,374.109,371.59,False,
2110,3.54,364.934,265.85,0.16319213352070722,0.006141169774486976,375.987,373.678,False,
2111,3.53,373.38,273.89,0.20060551011460964,0.01019678190321871,369.038,365.275,False,
2112,3.53,374.072,274.17,0.20038578246029348,0.009953735017992016,369.61,365.931,False,
2113,4.21,395.594,287.48,0.19570050188731236,0.009924796643986267,390.94,387.06,False,
2114,5.35,402.467,260.4,0.18922673179045546,0.01346540858946177,408.454,402.954,False,
2115,4.95,400.497,252.22,0.19409781946684745,0.008926950091884378,413.019,409.332,True,2007-09-29
2116,4.14,381.747,243.37,0.19934906990162968,0.008643411049549798,393.826,390.422,True,2007-09-28
2117,4.15,381.996,243.39,0.19925872882508391,0.00861704458040613,392.594,389.211,True,2007-09-28
2118,3.21,355.509,259.78,0.2025998194224231,0.00524360819505576,377.984,376.002,True,2007-09-29
2119,3.17,353.521,267.74,0.2031377210717056,0.004806151032442085,380.554,378.725,True,2007-09-29
2120,3.17,352.521,267.08,0.20344421539282884,0.004795625672283865,379.304,377.485,True,2007-09-29
2121,3.17,349.437,263.97,0.1781558930322671,0.005005120088124371,374.017,372.145,True,2007-09-29
2122,3.17,349.434,264.04,0.178265886159584,0.005113908003373413,372.318,370.414,True,2007-09-29
2123,3.17,348.335,263.15,0.18380609805851175,0.005203811454856266,370.882,368.952,True,2007-09-29
2124,3.23,346.291,241.94,0.18656072472270213,0.0059223435125053125,361.85,359.707,True,2007-09-28
2125,3.23,330.984,226.97,0.18767374877359444,0.00576698264986053,345.588,343.595,True,2007-09-26
2126,3.23,330.751,226.59,0.18588187880987272,0.005891285070967811,345.086,343.053,True,2007-09-26
2127,3.23,337.709,230.99,0.22385679149536972,0.009242083343306562,334.232,331.143,True,2007-09-26
2128,3.23,337.759,230.97,0.2271792229276125,0.010444830064750166,332.509,329.036,True,2007-09-26
2129,5.4,386.895,227.63,0.19199993100312168,0.0179695192966145,400.122,392.932,False,
2130,5.3,399.973,259.83,0.18974644604565405,0.020241467773900568,411.235,402.911,False,
2131,5.3,399.708,259.86,0.1896648714627317,0.020077430400186835,411.208,402.952,False,
2132,5.32,405.479,271.03,0.18981500397416468,0.018467209442745602,410.728,403.143,False,
2133,5.32,405.437,271.04,0.18980511845596143,0.018441839802339377,410.805,403.229,False,
2134,5.34,391.891,259.29,0.1568576273631777,0.03409059822683136,402.105,388.397,False,
2135,5.35,395.782,262.71,0.15944499373760626,0.028940024455664348,405.632,393.893,False,
2136,5.34,391.324,259.02,0.1532783540773897,0.03258987272682157,403.07,389.934,False,
2137,5.32,405.312,272.3,0.18273722702655193,0.010805835586058854,413.943,409.47,False,
2138,5.29,408.433,275.72,0.18378972343135874,0.010426150121065292,413.0,408.694,True,2007-09-28
2139,5.33,412.344,277.91,0.17977104614394346,0.009115365215093707,416.33,412.535,True,2007-09-28
2140,4.19,395.215,293.45,0.18514974347118016,0.006960285132383004,392.8,390.066,True,2007-09-29
2141,3.51,355.287,261.06,0.1898765203027843,0.0056154118464111225,370.053,367.975,True,2007-09-26
2142,3.51,355.193,261.01,0.189884910890988,0.00563028007936528,369.431,367.351,True,2007-09-26
2143,4.99,366.628,218.26,0.15236022953053907,0.01810819840794231,377.122,370.293,False,
2144,4.96,373.682,225.7,0.15363279388226356,0.016467546690957735,379.838,373.583,True,2007-09-28
2145,4.1,353.978,216.13,0.16105665071934624,0.008146850406922757,357.316,354.405,True,2007-09-27
2146,4.1,354.508,216.15,0.16110906255041607,0.008125760478874366,357.505,354.6,True,2007-09-27
2147,4.11,362.757,223.14,0.18734514903924726,0.007762290065954969,367.675,364.821,True,2007-09-27
2148,4.1,363.365,223.48,0.18856503121062132,0.00768812970154531,368.23,365.399,True,2007-09-27
2149,4.1,359.366,210.97,0.18838914659518666,0.008226211344110612,369.672,366.631,True,2007-09-27
2150,4.1,359.392,210.82,0.18829575704277768,0.00823910495702751,368.608,365.571,True,2007-09-27
2151,4.1,359.425,210.54,0.1883459540668377,0.008262377285381706,368.538,365.493,True,2007-09-27
2152,4.1,359.806,210.58,0.18225585787998919,0.008255333365664974,371.154,368.09,True,2007-09-27
2153,3.23,333.195,227.23,0.18564009877511722,0.0046816871962144235,357.777,356.102,True,2007-09-26
2154,3.14,329.68,243.88,0.18492783616397615,0.004302699140558475,364.19,362.623,True,2007-09-23
2155,3.14,337.29,251.54,0.23097038765115338,0.0072835095569748765,332.532,330.11,True,2007-09-23
2156,3.14,337.88,251.87,0.2376567818786903,0.00847592818336429,332.235,329.419,True,2007-09-23
2157,3.44,323.656,228.01,0.17263402163864913,0.0063267052114637234,328.449,326.371,True,2007-09-17
2158,3.44,347.926,251.98,0.1683876692834928,0.006969958331466408,357.104,354.615,True,2007-09-27
2159,3.44,347.965,252.0,0.168323506650609,0.00709742704254257,356.749,354.217,True,2007-09-27
2160,3.45,356.784,260.1,0.19554259344186037,0.006815891515324024,365.176,362.687,True,2007-09-27
2161,3.44,360.722,264.61,0.23612744879907668,0.010674713485879894,357.574,353.757,True,2007-09-27
2162,3.44,360.824,264.59,0.23623553683121923,0.010587866997607276,357.768,353.98,True,2007-09-27
2163,4.15,396.311,292.01,0.23114015609356148,0.011706481875468633,394.824,390.202,True,2007-09-29
2164,5.36,407.926,249.41,0.22647177836769555,0.01608751608751613,421.134,414.359,True,2007-09-28
2165,5.34,388.058,211.75,0.22924119402187845,0.016018080791133205,405.292,398.8,True,2007-09-29
2166,5.35,386.798,210.95,0.2239796832072323,0.013931459985366601,404.552,398.916,True,2007-09-29
2167,5.34,389.456,211.46,0.22401302906055273,0.01329703126852988,404.752,399.37,True,2007-09-29
2168,5.36,389.787,211.85,0.22616980447917046,0.012161158788225657,405.389,400.459,True,2007-09-29
2169,5.36,390.448,212.15,0.22131876332376021,0.01239369361607845,406.255,401.22,True,2007-09-29
2170,5.36,390.138,212.2,0.2213453761034247,0.012357594664000993,406.147,401.128,True,2007-09-29
2171,5.34,409.788,259.25,0.24135048513701243,0.013678800106913691,422.771,416.988,True,2007-09-28
2172,5.34,409.773,259.16,0.2413445947534609,0.013666423834167496,422.788,417.01,True,2007-09-28
2173,4.14,398.014,301.36,0.24547391530719637,0.008883360791605455,396.359,392.838,True,2007-09-29
2174,4.14,398.609,302.44,0.2516073148406708,0.010170510824961121,395.752,391.727,True,2007-09-29
2175,4.14,398.938,302.56,0.2545702088542448,0.00953306853986624,397.039,393.254,True,2007-09-29
2176,4.14,398.1,302.14,0.2548083785464586,0.0094893581647022,396.971,393.204,True,2007-09-29
2177,4.14,399.043,302.51,0.25018667137617173,0.00935892496997437,397.161,393.444,True,2007-09-29
2178,4.14,400.376,303.55,0.24983229773327753,0.009299755190633752,399.903,396.184,False,
2179,4.14,396.103,299.56,0.21577161731801536,0.01082061418702751,392.584,388.336,False,
2180,4.14,395.962,299.52,0.21577928466975302,0.01087119794491076,392.781,388.511,False,
2181,4.15,390.197,293.31,0.17676068487354854,0.007981132221531184,387.539,384.446,False,
2182,3.49,369.544,280.17,0.18040544784414725,0.0062168289454717085,381.545,379.173,False,
2183,3.57,361.02,251.62,0.1820660538460509,0.006923518148989061,371.343,368.772,False,
2184,3.57,362.188,251.76,0.18213637328288387,0.0067565746565115825,371.046,368.539,False,
2185,4.23,392.922,276.94,0.21747093935351136,0.01266866275226508,385.755,380.868,False,
2186,4.23,397.089,281.2,0.2564462011656486,0.013136827338019796,393.474,388.305,False,
2187,4.23,396.986,281.55,0.256495756899913,0.013097039118219134,393.295,388.144,False,
2188,4.23,396.954,281.0,0.2527368683276882,0.011189109673092057,393.597,389.193,False,
2189,4.24,393.107,276.95,0.20256212338915158,0.008486924512385308,391.19,387.87,False,
2190,4.24,393.257,277.1,0.20250809330609681,0.008506688757977443,391.104,387.777,False,
2191,5.4,398.85,238.72,0.1981625441259724,0.010685860512181788,411.104,406.711,True,2007-09-29
2192,5.32,410.749,269.87,0.19606099392987905,0.011249519707412836,421.618,416.875,True,2007-09-29
2193,5.31,408.207,268.39,0.196267135915261,0.011641424166712322,420.653,415.756,True,2007-09-29
2194,4.5,391.305,258.55,0.1997013071829104,0.010937573915143495,401.643,397.25,True,2007-09-28
2195,4.49,391.298,258.9,0.19988356025853174,0.011011193340885406,400.774,396.361,True,2007-09-28
2196,4.52,392.46,259.25,0.1940841358894678,0.01086350905952771,403.829,399.442,True,2007-09-28
2197,4.51,392.319,259.21,0.1959301877589103,0.010301885949785872,403.033,398.881,True,2007-09-28
2198,4.52,371.45,238.48,0.1988052815768536,0.0099791693101553,378.288,374.513,True,2007-09-22
2199,3.77,358.47,259.14,0.2374543638248386,0.011684393172279983,350.981,346.88,True,2007-09-23
2200,4.86,381.245,228.4,0.23222059553219096,0.01759091002952895,387.416,380.601,True,2007-09-23
2201,4.87,381.567,228.38,0.2343079656312606,0.016539567993283266,388.281,381.859,True,2007-09-23
2202,4.91,398.843,245.39,0.2318813726017597,0.01617085820530384,408.76,402.15,True,2007-09-28
2203,4.89,383.166,213.82,0.23531019514811455,0.01586609139897477,396.569,390.277,True,2007-09-28
2204,4.89,380.175,211.32,0.18737994950552136,0.010737181521587313,393.865,389.636,True,2007-09-28
2205,4.89,381.733,212.04,0.18737484752885736,0.010501024985284935,394.152,390.013,True,2007-09-28
2206,4.89,381.392,211.58,0.1872396313775741,0.01047747343212091,394.179,390.049,True,2007-09-28
2207,4.89,382.073,211.87,0.19338604611782848,0.011745650110724482,395.125,390.484,True,2007-09-28
2208,5.8,384.9,204.53,0.18799615561592653,0.012495500337783016,405.586,400.518,False,
2209,5.8,389.345,207.96,0.22064011212703125,0.012505790840890763,412.289,407.133,False,
2210,5.8,389.235,207.41,0.22526932187227375,0.012774561832529119,410.973,405.723,False,
2211,5.8,389.189,206.9,0.22508223168202185,0.012816056893279026,411.437,406.164,False,
2212,5.8,388.759,207.31,0.2251449681851963,0.012806091336026948,411.601,406.33,False,
2213,4.61,387.674,254.3,0.20146356572366772,0.009898187185942375,395.628,391.712,False,
2214,4.61,387.711,253.94,0.20143266202709154,0.009878402117126317,394.497,390.6,False,
2215,5.83,385.229,202.57,0.19789704853984097,0.011904122367052294,409.522,404.647,False,
2216,4.93,382.078,210.44,0.20212801394034452,0.011602978644964068,396.019,391.424,True,2007-09-29
2217,4.86,385.433,214.0,0.20329821063568917,0.011634705184112804,395.111,390.514,True,2007-09-27
2218,4.91,393.385,237.91,0.20003442600936933,0.011606836160160783,401.746,397.083,True,2007-09-26
2219,4.91,393.613,237.72,0.2000451075154044,0.011616491331236989,401.326,396.664,True,2007-09-26
2220,4.91,394.206,238.41,0.20246676711061304,0.010770951056300326,401.543,397.218,True,2007-09-26
2221,4.91,392.481,238.01,0.2024238654470289,0.011023880924153073,401.492,397.066,True,2007-09-26
2222,4.9,391.803,237.82,0.20739519348831015,0.011427072796073579,400.365,395.79,True,2007-09-26
2223,4.89,394.955,240.11,0.25706065192023897,0.01735108577727351,402.799,395.81,True,2007-09-27
2224,4.89,395.034,239.89,0.2571146454044862,0.01736132655923084,402.907,395.912,True,2007-09-27
2225,4.88,395.598,241.41,0.26163257518794775,0.02017916077322024,402.99,394.858,True,2007-09-27
2226,4.89,391.075,237.13,0.22042371881428344,0.01784717221864307,395.805,388.741,True,2007-09-27
2227,4.22,381.901,251.82,0.2000723414054355,0.010612979655587829,377.745,373.736,True,2007-09-28
2228,4.22,385.315,254.81,0.23328838315547715,0.010256130138144304,384.453,380.51,True,2007-09-28
2229,4.22,385.36,254.85,0.2333922812095707,0.01023419252585911,383.616,379.69,True,2007-09-28
2230,3.52,351.836,231.32,0.23748014214042187,0.009272443331878932,348.344,345.114,True,2007-09-27
2231,4.44,371.609,206.58,0.2338472299112323,0.01264693146894491,378.748,373.958,True,2007-09-27
2232,4.44,371.31,206.71,0.23400677485231328,0.01258594538603408,378.438,373.675,True,2007-09-27
2233,4.44,366.829,205.13,0.1910587551873189,0.00933003686103362,378.991,375.455,True,2007-09-27
2234,4.44,367.894,205.07,0.19932693031456833,0.010382064208012576,376.9,372.987,True,2007-09-27
2235,4.48,371.035,208.01,0.19844581072582615,0.010828856922335928,386.098,381.917,True,2007-09-28
2236,4.48,372.417,208.97,0.19345848984628047,0.010754693522317615,386.064,381.912,True,2007-09-28
2237,4.48,372.468,208.91,0.19339149325112126,0.010798554670918503,386.348,382.176,True,2007-09-28
2238,4.48,371.805,208.46,0.190697997164781,0.0109414567398598,386.603,382.373,True,2007-09-28
2239,4.48,374.036,208.92,0.19039175189880284,0.010555194981498706,386.729,382.647,True,2007-09-29
2240,4.5,388.474,239.06,0.18695890638369878,0.01087677742918447,399.383,395.039,True,2007-09-28
2241,3.5,340.094,219.82,0.2334991091056412,0.008815743768490814,333.948,331.004,True,2007-09-22
2242,3.48,339.08,230.77,0.23363348682853102,0.009157785475480629,331.412,328.377,True,2007-09-17
2243,3.47,362.736,254.32,0.22971184619834972,0.009702695193109068,359.9,356.408,True,2007-09-27
2244,3.47,363.038,254.59,0.23210313247609538,0.00892926447921405,360.724,357.503,True,2007-09-27
2245,4.19,398.441,280.86,0.227217170824162,0.009639111271930512,397.962,394.126,True,2007-09-29
2246,5.37,408.855,248.89,0.2236255414428088,0.013431291047621752,422.223,416.552,True,2007-09-28
2247,5.37,409.061,248.81,0.22363554703702979,0.013436614181619233,422.279,416.605,True,2007-09-28
2248,5.37,409.286,248.65,0.2236911709701099,0.013403644426756123,422.124,416.466,True,2007-09-28
2249,5.37,409.353,248.65,0.22360953543943646,0.013425632087000094,422.252,416.583,True,2007-09-28
2250,5.37,403.457,244.67,0.1882119512738094,0.014492226345533488,412.29,406.315,True,2007-09-28
2251,5.37,403.757,245.88,0.19252989049019184,0.01580013732942609,413.604,407.069,True,2007-09-28
2252,5.37,401.742,243.52,0.19474218225159837,0.01676628359943788,411.242,404.347,True,2007-09-28
2253,5.38,389.473,232.91,0.15906975801525455,0.02260904812304365,399.663,390.627,True,2007-09-28
2254,5.37,387.459,232.85,0.1589251983577881,0.023129152808307074,398.977,389.749,True,2007-09-28
2255,4.92,404.155,257.62,0.19366211407353595,0.010436301009424498,418.06,413.697,True,2007-09-28
2256,4.9,392.155,245.73,0.1947514775867931,0.010206213256140129,402.108,398.004,True,2007-09-26
2257,5.76,415.938,263.47,0.1909645825193669,0.010333252635107537,429.584,425.145,True,2007-09-28
2258,5.82,412.331,250.12,0.1804667911120418,0.00960636695052497,425.447,421.36,True,2007-09-28
2259,5.82,412.199,250.15,0.18036452331498998,0.009653307290688584,425.968,421.856,True,2007-09-28
2260,4.49,404.376,302.63,0.18585687639456136,0.006648015975009414,404.632,401.942,True,2007-09-29
2261,4.5,403.53,301.6,0.19179174708980115,0.006795800135816377,402.013,399.281,True,2007-09-29
2262,4.5,402.633,301.15,0.19212715456912538,0.00680856376006489,400.525,397.798,True,2007-09-29
2263,4.5,391.537,290.13,0.16581945847760882,0.011438144702468844,387.388,382.957,True,2007-09-29
2264,4.5,392.182,290.83,0.16758876929661015,0.010746165402665042,387.394,383.231,True,2007-09-29
2265,4.57,388.213,262.65,0.1693676276671096,0.00925742790431261,389.309,385.705,True,2007-09-28
2266,4.52,389.631,274.37,0.16944084024703204,0.009132982064792405,390.015,386.453,True,2007-09-28
2267,4.53,400.088,284.21,0.20999878732673208,0.010218934139069824,398.476,394.404,True,2007-09-28
2268,4.52,400.047,284.08,0.2099358076903401,0.010191411923174298,398.669,394.606,True,2007-09-28
2269,5.76,397.859,229.13,0.18765049220113847,0.0134988218047295,406.554,401.066,True,2007-09-27
2270,5.84,391.55,222.62,0.18637519461074117,0.01360980807623069,408.235,402.679,True,2007-09-29
2271,5.83,391.485,222.68,0.18637376446077056,0.013610325716777782,408.146,402.591,True,2007-09-29
2272,5.85,406.272,243.91,0.18261654282067438,0.015700963046339056,420.229,413.631,True,2007-09-28
2273,5.85,407.642,245.27,0.18519108938955245,0.01431228882730351,421.456,415.424,True,2007-09-28
2274,5.76,407.051,254.26,0.18641852613564783,0.014600192001219536,419.789,413.66,True,2007-09-28
2275,5.76,406.763,253.88,0.18642644219310553,0.014548605242925006,420.109,413.997,True,2007-09-28
2276,5.72,408.268,256.06,0.19308539698525454,0.015299438294081869,422.107,415.649,True,2007-09-28
2277,5.75,411.666,259.08,0.1904591548799409,0.014071026072921766,426.266,420.268,True,2007-09-28
2278,5.75,417.734,263.82,0.22347106490272342,0.013829855449498885,436.664,430.625,True,2007-09-28
2279,4.87,402.51,255.77,0.22658989707009733,0.013113946428442103,414.063,408.633,True,2007-09-28
2280,4.87,405.394,258.28,0.27820397579391076,0.020399875039050275,416.13,407.641,True,2007-09-28
2281,3.77,384.781,288.73,0.28241951838502716,0.012512078427082796,383.949,379.145,True,2007-09-29
2282,3.77,383.742,288.09,0.2826735578089786,0.012443866914030655,383.241,378.472,True,2007-09-29
2283,3.14,320.385,245.42,0.22531837323277365,0.008605400144704012,312.362,309.674,True,2007-09-14
2284,4.1,348.798,219.23,0.2196769209230897,0.013522977674275571,351.254,346.504,True,2007-09-16
2285,4.1,349.126,219.49,0.21958163588368684,0.01352806320292943,352.009,347.247,True,2007-09-16
2286,4.1,341.877,214.7,0.17912893495344767,0.008281072525570532,351.283,348.374,True,2007-09-16
2287,4.11,344.405,215.87,0.17910938522306097,0.0078524967931618,352.372,349.605,True,2007-09-16
2288,4.12,344.637,216.12,0.17715298706319235,0.008472810215331639,350.297,347.329,True,2007-09-16
2289,4.09,350.542,206.59,0.1774940650899474,0.008524249779037207,356.395,353.357,True,2007-09-21
2290,4.09,354.29,208.63,0.2042056792365027,0.008653199395736944,362.756,359.617,True,2007-09-21
2291,4.09,354.042,208.17,0.20419433674315204,0.008708412983452152,362.523,359.366,True,2007-09-21
2292,4.94,392.059,235.3,0.19775008100019273,0.010320723273892107,400.844,396.707,True,2007-09-27
2293,4.94,391.649,235.12,0.19774330285232564,0.010276149709690041,401.123,397.001,True,2007-09-27
2294,4.99,397.216,240.15,0.1973695640842536,0.010465519176618088,409.822,405.533,True,2007-09-28
2295,4.99,395.401,238.85,0.18773307140563822,0.008670477649762809,407.244,403.713,True,2007-09-28
2296,4.99,393.525,238.01,0.19320950589703972,0.008701652352846923,405.785,402.254,True,2007-09-28
2297,4.86,374.277,208.94,0.17269474082157493,0.009390744913453597,389.213,385.558,True,2007-09-27
2298,4.86,374.154,208.09,0.17049202873322428,0.009373805020721604,387.036,383.408,True,2007-09-27
2299,4.9,381.526,229.88,0.16759990476355732,0.011882790831950096,387.956,383.346,True,2007-09-26
2300,4.91,384.771,232.37,0.1745880041357255,0.01230440459432458,392.136,387.311,True,2007-09-26
2301,4.9,392.145,238.65,0.2047161916609173,0.011730803179599736,402.189,397.471,True,2007-09-26
2302,4.9,392.114,238.3,0.20468358799222824,0.011753499812232504,402.093,397.367,True,2007-09-26
2303,4.91,391.726,237.95,0.2096057838246471,0.011712427386922242,402.82,398.102,True,2007-09-26
2304,4.94,398.734,244.86,0.20866787088409242,0.011981580194839747,413.468,408.514,True,2007-09-28
2305,3.8,383.461,282.74,0.2136122754873707,0.008094272641824607,386.199,383.073,True,2007-09-29
2306,3.84,385.214,272.08,0.21304685151125052,0.008336410445770936,389.976,386.725,True,2007-09-29
2307,3.83,389.626,276.94,0.25534206981901875,0.01169883243795311,387.731,383.195,False,
2308,4.56,408.45,287.3,0.25134999479144604,0.012840997519131037,409.937,404.673,False,
2309,4.56,408.641,287.59,0.25128539327596827,0.012810062573824332,409.756,404.507,False,
2310,4.56,408.256,287.18,0.25120333558494407,0.012818167404534564,409.965,404.71,False,
2311,5.34,408.364,247.92,0.2533135188814543,0.01607536810940169,417.471,410.76,True,2007-09-27
2312,5.34,408.25,247.78,0.2532700548951548,0.01603057639668859,417.577,410.883,True,2007-09-27
2313,4.17,394.142,277.2,0.2573730234586396,0.011684037020353033,390.704,386.139,True,2007-09-28
2314,4.18,390.32,273.08,0.21995027777573087,0.012359776111037335,383.583,378.842,True,2007-09-28
2315,4.16,389.266,272.78,0.217385073174278,0.012619548809343573,382.898,378.066,True,2007-09-28
2316,4.12,386.143,283.64,0.21912288484291445,0.012913773902329173,379.827,374.922,True,2007-09-28
2317,4.13,387.736,284.71,0.21514379364610375,0.012350333697271454,381.933,377.216,True,2007-09-28
2318,4.15,392.683,289.48,0.21413198408857817,0.012217408002144547,387.971,383.231,False,
2319,4.15,392.821,289.64,0.21412089869698814,0.01229513476467392,388.121,383.349,False,
2320,4.2,381.067,263.32,0.21648603876238376,0.011746425692588325,377.136,372.706,False,
2321,4.2,374.763,258.33,0.17378217682066682,0.00882740094022838,372.25,368.964,False,
2322,4.2,375.824,259.07,0.17812899969635826,0.00955968252016337,374.071,370.495,False,
2323,3.49,357.96,250.31,0.18361701097243546,0.008607128661878405,357.262,354.187,True,2007-09-28
2324,3.49,358.014,249.97,0.18365314935683688,0.0087461100313444,356.044,352.93,True,2007-09-28
2325,4.13,397.235,298.5,0.2130774332446635,0.010677966963926977,393.146,388.948,True,2007-09-29
2326,4.22,403.795,293.92,0.2453571648430207,0.009640195131614737,403.83,399.937,True,2007-09-29
2327,4.09,384.013,285.63,0.24771622651745176,0.008771745193167813,380.084,376.75,True,2007-09-26
2328,4.1,384.605,286.35,0.2545864858725618,0.010054481504962798,380.129,376.307,True,2007-09-26
2329,4.1,384.108,284.71,0.25465439013275687,0.010511778400347227,380.145,376.149,True,2007-09-26
2330,4.1,383.922,284.59,0.2546018116525332,0.010583472831980467,379.932,375.911,True,2007-09-26
2331,5.27,401.637,250.81,0.2509407945951503,0.01686069558577119,411.193,404.26,True,2007-09-25
2332,5.28,401.328,250.04,0.2476727821510055,0.017195863835839376,410.622,403.561,True,2007-09-25
2333,5.3,397.362,248.24,0.20228486233198667,0.011631012439572319,408.133,403.386,True,2007-09-25
2334,5.29,397.006,248.16,0.20227999839398353,0.01165902608236169,408.782,404.016,True,2007-09-25
2335,5.29,396.873,248.31,0.20229550891845932,0.011629843727036682,408.26,403.512,True,2007-09-25
2336,5.31,396.622,247.48,0.20756224933931927,0.011628764778785383,406.664,401.935,True,2007-09-25
2337,4.44,357.898,216.58,0.2159499152694065,0.010780747607704644,364.817,360.884,True,2007-09-16
2338,4.45,359.928,205.98,0.21537640828376828,0.011035513003327169,368.175,364.112,True,2007-09-22
2339,4.13,356.105,227.88,0.17454047460387262,0.009696992972080265,364.546,361.011,True,2007-09-22
2340,4.14,358.602,229.33,0.17450277007272447,0.009380466332199244,364.161,360.745,True,2007-09-22
2341,3.16,327.487,252.37,0.18033921537835074,0.005560522343216356,341.155,339.258,True,2007-09-21
2342,3.8,373.796,292.35,0.1734607704000765,0.0072677617362022495,377.145,374.404,True,2007-09-28
2343,3.79,384.337,302.84,0.17270077043279647,0.007778805686215806,383.735,380.75,False,
2344,3.79,385.334,303.33,0.17500429513364427,0.007324912758444269,384.851,382.032,False,
2345,3.78,390.06,308.6,0.2146582023391847,0.010312261798638311,387.015,383.024,False,
2346,3.9,386.268,273.26,0.21550325891558525,0.010537149066440987,382.836,378.802,False,
2347,3.9,386.033,273.09,0.21544302632159856,0.01054466390353792,382.658,378.623,False,
2348,3.9,386.028,273.14,0.2153810842788377,0.01057032730123475,382.675,378.63,False,
2349,3.9,385.118,272.44,0.21987944183431468,0.010728526540437322,380.947,376.86,False,
2350,3.89,384.154,271.21,0.21479345128657515,0.00941654211965448,380.713,377.128,False,
2351,3.89,384.021,271.56,0.21479255191001445,0.00938414263896814,380.429,376.859,False,
2352,3.9,388.719,275.67,0.24658817859088197,0.008586252693701057,387.014,383.691,False,
2353,4.1,348.469,219.58,0.21186105178391057,0.009929212524195541,358.538,354.978,True,2007-09-16
2354,3.14,317.863,242.86,0.21717352834729747,0.005173461309505467,325.894,324.208,True,2007-09-14
2355,3.21,325.715,223.15,0.21619608541363017,0.006629790668531754,329.573,327.388,True,2007-09-19
2356,3.21,325.754,223.15,0.21620225139828697,0.006670412952022198,329.215,327.019,True,2007-09-19
2357,3.21,325.686,223.16,0.2162136034320038,0.006595525959080528,329.769,327.594,True,2007-09-19
2358,3.2,324.461,222.16,0.22199048378199088,0.006743594496935179,329.053,326.834,True,2007-09-19
2359,3.2,319.743,218.02,0.19456700826306053,0.006705096058057358,324.231,322.057,True,2007-09-19
2360,3.84,365.373,254.35,0.1865292561941416,0.008059929740923066,367.497,364.535,True,2007-09-27
2361,3.85,371.332,260.04,0.22277478954722285,0.01207673497427908,366.821,362.391,True,2007-09-27
2362,3.85,371.593,260.16,0.22585822189408034,0.011601086221562973,366.776,362.521,True,2007-09-27
2363,3.85,371.467,260.48,0.2258468840907063,0.011520303717098002,366.657,362.433,True,2007-09-27
2364,3.88,383.517,272.17,0.22477802909393646,0.011579410517108202,379.553,375.158,True,2007-09-29
2365,3.88,382.719,271.32,0.22026512678243432,0.010426068856263848,380.009,376.047,True,2007-09-29
2366,3.88,383.704,271.67,0.22032891970839288,0.010119127574227726,379.677,375.835,True,2007-09-29
2367,3.2,320.119,217.81,0.19387359125833464,0.005176992738452735,334.364,332.633,True,2007-09-19
2368,4.09,348.856,205.89,0.18973147285705236,0.008576215148724642,360.532,357.44,True,2007-09-21
2369,4.09,349.395,206.0,0.19153804755912304,0.008538980918896266,360.933,357.851,True,2007-09-21
2370,4.09,351.024,206.73,0.20071552366040527,0.009586513764786697,359.359,355.914,True,2007-09-21
2371,4.93,389.238,234.49,0.19312306288658027,0.01055284454886829,398.376,394.172,True,2007-09-27
2372,4.92,388.954,251.96,0.19149012547695812,0.01054980878941758,398.775,394.568,True,2007-09-25
2373,4.92,388.899,252.25,0.19150120726006123,0.010530805806119758,398.545,394.348,True,2007-09-25
2374,4.92,389.135,252.54,0.19159264015094823,0.010531173427032914,398.721,394.522,True,2007-09-25
2375,4.92,395.475,264.3,0.19130396805408845,0.009660359972356036,399.364,395.506,True,2007-09-25
2376,4.91,393.317,262.15,0.19694104931280776,0.009875286203472888,394.824,390.925,True,2007-09-25
2377,4.91,393.286,262.16,0.196869148634202,0.009882987251755737,395.427,391.519,True,2007-09-25
2378,4.9,378.116,248.72,0.16349007242876798,0.02138277384295517,378.529,370.435,True,2007-09-25
2379,4.89,391.443,260.62,0.19977461023858661,0.014979739355111321,388.191,382.376,True,2007-09-25
2380,4.87,406.156,275.45,0.19906115302502514,0.015083186581776431,406.015,399.891,True,2007-09-28
2381,3.52,364.604,256.81,0.25926414797935826,0.010557695042679782,358.601,354.815,True,2007-09-28
2382,3.52,364.83,257.24,0.2593141372177238,0.010708183873062493,358.791,354.949,True,2007-09-28
2383,3.54,376.052,268.14,0.25830657138432267,0.011091977172640766,369.907,365.804,False,
2384,3.55,376.689,268.75,0.2622892547186621,0.012824773128223277,370.143,365.396,False,
2385,4.24,396.358,279.7,0.2581613481688519,0.013216273697707392,393.076,387.881,False,
2386,4.24,396.633,279.48,0.25819383991989564,0.013262808672599657,393.054,387.841,False,
2387,4.24,392.591,275.52,0.21128352801242062,0.009827878218993669,392.048,388.195,False,
2388,5.39,399.643,248.11,0.20660791298894124,0.011915196135717343,410.736,405.842,False,
2389,5.4,394.145,234.08,0.2064259515262102,0.012899881732833074,410.934,405.633,False,
2390,5.4,395.371,235.27,0.20153108169015527,0.012878937982960137,413.854,408.524,False,
2391,5.39,382.726,223.93,0.1663818959538165,0.016834881310564875,397.508,390.816,False,
2392,5.4,384.289,225.44,0.1694577159856999,0.014860231737530927,399.59,393.652,False,
2393,5.4,384.304,225.53,0.16949079013831875,0.014887560204281058,399.058,393.117,False,
2394,5.33,397.982,256.97,0.16636621722760903,0.017960780865283188,409.392,402.039,False,
2395,4.46,405.036,303.4,0.21755818032672009,0.012911479875416854,399.412,394.255,False,
2396,4.46,404.628,302.65,0.21485041287059653,0.013744496930328753,398.414,392.938,False,
2397,4.47,404.339,302.44,0.21221755453854943,0.012219754852145992,398.535,393.665,False,
2398,3.78,378.192,282.69,0.2166335766592179,0.012011430752811192,371.979,367.511,True,2007-09-29
2399,4.88,397.648,251.74,0.2094995173223625,0.01667966863553627,403.785,397.05,True,2007-09-28
2400,4.91,391.281,230.97,0.2129051085783758,0.016229619054774824,399.27,392.79,True,2007-09-28
2401,4.91,394.777,233.34,0.250296244969514,0.017275824438406362,405.943,398.93,True,2007-09-28
2402,4.91,396.865,234.36,0.2503216307234173,0.0164114648551118,405.692,399.034,True,2007-09-28
2403,4.92,392.412,231.05,0.198560528095797,0.011110780285436439,403.032,398.554,True,2007-09-28
2404,4.92,392.283,230.96,0.19862553074184544,0.011081856991982497,403.362,398.892,True,2007-09-28
2405,4.92,392.321,231.01,0.19849730601268048,0.011138092524221377,403.57,399.075,True,2007-09-28
2406,4.91,392.036,231.08,0.20356905217372961,0.010963012246499093,402.809,398.393,True,2007-09-28
2407,4.87,380.698,219.97,0.20474685839902731,0.010802266180835352,387.789,383.6,True,2007-09-25
2408,4.87,380.971,220.06,0.20466872634794317,0.01080105690532962,387.925,383.735,True,2007-09-25
2409,3.18,320.395,225.27,0.20266565900618702,0.005597307975786281,331.052,329.199,True,2007-09-16
2410,3.18,318.57,223.35,0.19268542280124773,0.004583120326227763,336.452,334.91,True,2007-09-16
2411,3.18,312.823,218.1,0.16741681520986562,0.004293992328066931,331.859,330.434,True,2007-09-17
2412,3.2,337.819,242.62,0.1632626135791112,0.005047029771648948,360.41,358.591,True,2007-09-27
2413,3.87,375.501,272.45,0.15845200107927607,0.007243455462893289,379.515,376.766,True,2007-09-29
2414,3.87,375.248,272.27,0.15850908897390603,0.007445247397720123,379.571,376.745,True,2007-09-29
2415,3.87,373.258,270.38,0.16394330361571025,0.008542265807993776,374.842,371.64,True,2007-09-29
2416,3.87,383.779,280.02,0.20090410146312782,0.010482873126830827,378.236,374.271,True,2007-09-29
2417,3.9,374.639,258.43,0.2025756589717839,0.01010694653751476,370.933,367.184,True,2007-09-29
2418,3.9,375.982,258.53,0.20258092577122616,0.009796015244239564,370.763,367.131,True,2007-09-29
2419,3.9,375.99,258.11,0.2025526510756388,0.009855729130231139,371.662,367.999,True,2007-09-29
2420,4.98,388.757,234.9,0.19741641658766934,0.011476095932710373,391.858,387.361,True,2007-09-29
2421,4.98,387.864,233.99,0.1950592949558416,0.012218936275992132,390.214,385.446,True,2007-09-29
2422,4.98,387.896,234.05,0.19505902803442876,0.01218641112752461,390.599,385.839,True,2007-09-29
2423,3.77,377.463,297.28,0.22341914846217656,0.011602239545661641,373.29,368.959,True,2007-09-28
2424,3.77,387.792,307.39,0.222490364539167,0.011688657383243872,383.192,378.713,False,
2425,3.89,383.968,271.97,0.22273016730478087,0.011515709215196512,380.35,375.97,False,
2426,3.89,389.047,277.06,0.25716113440328503,0.010671462519014518,385.889,381.771,False,
2427,3.9,388.291,275.98,0.2511359958879801,0.009192972092022966,385.947,382.399,False,
2428,3.9,389.349,276.89,0.24641362413882983,0.009138482361024325,387.154,383.616,False,
2429,3.9,388.938,276.53,0.24414422635612823,0.00944733235058326,386.67,383.017,False,
2430,3.9,388.816,276.48,0.24421629629851668,0.009389088803408163,386.832,383.2,False,
2431,3.9,387.645,276.7,0.24426682905248878,0.009791735041696836,386.959,383.17,False,
2432,3.21,359.451,257.66,0.2480245073097043,0.009413152693246274,357.691,354.324,True,2007-09-29
2433,3.21,359.61,257.41,0.24801142155355269,0.009428793461063179,357.734,354.361,True,2007-09-29
2434,3.21,359.586,257.38,0.24804868690907256,0.009434515744214722,357.941,354.564,True,2007-09-29
2435,4.16,381.133,234.94,0.24518656901948163,0.012894768695096759,388.297,383.29,True,2007-09-28
2436,4.16,375.318,231.3,0.19867499005830372,0.00903198439835906,386.626,383.134,True,2007-09-28
2437,3.87,380.509,276.65,0.17676473729655187,0.009110034135896727,374.093,370.685,False,
2438,3.87,381.85,277.87,0.1810893548039882,0.00977166668438334,376.292,372.615,False,
2439,3.87,388.499,284.2,0.2112289553370142,0.009195502932981658,388.342,384.771,False,
2440,3.87,388.344,284.22,0.21107963917023814,0.009183565817270534,388.629,385.06,False,
2441,3.87,388.73,284.43,0.21368463609674085,0.008804723353787458,387.86,384.445,False,
2442,3.88,389.751,285.25,0.20856577578793842,0.008526469025117223,389.493,386.172,False,
2443,3.88,389.733,285.28,0.20854901348845648,0.008559831475106638,389.26,385.928,False,
2444,3.88,388.908,284.47,0.20858008674893286,0.008758354755784015,389.0,385.593,False,
2445,3.22,358.941,262.99,0.21335355756809216,0.007623197049013819,362.184,359.423,True,2007-09-29
2446,4.14,382.343,244.25,0.20916176517113033,0.01150137335562107,390.649,386.156,True,2007-09-28
2447,4.12,364.042,226.42,0.21095115355567007,0.010996277892191042,370.489,366.415,True,2007-09-24
2448,4.1,365.165,213.46,0.21221642276128752,0.010106024226400945,370.67,366.924,True,2007-09-27
2449,4.1,368.297,215.69,0.26131149977895424,0.015224760580534902,371.106,365.456,True,2007-09-27
2450,4.1,368.111,215.16,0.26130947824022493,0.015266928749841702,371.129,365.463,True,2007-09-27
2451,3.86,392.729,288.69,0.27722678613719287,0.011964653375449164,390.985,386.307,False,
2452,3.86,391.951,288.36,0.2773955115399444,0.011875451087985822,390.722,386.082,False,
2453,3.85,385.383,281.95,0.278382699617943,0.011849305421520184,383.398,378.855,True,2007-09-28
2454,3.18,338.254,243.45,0.28378099862964146,0.011185029684389058,332.498,328.779,True,2007-09-23
2455,3.17,338.362,243.3,0.28377236026475444,0.011202517933657563,332.336,328.613,True,2007-09-23
2456,3.18,338.488,243.62,0.2883813401227513,0.01257700669047368,332.114,327.937,True,2007-09-23
2457,3.17,335.7,241.03,0.25105968429702635,0.012972397722338158,327.002,322.76,True,2007-09-23
2458,3.17,335.917,241.15,0.25110973074515675,0.012856566446990403,327.148,322.942,True,2007-09-23
2459,3.18,336.666,241.82,0.247525333217737,0.012784562313704173,328.443,324.244,True,2007-09-23
2460,3.23,339.81,232.26,0.24748770811314802,0.012338591386731435,332.696,328.591,True,2007-09-26
2461,3.23,340.075,232.54,0.25039768802007417,0.011996109369934005,333.108,329.112,True,2007-09-26
2462,3.23,340.874,232.47,0.250375825341145,0.01163569320205271,333.027,329.152,True,2007-09-26
2463,3.23,339.272,231.47,0.20735464937611175,0.007724746193270016,336.969,334.366,True,2007-09-26
2464,4.1,367.346,224.36,0.20299602533185848,0.010327791569361144,366.971,363.181,True,2007-09-27
2465,4.95,403.0,265.36,0.18988350401032889,0.008696097361184263,410.184,406.617,True,2007-09-28
2466,4.95,403.215,265.92,0.18989638415413998,0.008639630127265652,410.087,406.544,True,2007-09-28
2467,4.95,404.948,267.0,0.19900494172600008,0.010574749561413133,410.979,406.633,True,2007-09-28
2468,4.95,404.393,266.82,0.20173083306657125,0.010184055330617947,412.213,408.015,True,2007-09-28
2469,3.86,382.715,278.66,0.2064845848797339,0.007348243637859131,386.623,383.782,True,2007-09-28
2470,3.86,381.648,277.55,0.21192450986466152,0.007489937825741033,385.851,382.961,True,2007-09-28
2471,3.18,335.493,240.02,0.217987965199784,0.006040171335957356,345.52,343.433,True,2007-09-23
2472,3.22,356.65,260.69,0.21522816867062822,0.006156402847808384,370.671,368.389,True,2007-09-29
2473,3.22,356.893,261.03,0.2153969572198279,0.006273186454243573,369.828,367.508,True,2007-09-29
2474,3.22,356.29,260.46,0.21535517638628304,0.006390535099366379,370.548,368.18,True,2007-09-29
2475,3.21,353.555,258.03,0.18817765159166822,0.007046086851336564,363.748,361.185,True,2007-09-29
2476,3.24,349.05,243.75,0.18997355505536695,0.006825833326325248,356.733,354.298,True,2007-09-29
2477,3.23,355.08,247.49,0.2266881723563658,0.010245162324832857,349.238,345.66,True,2007-09-29
2478,3.24,355.036,247.48,0.22655400087775185,0.01025983174219569,349.226,345.643,True,2007-09-29
2479,5.4,394.542,237.19,0.14755272269263178,0.024482471794188276,405.147,395.228,True,2007-09-28
2480,5.38,383.656,220.3,0.15095273254244213,0.016373682073680285,396.551,390.058,True,2007-09-28
2481,5.38,383.559,220.38,0.15147097552989505,0.016719480073871362,396.364,389.737,True,2007-09-28
2482,4.47,371.044,218.74,0.15846037672909927,0.009880925575173283,377.495,373.765,True,2007-09-27
2483,4.47,368.14,216.76,0.15215409353708156,0.01033324928001711,376.745,372.852,True,2007-09-27
2484,4.47,380.093,225.09,0.19132077311281018,0.011771377732455401,384.407,379.882,True,2007-09-27
2485,4.47,380.336,224.88,0.1895380300212719,0.01218662680118654,383.289,378.618,True,2007-09-27
2486,4.46,378.408,223.52,0.19417640699613808,0.012900481996030555,380.916,376.002,True,2007-09-27
2487,4.46,378.71,223.74,0.19421143913987957,0.012883999369847299,380.86,375.953,True,2007-09-27
2488,4.46,383.671,226.14,0.22727556000250562,0.012707991668747698,388.417,383.481,True,2007-09-27
2489,4.45,364.34,207.23,0.22987996344776876,0.012184823588380134,367.096,362.623,True,2007-09-22
2490,4.45,362.223,206.1,0.2298745256719112,0.012673729701485614,367.453,362.796,True,2007-09-22
2491,4.45,362.435,206.3,0.2299118507700446,0.012601630446628986,367.016,362.391,True,2007-09-22
2492,3.46,339.645,236.82,0.2345375179933124,0.00858111309985543,331.309,328.466,True,2007-09-20
2493,3.19,340.161,243.89,0.2316728628500841,0.008084873309201601,335.936,333.22,True,2007-09-23
2494,3.86,386.18,281.51,0.22535858784494706,0.008960894842027889,384.783,381.335,True,2007-09-29
2495,3.86,385.412,281.15,0.22547876101788317,0.00888145225926662,384.284,380.871,True,2007-09-29
2496,3.89,381.281,263.15,0.2277926870794387,0.008887807947212556,378.271,374.909,True,2007-09-28
2497,3.89,376.474,259.36,0.197192042311662,0.00931439791280031,371.79,368.327,True,2007-09-28
2498,3.89,375.423,257.93,0.2017728618169384,0.009653879016180311,372.182,368.589,True,2007-09-28
2499,3.89,374.259,257.89,0.20177027207828124,0.009857047291797039,372.221,368.552,True,2007-09-28
2500,3.89,374.546,258.23,0.2017890485936111,0.009896836239632556,371.836,368.156,True,2007-09-28
2501,3.89,374.484,258.14,0.20177306895136307,0.009856597123345745,372.238,368.569,True,2007-09-28
2502,3.88,374.89,258.48,0.20437597066399024,0.009419599103151155,372.415,368.907,True,2007-09-28
2503,3.92,375.611,258.91,0.2035783040407912,0.009500178946299953,374.414,370.857,False,
2504,3.91,378.727,261.36,0.24635496092059786,0.013259465140223359,374.902,369.931,False,
2505,4.99,384.153,222.46,0.24170335084153666,0.017946871840670675,398.621,391.467,False,
2506,5.0,384.486,221.78,0.23828907483641906,0.01552553171177773,398.054,391.874,False,
2507,3.16,336.795,261.69,0.18234965059202904,0.006164304481159233,355.109,352.92,True,2007-09-26
2508,3.16,340.36,265.13,0.20900944289849832,0.005610775352546504,360.378,358.356,True,2007-09-26
2509,3.16,340.562,265.17,0.2091808329067536,0.00563977407433236,358.525,356.503,True,2007-09-26
2510,3.16,341.241,266.28,0.2090372080785325,0.005481745592493037,359.557,357.586,True,2007-09-26
2511,3.16,339.557,264.83,0.19971234765405868,0.00442024976816402,374.187,372.533,True,2007-09-27
2512,4.14,372.847,244.07,0.19479172762149136,0.008215916580053051,383.889,380.735,True,2007-09-27
2513,4.13,373.162,244.31,0.19636222778582166,0.007880587391060234,384.616,381.585,True,2007-09-27
2514,4.1,347.132,218.68,0.20075143966098713,0.006741560414321057,356.149,353.748,True,2007-09-16
2515,4.1,347.489,219.09,0.19474695552517385,0.00657443802543034,357.445,355.095,True,2007-09-16
2516,4.1,352.374,207.03,0.195206950029131,0.007242800623095902,362.705,360.078,True,2007-09-21
2517,4.1,352.482,207.25,0.19523041917304743,0.007197995927848977,362.462,359.853,True,2007-09-21
2518,4.1,352.864,207.88,0.19529058858540704,0.007178427706134638,362.057,359.458,True,2007-09-21
2519,4.94,391.219,235.77,0.1890213125940711,0.008305984664719102,399.471,396.153,True,2007-09-27
2520,4.94,397.448,238.58,0.23861191833819823,0.012243002490817667,402.679,397.749,True,2007-09-27
2521,4.91,396.481,239.96,0.23898927680853893,0.010760779592143943,398.67,394.38,True,2007-09-27
2522,4.91,396.307,239.92,0.23900577005392504,0.01077221801323569,398.618,394.324,True,2007-09-27
2523,4.91,391.113,227.18,0.2391572067722814,0.012046561313586723,398.786,393.982,True,2007-09-27
2524,4.92,390.613,226.69,0.243843480510135,0.01203775546331809,398.247,393.453,True,2007-09-27
2525,4.09,356.495,204.01,0.24803826419080885,0.010690409525346944,359.294,355.453,True,2007-09-24
2526,4.09,357.622,204.81,0.254335948845355,0.012506086109758674,359.425,354.93,True,2007-09-25
2527,4.09,355.269,217.0,0.25449033101964497,0.013823139025533226,356.359,351.433,True,2007-09-19
2528,3.18,326.182,230.95,0.2592343674986219,0.00916714510254224,318.747,315.825,True,2007-09-16
2529,3.18,326.319,230.93,0.26143659662220714,0.008869381054425474,319.188,316.357,True,2007-09-16
2530,3.18,326.252,230.86,0.2614341642429343,0.008824757021048235,318.649,315.837,True,2007-09-16
2531,3.18,325.605,230.62,0.2616122182649579,0.008780126810117306,318.902,316.102,True,2007-09-16
2532,3.18,320.354,225.34,0.21679103971342503,0.004851942423217626,334.093,332.472,True,2007-09-16
2533,3.19,315.901,221.15,0.19010411421003698,0.005133923810742513,328.209,326.524,True,2007-09-16
2534,3.2,342.334,247.29,0.18646860655952854,0.006110845422179767,357.561,355.376,True,2007-09-27
2535,4.1,383.609,299.57,0.1899434504379824,0.008893566635968964,380.05,376.67,True,2007-09-28
2536,4.09,384.495,300.61,0.1958024349624549,0.010027172772672066,381.264,377.441,True,2007-09-28
2537,4.1,383.162,299.38,0.2004576994961613,0.009963877976111979,379.27,375.491,True,2007-09-28
2538,4.09,383.193,299.45,0.2006229609279073,0.01004751560509709,378.402,374.6,True,2007-09-28
2539,4.1,394.405,310.1,0.19943910896405637,0.01023750185508343,390.818,386.817,False,
2540,3.46,364.596,286.4,0.20399533087829863,0.010082918011832809,364.577,360.901,True,2007-09-29
2541,3.46,364.834,286.35,0.20382833736970907,0.009890413129660103,366.011,362.391,True,2007-09-29
2542,3.45,367.499,289.69,0.24604772446288095,0.013138577563055476,363.053,358.283,True,2007-09-29
2543,3.45,367.94,289.8,0.24840463071078217,0.012941341188549949,364.259,359.545,True,2007-09-29
2544,3.45,368.78,290.82,0.24838695147651843,0.012438562288915045,364.19,359.66,True,2007-09-29
2545,4.48,396.524,262.53,0.2421224551073482,0.016687779916810475,401.012,394.32,True,2007-09-28
2546,4.48,396.512,262.44,0.24212354647372122,0.016642395467602933,401.024,394.35,True,2007-09-28
2547,4.49,399.499,264.54,0.2818629877487246,0.01838697634205777,407.136,399.65,True,2007-09-28
2548,4.55,393.8,240.81,0.28428416869051454,0.018148335090779066,400.202,392.939,True,2007-09-28
2549,4.53,397.416,262.96,0.21153134199643123,0.011235649045662988,403.893,399.355,True,2007-09-29
2550,5.36,406.842,264.98,0.2081777099676196,0.01150347458258183,416.309,411.52,False,
2551,5.34,410.741,268.82,0.2559053058651366,0.015769337768657743,420.563,413.931,False,
2552,5.34,410.794,269.27,0.2559389919535292,0.015677984238786746,420.526,413.933,False,
2553,5.34,410.152,268.42,0.2515032748825926,0.013908870620632063,420.523,414.674,False,
2554,4.2,400.241,292.45,0.2558498037071735,0.010724156992813816,397.98,393.712,False,
2555,4.2,399.105,291.61,0.2559292832160016,0.011187238112931763,398.311,393.855,False,
2556,4.2,399.223,291.77,0.2560276460025579,0.011234543394083474,397.969,393.498,False,
2557,4.19,397.97,290.8,0.25674553797738886,0.011175176390258668,395.43,391.011,True,2007-09-29
2558,4.19,393.368,286.3,0.21982523972677007,0.01204775668702196,386.794,382.134,True,2007-09-29
2559,4.23,384.466,263.48,0.22177704876454252,0.011554952065705115,378.539,374.165,True,2007-09-29
2560,4.24,385.9,264.71,0.21819082069803045,0.011527324563360919,380.921,376.53,True,2007-09-29
2561,4.24,385.468,264.42,0.21596560661345077,0.01177302615147191,380.361,375.883,True,2007-09-29
2562,4.24,385.732,264.55,0.21608940027516035,0.011863301101629808,380.164,375.654,True,2007-09-29
2563,4.13,398.83,302.42,0.2442296518901297,0.009068149508724699,397.435,393.831,False,
2564,4.13,399.692,302.88,0.24393586358967156,0.009091457044121176,398.176,394.556,False,
2565,4.13,400.143,302.81,0.24942513649841982,0.010658562110530845,398.459,394.212,False,
2566,4.14,394.531,297.18,0.20554973819825892,0.007823944768576507,394.558,391.471,False,
2567,4.15,395.915,297.97,0.1999772276080525,0.007744759446911442,395.235,392.174,False,
2568,4.21,397.486,289.12,0.1992192598461248,0.007809911962817662,398.468,395.356,False,
2569,4.21,390.673,282.51,0.1716406370109928,0.008539568475405379,387.139,383.833,False,
2570,4.21,390.845,282.84,0.17176623424464424,0.008497472434178754,387.527,384.234,False,
2571,4.21,390.503,282.63,0.1717629047640698,0.008565653227867509,387.361,384.043,False,
2572,4.28,378.766,257.8,0.17455852933968352,0.007951769931238584,381.173,378.142,False,
2573,4.24,381.201,260.94,0.17512544085388312,0.007798330091684846,380.979,378.008,True,2007-09-29
2574,4.24,382.12,261.79,0.17751502368346048,0.007501620559145161,382.584,379.714,True,2007-09-29
2575,5.39,388.341,233.17,0.17217121153669715,0.009972503487240325,398.596,394.621,True,2007-09-28
2576,4.52,378.058,232.5,0.17697093673306666,0.008480598605900336,382.756,379.51,True,2007-09-27
2577,5.77,409.451,247.3,0.2347162803777152,0.01879716064933068,424.745,416.761,True,2007-09-29
2578,5.76,409.272,247.36,0.23477998131296998,0.01869097231220107,424.483,416.549,True,2007-09-29
2579,5.75,407.704,247.75,0.23474599562677584,0.0193774445509326,424.669,416.44,True,2007-09-29
2580,5.78,411.418,250.85,0.27576724879588393,0.02180870635770993,432.121,422.697,True,2007-09-29
2581,4.5,407.776,301.13,0.2783752502826238,0.014630601178474256,408.664,402.685,False,
2582,4.56,396.297,273.76,0.2802383990984592,0.014404645781820768,396.747,391.032,False,
2583,3.82,378.087,264.63,0.2848052398194929,0.01316745174693712,374.484,369.553,True,2007-09-28
2584,3.82,375.503,262.65,0.23587924571274294,0.009369972258895465,374.174,370.668,True,2007-09-28
2585,3.82,375.473,262.52,0.23581902207122496,0.009447461011537706,374.598,371.059,True,2007-09-28
2586,3.82,375.628,262.25,0.23583438985049932,0.009512548610351224,374.663,371.099,True,2007-09-28
2587,3.83,376.711,263.09,0.23083669193811573,0.00925659472422058,375.3,371.826,True,2007-09-28
2588,3.83,376.809,263.14,0.2335786009238633,0.008722826014624041,375.681,372.404,True,2007-09-28
2589,3.82,375.896,262.16,0.22516366399861246,0.007118649478338068,375.914,373.238,True,2007-09-28
2590,3.83,363.028,249.7,0.22605582106624322,0.006911861995277602,361.263,358.766,True,2007-09-26
2591,4.22,395.061,277.96,0.20688302038820333,0.008711334683611405,392.018,388.603,True,2007-09-29
2592,4.23,394.871,277.65,0.20484799047660565,0.00900012265925254,391.328,387.806,True,2007-09-29
2593,4.17,398.634,296.81,0.2032690375743186,0.008999731804449906,395.234,391.677,True,2007-09-29
2594,4.11,395.114,310.54,0.20381371151985878,0.009144409926035602,393.027,389.433,True,2007-09-29
2595,3.46,356.16,277.51,0.20919042877232766,0.0076108277755982945,356.86,354.144,True,2007-09-26
2596,3.45,359.634,281.56,0.25906085253781097,0.010590607277416897,355.126,351.365,True,2007-09-26
2597,3.46,359.682,281.62,0.25915055833295036,0.010559858450563286,354.929,351.181,True,2007-09-26
2598,3.45,358.292,280.22,0.2629535203421663,0.010824362438276558,354.201,350.367,True,2007-09-26
2599,3.45,358.234,280.13,0.26295530536270056,0.010820090581551645,354.156,350.324,True,2007-09-26
2600,3.45,358.718,280.9,0.2665294693209118,0.012711948270060947,353.683,349.187,True,2007-09-26
2601,4.48,386.011,252.53,0.26070781279272115,0.01912639452656295,391.71,384.218,True,2007-09-26
2602,4.48,386.015,252.86,0.26066795112772884,0.019040715481684067,391.792,384.332,True,2007-09-26
2603,4.48,380.477,247.93,0.21862711719304223,0.017887294905487683,383.177,376.323,True,2007-09-26
2604,4.48,394.05,261.44,0.21681299736128942,0.018536433766585314,398.998,391.602,True,2007-09-29
2605,3.87,353.204,230.87,0.1734042509922553,0.006676636812241843,357.066,354.682,True,2007-09-26
2606,3.87,351.408,229.33,0.179620999768599,0.006601498386610616,358.252,355.887,True,2007-09-26
2607,3.86,359.182,234.34,0.21910672977118648,0.01017943652366049,354.833,351.221,True,2007-09-26
2608,3.86,359.5,234.62,0.2235699452374834,0.01104006352048792,355.161,351.24,True,2007-09-26
2609,3.86,359.73,235.66,0.22355634809168815,0.010840825704864887,355.139,351.289,True,2007-09-26
2610,3.86,364.199,239.95,0.2563506668050573,0.01022145559759624,359.44,355.766,True,2007-09-26
2611,3.86,364.256,239.97,0.25639859290641936,0.010174996593503627,359.607,355.948,True,2007-09-26
2612,3.87,377.268,252.52,0.25521265234078777,0.0103330454899202,375.204,371.327,True,2007-09-28
2613,3.87,377.633,252.59,0.2552154423378191,0.010397721514936564,374.986,371.087,True,2007-09-28
2614,4.9,387.996,214.51,0.25245113059942853,0.013807398198947718,398.989,393.48,True,2007-09-28
2615,4.92,402.909,245.66,0.2491574827897821,0.015142240876763524,411.696,405.462,True,2007-09-28
2616,4.92,402.782,245.61,0.24912508735090025,0.015172899636831771,411.655,405.409,True,2007-09-28
2617,5.79,413.238,248.56,0.24603926056852904,0.015408581630426244,430.734,424.097,True,2007-09-28
2618,5.8,413.51,248.3,0.24928302517343157,0.014919349226893863,431.118,424.686,True,2007-09-28
2619,4.45,362.879,212.92,0.22997132357664563,0.01072949700553194,367.678,363.733,True,2007-09-19
2620,4.44,365.591,215.35,0.28268787639696147,0.017384573601303632,368.2,361.799,True,2007-09-19
2621,4.47,387.875,237.11,0.2789489788483122,0.017302001564394542,395.041,388.206,True,2007-09-27
2622,4.47,388.418,237.37,0.27535788494585817,0.01724177148966166,395.667,388.845,True,2007-09-27
2623,4.47,388.365,237.33,0.2752714097043833,0.01729301834192254,395.651,388.809,True,2007-09-27
2624,4.47,390.379,237.44,0.27530965027344534,0.016505212704640337,395.572,389.043,True,2007-09-27
2625,4.47,390.369,237.74,0.27279693882214645,0.01699988875742031,395.532,388.808,True,2007-09-27
2626,4.47,386.699,235.33,0.23470510025300367,0.01734667509268195,390.853,384.073,True,2007-09-27
2627,4.46,378.067,211.75,0.23812683503716642,0.0158898858330635,382.948,376.863,True,2007-09-28
2628,3.53,360.512,240.87,0.24212355092293034,0.012172928263956218,354.968,350.647,True,2007-09-28
2629,3.53,360.625,240.83,0.24206068059112013,0.012106482980802524,355.099,350.8,True,2007-09-28
2630,3.53,360.937,240.84,0.24213101390845623,0.012127188966061242,354.905,350.601,True,2007-09-28
2631,4.22,385.042,255.25,0.23777314306967648,0.012643972491063749,382.712,377.873,True,2007-09-29
2632,4.22,385.615,255.36,0.2405860876366807,0.01403708718677954,382.558,377.188,True,2007-09-29
2633,5.77,397.033,246.75,0.1619689531111217,0.02520498539962479,413.688,403.261,True,2007-09-28
2634,5.77,396.99,246.73,0.16192534185797103,0.025253429463140797,413.33,402.892,True,2007-09-28
2635,5.77,393.227,242.99,0.16388068197662053,0.024065892812303424,402.229,392.549,True,2007-09-26
2636,5.77,394.902,244.23,0.15774075892128225,0.01986732007854819,403.829,395.806,True,2007-09-26
2637,4.85,366.413,223.01,0.16530613763001978,0.011936685539073899,371.795,367.357,True,2007-09-22
2638,4.86,379.723,233.98,0.20975509273298693,0.012891549997922858,385.136,380.171,True,2007-09-22
2639,4.86,380.347,234.58,0.2151228183246005,0.015054782320533477,386.256,380.441,True,2007-09-22
2640,4.89,380.1,234.93,0.21492025308495052,0.015314030788499244,386.443,380.525,True,2007-09-22
2641,4.87,384.099,238.18,0.24971338197096318,0.015386898365621682,390.852,384.838,True,2007-09-22
2642,4.83,383.94,249.82,0.2472223595291481,0.015374781148757122,389.534,383.545,True,2007-09-22
2643,4.83,383.733,249.88,0.24724364838154234,0.015373911078818248,389.491,383.503,True,2007-09-22
2644,4.83,383.738,249.6,0.24722439087653775,0.015398715832334209,389.513,383.515,True,2007-09-22
2645,4.86,382.82,222.18,0.24797355324665307,0.01595257590482524,392.037,385.783,True,2007-09-25
2646,3.8,365.058,257.65,0.25158382790639366,0.009879109793277219,358.838,355.293,True,2007-09-24
2647,4.85,381.318,210.35,0.28564593453891,0.01990417361246055,391.124,383.339,True,2007-09-27
2648,4.85,381.222,210.7,0.28568782514635244,0.01983603371384146,391.056,383.299,True,2007-09-27
2649,3.82,365.385,251.89,0.28874039457454154,0.012555385270091035,359.527,355.013,True,2007-09-26
2650,3.82,378.746,265.02,0.28773362081261933,0.012704658019182191,375.138,370.372,True,2007-09-28
2651,3.77,383.44,284.27,0.28587296929539696,0.012983177794793743,382.649,377.681,True,2007-09-29
2652,3.77,383.202,284.23,0.2828835549903451,0.013554784904553419,381.784,376.609,True,2007-09-29
2653,4.5,408.101,301.17,0.2781792071842834,0.014700237873464972,409.041,403.028,False,
2654,4.51,408.132,301.2,0.27828094615685994,0.01470063320538828,409.03,403.017,False,
2655,4.51,408.55,301.86,0.2747645421490527,0.01484291994424447,410.364,404.273,False,
2656,4.52,405.724,298.67,0.22350934758686616,0.010935669797548342,408.937,404.465,False,
2657,4.52,405.854,298.74,0.22346077292687247,0.010825737396446877,409.21,404.78,False,
2658,4.53,404.836,297.39,0.21583048912098388,0.009223967627986163,408.501,404.733,False,
2659,4.57,407.191,285.4,0.2153994129131521,0.009457129549018228,410.061,406.183,False,
2660,4.58,401.655,280.58,0.18621461309177464,0.009771499916514825,401.269,397.348,False,
2661,4.51,393.101,259.55,0.2187830740883531,0.01580900474780933,391.549,385.359,True,2007-09-28
2662,4.52,394.584,260.39,0.22208450470779953,0.014831095949304762,393.093,387.263,True,2007-09-28
2663,4.52,399.985,264.68,0.2610437913142258,0.014890768620939743,401.121,395.148,True,2007-09-28
2664,4.51,381.225,245.8,0.2634203587077852,0.015150557013522192,379.524,373.774,True,2007-09-23
2665,4.49,380.715,230.13,0.2646835096187335,0.014031785698281118,379.353,374.03,True,2007-09-27
2666,4.48,375.509,217.63,0.26464581700635237,0.015897539829391016,379.933,373.893,True,2007-09-27
2667,4.48,372.536,215.77,0.21757451834795552,0.011387384538350975,379.455,375.134,True,2007-09-27
2668,3.55,350.743,238.56,0.2222172393117725,0.008171449269988695,350.611,347.746,True,2007-09-26
2669,3.55,350.719,238.57,0.22226909914933624,0.008138221400698309,350.568,347.715,True,2007-09-26
2670,3.55,351.523,239.09,0.21687892781371493,0.007830675175051205,351.183,348.433,True,2007-09-26
2671,4.22,385.805,264.56,0.2123125951007454,0.009408850460164708,384.319,380.703,True,2007-09-28
2672,4.22,385.688,264.68,0.21243010747090965,0.009402919799237797,384.136,380.524,True,2007-09-28
2673,4.22,383.775,263.1,0.2043835522042322,0.008042309313983309,384.218,381.128,True,2007-09-28
2674,4.22,383.655,263.44,0.2043575485554235,0.007974427732073686,384.479,381.413,True,2007-09-28
2675,4.28,382.293,260.38,0.19546529293281362,0.008506029127734016,383.14,379.881,False,
2676,4.28,382.136,260.32,0.19548275081508837,0.008528178708493317,383.552,380.281,False,
2677,4.27,387.386,263.89,0.24057533159567002,0.0114747418118204,385.281,380.86,False,
2678,4.27,386.301,264.33,0.24067468840857287,0.011847418742019555,385.316,380.751,False,
2679,4.26,389.765,267.57,0.2778184698024124,0.011715397817825157,391.536,386.949,False,
2680,4.27,389.559,267.31,0.2752979076584039,0.012067440659683348,391.218,386.497,False,
2681,4.27,389.586,266.89,0.2753116648510079,0.012071904897006602,391.239,386.516,False,
2682,4.27,390.245,267.63,0.27957259804920764,0.013657835809449792,391.204,385.861,False,
2683,4.27,390.277,267.57,0.2794824154992701,0.013680110810686541,391.298,385.945,False,
2684,4.2,402.882,295.1,0.27780908685074746,0.013834964729042554,402.314,396.748,False,
2685,4.2,403.475,295.55,0.2744117756739948,0.013819288514823058,403.494,397.918,False,
2686,4.2,402.614,294.98,0.2751192486576361,0.013521629373783539,401.283,395.857,True,2007-09-29
2687,3.5,364.738,265.36,0.27924507594439696,0.012775343807860717,361.321,356.705,True,2007-09-27
2688,4.51,389.19,245.98,0.2752969448418475,0.019973375568674068,395.877,387.97,True,2007-09-27
2689,3.79,374.847,267.82,0.20169840607875214,0.010058322044759649,369.843,366.123,True,2007-09-28
2690,3.79,374.677,267.56,0.19947574025650905,0.010363492818826758,369.856,366.023,True,2007-09-28
2691,3.79,375.175,268.13,0.20277128126617944,0.011091905130886648,369.098,365.004,True,2007-09-28
2692,3.79,357.171,250.3,0.20463654698345124,0.010922070399990935,350.483,346.655,True,2007-09-24
2693,4.51,392.156,277.09,0.19703883837727384,0.013034864367302723,385.121,380.101,True,2007-09-28
2694,4.56,391.054,264.22,0.19669037493977515,0.013546810806324472,385.552,380.329,True,2007-09-28
2695,4.56,398.732,271.1,0.23175150021439733,0.012627843347097767,396.188,391.185,True,2007-09-28
2696,4.56,398.72,271.01,0.23187431317532678,0.012606239798582775,396.391,391.394,True,2007-09-28
2697,4.56,398.767,271.0,0.23177686578858733,0.012635215209662265,396.59,391.579,True,2007-09-28
2698,4.45,398.379,296.78,0.23217182268744568,0.012078325030595694,393.846,389.089,True,2007-09-28
2699,4.45,399.636,297.55,0.22812795423307863,0.011827602807408688,394.67,390.002,True,2007-09-28
2700,5.74,413.192,259.31,0.2231868369453296,0.01607128105269373,423.675,416.866,True,2007-09-27
2701,5.74,413.171,259.6,0.22318100029818558,0.016029287498052658,423.662,416.871,True,2007-09-27
2702,5.77,404.062,251.5,0.1784642713028823,0.012008427644995101,413.876,408.906,True,2007-09-27
2703,3.21,353.699,257.78,0.19632720141979879,0.005797179896614213,369.49,367.348,True,2007-09-29
2704,3.21,359.524,263.67,0.23898097900189993,0.009382921463746863,358.204,354.843,True,2007-09-29
2705,3.21,359.704,263.73,0.23900367770803846,0.009344226542971623,357.654,354.312,True,2007-09-29
2706,3.21,359.571,263.74,0.2390188684977616,0.009326983205288575,358.208,354.867,True,2007-09-29
2707,3.21,360.152,264.43,0.23410518469293887,0.008971960532295431,358.673,355.455,True,2007-09-29
2708,3.21,359.813,263.92,0.2317347958633334,0.00965752562614508,357.545,354.092,True,2007-09-29
2709,4.14,384.069,245.42,0.22772650956960688,0.013563704688050127,389.053,383.776,True,2007-09-28
2710,4.13,388.314,257.8,0.22776258166430982,0.012246671569106526,388.922,384.159,True,2007-09-28
2711,4.94,406.545,267.11,0.222144812067197,0.012939296353339347,414.242,408.882,False,
2712,4.94,406.418,267.33,0.22210868419626326,0.012929369967754956,414.328,408.971,False,
2713,4.99,389.611,233.85,0.22521854048176104,0.012450560626797058,398.215,393.257,False,
2714,4.99,390.132,234.47,0.2303657459972973,0.014217295701677735,398.388,392.724,False,
2715,4.96,396.206,241.01,0.23147813711403784,0.013998462697890068,399.401,393.81,True,2007-09-28
2716,4.95,392.27,238.54,0.1955574042498106,0.013408009132326981,392.452,387.19,True,2007-09-28
2717,4.96,395.504,239.41,0.18701155637300243,0.011481502715826597,401.167,396.561,True,2007-09-27
2718,4.96,394.834,238.81,0.1866775877212841,0.011504630033743246,400.969,396.356,True,2007-09-27
2719,4.96,393.13,237.45,0.19209476362113703,0.011947791164658605,398.4,393.64,True,2007-09-27
2720,4.96,393.525,237.48,0.19406430312800932,0.011360453717966679,399.896,395.353,True,2007-09-27
2721,4.9,396.354,259.12,0.1903195979888097,0.012151338719502913,400.532,395.665,True,2007-09-28
2722,4.91,401.028,263.67,0.18946990615038375,0.012285974409930511,408.596,403.576,True,2007-09-30
2723,4.9,398.672,262.32,0.1896396346502669,0.012695080747955223,408.741,403.552,True,2007-09-30
2724,4.88,405.901,269.06,0.23543011117854082,0.01634228935845916,417.261,410.442,False,
2725,4.87,406.229,269.6,0.23841103875718558,0.01812284565300648,417.76,410.189,False,
2726,4.87,409.936,271.97,0.27859573007568716,0.020084349547925262,423.713,415.203,False,
2727,4.87,409.771,271.43,0.27854982207919504,0.020155828956248123,423.798,415.256,False,
2728,4.09,387.285,257.41,0.2828669839650327,0.01900520049094656,395.155,387.645,True,2007-09-28
2729,4.09,387.37,257.38,0.2828776765136222,0.018854935943835027,395.122,387.672,True,2007-09-28
2730,3.14,357.414,282.81,0.28777846875538793,0.012310483712412834,356.038,351.655,True,2007-09-29
2731,3.46,376.793,298.43,0.23678939115297137,0.00989409252744744,376.083,372.362,False,
2732,3.46,376.889,298.48,0.23655058256964884,0.00994707645220927,376.392,372.648,False,
2733,3.46,376.406,298.29,0.23666301935052272,0.009835062516626802,375.9,372.203,False,
2734,3.46,376.288,298.22,0.23671033344863995,0.00986125047576214,375.713,372.008,False,
2735,4.09,400.464,316.67,0.23301188536205059,0.010408591792038902,398.613,394.464,False,
2736,4.09,397.484,313.95,0.23351746651667113,0.010539607668481832,395.176,391.011,True,2007-09-29
2737,5.3,415.946,274.32,0.22856004608642022,0.014570047218616433,425.256,419.06,True,2007-09-28
2738,5.3,416.598,274.78,0.22465518059665088,0.014663416463528867,426.64,420.384,True,2007-09-28
2739,5.29,414.348,273.3,0.22466820640369917,0.015303563644544771,426.698,420.168,True,2007-09-28
2740,5.27,413.595,273.18,0.21835929677805677,0.01334648952790396,425.655,419.974,True,2007-09-28
2741,5.3,406.277,265.92,0.18307512949440677,0.014449392056462451,413.443,407.469,True,2007-09-28
2742,5.39,398.053,239.61,0.18647399719530997,0.013581319349258214,406.367,400.848,True,2007-09-28
2743,5.39,397.078,238.53,0.18363233163054066,0.014671548142943469,405.615,399.664,True,2007-09-28
2744,5.39,382.548,227.96,0.14328813365508558,0.023000411265631904,393.906,384.846,True,2007-09-28
2745,4.58,385.309,234.85,0.2484970992807898,0.01044723978162021,392.161,388.064,False,
2746,4.58,385.343,234.7,0.24838394532744193,0.010454081632653045,392.0,387.902,False,
2747,3.57,371.338,256.86,0.25130408689025346,0.007837858375761342,368.468,365.58,False,
2748,3.54,379.521,278.99,0.2500790721378823,0.008190832395653436,378.594,375.493,False,
2749,3.54,372.945,272.73,0.20273410052536733,0.0056490510978851605,389.977,387.774,False,
2750,3.51,357.52,257.79,0.20424513537067238,0.00557955994253323,370.997,368.927,True,2007-09-27
2751,3.51,357.146,257.39,0.20261282283481385,0.005887803143753034,371.276,369.09,True,2007-09-27
2752,3.5,358.916,259.08,0.21156329960088976,0.006494601430552804,367.69,365.302,True,2007-09-27
2753,3.5,354.402,254.71,0.1853099482109931,0.0065641042634918545,362.121,359.744,True,2007-09-27
2754,4.21,388.164,281.22,0.17997962861502623,0.00861129789773829,383.682,380.378,True,2007-09-29
2755,4.15,387.194,290.94,0.18092359944262706,0.00857747489615368,381.814,378.539,True,2007-09-29
2756,4.15,388.115,291.81,0.17425858064017233,0.008268449691618995,385.562,382.374,True,2007-09-29
2757,4.15,388.551,292.18,0.1742649257033241,0.008224570126372566,386.16,382.984,True,2007-09-29
2758,4.15,387.711,291.73,0.17437573465901185,0.008164724349891572,386.051,382.899,True,2007-09-29
2759,4.13,376.356,238.8,0.23139904585391827,0.011739586123673984,384.511,379.997,True,2007-09-27
2760,4.09,353.397,215.92,0.23491656044594367,0.011472302065741347,357.644,353.541,True,2007-09-19
2761,4.09,352.869,215.8,0.23982378241981714,0.011757883412895853,356.952,352.755,True,2007-09-19
2762,4.09,352.814,215.69,0.23977451884668266,0.011723716860754907,357.054,352.868,True,2007-09-19
2763,4.09,347.834,211.22,0.2085770537411174,0.012259692668368016,351.477,347.168,True,2007-09-19
2764,4.08,350.686,214.14,0.2506215037050041,0.01826015007560855,350.49,344.09,True,2007-09-19
2765,4.08,350.625,213.83,0.2505657406273233,0.01824378279717087,350.64,344.243,True,2007-09-19
2766,4.08,353.496,214.21,0.25050739665636484,0.017117027192744882,350.645,344.643,True,2007-09-19
2767,3.17,323.69,228.87,0.2564862070978997,0.011933845819316669,312.724,308.992,True,2007-09-16
2768,3.17,323.851,228.94,0.2565684969194678,0.011901791825794317,312.642,308.921,True,2007-09-16
2769,3.83,371.533,268.12,0.24750468155112956,0.01285547331515402,364.514,359.828,True,2007-09-27
2770,3.83,371.41,268.3,0.24487877322409712,0.013074500189644844,363.838,359.081,True,2007-09-27
2771,3.87,371.408,254.64,0.24672796153585594,0.01318942214375396,364.762,359.951,True,2007-09-27
2772,3.87,371.863,254.17,0.2440603581464285,0.011963440777678525,364.778,360.414,True,2007-09-27
2773,5.36,395.378,228.96,0.21773481475501968,0.014131896051998605,405.395,399.666,True,2007-09-27
2774,5.36,395.615,229.49,0.21774044077907206,0.014090970774374267,405.295,399.584,True,2007-09-27
2775,5.36,395.578,229.58,0.21771977766599862,0.014042865878918231,405.544,399.849,True,2007-09-27
2776,5.34,403.505,254.47,0.21575661599466348,0.014911263885142412,411.501,405.365,True,2007-09-27
2777,5.35,406.822,254.96,0.2158806602652543,0.01409992289674733,411.137,405.34,True,2007-09-27
2778,4.18,389.784,282.59,0.22069086891629341,0.011182690506421289,384.344,380.046,True,2007-09-28
2779,4.19,382.219,275.59,0.18241858908404307,0.008573854885330245,379.176,375.925,True,2007-09-28
2780,4.2,385.27,278.04,0.17697735996206662,0.007659162049952095,381.765,378.841,True,2007-09-28
2781,4.22,391.549,284.29,0.17565105443067036,0.007779077282939917,389.892,386.859,False,
2782,4.2,396.536,289.25,0.20311719578943688,0.007084966860638753,398.167,395.346,False,
2783,4.2,396.564,289.32,0.20314791905796353,0.007022528310979048,398.432,395.634,False,
2784,3.53,370.272,270.74,0.20735964488271816,0.0062231158515353435,381.963,379.586,True,2007-09-29
2785,3.53,369.912,269.97,0.20506611793426407,0.006476391492221567,380.922,378.455,True,2007-09-29
2786,3.53,367.721,268.09,0.19577512294701557,0.005656046420934424,382.069,379.908,True,2007-09-29
2787,4.92,407.255,275.26,0.19999364067332603,0.00888025933843517,413.051,409.383,True,2007-09-28
2788,4.9,403.715,273.52,0.18989469050026503,0.00711078301723056,409.097,406.188,True,2007-09-28
2789,4.91,402.677,271.97,0.19541157089632688,0.007329765820609735,407.38,404.394,True,2007-09-28
2790,4.91,402.703,272.0,0.195531910976285,0.007247549813108822,407.724,404.769,True,2007-09-28
2791,4.91,396.641,260.78,0.19560872600871698,0.00799597625006121,407.58,404.321,True,2007-09-28
2792,4.92,385.543,250.68,0.16575483821154524,0.015193920401923355,394.105,388.117,True,2007-09-28
2793,3.8,367.743,286.49,0.175592003858537,0.006666842410502416,379.34,376.811,True,2007-09-28
2794,3.8,368.474,286.92,0.17578346524945226,0.006903886603134679,378.917,376.301,True,2007-09-28
2795,3.79,367.951,286.3,0.1742796046372998,0.007288753734755349,376.196,373.454,True,2007-09-28
2796,3.78,377.566,296.29,0.215444386064451,0.01032550829661305,372.863,369.013,True,2007-09-28
2797,3.78,377.5,296.27,0.21553326876763007,0.010337385896009521,373.015,369.159,True,2007-09-28
2798,3.77,387.556,306.13,0.2145299672224975,0.010428425101383754,382.704,378.713,False,
2799,3.89,382.91,270.66,0.21495430355985767,0.010126802428535364,379.488,375.645,False,
2800,3.21,356.314,253.17,0.2199248506034751,0.009241857726108416,354.907,351.627,True,2007-09-29
2801,4.14,382.131,243.66,0.20689481405814308,0.009422748259061753,392.03,388.336,True,2007-09-28
2802,4.14,379.617,243.04,0.20692288666832118,0.009920240045314666,391.926,388.038,True,2007-09-28
2803,4.12,361.726,225.47,0.20884989656332842,0.009956582332761643,373.12,369.405,True,2007-09-24
2804,4.13,362.621,225.67,0.202964383552332,0.009479279745440938,374.923,371.369,True,2007-09-24
2805,4.13,362.375,225.62,0.20298426686760945,0.009437127534363987,375.538,371.994,True,2007-09-24
2806,4.12,362.131,225.24,0.20284925441759552,0.009485008084268554,374.802,371.247,True,2007-09-24
2807,4.11,367.143,229.0,0.24911118921492445,0.014010484364761266,372.364,367.147,True,2007-09-24
2808,4.11,366.815,228.95,0.2465947925107952,0.014231532251769319,371.499,366.212,True,2007-09-24
2809,4.11,366.672,228.48,0.24005107380633622,0.012524274198109753,371.279,366.629,True,2007-09-24
2810,4.1,367.238,214.83,0.2410937760801108,0.011341870629605566,372.249,368.027,True,2007-09-27
2811,3.23,340.247,232.7,0.24449365395953618,0.008288677281313883,337.207,334.412,True,2007-09-26
2812,3.23,340.188,232.69,0.24448859965493006,0.00825497241913431,337.009,334.227,True,2007-09-26
2813,3.88,380.144,262.92,0.24054258221087663,0.008842533060278601,377.946,374.604,True,2007-09-28
2814,3.88,375.734,259.34,0.2091875956261214,0.010216486462551466,372.633,368.826,True,2007-09-28
2815,4.11,365.935,239.77,0.1525586003660415,0.0161272282791054,375.514,369.458,True,2007-09-28
2816,4.16,361.73,221.76,0.15672717353932591,0.010838567077279704,370.99,366.969,True,2007-09-28
2817,4.16,363.472,223.35,0.15169285196220406,0.00953522497003445,372.094,368.546,True,2007-09-28
2818,4.12,350.4,210.42,0.15224362137916478,0.009391206187410517,357.888,354.527,True,2007-09-26
2819,4.12,350.537,210.86,0.15432071324163768,0.008667010463626723,360.678,357.552,True,2007-09-26
2820,3.2,323.66,223.04,0.15960605987697982,0.004946439467558683,353.992,352.241,True,2007-09-25
2821,3.2,332.344,230.72,0.1845284667624082,0.005204164454966853,356.061,354.208,True,2007-09-25
2822,3.85,375.593,265.09,0.1804494739988483,0.006537613381043528,384.544,382.03,True,2007-09-28
2823,3.85,375.64,265.15,0.18052285088296305,0.00656655770157466,383.915,381.394,True,2007-09-28
2824,3.87,382.872,271.84,0.22577888491178044,0.008950990177023721,380.74,377.332,True,2007-09-28
2825,3.87,382.996,272.37,0.23199038663961238,0.010291216743321119,380.713,376.795,True,2007-09-28
2826,3.87,382.645,272.47,0.23198002232131273,0.010225400304318066,380.523,376.632,True,2007-09-28
2827,3.87,382.796,272.54,0.23192398643191697,0.01024010928387542,380.66,376.762,True,2007-09-28
2828,3.87,384.117,272.29,0.23187910880723753,0.009909445901415403,380.546,376.775,True,2007-09-28
2829,3.23,345.239,238.36,0.1908169282083532,0.008408422320539288,345.368,342.464,True,2007-09-28
2830,4.13,370.886,228.58,0.18576029237036779,0.010095846990988533,369.756,366.023,True,2007-09-28
2831,4.13,374.293,230.65,0.22467197726668692,0.014269674445218095,370.506,365.219,True,2007-09-28
2832,4.08,357.198,214.25,0.22646254036413666,0.014268326245038376,352.459,347.43,True,2007-09-25
2833,4.08,357.181,214.25,0.22637394266426047,0.014188261200213437,352.404,347.404,True,2007-09-25
2834,4.08,357.1,214.14,0.2263339528015196,0.014292196007259395,352.64,347.6,True,2007-09-25
2835,4.08,360.594,216.69,0.26518640645614994,0.015294568804565922,357.251,351.787,True,2007-09-25
2836,4.09,355.079,203.88,0.2651736919976211,0.017321671808440686,357.529,351.336,True,2007-09-25
2837,4.08,353.288,216.0,0.26535520630787396,0.018503965943204692,353.762,347.216,True,2007-09-19
2838,4.08,354.406,216.91,0.2619509054631873,0.018567452248878347,354.599,348.015,True,2007-09-19
2839,4.08,354.487,216.75,0.2619425507725189,0.01860625133949223,354.612,348.014,True,2007-09-19
2840,4.08,354.748,216.45,0.25752588806869664,0.01620073824010526,355.169,349.415,True,2007-09-19
2841,4.92,395.151,247.3,0.2509894262055656,0.01723104473157322,402.065,395.137,True,2007-09-26
2842,4.92,395.479,247.35,0.2535116263725128,0.016790520983182122,402.489,395.731,True,2007-09-26
2843,5.77,385.771,220.09,0.15244294108380005,0.025171745773428955,396.953,386.961,True,2007-09-27
2844,5.77,386.087,220.29,0.15219657549886376,0.025123781379555288,397.273,387.292,True,2007-09-27
2845,5.76,386.03,220.21,0.1523447458202744,0.025468202555894548,396.73,386.626,True,2007-09-27
2846,5.76,384.016,218.52,0.15794897618352033,0.030543485106115043,396.975,384.85,True,2007-09-27
2847,5.75,384.029,218.59,0.1580567544849939,0.03054882491912725,396.611,384.495,True,2007-09-27
2848,5.83,377.457,211.68,0.1568864162101933,0.03205794742737733,398.154,385.39,True,2007-09-29
2849,5.84,376.496,210.59,0.15532753127803925,0.03622138000110742,397.362,382.969,True,2007-09-29
2850,5.84,389.154,222.35,0.1839120410812678,0.012197561463512252,409.918,404.918,True,2007-09-29
2851,5.83,385.883,219.3,0.176599325343321,0.012568518618841895,406.094,400.99,True,2007-09-29
2852,4.55,392.343,275.62,0.1831035636991586,0.008121284639570292,392.795,389.605,False,
2853,4.49,399.096,296.21,0.1819162732325588,0.008464840679605623,396.936,393.576,False,
2854,3.8,373.848,277.95,0.1866309624347999,0.006154991268500831,384.241,381.876,True,2007-09-28
2855,3.8,374.976,279.19,0.18661596769445088,0.005932329240364798,383.829,381.552,True,2007-09-28
2856,3.78,381.627,286.43,0.23021537737200623,0.010004299237478809,379.137,375.344,True,2007-09-29
2857,4.46,381.687,234.46,0.21932675316969585,0.017435009561217685,386.98,380.233,True,2007-09-27
2858,3.42,357.365,262.27,0.2260378218919931,0.013137204164095584,351.673,347.053,True,2007-09-27
2859,3.42,333.312,238.51,0.23077607592315016,0.013512338702666549,322.076,317.724,True,2007-09-17
2860,3.42,333.038,238.26,0.23047279364028286,0.01340287803287854,322.095,317.778,True,2007-09-17
2861,3.42,332.41,238.02,0.23062909242895382,0.01336194163284965,321.585,317.288,True,2007-09-17
2862,3.42,332.803,238.14,0.22812598704820738,0.012032383451758943,323.128,319.24,True,2007-09-17
2863,3.43,332.929,238.24,0.22822346834352766,0.012022827605821962,323.468,319.579,True,2007-09-17
2864,3.43,336.964,241.82,0.2644190742677294,0.011087318726907713,328.303,324.663,True,2007-09-17
2865,3.47,338.921,230.61,0.26394414959640033,0.01157881967610841,329.74,325.922,True,2007-09-17
2866,3.47,338.565,230.44,0.261902357073816,0.011881915681820954,329.324,325.411,True,2007-09-17
2867,3.48,336.148,227.57,0.21235320240572395,0.008008486605208476,334.645,331.965,True,2007-09-17
2868,4.18,381.09,263.59,0.2043834909937677,0.00943386304597027,380.332,376.744,True,2007-09-26
2869,4.17,380.412,263.21,0.2096292587945848,0.0094284701162749,377.898,374.335,True,2007-09-26
2870,4.23,377.472,247.98,0.21198811438168927,0.009292006005128362,376.345,372.848,True,2007-09-27
2871,4.88,389.28,228.71,0.22801996835364785,0.015261992102150845,399.096,393.005,True,2007-09-27
2872,4.88,381.593,224.46,0.18394324266240308,0.00969526284653921,395.554,391.719,True,2007-09-27
2873,4.89,383.51,239.15,0.181890627032368,0.010714022135525969,392.943,388.733,True,2007-09-26
2874,4.88,383.534,239.47,0.18403169215915602,0.009753001802350614,393.93,390.088,True,2007-09-26
2875,3.78,365.103,269.06,0.1905429444643735,0.0067174505931508754,372.165,369.665,True,2007-09-26
2876,3.78,364.839,268.92,0.1902647207223052,0.006633792657780635,372.939,370.465,True,2007-09-26
2877,3.79,365.978,270.6,0.19035570071345834,0.006409913142196189,373.484,371.09,True,2007-09-26
2878,4.49,399.869,297.87,0.18558737594292107,0.007763858109839705,397.998,394.908,True,2007-09-29
2879,4.5,403.009,301.24,0.19367450270362332,0.008714499364204764,401.859,398.357,True,2007-09-29
2880,4.48,403.577,301.73,0.18858065127410828,0.008679693243001663,402.664,399.169,True,2007-09-29
2881,4.48,404.304,302.06,0.1885204277096422,0.008641323084783603,403.179,399.695,True,2007-09-29
2882,4.49,393.408,291.16,0.15827244385741454,0.01169196061818012,388.301,383.761,True,2007-09-29
2883,4.5,394.672,292.04,0.15723427899544423,0.012822022142941258,390.734,385.724,False,
2884,4.48,394.652,292.36,0.15758103711941948,0.012075086195888152,391.55,386.822,False,
2885,3.8,377.936,270.35,0.20500391140875515,0.008021934729900981,378.213,375.179,True,2007-09-28
2886,3.8,379.146,271.59,0.2124347032577126,0.009148928321097816,379.498,376.026,True,2007-09-28
2887,3.79,379.809,283.3,0.21094218427038386,0.009497882637628519,380.19,376.579,True,2007-09-29
2888,3.79,379.957,283.44,0.21099034074046144,0.009430909707917934,380.133,376.548,True,2007-09-29
2889,3.76,357.28,260.68,0.2143390991491845,0.008945430045887659,353.253,350.093,True,2007-09-21
2890,4.87,379.459,233.85,0.20813625856550236,0.013013239915511843,388.22,383.168,True,2007-09-22
2891,4.87,379.603,234.04,0.20812977119066184,0.013016973618074301,387.955,382.905,True,2007-09-22
2892,4.87,379.316,234.06,0.20807548065013126,0.012959430898499935,387.98,382.952,True,2007-09-22
2893,4.87,380.452,234.46,0.2081354298606013,0.012750197167997412,387.994,383.047,True,2007-09-22
2894,4.84,383.178,236.76,0.25737996758084547,0.018377955712856275,388.781,381.636,True,2007-09-22
2895,5.73,415.477,261.09,0.2525040926746564,0.018381376546764305,425.485,417.664,True,2007-09-27
2896,5.7,408.299,255.59,0.2105299475517052,0.018682482218357777,414.613,406.867,True,2007-09-27
2897,5.71,406.492,253.58,0.2062900719556695,0.019375750822430038,413.713,405.697,True,2007-09-27
2898,5.71,403.207,251.01,0.20837314743480873,0.021496774508249605,410.015,401.201,True,2007-09-27
2899,5.84,375.897,195.86,0.18605704732763062,0.016893605693649838,398.198,391.471,False,
2900,4.92,376.173,206.64,0.1930692003168242,0.014147885149737638,388.68,383.181,False,
2901,4.92,377.838,207.2,0.1932150502481635,0.013805914468166036,388.674,383.308,False,
2902,4.92,377.352,207.08,0.1934501106653094,0.013790581928570078,388.381,383.025,False,
2903,4.92,377.477,208.16,0.19672088321340947,0.015191742689697363,388.698,382.793,False,
2904,4.85,380.962,212.11,0.19783593903697197,0.015131519479345545,387.205,381.346,True,2007-09-28
2905,4.85,381.997,212.64,0.20118852793647543,0.014775020242394743,389.035,383.287,True,2007-09-27
2906,4.86,371.046,203.65,0.16508567515721492,0.012323110105739388,380.18,375.495,True,2007-09-27
2907,4.86,380.952,212.34,0.1967982309892771,0.01076272177614146,393.302,389.069,True,2007-09-27
2908,4.86,381.938,213.36,0.19199556345823038,0.01113664351822452,393.835,389.449,True,2007-09-27
2909,4.86,382.023,213.69,0.1919893010290871,0.011051013263245646,394.172,389.816,True,2007-09-27
2910,3.87,368.323,244.3,0.19544117683057996,0.007761952495564106,373.102,370.206,True,2007-09-28
2911,3.82,371.101,257.67,0.1932092122314547,0.007872408124304009,377.14,374.171,True,2007-09-27
2912,3.82,370.985,257.52,0.1932678652211718,0.007875417011963148,376.488,373.523,True,2007-09-27
2913,5.29,403.521,262.35,0.19271977861391326,0.013411750291000502,408.075,402.602,True,2007-09-27
2914,4.5,371.068,237.86,0.19919358532496695,0.012491987179487074,374.4,369.723,True,2007-09-22
2915,4.51,370.267,237.14,0.19299585661357077,0.011124799042381506,372.591,368.446,True,2007-09-22
2916,4.52,369.57,236.26,0.1910121432740536,0.011326010760249083,371.181,366.977,True,2007-09-22
2917,4.52,371.347,237.82,0.18603472857781211,0.011120147517091006,372.567,368.424,True,2007-09-22
2918,4.52,369.346,236.44,0.18604680190253342,0.011657115312516786,373.42,369.067,True,2007-09-22
2919,4.5,371.611,222.76,0.1869257248887222,0.010970171203565582,377.387,373.247,True,2007-09-25
2920,3.52,347.052,240.88,0.1929383642060264,0.008333453439603455,346.915,344.024,True,2007-09-24
2921,3.52,347.142,240.5,0.19292731627222662,0.008363904847603965,346.728,343.828,True,2007-09-24
2922,3.52,347.081,240.41,0.19291664659262606,0.00834417335575377,346.709,343.816,True,2007-09-24
2923,3.52,351.837,245.16,0.2212357524719891,0.007520295686294642,351.183,348.542,True,2007-09-24
2924,3.52,353.37,246.59,0.27482857059084925,0.011866902068584761,347.774,343.647,True,2007-09-24
2925,3.53,373.948,266.91,0.2727934177945891,0.012010902826269154,370.913,366.458,True,2007-09-29
2926,3.53,374.044,266.99,0.2727467530925437,0.01205825912589742,371.032,366.558,True,2007-09-29
2927,4.59,393.15,259.94,0.21479506573565754,0.0075113608699179935,394.336,391.374,True,2007-09-28
2928,4.59,392.891,259.97,0.2148295477568872,0.007470061473436651,394.642,391.694,True,2007-09-28
2929,4.59,392.891,259.28,0.21483265364776488,0.007575757575757458,394.284,391.297,True,2007-09-28
2930,3.86,362.36,237.62,0.21898639383881421,0.0067180732488481,361.562,359.133,True,2007-09-26
2931,3.86,362.513,237.55,0.21897679458131106,0.006719117105798533,361.357,358.929,True,2007-09-26
2932,3.87,358.171,233.94,0.19125331175459453,0.0081724518753582,357.665,354.742,True,2007-09-26
2933,3.78,356.164,256.1,0.19047314964503692,0.007692286057415121,355.551,352.816,True,2007-09-23
2934,3.79,378.001,277.72,0.1884391410800066,0.007977442005576374,379.821,376.791,True,2007-09-28
2935,3.79,377.816,277.56,0.18860922571820826,0.007911651464817537,378.682,375.686,True,2007-09-28
2936,3.8,378.339,278.12,0.19532548267455987,0.008945985802707335,378.382,374.997,True,2007-09-28
2937,4.93,396.873,243.33,0.1897021942285879,0.012298966287720536,407.27,402.261,True,2007-09-28
2938,4.93,395.199,242.4,0.1945543517582351,0.012654568098923513,404.676,399.555,True,2007-09-28
2939,4.92,394.381,241.41,0.19172640420424583,0.013238949127376443,402.751,397.419,True,2007-09-28
2940,4.91,399.121,245.31,0.23647263146397315,0.018020957797345916,407.581,400.236,True,2007-09-28
2941,3.5,347.51,248.05,0.21654168434347074,0.010169452060376338,343.578,340.084,True,2007-09-22
2942,3.49,351.74,252.17,0.2486210713954857,0.008847719411613553,346.643,343.576,True,2007-09-22
2943,3.5,345.944,246.22,0.20218747761326794,0.006067782814637268,353.836,351.689,True,2007-09-22
2944,3.55,348.768,237.71,0.2025338737319049,0.006118429323759944,357.935,355.745,True,2007-09-26
2945,3.55,348.522,237.07,0.2024943082358787,0.006143991087592338,359.05,356.844,True,2007-09-26
2946,4.22,383.315,263.03,0.1982058106618138,0.007366991334166406,387.268,384.415,True,2007-09-28
2947,4.22,383.457,263.48,0.19989376211914872,0.007063605942496887,388.187,385.445,True,2007-09-28
2948,5.35,394.259,228.36,0.1964618015422677,0.009408174162670035,408.262,404.421,True,2007-09-27
2949,5.42,386.648,220.43,0.19494530051553935,0.009364004481748567,406.984,403.173,False,
2950,5.41,388.339,220.49,0.2045692589260509,0.011637423594845653,406.877,402.142,False,
2951,5.43,387.834,220.46,0.2097971317900673,0.01116648481810234,406.932,402.388,False,
2952,5.41,392.81,233.88,0.20980756680550824,0.010319406689516586,406.128,401.937,False,
2953,5.41,392.77,233.92,0.20978980509958656,0.010223703372618687,407.191,403.028,False,
2954,5.41,392.75,233.99,0.2098023441212892,0.010337371305010334,406.97,402.763,False,
2955,3.46,378.918,300.43,0.2770048295822156,0.010361568386351272,377.356,373.446,False,
2956,3.46,360.433,282.07,0.2786124928550798,0.010160408322285375,356.777,353.152,True,2007-09-26
2957,4.1,399.933,315.9,0.2740751660229281,0.01078612623836983,398.104,393.81,True,2007-09-29
2958,4.16,404.003,301.76,0.2735680269290129,0.010832002758599968,400.203,395.868,True,2007-09-29
2959,4.17,399.711,297.47,0.21931650331116342,0.008073893402410826,396.463,393.262,True,2007-09-29
2960,4.15,400.201,298.75,0.22766442307973436,0.009165105194984813,397.595,393.951,True,2007-09-29
2961,5.31,420.143,284.34,0.22255823471315495,0.012218159658744732,426.66,421.447,True,2007-09-28
2962,5.31,420.035,284.6,0.22258557751235358,0.012163476752499403,426.605,421.416,True,2007-09-28
2963,5.28,419.187,284.53,0.22278630841717023,0.0120784973156286,425.798,420.655,True,2007-09-28
2964,5.28,419.272,284.45,0.2228854100567847,0.012034882354323817,425.43,420.31,True,2007-09-28
2965,5.38,408.413,256.7,0.22484267149929318,0.011838019717205439,415.779,410.857,True,2007-09-28
2966,5.39,409.262,257.64,0.2272985152707847,0.010976985288823848,416.69,412.116,True,2007-09-28
2967,5.39,402.835,252.07,0.195657722018304,0.011811100961585663,407.244,402.434,True,2007-09-28
2968,5.39,404.635,253.93,0.19106866092470146,0.011110569422776884,410.24,405.682,True,2007-09-28
2969,3.5,331.467,219.64,0.1886536844861125,0.006572861242214789,339.426,337.195,True,2007-09-19
2970,3.5,331.411,219.53,0.18835493834381678,0.0065673804398084235,339.557,337.327,True,2007-09-20
2971,3.5,331.468,219.26,0.1883466178389038,0.006573316745634772,340.011,337.776,True,2007-09-20
2972,4.45,356.278,204.07,0.18191875895469273,0.009214513545664604,363.991,360.637,True,2007-09-22
2973,4.43,350.984,210.78,0.18211671769869334,0.009680157228536879,354.643,351.21,True,2007-09-16
2974,5.32,385.518,237.53,0.17136466282869872,0.013721838512354867,392.513,387.127,True,2007-09-25
2975,5.32,385.405,237.41,0.17136504334018238,0.013735878675749325,392.403,387.013,True,2007-09-25
2976,5.34,397.368,238.34,0.2026834067186117,0.009858699328049836,408.066,404.043,True,2007-09-24
2977,5.4,411.0,252.12,0.20071049935443375,0.009912909354250043,425.304,421.088,True,2007-09-28
2978,5.34,406.675,258.11,0.1909341903940379,0.008398660213727815,420.067,416.539,True,2007-09-28
2979,5.32,414.636,263.24,0.241029445789104,0.013400444655368826,427.747,422.015,True,2007-09-28
2980,5.31,415.645,264.71,0.23646295883941693,0.013480046030564075,428.411,422.636,True,2007-09-28
2981,5.3,415.321,264.03,0.23430245942431205,0.01395281395000747,427.584,421.618,True,2007-09-28
2982,5.3,414.367,263.47,0.23429286991027842,0.014303847475495957,427.787,421.668,True,2007-09-28
2983,4.98,397.604,240.5,0.2127442001349921,0.015471379679832586,404.101,397.849,True,2007-09-28
2984,4.94,392.761,235.57,0.21330929891603473,0.015610336061115837,395.315,389.144,True,2007-09-27
2985,4.93,385.633,229.91,0.16939011594865422,0.012164006408354688,387.619,382.904,True,2007-09-27
2986,4.92,382.427,244.7,0.16512556817800067,0.01326717917961584,385.161,380.051,True,2007-09-25
2987,4.91,380.059,242.96,0.16515608269678575,0.013766984692671569,384.979,379.679,True,2007-09-25
2988,4.91,380.094,243.34,0.16507538905131583,0.013785784528680733,385.397,380.084,True,2007-09-25
2989,4.88,381.657,245.46,0.1718542107657479,0.014441593447891532,385.83,380.258,True,2007-09-25
2990,4.88,381.519,245.3,0.1719277152571748,0.014548435550274852,385.471,379.863,True,2007-09-25
2991,4.88,390.445,254.13,0.20618321917554097,0.013748248949369546,399.76,394.264,True,2007-09-25
2992,4.1,348.86,220.04,0.21458460248301114,0.012475078004438145,355.108,350.678,True,2007-09-16
2993,3.14,320.434,245.59,0.22037284002402052,0.00766355140186914,315.65,313.231,True,2007-09-14
2994,3.14,320.397,245.53,0.22028613156682375,0.007716064047132543,315.705,313.269,True,2007-09-14
2995,3.13,319.677,244.95,0.22541639999945007,0.008111627196235816,314.117,311.569,True,2007-09-14
2996,3.14,320.44,245.56,0.22793674812491474,0.007470884128486399,315.893,313.533,True,2007-09-14
2997,5.36,400.567,251.79,0.1849981664000987,0.013710484787809896,412.531,406.875,True,2007-09-29
2998,5.36,399.503,250.82,0.18618487834104586,0.01352172255628925,406.605,401.107,True,2007-09-27
2999,5.36,399.525,250.83,0.18611665596689544,0.013541069658410843,406.541,401.036,True,2007-09-27
3000,5.31,405.713,256.32,0.23187030226898603,0.018029593602168048,413.265,405.814,True,2007-09-27
3001,5.33,406.243,256.58,0.23477606757536473,0.017715756136183702,414.264,406.925,True,2007-09-27
3002,5.32,409.404,258.92,0.27361568544846737,0.019475958619540212,420.005,411.825,True,2007-09-27
3003,4.5,377.028,234.76,0.277595494149112,0.019023253258830808,382.269,374.997,True,2007-09-23
3004,4.5,377.035,234.5,0.2775903300113925,0.019063413051950917,382.303,375.015,True,2007-09-23
3005,4.48,376.171,218.24,0.2784630258493401,0.017455505318453746,382.63,375.951,True,2007-09-27
3006,4.48,381.457,231.71,0.27846591628030204,0.015155239868610892,382.376,376.581,True,2007-09-27
3007,4.49,380.888,231.37,0.2824620987533761,0.015043148843862486,381.702,375.96,True,2007-09-27
3008,3.54,355.01,241.47,0.28599971132898244,0.011574340004135819,348.184,344.154,True,2007-09-26
3009,3.54,354.996,241.12,0.2806530554889964,0.010266999422750445,348.203,344.628,True,2007-09-26
3010,3.54,354.972,241.09,0.28072085766105204,0.010217770360135492,348.119,344.562,True,2007-09-26
3011,4.12,366.83,237.4,0.21542939289086213,0.012673810103486005,365.557,360.924,True,2007-09-24
3012,4.12,366.763,237.43,0.21549282360224986,0.012667234033237329,365.431,360.802,True,2007-09-24
3013,4.1,368.331,224.19,0.21695864469856446,0.011399099539394553,366.257,362.082,True,2007-09-27
3014,4.16,375.309,230.79,0.2162319361275058,0.011435466728465626,375.411,371.118,True,2007-09-28
3015,4.17,379.711,233.99,0.2484504583731732,0.010484463573378178,381.04,377.045,True,2007-09-28
3016,4.17,379.628,234.14,0.24842436017427458,0.010510194967925601,380.678,376.677,True,2007-09-28
3017,4.17,373.262,230.47,0.20320421844287206,0.007917264063422302,379.424,376.42,True,2007-09-28
3018,4.17,373.664,230.9,0.2049346578335738,0.007538072403435847,379.54,376.679,True,2007-09-28
3019,4.17,374.799,231.55,0.1990175971056153,0.007191204684256269,381.021,378.281,True,2007-09-28
3020,4.17,375.893,232.86,0.20840044888670514,0.008487156487848813,381.282,378.046,True,2007-09-29
3021,4.17,375.745,232.93,0.20839669852870288,0.008478918313885586,380.591,377.364,True,2007-09-29
3022,4.17,371.365,220.47,0.208304435832753,0.009279799457738713,381.366,377.827,True,2007-09-29
3023,3.24,353.288,246.39,0.21167515008601867,0.006338033995912595,362.573,360.275,True,2007-09-29
3024,3.92,377.335,260.79,0.2074802139928995,0.0075641018908940705,380.878,377.997,False,
3025,5.37,392.967,237.08,0.18839546360150847,0.01617315778317807,405.734,399.172,True,2007-09-29
3026,5.36,393.921,238.17,0.19200177833565682,0.017461599455997456,407.351,400.238,True,2007-09-29
3027,5.38,376.025,201.16,0.19631346479970557,0.016088478999979672,392.952,386.63,False,
3028,4.2,378.969,262.16,0.20378058707679803,0.010910774289841885,375.867,371.766,False,
3029,4.2,379.117,261.86,0.20378436682178194,0.011021356703750262,376.088,371.943,False,
3030,4.2,380.424,262.46,0.19942416420903547,0.01094061263203494,378.498,374.357,False,
3031,3.49,360.813,252.17,0.2041541756339056,0.010219658110064755,356.372,352.73,True,2007-09-29
3032,3.49,360.796,252.22,0.20429824920482367,0.01023982678397628,356.549,352.898,True,2007-09-29
3033,3.53,360.982,240.71,0.204596514925716,0.01071179724817617,357.363,353.535,True,2007-09-28
3034,3.52,365.259,244.41,0.23746106766176064,0.0101944762667181,362.255,358.562,True,2007-09-28
3035,3.52,365.312,244.49,0.23747342621054404,0.0102356746127098,362.067,358.361,True,2007-09-28
3036,3.53,352.774,232.26,0.23812353915610837,0.00993983782369856,347.893,344.435,True,2007-09-27
3037,3.52,352.136,231.56,0.23568304923342007,0.010426259324062936,347.488,343.865,True,2007-09-27
3038,3.53,346.943,228.0,0.19433410229882497,0.00686587179949516,354.944,352.507,True,2007-09-27
3039,4.52,386.593,279.7,0.15623718708737455,0.02033592794133443,381.689,373.927,False,
3040,4.52,396.076,288.54,0.18349853772361863,0.007983805504716557,396.678,393.511,False,
3041,5.8,395.228,236.52,0.17628087804315123,0.013676545925564443,411.873,406.24,True,2007-09-28
3042,5.82,375.502,198.72,0.1801339069737026,0.011154546910663532,399.568,395.111,False,
3043,5.82,375.596,198.83,0.1784829920789088,0.012102666239641291,399.664,394.827,False,
3044,4.89,374.643,208.9,0.18441331281444848,0.00910968955977931,391.122,387.559,True,2007-09-28
3045,4.89,375.087,208.93,0.18421213970572856,0.009139001763397991,391.29,387.714,True,2007-09-28
3046,4.9,375.611,208.83,0.18437283092043458,0.009038413897551001,391.551,388.012,True,2007-09-28
3047,4.9,377.72,209.49,0.18447967619746458,0.00870493092216118,391.732,388.322,True,2007-09-28
3048,4.9,381.728,211.61,0.1922360968942076,0.009791766498568832,394.413,390.551,True,2007-09-28
3049,4.89,381.751,211.41,0.19229167503384692,0.009736104339346574,393.792,389.958,True,2007-09-28
3050,4.89,386.345,214.03,0.23385595303035014,0.014849351663999477,396.785,390.893,True,2007-09-28
3051,4.89,387.713,214.62,0.22949258873433168,0.014847040776552523,397.655,391.751,True,2007-09-28
3052,4.85,382.376,209.87,0.23014468163936538,0.014709823038947967,388.108,382.399,True,2007-09-27
3053,4.2,382.121,275.66,0.15478803905275929,0.011412389909100873,375.031,370.751,True,2007-09-29
3054,4.2,381.519,275.03,0.15492481664371915,0.011096165883151987,375.445,371.279,True,2007-09-29
3055,4.21,383.072,276.3,0.1600258106538937,0.010838982220892857,377.803,373.708,True,2007-09-29
3056,5.37,390.407,242.49,0.15226213516243542,0.0270059425114072,398.653,387.887,True,2007-09-28
3057,5.37,391.931,243.89,0.15463977954766803,0.023384057482373932,400.401,391.038,True,2007-09-28
3058,5.35,403.785,254.66,0.19144935653445222,0.016697718991861565,411.134,404.269,True,2007-09-28
3059,5.33,411.245,261.04,0.23026394733409628,0.016392315153642367,421.661,414.749,True,2007-09-28
3060,5.33,405.468,254.81,0.2292598370280566,0.016295500616695602,420.791,413.934,False,
3061,5.33,405.743,254.82,0.22925493184730245,0.01635675012949478,420.866,413.982,False,
3062,5.32,404.783,254.03,0.23288191099381905,0.016215314596165986,419.665,412.86,False,
3063,4.53,395.676,252.22,0.23610295917249205,0.01598500282059301,405.943,399.454,True,2007-09-29
3064,4.58,380.144,222.27,0.23899296434569847,0.015146204366302762,390.857,384.937,False,
3065,4.58,379.907,221.87,0.23908719276029716,0.01516497185841914,390.703,384.778,False,
3066,4.58,385.505,234.86,0.23912934936775496,0.013687392165961265,390.067,384.728,False,
3067,4.45,356.563,208.39,0.18043654105667728,0.012926381314228852,356.635,352.025,True,2007-09-19
3068,4.45,356.513,208.14,0.18038154604656192,0.012845227791328906,355.852,351.281,True,2007-09-19
3069,3.47,332.325,223.72,0.18747232523359908,0.008483540597636452,329.933,327.134,True,2007-09-17
3070,3.47,334.735,226.9,0.22780618775402456,0.013346290897311208,324.135,319.809,True,2007-09-17
3071,3.47,334.094,226.11,0.23171540462255452,0.01300161902290109,323.652,319.444,True,2007-09-17
3072,3.43,331.599,236.65,0.23224192852701017,0.012835733688051243,321.758,317.628,True,2007-09-17
3073,3.44,336.923,241.53,0.2692177997202875,0.012297082875625587,327.72,323.69,True,2007-09-17
3074,3.48,340.418,231.87,0.26858493875903267,0.011757580505678322,331.871,327.969,True,2007-09-22
3075,3.48,340.452,232.31,0.26853853901683356,0.011637089190557726,331.784,327.923,True,2007-09-22
3076,3.48,340.279,232.05,0.2643290286709969,0.009938913952149742,331.827,328.529,True,2007-09-22
3077,3.48,360.943,252.44,0.26199360334745125,0.010141371392553222,355.376,351.772,True,2007-09-28
3078,4.18,386.438,268.55,0.2579142013965393,0.010954828591451249,383.849,379.644,True,2007-09-29
3079,4.18,386.387,268.51,0.2579158431338562,0.010896505351823516,383.701,379.52,True,2007-09-29
3080,4.18,386.625,268.52,0.2600114972931473,0.010606269564742088,384.301,380.225,True,2007-09-29
3081,3.86,391.748,287.79,0.257929915294636,0.01182165918833844,389.793,385.185,False,
3082,3.86,391.886,288.0,0.25804356780327725,0.011861620412758733,389.913,385.288,False,
3083,3.86,392.915,288.92,0.2580635940345666,0.01137553106335809,389.784,385.35,False,
3084,4.93,409.178,269.73,0.2538588727940838,0.015624849945740427,416.516,410.008,False,
3085,4.98,392.0,235.62,0.25631467907198885,0.014829758265214932,401.018,395.071,False,
3086,4.98,392.043,235.66,0.25624890389916566,0.014829589368969498,401.09,395.142,False,
3087,4.98,392.082,235.54,0.2562485672318265,0.014838230381476136,401.126,395.174,False,
3088,4.95,398.071,241.98,0.2573925895942776,0.014579407613552253,401.731,395.874,True,2007-09-28
3089,4.95,395.154,240.05,0.21822109737051912,0.0140276275067307,397.43,391.855,True,2007-09-28
3090,4.1,369.284,224.92,0.2237073453224101,0.013731529451668778,365.582,360.562,True,2007-09-27
3091,4.1,369.216,224.63,0.22027919347452712,0.012199662702323755,365.256,360.8,True,2007-09-27
3092,4.1,368.664,223.99,0.22392933916413646,0.012410350643829893,364.615,360.09,True,2007-09-27
3093,4.11,364.097,222.25,0.1813618828069021,0.008410873075029524,363.577,360.519,True,2007-09-27
3094,4.1,363.774,222.09,0.179261977581535,0.008421116592002509,362.066,359.017,True,2007-09-27
3095,4.27,385.47,262.55,0.21028452372816847,0.00945275817425828,386.977,383.319,False,
3096,4.27,384.542,262.9,0.2102770507615335,0.009750202698864396,387.274,383.498,False,
3097,4.27,384.375,263.02,0.21019948109911782,0.009784463067587845,387.451,383.66,False,
3098,4.24,386.901,265.45,0.21091255696234126,0.009586403323493697,385.859,382.16,True,2007-09-29
3099,5.38,393.76,225.99,0.20713529331780314,0.012492448539559775,407.206,402.119,True,2007-09-28
3100,5.38,393.673,226.04,0.20409219457661099,0.012658600560914168,407.549,402.39,True,2007-09-28
3101,5.38,396.426,229.08,0.25333088996720754,0.019200479829133976,410.146,402.271,True,2007-09-28
3102,5.38,396.23,228.55,0.2493558194309764,0.01639816090832591,409.985,403.262,True,2007-09-28
3103,4.52,382.513,224.74,0.2530847070528686,0.014907059651438237,387.937,382.154,True,2007-09-27
3104,4.52,382.662,225.2,0.25305708055877457,0.014848320833011242,387.99,382.229,True,2007-09-27
3105,4.52,382.642,225.22,0.25306034262543353,0.014849162817551997,387.968,382.207,True,2007-09-27
3106,4.52,382.126,224.45,0.25668901822539547,0.014777471852742363,386.805,381.089,True,2007-09-27
3107,4.52,377.642,221.81,0.21946719678896826,0.014366992970238468,380.525,375.058,True,2007-09-27
3108,4.52,381.022,239.27,0.2161937503349261,0.01619306391875286,383.127,376.923,True,2007-09-27
3109,4.56,386.56,235.25,0.21479661368604344,0.015891122312101102,393.616,387.361,True,2007-09-29
3110,5.4,392.958,232.77,0.20875425444073398,0.01726599578565946,406.232,399.218,False,
3111,5.41,393.028,232.88,0.20901222548616455,0.017332131901462988,406.182,399.142,False,
3112,5.4,399.079,237.84,0.24913991274303376,0.017233628773837717,415.989,408.82,False,
3113,5.39,398.543,237.91,0.2526862746339821,0.020748543803683295,415.981,407.35,False,
3114,5.39,398.622,238.06,0.2526549488730013,0.020691014503901206,416.026,407.418,False,
3115,5.38,398.761,238.09,0.255844209943812,0.019721382611160965,416.198,407.99,False,
3116,5.39,395.908,235.56,0.20746493629588572,0.013599899421188333,413.606,407.981,False,
3117,5.39,396.125,236.06,0.20747405277266598,0.013605096650606607,413.448,407.823,False,
3118,5.38,400.567,249.08,0.20784804470263035,0.012410904922434796,412.621,407.5,False,
3119,5.39,400.275,248.73,0.21252302594941053,0.012388924160713022,411.093,406.0,False,
3120,5.33,415.066,280.25,0.2104176170256017,0.0121329355941171,423.393,418.256,False,
3121,5.3,418.136,283.46,0.21151162187054626,0.01227146263910972,422.688,417.501,True,2007-09-28
3122,4.15,397.406,296.87,0.21706052428853498,0.010195978943362771,394.175,390.156,True,2007-09-29
3123,4.1,367.446,214.94,0.24888293447196244,0.010476105923277301,371.703,367.809,True,2007-09-27
3124,4.97,392.477,228.48,0.2454857860870557,0.011767277677447008,402.557,397.82,True,2007-09-28
3125,3.89,380.615,262.61,0.24818602895935685,0.00846102404559057,378.323,375.122,True,2007-09-28
3126,3.88,375.636,258.64,0.21684532053729064,0.00959441544786932,371.883,368.315,True,2007-09-28
3127,3.89,377.096,259.83,0.21210345852323284,0.00942797885863389,373.675,370.152,True,2007-09-28
3128,3.85,382.523,278.24,0.21013939028319806,0.009377560780242655,379.523,375.964,True,2007-09-28
3129,3.86,383.19,278.96,0.21012863383657984,0.00916630637660687,379.324,375.847,True,2007-09-28
3130,3.86,383.053,278.8,0.21018265652919937,0.00916744226515176,379.277,375.8,True,2007-09-28
3131,3.86,383.858,279.35,0.2153532621908901,0.010541927103192017,380.291,376.282,True,2007-09-28
3132,3.86,383.815,279.43,0.215366431436571,0.010557573494020311,380.201,376.187,True,2007-09-28
3133,3.86,378.728,274.15,0.1757507725400934,0.006963073182999491,381.728,379.07,True,2007-09-28
3134,3.87,385.594,280.74,0.17501904627462253,0.00682192669477788,385.375,382.746,False,
3135,3.87,384.522,280.07,0.17519847312438167,0.00677176853336392,384.833,382.227,False,
3136,3.88,383.897,279.73,0.1729131748880611,0.007239927340484731,384.258,381.476,False,
3137,3.41,330.802,239.58,0.21380536202057518,0.005779559312386939,330.302,328.393,True,2007-09-15
3138,3.42,332.934,241.23,0.22218794258406002,0.007020893502350356,331.012,328.688,True,2007-09-15
3139,3.42,333.903,241.98,0.2170195156409007,0.0065841040915505245,331.708,329.524,True,2007-09-15
3140,3.42,332.955,240.7,0.21701732426320458,0.00690239331026532,332.928,330.63,True,2007-09-15
3141,4.43,358.907,228.83,0.2122575692409161,0.0110534248869536,364.231,360.205,True,2007-09-16
3142,4.43,358.923,228.51,0.21227508062941747,0.01109720369173206,363.515,359.481,True,2007-09-16
3143,4.41,361.537,219.47,0.26160858419720384,0.01823305745702175,364.777,358.126,True,2007-09-16
3144,4.44,363.108,208.39,0.26071766721673706,0.01801960454946927,369.098,362.447,True,2007-09-22
3145,4.44,359.785,206.64,0.22246797158240017,0.017095120270006814,364.139,357.914,True,2007-09-22
3146,4.46,379.359,225.72,0.21996863875762016,0.016697098698060797,386.654,380.198,True,2007-09-27
3147,4.46,379.342,225.77,0.2199161139209496,0.016759400984569517,386.768,380.286,True,2007-09-27
3148,5.37,396.968,232.91,0.21467391373658837,0.017586451343504006,411.908,404.664,True,2007-09-28
3149,5.37,397.156,232.7,0.21481429976333538,0.017501639185021456,411.79,404.583,True,2007-09-28
3150,5.37,396.036,232.35,0.21200862062401155,0.01798133391817147,410.37,402.991,True,2007-09-28
3151,5.33,409.839,268.56,0.2129062631305525,0.017688816761253223,411.616,404.335,True,2007-09-28
3152,4.19,395.833,288.31,0.22011052711851467,0.012918248962848322,387.359,382.355,True,2007-09-29
3153,4.19,395.732,288.33,0.21995327191688327,0.012863843466684566,387.598,382.612,True,2007-09-29
3154,4.19,395.721,288.36,0.2200460971874802,0.012941801891077409,387.504,382.489,True,2007-09-29
3155,4.19,400.354,293.1,0.25927491902701577,0.013540115589430357,396.23,390.865,True,2007-09-29
3156,4.2,397.285,289.63,0.21272304337889703,0.010248905610313774,394.969,390.921,True,2007-09-29
3157,4.2,396.614,289.19,0.21274548652718023,0.010431433791477374,395.727,391.599,True,2007-09-29
3158,4.2,395.937,288.93,0.21295358260806646,0.010427573617959873,394.435,390.322,True,2007-09-29
3159,4.2,394.902,287.94,0.20664081108220902,0.009122961992735101,393.951,390.357,True,2007-09-29
3160,4.2,395.219,288.16,0.2086845386712029,0.008588052242928579,394.618,391.229,True,2007-09-29
3161,4.21,396.349,289.07,0.20341982854381638,0.00848159292392825,396.152,392.792,True,2007-09-29
3162,3.51,360.762,260.99,0.20842829118247752,0.007166580233700093,362.516,359.918,True,2007-09-27
3163,3.55,361.734,249.56,0.20990276757502194,0.007334348461693674,361.859,359.205,True,2007-09-27
3164,3.57,368.218,255.76,0.20864939168734203,0.007502923833790698,368.523,365.758,False,
3165,4.17,393.079,275.72,0.23497259569444226,0.01206512283880401,388.558,383.87,True,2007-09-28
3166,4.22,384.815,254.46,0.23738014168321733,0.01160042345345158,381.624,377.197,True,2007-09-28
3167,4.22,384.897,254.46,0.23735825530261748,0.011654199363316131,381.665,377.217,True,2007-09-28
3168,4.22,385.213,254.67,0.24117972452677863,0.013457985018765828,382.078,376.936,True,2007-09-28
3169,4.22,385.251,254.78,0.2412175409840303,0.013483516656108807,382.022,376.871,True,2007-09-28
3170,5.29,392.15,217.42,0.23655757557073984,0.018430694678367776,406.116,398.631,True,2007-09-28
3171,5.3,389.519,214.37,0.19113551817872093,0.011958254099866505,402.818,398.001,True,2007-09-28
3172,5.3,393.363,215.97,0.22304448067784977,0.011880132290863044,406.982,402.147,True,2007-09-28
3173,5.3,392.904,215.7,0.22078894928656045,0.013109152809016256,406.815,401.482,True,2007-09-28
3174,5.38,384.35,206.91,0.21965755920580188,0.013199234898500722,405.175,399.827,False,
3175,5.38,384.446,207.43,0.21984934856515945,0.013232023721274966,404.7,399.345,False,
3176,5.38,382.553,206.92,0.2197696875799866,0.013625745851720161,405.409,399.885,False,
3177,5.39,382.358,206.25,0.22434737700795293,0.013996762552534237,404.022,398.367,False,
3178,4.48,374.665,209.46,0.22932460741137292,0.012477005518675588,387.593,382.757,True,2007-09-28
3179,3.55,353.434,240.94,0.2393831270487028,0.01064436254750667,347.32,343.623,True,2007-09-26
3180,3.55,353.503,241.06,0.2393700275346091,0.010654893134472654,347.446,343.744,True,2007-09-26
3181,3.49,351.069,251.4,0.23880705646597816,0.010824376099032196,343.484,339.766,True,2007-09-23
3182,3.49,346.41,246.55,0.19870174107284874,0.007216751090655116,350.019,347.493,True,2007-09-22
3183,3.49,344.771,245.35,0.19065483822750984,0.005994320275256926,352.834,350.719,True,2007-09-22
3184,4.52,371.657,228.76,0.18450728367532376,0.008968693281319329,376.309,372.934,True,2007-09-23
3185,4.52,370.542,227.39,0.19039270712976672,0.0090156729058124,373.128,369.764,True,2007-09-23
3186,4.52,370.124,227.18,0.19035310611521938,0.009062292864752464,372.643,369.266,True,2007-09-23
3187,4.51,370.495,227.56,0.19195357631148727,0.008851634445366074,374.959,371.64,True,2007-09-23
3188,4.51,367.68,227.44,0.19213905239530124,0.009343709330429384,376.51,372.992,True,2007-09-23
3189,4.51,355.525,216.11,0.16287441060717153,0.01588169497264691,360.289,354.567,True,2007-09-23
3190,4.54,374.369,234.74,0.1601288508630208,0.016699359225840316,382.35,375.965,True,2007-09-28
3191,5.34,383.533,236.94,0.1547958687271711,0.030823760879305828,399.497,387.183,True,2007-09-29
3192,5.34,383.658,237.33,0.1549419357645673,0.030329624039035386,398.818,386.722,True,2007-09-29
3193,5.33,389.132,213.36,0.24071617896101913,0.01785930814668535,404.103,396.886,True,2007-09-29
3194,5.33,389.02,213.25,0.24069402404736487,0.01793828517121565,404.052,396.804,True,2007-09-29
3195,5.33,389.289,213.15,0.24058985543276892,0.01799777811317771,404.161,396.887,True,2007-09-29
3196,5.28,393.153,217.42,0.2419746909446094,0.01799132947976878,401.36,394.139,True,2007-09-27
3197,5.31,401.762,241.22,0.23969442208151542,0.01803214136293163,406.33,399.003,True,2007-09-26
3198,5.33,394.759,235.97,0.1961208253877394,0.01416187215240916,399.241,393.587,True,2007-09-26
3199,5.33,393.13,234.25,0.192822228283559,0.014793764045509916,396.924,391.052,True,2007-09-25
3200,5.33,393.344,234.4,0.19272176555277729,0.014792832328586303,396.949,391.077,True,2007-09-25
3201,5.33,401.521,240.83,0.2269736202444752,0.014261191073550727,408.942,403.11,True,2007-09-26
3202,5.33,400.018,241.06,0.2269047721800117,0.014607905915016484,409.162,403.185,True,2007-09-26
3203,4.44,362.731,212.71,0.23430467246915043,0.013536489846267985,366.417,361.457,True,2007-09-19
3204,4.43,363.526,213.8,0.22933641424408835,0.012921859092666077,367.362,362.615,True,2007-09-19
3205,3.43,337.65,241.88,0.23420503776953963,0.008429480056937333,332.998,330.191,True,2007-09-17
3206,3.44,337.195,241.02,0.22646257820185034,0.006971932887671728,334.484,332.152,True,2007-09-17
3207,3.78,380.498,299.86,0.23997491859499118,0.012609687003385606,376.298,371.553,True,2007-09-29
3208,3.76,379.313,298.91,0.2437427757950464,0.012802637600254796,373.673,368.889,True,2007-09-29
3209,3.76,379.284,298.91,0.24381655065495592,0.012754808477157265,373.663,368.897,True,2007-09-29
3210,3.76,378.405,297.87,0.24390658115371439,0.013221060522898509,373.495,368.557,True,2007-09-29
3211,3.76,388.657,307.89,0.24332750333392492,0.013247862134713517,383.911,378.825,False,
3212,4.87,406.449,269.65,0.23708047995489934,0.018303083367422923,418.017,410.366,False,
3213,4.88,410.416,272.41,0.27700978639800183,0.02037819978035771,424.326,415.679,False,
3214,4.88,409.959,272.07,0.27231397915739797,0.017909989852028407,423.73,416.141,False,
3215,4.09,387.191,257.72,0.2763368207717359,0.016504071004181164,395.357,388.832,True,2007-09-28
3216,4.12,383.977,254.54,0.22295580677974694,0.010559549621514619,394.335,390.171,True,2007-09-28
3217,4.12,383.591,254.47,0.22072098653597214,0.011651480666712288,394.113,389.521,True,2007-09-28
3218,4.12,383.984,254.51,0.22077302095969648,0.01167193709995884,394.022,389.423,True,2007-09-28
3219,4.16,378.136,232.62,0.22290337229650528,0.01099707502609748,387.012,382.756,True,2007-09-28
3220,4.16,378.233,232.6,0.22284061179685097,0.010941292328688568,386.883,382.65,True,2007-09-28
3221,5.81,397.17,238.58,0.16784524286065008,0.016452309482597016,410.763,404.005,True,2007-09-27
3222,5.81,397.347,239.04,0.16808773100691093,0.016604743795133436,410.726,403.906,True,2007-09-27
3223,5.78,382.069,205.11,0.1723832103537351,0.01237315403532413,402.161,397.185,True,2007-09-28
3224,5.77,381.834,205.19,0.17246820525710452,0.012441586601368293,401.235,396.243,True,2007-09-28
3225,5.79,381.377,204.94,0.17027090347908627,0.013640622072325193,400.275,394.815,True,2007-09-28
3226,4.59,383.41,250.53,0.17670919256381706,0.008670520231214063,386.482,383.131,True,2007-09-29
3227,4.59,385.984,253.34,0.17133662388618912,0.008307785376657217,390.116,386.875,True,2007-09-29
3228,4.61,381.51,248.76,0.17060589963854783,0.008717632205043624,390.473,387.069,False,
3229,4.61,388.423,253.06,0.21041461636314848,0.012119411625798993,393.831,389.058,False,
3230,3.87,374.102,247.82,0.21494856186559513,0.01125734291267988,372.468,368.275,False,
3231,3.87,377.985,252.03,0.2478191170510034,0.01025581167082712,376.957,373.091,False,
3232,3.87,377.497,251.48,0.24102636489063176,0.008902116437141117,377.663,374.301,False,
3233,3.87,377.429,251.56,0.2410415479638504,0.008907918827185779,377.417,374.055,False,
3234,3.87,377.623,252.44,0.2410354894505471,0.008747345171460141,377.143,373.844,False,
3235,3.47,366.761,288.45,0.2120263979281319,0.006741815578042876,379.868,377.307,True,2007-09-29
3236,3.54,370.182,262.92,0.2129089877754042,0.007187790283780138,377.863,375.147,True,2007-09-29
3237,3.52,350.609,243.4,0.21526907454247,0.00704088116924384,354.075,351.582,True,2007-09-24
3238,3.52,350.837,243.84,0.21526867047555304,0.006989836293640583,355.087,352.605,True,2007-09-24
3239,4.21,390.07,273.82,0.20978148577346042,0.008455149160139008,389.112,385.822,True,2007-09-28
3240,4.21,394.267,278.57,0.2526537229003378,0.011071819698473928,390.812,386.485,True,2007-09-28
3241,4.2,394.681,278.76,0.25560421538118305,0.01053191271805154,391.192,387.072,True,2007-09-28
3242,4.21,395.894,279.97,0.2515299480485373,0.01037766864348666,392.381,388.309,True,2007-09-28
3243,5.37,408.982,246.42,0.24904645313327023,0.014989735029451778,416.952,410.702,True,2007-09-27
3244,5.38,405.868,244.67,0.21301261801083365,0.014947458301394434,412.244,406.082,True,2007-09-27
3245,5.37,405.49,243.92,0.2076945135080982,0.013023565295100403,411.792,406.429,True,2007-09-27
3246,5.37,405.245,243.81,0.20777223393388974,0.012923172576935427,411.741,406.42,True,2007-09-27
3247,5.37,405.054,243.36,0.20773682677030741,0.012969510359095882,411.812,406.471,True,2007-09-27
3248,5.37,402.609,243.31,0.20767753734892236,0.013634609924947694,412.113,406.494,True,2007-09-27
3249,4.08,357.672,215.0,0.2122557690291073,0.008767001362890436,359.53,356.378,True,2007-09-24
3250,4.91,391.363,237.94,0.2067682988389702,0.00987604022845423,397.629,393.702,True,2007-09-27
3251,4.91,391.317,237.73,0.206797595071432,0.00988578606725965,397.237,393.31,True,2007-09-27
3252,4.91,391.291,237.86,0.20949080665862377,0.009433772755806702,398.25,394.493,True,2007-09-27
3253,4.91,390.164,237.04,0.19935990848672497,0.008015834745045969,396.091,392.916,True,2007-09-27
3254,4.9,389.508,237.08,0.20473979744623105,0.008293644483817753,396.207,392.921,True,2007-09-27
3255,4.98,388.35,235.98,0.2037108506831597,0.008346655574543616,399.082,395.751,True,2007-09-29
3256,4.98,379.087,228.24,0.17668530397450896,0.00949515092022013,389.146,385.451,True,2007-09-29
3257,4.95,394.777,258.34,0.17344681204407583,0.011821161636189292,398.438,393.728,True,2007-09-28
3258,3.87,379.12,275.76,0.18080119459616578,0.0066635571813389305,381.628,379.085,True,2007-09-29
3259,3.87,379.271,275.86,0.1807983905990737,0.0066703113596711106,382.291,379.741,True,2007-09-29
3260,3.87,378.415,275.32,0.18086000295260482,0.006760507326064813,381.924,379.342,True,2007-09-29
3261,3.87,378.761,275.23,0.18040206019028546,0.006942390977246804,382.145,379.492,True,2007-09-29
3262,3.86,386.19,282.29,0.21894305744123527,0.0105474884820278,383.314,379.271,True,2007-09-30
3263,4.92,404.668,248.19,0.2739968771212329,0.02098221293758229,414.065,405.377,True,2007-09-28
3264,4.92,404.62,247.98,0.2739624220942166,0.020899855563230818,414.022,405.369,True,2007-09-28
3265,4.89,390.534,217.42,0.2767434897739149,0.018956813798025163,400.753,393.156,True,2007-09-28
3266,4.9,390.813,217.06,0.2720701393195091,0.01672814211059581,400.702,393.999,True,2007-09-28
3267,4.9,388.498,216.79,0.27209818494426674,0.017980605189907517,400.932,393.723,True,2007-09-28
3268,4.9,388.795,216.79,0.27450401254472967,0.017589950024302414,401.195,394.138,True,2007-09-28
3269,4.9,388.828,216.72,0.27444747497623223,0.017596674549990143,401.269,394.208,True,2007-09-28
3270,3.86,378.219,252.9,0.27665160602643785,0.011918650229470584,376.301,371.816,True,2007-09-28
3271,3.86,375.21,250.04,0.24042207290270037,0.011545290687210774,372.273,367.975,True,2007-09-28
3272,3.86,375.699,250.23,0.24042684900557265,0.011596584942701882,372.351,368.033,True,2007-09-28
3273,3.86,375.05,249.56,0.244158266246265,0.011916693609225093,371.16,366.737,True,2007-09-28
3274,3.86,361.969,237.03,0.245280083777792,0.01186393991860235,355.784,351.563,True,2007-09-26
3275,4.58,393.762,259.55,0.23951801766139047,0.012927172334217474,391.733,386.669,True,2007-09-28
3276,4.59,389.853,256.61,0.19435393716932411,0.009199476076739321,389.37,385.788,True,2007-09-28
3277,3.21,355.507,265.46,0.1935625957943752,0.006691849873128097,366.117,363.667,True,2007-09-29
3278,3.16,352.356,277.29,0.193927245154658,0.006469110613838702,364.656,362.297,True,2007-09-29
3279,3.16,352.85,277.53,0.19388770774221772,0.006543686386550007,364.015,361.633,True,2007-09-29
3280,3.15,330.627,255.34,0.1967998282904519,0.0063991708617116005,337.7,335.539,True,2007-09-22
3281,3.16,330.611,255.28,0.19930137314536053,0.006096069096644063,339.235,337.167,True,2007-09-21
3282,3.16,330.189,255.02,0.20503944678553662,0.006377116951294282,337.927,335.772,True,2007-09-21
3283,3.16,330.336,255.11,0.2049731905849662,0.006425698045591011,337.084,334.918,True,2007-09-21
3284,3.16,322.956,248.1,0.1763856853446571,0.0063770913195903,335.733,333.592,True,2007-09-21
3285,3.15,329.907,254.93,0.21085347316137454,0.010881473184061852,324.956,321.42,True,2007-09-21
3286,4.12,360.755,231.43,0.20383232825620903,0.014718846811791586,361.849,356.523,True,2007-09-22
3287,4.11,362.941,218.04,0.2043400979914031,0.01375176691029023,365.044,360.024,True,2007-09-26
3288,4.96,393.252,238.06,0.19889113886815846,0.015838236662901628,397.519,391.223,True,2007-09-27
3289,4.96,393.447,238.21,0.19883869356772843,0.01580590509418689,397.826,391.538,True,2007-09-27
3290,4.96,392.764,237.07,0.19576575844542562,0.014174599459991444,397.401,391.768,True,2007-09-27
3291,4.13,373.828,274.75,0.16504265586023528,0.012856639661852798,369.07,364.325,True,2007-09-28
3292,4.27,375.666,255.04,0.1644431245026404,0.010449103314308261,374.769,370.853,True,2007-09-28
3293,4.15,376.488,265.64,0.1651662298117796,0.00957387047588476,373.83,370.251,True,2007-09-28
3294,4.15,375.988,265.36,0.1651620567701847,0.009622887561061666,374.212,370.611,True,2007-09-28
3295,4.19,376.912,255.89,0.1713363320973383,0.009919739319720566,374.405,370.691,True,2007-09-28
3296,4.27,387.166,265.38,0.2015443927048516,0.008680774102057476,389.251,385.872,True,2007-09-28
3297,4.28,388.02,265.88,0.20057971542720984,0.008623133080197354,391.621,388.244,False,
3298,4.28,388.362,266.04,0.195224444081305,0.008625353357563648,393.723,390.327,False,
3299,5.4,390.947,226.54,0.18986691781796036,0.010851965747037395,410.709,406.252,False,
3300,4.49,380.907,226.99,0.19559166054841792,0.010473396507006849,394.046,389.919,True,2007-09-28
3301,4.49,380.064,226.25,0.19257794335537787,0.010813526295491926,394.136,389.874,True,2007-09-28
3302,4.49,380.532,226.56,0.1925056692332389,0.010757848125691805,393.852,389.615,True,2007-09-28
3303,4.5,381.855,227.01,0.19249229299381984,0.010434381502479884,394.561,390.444,True,2007-09-28
3304,4.49,386.787,229.66,0.23358755772694934,0.015480221689558538,394.245,388.142,True,2007-09-28
3305,5.38,402.296,244.1,0.18168275996012168,0.011172577060585609,413.96,409.335,True,2007-09-28
3306,5.38,399.919,241.38,0.18612317898311792,0.011779989860385198,410.272,405.439,True,2007-09-28
3307,5.33,392.367,233.9,0.18805992078190906,0.011520046745095658,397.047,392.473,True,2007-09-25
3308,5.34,387.687,230.76,0.18005328508112647,0.012114758556191152,393.487,388.72,True,2007-09-25
3309,5.33,386.058,230.67,0.1798927501229583,0.012301391718790411,393.614,388.772,True,2007-09-25
3310,5.33,386.233,230.63,0.17982328350901844,0.012350194829276795,393.678,388.816,True,2007-09-25
3311,5.32,398.803,239.99,0.22499317481384823,0.013910005658474334,406.47,400.816,True,2007-09-26
3312,5.32,398.733,239.94,0.22501074047204436,0.013970416456614454,406.645,400.964,True,2007-09-26
3313,5.33,399.31,240.3,0.22696660843081465,0.012941115836853201,407.461,402.188,True,2007-09-26
3314,4.12,380.847,276.44,0.23228695162191512,0.009212594446380007,376.007,372.543,True,2007-09-26
3315,4.22,379.594,250.64,0.23331558631874252,0.009746562914923262,378.082,374.397,True,2007-09-27
3316,4.22,380.258,251.01,0.23332046761852235,0.009782502191397091,377.613,373.919,True,2007-09-27
3317,3.5,339.374,219.43,0.23892154020237305,0.00813837938796036,334.096,331.377,True,2007-09-22
3318,3.51,334.716,215.13,0.2076313398359671,0.009500290177491766,330.832,327.689,True,2007-09-22
3319,3.79,382.497,286.32,0.2260017052405768,0.008250820779342694,383.477,380.313,True,2007-09-29
3320,4.47,408.919,306.55,0.22229240998298533,0.00920082902667485,409.637,405.868,False,
3321,4.5,405.207,302.15,0.19072652359558082,0.009853316563841807,403.113,399.141,False,
3322,4.46,408.552,306.6,0.23631095304129984,0.013252101214034862,404.766,399.402,False,
3323,4.54,401.252,285.13,0.2361174240751905,0.013476987855708722,399.941,394.551,False,
3324,4.54,400.52,284.47,0.23982504986419292,0.013429456445888,398.378,393.028,False,
3325,5.84,400.349,231.08,0.2359008928902226,0.017617213416002087,419.022,411.64,True,2007-09-29
3326,5.84,400.394,230.9,0.2357448952905341,0.01758810154909851,419.147,411.775,True,2007-09-29
3327,5.84,400.371,230.78,0.23560457465231066,0.017679436739348686,419.131,411.721,True,2007-09-29
3328,5.84,402.291,231.53,0.235640078752421,0.017059233516011352,418.952,411.805,True,2007-09-29
3329,5.84,400.8,229.83,0.23254259631716867,0.015369036418870885,417.723,411.303,True,2007-09-29
3330,5.84,400.738,229.8,0.23238832539346202,0.015305218710953028,417.766,411.372,True,2007-09-29
3331,5.77,406.715,235.96,0.23360171627831938,0.01579704817438976,416.217,409.642,True,2007-09-27
3332,5.77,406.597,236.15,0.23092710158059795,0.01608983188974389,415.977,409.284,True,2007-09-27
3333,4.57,398.11,269.92,0.21471979355001491,0.01248001873402782,392.868,387.965,True,2007-09-28
3334,4.56,397.839,269.79,0.21719258825423915,0.01369789838372426,393.126,387.741,True,2007-09-28
3335,4.64,398.569,271.44,0.21750825854983669,0.014123907259597002,394.65,389.076,True,2007-09-28
3336,4.56,396.439,269.9,0.2143143688843488,0.014405979744381181,391.99,386.343,True,2007-09-28
3337,4.56,391.019,264.09,0.17382557932615372,0.01203311239439031,386.683,382.03,True,2007-09-28
3338,4.59,391.572,264.37,0.17277434570097464,0.012164635393235534,391.216,386.457,False,
3339,4.47,399.506,296.93,0.1727344184620121,0.011150435742284026,394.155,389.76,False,
3340,4.48,396.827,294.37,0.17584704419591393,0.012596842221034299,390.971,386.046,False,
3341,4.48,397.151,294.53,0.17606319923449848,0.012726705629100166,391.146,386.168,False,
3342,4.46,407.131,303.97,0.21010739570295336,0.011242093085915061,404.551,400.003,False,
3343,5.75,414.404,261.25,0.2049950935247494,0.014421680841326778,430.463,424.255,True,2007-09-28
3344,5.75,414.272,261.39,0.20506701240479938,0.014506904728692982,430.14,423.9,True,2007-09-28
3345,5.75,413.951,261.17,0.20538243542636844,0.014567113103195029,430.147,423.881,True,2007-09-28
3346,4.88,399.578,253.74,0.20852713100453513,0.014214576952340074,410.072,404.243,True,2007-09-28
3347,4.94,395.171,248.01,0.21365365192845123,0.012618272613319492,395.696,390.703,True,2007-09-27
3348,4.94,383.811,238.51,0.17348483291821606,0.011065458113590498,386.247,381.973,True,2007-09-27
3349,4.93,378.343,225.77,0.1736936038289586,0.012162672837301325,386.346,381.647,True,2007-09-27
3350,3.85,364.338,252.78,0.18011929387162282,0.006993217701907528,365.068,362.515,True,2007-09-27
3351,3.84,365.675,254.28,0.1865224480496483,0.00807264289177101,367.166,364.202,True,2007-09-27
3352,3.84,366.341,255.05,0.1889034855273498,0.0075883463717291155,370.7,367.887,True,2007-09-27
3353,3.87,379.369,267.42,0.18797366435324006,0.0077832069022677475,380.049,377.091,True,2007-09-29
3354,3.87,379.044,267.59,0.1879307221414248,0.007712560905891674,381.326,378.385,True,2007-09-29
3355,3.88,379.051,267.73,0.18807118555725,0.007754220909839127,380.309,377.36,True,2007-09-29
3356,3.79,380.146,298.82,0.18678683282773736,0.00811138586571336,380.946,377.856,True,2007-09-30
3357,3.79,384.655,302.97,0.21524824658347624,0.007349715631421283,389.811,386.946,False,
3358,3.78,385.511,304.0,0.20978025279194773,0.007194724381779483,389.869,387.064,False,
3359,3.16,341.623,266.68,0.2151298962540999,0.005490120001108489,360.83,358.849,True,2007-09-26
3360,3.16,341.36,266.57,0.21509005093285008,0.005502788668617753,362.18,360.187,True,2007-09-26
3361,3.21,354.738,259.79,0.2260109577336318,0.012134922723164743,349.652,345.409,True,2007-09-29
3362,3.23,351.98,245.03,0.22759519616515714,0.011406888228741252,344.704,340.772,True,2007-09-29
3363,4.16,369.264,218.71,0.22230958772555703,0.014505740239453058,373.852,368.429,True,2007-09-28
3364,4.16,370.38,219.65,0.21879417941979104,0.014812404655479616,374.956,369.402,True,2007-09-28
3365,4.16,371.041,219.68,0.2214701302346813,0.014482282399174595,375.079,369.647,True,2007-09-28
3366,4.16,374.662,222.29,0.25890208891774286,0.014019848502407228,379.676,374.353,True,2007-09-29
3367,5.0,386.714,223.3,0.25458428651371273,0.016285905909749432,401.083,394.551,False,
3368,5.0,386.41,223.26,0.2546739700145319,0.01612983670660051,400.996,394.528,False,
3369,5.0,386.427,223.08,0.2586049115900823,0.018535750548214214,400.847,393.417,False,
3370,4.98,391.455,236.4,0.25873020214110026,0.016379555915381094,400.194,393.639,False,
3371,4.99,388.075,233.3,0.2116518218953189,0.011952912767884127,397.56,392.808,False,
3372,4.99,388.094,233.4,0.2117150277661319,0.011776458657836053,397.403,392.723,False,
3373,4.96,394.353,239.99,0.21280954537014152,0.011791269443050756,398.6,393.9,True,2007-09-28
3374,4.96,394.468,239.89,0.21278645649845587,0.011764086176320854,398.671,393.981,True,2007-09-28
3375,4.09,354.603,208.14,0.22641846463219664,0.015350315206806298,351.198,345.807,True,2007-09-21
3376,4.09,354.432,208.15,0.22665305821174686,0.015353801269559098,350.988,345.599,True,2007-09-21
3377,4.92,391.507,234.89,0.218293475075572,0.017305945857695293,392.004,385.22,True,2007-09-27
3378,4.92,388.504,234.23,0.21812255121642649,0.018381040759511857,392.252,385.042,True,2007-09-27
3379,4.92,388.517,234.38,0.21620363185790883,0.016480338016396257,392.407,385.94,True,2007-09-27
3380,4.88,386.699,250.4,0.2140483717915772,0.017758651109628043,391.077,384.132,True,2007-09-25
3381,4.88,386.603,249.94,0.21387502834880706,0.017750087561644756,391.153,384.21,True,2007-09-25
3382,4.86,392.285,254.99,0.2540782505865364,0.017398771352186593,400.603,393.633,True,2007-09-25
3383,4.9,389.448,252.42,0.2042277228924085,0.012041737310519274,397.534,392.747,True,2007-09-25
3384,4.9,389.436,252.63,0.20422155124186678,0.011933540057393666,397.954,393.205,True,2007-09-25
3385,4.9,389.126,252.11,0.20603023803499998,0.011322313015404206,399.565,395.041,True,2007-09-25
3386,3.78,365.766,284.04,0.211972014407058,0.00790818207387689,366.203,363.307,True,2007-09-26
3387,3.78,385.216,303.26,0.2101763035454414,0.008372117142227409,385.685,382.456,False,
3388,3.78,385.657,303.65,0.20508980326636972,0.007971294021400066,386.261,383.182,False,
3389,5.84,376.516,198.3,0.1741489565842255,0.010616467144333508,404.466,400.172,False,
3390,5.78,386.756,209.18,0.1752535190913892,0.010133274589712471,408.555,404.415,True,2007-09-28
3391,4.54,388.672,268.7,0.179787405259503,0.007498716492876922,395.401,392.436,True,2007-09-29
3392,4.55,390.47,269.6,0.18784390638610543,0.009022434229399301,393.907,390.353,True,2007-09-29
3393,4.55,390.177,268.88,0.18778914051488343,0.00907710588856614,393.848,390.273,True,2007-09-29
3394,4.54,395.097,272.25,0.22876297464944792,0.012498384812422825,394.691,389.758,True,2007-09-29
3395,4.54,394.561,271.71,0.23288928256371627,0.012478601218143148,393.714,388.801,True,2007-09-29
3396,4.49,405.435,298.65,0.23043535149503866,0.013191224613743668,405.042,399.699,True,2007-09-29
3397,4.49,405.274,298.52,0.2305078858507082,0.013159226642372679,405.039,399.709,True,2007-09-29
3398,4.5,406.009,298.87,0.23349196458148436,0.01282177778216298,405.404,400.206,True,2007-09-29
3399,4.54,408.132,286.41,0.2332135593249924,0.012915528653330455,406.41,401.161,True,2007-09-29
3400,4.55,401.361,279.86,0.19660907055394589,0.013180125007892007,395.975,390.756,True,2007-09-29
3401,4.55,401.319,279.77,0.19652136426926578,0.013268279871307298,395.982,390.728,True,2007-09-29
3402,3.81,370.591,257.04,0.2038618958606613,0.011816049883291435,365.012,360.699,True,2007-09-27
3403,3.8,380.698,284.2,0.18689357131896453,0.006063435228455982,389.878,387.514,False,
3404,4.49,398.767,295.67,0.18267888198754528,0.00819831538004967,395.935,392.689,False,
3405,4.5,397.772,294.88,0.18326562298238486,0.007811252967541482,394.687,391.604,True,2007-09-29
3406,5.77,403.587,251.62,0.1746100450321511,0.015140639828120306,415.174,408.888,True,2007-09-28
3407,5.77,390.49,240.81,0.1495778584625337,0.04253443853550809,403.908,386.728,True,2007-09-28
3408,5.81,380.988,216.42,0.15132818107239968,0.0364829766243181,397.336,382.84,True,2007-09-28
3409,5.81,382.915,218.16,0.1444890538078028,0.02984548542973342,400.027,388.088,True,2007-09-28
3410,5.81,382.5,217.87,0.14458433267640375,0.029787489554613744,399.698,387.792,True,2007-09-28
3411,5.81,384.205,219.73,0.14696000267673556,0.026316183965941153,400.248,389.715,True,2007-09-28
3412,5.81,398.159,229.44,0.1866337375894104,0.014493177673093993,410.124,404.18,True,2007-09-28
3413,5.81,398.239,229.46,0.18660296890799472,0.014435839494526204,410.229,404.307,True,2007-09-28
3414,5.81,398.144,229.48,0.1864233582493146,0.014470005873793879,410.297,404.36,True,2007-09-28
3415,5.8,399.111,230.15,0.19102659476053044,0.016349850439470237,412.542,405.797,True,2007-09-28
3416,5.8,400.96,231.03,0.1911474217650983,0.015750018195492377,412.19,405.698,True,2007-09-28
3417,5.27,407.274,267.74,0.20936626323855537,0.019145295053912714,417.805,409.806,True,2007-09-29
3418,5.27,407.23,267.81,0.20940248840090173,0.019192833271089005,417.708,409.691,True,2007-09-29
3419,5.29,410.103,269.37,0.20963977074939125,0.018339370591843096,417.408,409.753,True,2007-09-29
3420,5.29,412.444,271.86,0.20868646445381886,0.017565033064847024,421.747,414.339,True,2007-09-29
3421,4.09,397.468,313.79,0.2158183597140985,0.012154329341470205,391.63,386.87,False,
3422,4.09,386.084,302.79,0.21717079214158524,0.012307050479766324,378.726,374.065,True,2007-09-28
3423,4.2,390.056,274.56,0.21713724129761514,0.012644071605318885,382.709,377.87,True,2007-09-28
3424,4.2,390.175,274.19,0.21716395215084874,0.01269292169737124,382.733,377.875,True,2007-09-28
3425,4.2,390.404,274.38,0.21711726850778215,0.012705700458867764,382.899,378.034,True,2007-09-28
3426,4.2,389.708,273.62,0.2145704713043686,0.012036540899407866,382.585,377.98,True,2007-09-28
3427,3.52,350.209,242.29,0.2203659421129866,0.01101081445444152,341.21,337.453,True,2007-09-24
3428,3.53,346.539,238.83,0.1768676453898151,0.007377838795087577,346.714,344.156,True,2007-09-24
3429,3.52,350.972,242.8,0.20421331733210693,0.0070769981945564275,352.268,349.775,True,2007-09-24
3430,3.52,351.01,242.89,0.20584304149222157,0.006400059191298935,351.403,349.154,True,2007-09-24
3431,3.53,378.632,278.59,0.23898987800028118,0.01115582442768448,375.23,371.044,False,
3432,3.53,378.667,278.4,0.23616652411297073,0.011476075481375414,374.344,370.048,False,
3433,3.53,373.27,273.25,0.20165474796421085,0.01117891681737948,369.356,365.227,False,
3434,3.48,371.718,281.94,0.20266504784488193,0.010926792407371488,365.249,361.258,False,
3435,3.49,364.354,274.22,0.16922934877689774,0.008382567747280412,366.952,363.876,False,
3436,3.47,349.016,259.21,0.17056885090800605,0.0076354610329167905,354.53,351.823,True,2007-09-27
3437,3.46,348.75,258.98,0.17055990351504557,0.007766891863350001,355.097,352.339,True,2007-09-27
3438,4.15,381.475,284.28,0.164520380204386,0.011361484062177407,374.863,370.604,True,2007-09-29
3439,4.15,380.929,284.12,0.16498950475966792,0.011380169194258327,374.599,370.336,True,2007-09-29
3440,4.15,381.493,284.61,0.16528250836480454,0.011571293754289669,372.992,368.676,True,2007-09-29
3441,4.15,383.651,286.99,0.15994241291179417,0.010008971180745396,376.762,372.991,True,2007-09-29
3442,4.14,380.944,285.0,0.15438194417115605,0.01033134598785157,374.201,370.335,True,2007-09-29
3443,4.24,373.896,255.79,0.15407776717790017,0.008915567169294092,373.504,370.174,True,2007-09-29
3444,5.38,374.725,212.86,0.14630773081560383,0.018641862283210187,388.856,381.607,True,2007-09-28
3445,3.52,351.648,230.91,0.24882933904985513,0.013213984945433799,345.543,340.977,True,2007-09-27
3446,4.22,385.955,254.91,0.24418876529329894,0.014106431350183302,382.237,376.845,True,2007-09-28
3447,4.22,385.584,254.38,0.24125909444279883,0.014331869987779133,381.318,375.853,True,2007-09-28
3448,4.22,383.936,252.43,0.24018257216827413,0.014308455162571287,382.571,377.097,False,
3449,4.22,384.202,253.94,0.2401791413929357,0.014012399103666584,382.447,377.088,False,
3450,4.23,384.237,253.91,0.24017366336655274,0.01405188347524644,382.511,377.136,False,
3451,4.2,398.478,281.15,0.23774569361234454,0.013887023148417943,394.541,389.062,False,
3452,5.35,406.502,246.34,0.23333696499365336,0.018320461619430684,419.913,412.22,True,2007-09-29
3453,5.36,406.376,245.74,0.23019018865905608,0.01657816098517295,420.312,413.344,True,2007-09-29
3454,5.36,405.478,245.28,0.2335000493599074,0.016380362675610494,418.611,411.754,True,2007-09-29
3455,5.36,408.938,246.96,0.2728662225016854,0.017894707053174752,424.036,416.448,True,2007-09-29
3456,5.37,405.71,245.15,0.21897321715099466,0.011763589792239793,421.64,416.68,True,2007-09-29
3457,5.38,405.646,244.9,0.21884951890127483,0.011691255890137864,421.255,416.33,True,2007-09-29
3458,5.38,405.43,244.97,0.21888437306175296,0.011703557368563433,421.154,416.225,True,2007-09-29
3459,5.76,397.565,214.31,0.22233310058225017,0.013867216749839373,413.998,408.257,True,2007-09-28
3460,5.76,392.146,210.21,0.18667623261865024,0.014100069956518024,404.537,398.833,True,2007-09-28
3461,5.81,407.447,244.44,0.18164573606000795,0.015416502550603894,416.372,409.953,True,2007-09-28
3462,4.56,403.921,282.09,0.18862965878038387,0.011340436591741776,398.221,393.705,True,2007-09-29
3463,4.56,404.101,282.84,0.1913186185213157,0.010735528797330529,399.794,395.502,True,2007-09-29
3464,4.55,391.129,272.45,0.15022917267624972,0.012348411538223969,388.552,383.754,True,2007-09-28
3465,4.57,394.603,274.82,0.15752265974282972,0.011020788402393955,391.805,387.487,True,2007-09-28
3466,3.82,366.769,253.86,0.16575814211067333,0.007998315568413683,365.702,362.777,True,2007-09-27
3467,3.84,379.492,266.27,0.16437500766189173,0.00834497473093232,380.109,376.937,True,2007-09-29
3468,3.84,378.922,266.08,0.16469748309856283,0.0081489613241007,378.944,375.856,True,2007-09-29
3469,3.84,378.799,265.35,0.16464988588657936,0.008112409166837753,379.542,376.463,True,2007-09-29
3470,3.84,378.8,265.44,0.16460281784806421,0.00815138589377884,379.322,376.23,True,2007-09-29
3471,3.84,376.269,264.06,0.16935723456918128,0.008707710990966122,377.137,373.853,True,2007-09-29
3472,3.8,373.974,273.91,0.17151235604905857,0.008698537222300962,373.741,370.49,True,2007-09-29
3473,4.5,376.272,224.07,0.21578400572244077,0.0136239854127026,377.863,372.715,True,2007-09-25
3474,5.37,405.768,243.74,0.2111943728490808,0.014112692171923014,410.765,404.968,True,2007-09-27
3475,5.37,404.238,243.45,0.2061913202715596,0.012468286494925818,409.92,404.809,True,2007-09-27
3476,5.31,407.209,265.62,0.20434985334475797,0.012794798752010617,412.824,407.542,True,2007-09-27
3477,5.31,407.3,265.42,0.2043738730324669,0.012831200050403946,412.666,407.371,True,2007-09-27
3478,5.3,404.457,263.72,0.20443668789903935,0.01345644774990562,412.516,406.965,True,2007-09-27
3479,4.1,386.122,301.83,0.2100813953261392,0.010498138228975606,382.163,378.151,True,2007-09-28
3480,4.1,385.543,301.23,0.214711612087562,0.010444868161850751,379.708,375.742,True,2007-09-28
3481,4.11,389.608,305.12,0.24672658175934348,0.008838228035538132,388.992,385.554,True,2007-09-28
3482,4.11,389.564,305.11,0.2467756269036745,0.008854446365848423,389.183,385.737,True,2007-09-28
3483,4.12,383.986,299.42,0.19895416783531675,0.006441152818490781,385.49,383.007,True,2007-09-28
3484,4.12,395.507,310.85,0.19825661086086405,0.006495916383695954,396.095,393.522,False,
3485,4.11,395.245,310.55,0.19826273406523848,0.0064301849373802344,395.323,392.781,False,
3486,4.11,394.557,310.13,0.19638458635557096,0.006636269356837032,396.307,393.677,False,
3487,5.28,407.179,269.82,0.20672111267532772,0.01411636044445197,416.963,411.077,True,2007-09-27
3488,5.29,405.681,256.53,0.21133396299080745,0.01436511946870711,415.59,409.62,True,2007-09-27
3489,5.35,403.951,254.46,0.20440921815636426,0.012609246297227372,413.744,408.527,True,2007-09-27
3490,5.36,404.396,254.86,0.20454097206485777,0.01261918047795385,413.973,408.749,True,2007-09-27
3491,5.32,404.894,255.28,0.2046717235846152,0.01247475663583053,413.475,408.317,True,2007-09-27
3492,4.46,371.794,229.45,0.21072710742177603,0.011956697795326154,376.609,372.106,True,2007-09-22
3493,4.45,371.827,216.48,0.2115771883628554,0.011447362503339997,377.991,373.664,True,2007-09-26
3494,4.45,371.699,216.53,0.21168287932005456,0.011410821346100941,377.624,373.315,True,2007-09-26
3495,4.49,382.345,227.1,0.21022437969979582,0.011529684731199197,392.205,387.683,True,2007-09-28
3496,4.49,386.054,229.7,0.2587728380409277,0.016488144468517985,394.162,387.663,True,2007-09-28
3497,4.49,386.039,229.87,0.25893807348964426,0.016439690690264075,394.168,387.688,True,2007-09-28
3498,4.48,381.492,226.51,0.220227078356147,0.015695669234423004,387.368,381.288,True,2007-09-28
3499,4.48,382.37,226.89,0.22290004218659173,0.015009583595971043,388.685,382.851,True,2007-09-28
3500,3.49,364.818,251.35,0.2290026140334491,0.012247035749309076,358.944,354.548,True,2007-09-28
3501,3.79,383.975,287.94,0.20850031973867258,0.00754382757848282,388.397,385.467,False,
3502,4.47,404.207,302.45,0.20481990049998647,0.008467712063217614,404.95,401.521,False,
3503,5.75,407.456,255.37,0.1990157999645693,0.010847646362517671,427.466,422.829,False,
3504,5.75,407.509,255.1,0.19903365079290264,0.01095052833139043,427.194,422.516,False,
3505,5.78,395.298,243.37,0.1670928257957391,0.025212264665724127,412.339,401.943,False,
3506,5.76,391.085,240.17,0.15896682419740962,0.028569210276666368,412.157,400.382,False,
3507,5.77,394.323,242.99,0.15403722113877216,0.024156309809336918,412.77,402.799,False,
3508,5.78,394.241,242.88,0.1541896763342925,0.02424575753757885,412.732,402.725,False,
3509,5.76,409.147,255.88,0.20063630808066066,0.013936595529027485,426.216,420.276,False,
3510,5.76,410.495,256.81,0.20294498892064688,0.013184783371133268,427.69,422.051,False,
3511,5.76,410.447,256.56,0.20294554225585754,0.013179074446680206,427.42,421.787,False,
3512,5.85,393.775,224.03,0.20379428034939098,0.01277712699032496,414.882,409.581,False,
3513,5.85,395.703,224.5,0.20378170138851098,0.01239241274951075,415.012,409.869,False,
3514,5.8,405.282,234.98,0.2047728264870527,0.012562706034112137,418.62,413.361,True,2007-09-28
3515,4.95,382.919,224.64,0.17198917441478254,0.013536867088207116,395.217,389.867,True,2007-09-28
3516,3.82,376.996,269.58,0.17811641690623303,0.00912647024198121,373.748,370.337,True,2007-09-29
3517,3.81,375.614,268.43,0.17294007110252993,0.008006364376633934,373.328,370.339,True,2007-09-29
3518,3.81,373.665,266.97,0.17844471496169875,0.0082182507446521,369.3,366.265,True,2007-09-29
3519,3.85,373.059,255.13,0.17825011583715528,0.00863208963094575,369.783,366.591,True,2007-09-29
3520,3.85,372.942,254.73,0.17821904571514668,0.008668693862780685,370.298,367.088,True,2007-09-29
3521,3.84,372.761,255.16,0.178336593242986,0.008695440440020796,369.619,366.405,True,2007-09-29
3522,3.85,373.622,255.44,0.17997794752419105,0.008245899296482895,370.851,367.793,True,2007-09-29
3523,3.84,378.48,259.31,0.22260460806221707,0.011870987009108602,375.032,370.58,True,2007-09-29
3524,4.59,394.386,266.86,0.2172177693957294,0.012134791635019515,394.98,390.187,False,
3525,4.56,397.81,270.45,0.2181141399312138,0.01219481334521022,395.168,390.349,True,2007-09-28
3526,4.57,406.05,293.29,0.21602223609937768,0.012228956430752946,400.443,395.546,True,2007-09-29
3527,4.57,405.914,293.18,0.21601254016574645,0.012160112731515627,400.243,395.376,True,2007-09-29
3528,4.58,411.329,298.57,0.2533656552707727,0.011952123375501666,410.973,406.061,True,2007-09-29
3529,5.79,407.011,244.24,0.24338016695996978,0.01586294416243661,428.672,421.872,False,
3530,5.79,408.19,245.11,0.23924386541166043,0.016185920552419852,429.818,422.861,False,
3531,5.79,415.345,252.52,0.24023269261615407,0.016359690612653632,431.304,424.248,True,2007-09-28
3532,5.79,415.355,252.84,0.24030257006541508,0.016298925778984175,431.01,423.985,True,2007-09-28
3533,5.8,414.756,251.62,0.23346606574147852,0.014344466918552179,430.619,424.442,True,2007-09-28
3534,5.8,414.757,251.71,0.23339525559378568,0.01435561139067365,430.633,424.451,True,2007-09-28
3535,5.81,416.631,251.49,0.2333639160946692,0.01393368957133001,430.611,424.611,True,2007-09-28
3536,5.76,398.346,215.6,0.23613435691755902,0.013372302807245329,415.71,410.151,True,2007-09-28
3537,5.78,391.684,212.28,0.18609463282233604,0.008492852273857432,412.229,408.728,True,2007-09-28
3538,5.78,392.424,212.54,0.18807585008163066,0.007708363671666385,412.02,408.844,True,2007-09-28
3539,4.59,389.344,257.01,0.1910720806774181,0.006795758483409298,398.631,395.922,True,2007-09-29
3540,3.87,368.208,245.53,0.19570150834748254,0.00568390465090296,375.798,373.662,True,2007-09-27
3541,3.87,368.39,245.81,0.1956884673186624,0.005663151302206404,376.822,374.688,True,2007-09-27
3542,3.87,363.298,242.3,0.17123645056778802,0.006428096645717085,370.094,367.715,True,2007-09-27
3543,4.56,385.451,235.15,0.2018232400199359,0.012618328450940797,395.298,390.31,True,2007-09-29
3544,4.5,395.122,262.33,0.19896152588314234,0.012941389389548252,403.357,398.137,True,2007-09-29
3545,4.5,395.007,262.22,0.19915258072107875,0.012902313886044126,403.261,398.058,True,2007-09-29
3546,4.5,400.034,272.42,0.1989694976980286,0.011845695857107486,403.1,398.325,True,2007-09-29
3547,4.49,404.699,276.99,0.23156900266759942,0.011915214456834966,411.155,406.256,True,2007-09-29
3548,4.49,404.929,277.4,0.22673214933268113,0.01120378227663954,412.45,407.829,True,2007-09-29
3549,4.49,391.488,263.91,0.22856118382216917,0.010869675123105438,395.596,391.296,True,2007-09-26
3550,4.49,391.606,263.54,0.2285680784268275,0.010922014139723824,395.623,391.302,True,2007-09-26
3551,4.51,391.567,263.0,0.2194320293918867,0.00923927209415909,395.161,391.51,True,2007-09-26
3552,3.51,361.315,266.35,0.2251437993876032,0.006129253028208326,363.829,361.599,True,2007-09-26
3553,4.17,400.559,298.65,0.22037761442009263,0.007313095835424055,398.6,395.685,True,2007-09-29
3554,4.17,400.974,299.04,0.22036257651472965,0.007298024413748827,398.464,395.556,True,2007-09-29
3555,4.18,400.404,298.4,0.21822837621701666,0.008199533673436177,399.291,396.017,True,2007-09-29
3556,4.24,405.508,303.57,0.27214265821451883,0.011259428344581157,403.04,398.502,True,2007-09-29
3557,4.11,352.774,211.93,0.17232158711370418,0.010341235571834195,357.114,353.421,True,2007-09-25
3558,4.11,352.922,212.07,0.17278398659163371,0.010361723430080017,357.566,353.861,True,2007-09-25
3559,4.16,365.136,224.01,0.17032522331028926,0.010622113921835208,371.395,367.45,True,2007-09-28
3560,4.16,363.972,222.72,0.16718081295632195,0.011483018470568873,370.373,366.12,True,2007-09-28
3561,4.98,372.736,221.16,0.1611366963223866,0.02203954122407814,384.763,376.283,False,
3562,3.89,370.589,260.88,0.16678545707468895,0.010024326932224326,367.905,364.217,False,
3563,3.89,370.916,261.08,0.16676632375691777,0.009853372434017516,366.575,362.963,False,
3564,3.89,379.98,269.8,0.20182437441559709,0.011651086518523979,374.729,370.363,False,
3565,3.89,379.449,269.11,0.1995545164573322,0.010852990104077698,375.104,371.033,False,
3566,3.89,380.772,268.86,0.19959986325206855,0.010351690687213533,374.818,370.938,False,
3567,3.89,385.531,273.54,0.23264899930441715,0.010546037005197295,382.703,378.667,False,
3568,3.78,389.544,308.42,0.2317966418030703,0.010442007947197851,386.803,382.764,False,
3569,3.78,390.012,308.63,0.2317041606971602,0.01045844348442837,387.725,383.67,False,
3570,3.78,390.562,309.17,0.22733577424373905,0.010034590490319628,388.257,384.361,False,
3571,4.12,362.062,218.11,0.18703214857033368,0.008711418180257668,372.844,369.596,True,2007-09-25
3572,4.12,361.673,218.53,0.18511316129643982,0.0088031340663004,371.913,368.639,True,2007-09-25
3573,4.16,374.964,231.58,0.1838740442355844,0.008721555218816013,386.055,382.688,True,2007-09-28
3574,4.16,379.46,243.83,0.18390969384886638,0.007895092113734958,385.176,382.135,True,2007-09-28
3575,4.13,386.363,262.42,0.18136685552709328,0.008030924824395491,390.366,387.231,True,2007-09-28
3576,4.13,386.256,262.76,0.18139173356117033,0.00798344932122752,390.558,387.44,True,2007-09-28
3577,3.21,353.793,263.51,0.18646397236019732,0.0051905027827462424,370.677,368.753,True,2007-09-29
3578,3.21,359.36,268.98,0.23041448039282292,0.008517106866218871,357.868,354.82,True,2007-09-29
3579,3.84,393.409,295.29,0.2259216226998412,0.009535008563613667,391.19,387.46,False,
3580,3.84,393.442,295.11,0.22598433000669726,0.00951569924150597,391.038,387.317,False,
3581,3.83,393.637,296.37,0.2317018288123339,0.0111969478253513,390.017,385.65,False,
3582,3.83,392.784,295.6,0.23578078816752393,0.01143643708029951,388.67,384.225,False,
3583,3.83,392.814,295.45,0.23567156828379487,0.011484055779699576,388.887,384.421,False,
3584,3.83,387.047,289.79,0.20114689039456018,0.011349020600080029,379.416,375.11,False,
3585,3.45,371.189,274.75,0.23587225780752547,0.008608865437059299,371.826,368.625,True,2007-09-29
3586,3.45,370.749,274.19,0.23586151311004985,0.008648025367541057,371.183,367.973,True,2007-09-29
3587,3.44,370.215,274.26,0.233116153798856,0.009215756161838784,370.344,366.931,True,2007-09-29
3588,4.5,391.269,241.08,0.2281436061726111,0.013918231636290135,400.913,395.333,True,2007-09-28
3589,4.49,391.786,241.6,0.22381212276356235,0.0131601529174451,402.047,396.756,True,2007-09-28
3590,5.36,405.558,246.34,0.2196256411082191,0.01395542299938779,423.133,417.228,True,2007-09-29
3591,5.36,405.428,246.32,0.21962659046275462,0.01397973246091988,423.041,417.127,True,2007-09-29
3592,5.36,408.247,249.19,0.27201013790794193,0.02191393084801785,426.076,416.739,True,2007-09-29
3593,5.35,408.22,248.55,0.26728768083450044,0.019102685742735992,425.804,417.67,True,2007-09-29
3594,5.37,386.973,209.63,0.2694507520053278,0.01938738032859133,408.41,400.492,False,
3595,5.37,389.523,209.82,0.2694481098078213,0.01798742693067168,408.174,400.832,False,
3596,5.37,385.665,208.85,0.23112924332534035,0.01755897771141468,403.839,396.748,False,
3597,5.37,385.558,209.12,0.2312720280244457,0.017573547264988276,403.618,396.525,False,
3598,5.28,393.799,217.57,0.23237875122623627,0.01709669307799644,405.634,398.699,True,2007-09-28
3599,3.23,340.538,232.89,0.22234409709364872,0.008038728279118779,337.118,334.408,True,2007-09-26
3600,3.23,339.671,232.42,0.22234137833751982,0.008241986380999822,337.176,334.397,True,2007-09-26
3601,4.1,364.179,212.64,0.21811141909281356,0.011596163471814469,369.605,365.319,True,2007-09-27
3602,4.95,389.331,226.64,0.21351156665990606,0.01279097780588423,398.484,393.387,True,2007-09-28
3603,4.95,389.415,226.43,0.2086531230572629,0.013060154269945001,399.689,394.469,True,2007-09-28
3604,4.96,390.034,227.18,0.21162789742212995,0.012626892786201216,400.732,395.672,True,2007-09-28
3605,4.96,389.546,227.11,0.20381846704557863,0.010417057181346334,400.113,395.945,True,2007-09-28
3606,4.96,389.819,227.2,0.20391825070674277,0.010447832074844454,400.083,395.903,True,2007-09-28
3607,4.96,390.105,227.78,0.2039073332005136,0.010410863074789778,400.255,396.088,True,2007-09-28
3608,4.95,393.024,229.8,0.25501781159090714,0.015719783607470394,402.232,395.909,True,2007-09-28
3609,4.95,392.956,229.72,0.2550334684456726,0.01567581275546226,402.212,395.907,True,2007-09-28
3610,4.99,386.793,223.24,0.25420000641625906,0.016059426602020643,401.571,395.122,False,
3611,4.93,404.302,256.38,0.2517649130462596,0.01672164632099815,417.124,410.149,False,
3612,4.93,399.744,253.37,0.21342739262009938,0.015554233842463794,410.242,403.861,False,
3613,5.33,409.85,258.49,0.24535327194306664,0.01577009078464031,424.411,417.718,True,2007-09-29
3614,4.2,400.26,293.34,0.2491701949998714,0.011194057902373378,399.051,394.584,False,
3615,4.2,400.293,293.34,0.2490729328538737,0.011195085377546321,399.461,394.989,False,
3616,4.18,392.774,286.01,0.2501830583472974,0.010902848064776482,390.265,386.01,True,2007-09-28
3617,4.18,388.658,281.78,0.21670214950788136,0.011419411174392935,383.645,379.264,True,2007-09-28
3618,3.49,345.95,247.12,0.2231766087996646,0.010851751264281728,341.696,337.988,True,2007-09-22
3619,3.49,346.696,247.69,0.2232074928981038,0.010579889137980358,341.686,338.071,True,2007-09-22
3620,3.48,345.752,247.02,0.21896736891721558,0.00946880528709082,341.965,338.727,True,2007-09-22
3621,3.48,345.785,247.03,0.21905877561918458,0.00948251396337485,341.787,338.546,True,2007-09-22
3622,3.55,349.978,237.51,0.2193456890152305,0.008950618177397174,345.451,342.359,True,2007-09-26
3623,3.55,350.001,237.12,0.21938468389059687,0.009017923013496354,345.645,342.528,True,2007-09-26
3624,3.55,341.802,231.33,0.17954237271009524,0.005507837753876976,357.309,355.341,True,2007-09-26
3625,3.55,343.542,232.8,0.17383507190229128,0.005645222292884888,356.939,354.924,True,2007-09-26
3626,3.56,343.411,232.91,0.17535919848858494,0.005559145295336521,359.048,357.052,True,2007-09-26
3627,3.54,358.542,251.89,0.15954570064558002,0.006150712720927376,370.201,367.924,True,2007-09-29
3628,3.53,338.622,232.14,0.16251116030250543,0.005673491963028243,350.754,348.764,True,2007-09-24
3629,4.51,360.843,221.85,0.15465789199714083,0.014977824966543984,361.668,356.251,True,2007-09-25
3630,4.51,373.053,232.78,0.18292784720308003,0.007729704873063348,376.211,373.303,True,2007-09-25
3631,4.51,373.017,232.61,0.1829546148628994,0.00772260201265329,376.816,373.906,True,2007-09-25
3632,4.5,379.685,237.13,0.2274355583889097,0.011523373651520008,379.316,374.945,True,2007-09-25
3633,4.49,375.618,223.44,0.22745690887332792,0.012792120138361507,379.296,374.444,True,2007-09-25
3634,4.49,375.9,223.87,0.22941519681521613,0.01193143773033789,379.334,374.808,True,2007-09-25
3635,4.49,375.959,223.93,0.22938450014452433,0.011981566820276512,379.75,375.2,True,2007-09-25
3636,4.5,376.683,224.75,0.23534077272289042,0.014017768482936122,379.661,374.339,True,2007-09-25
3637,4.5,376.859,224.87,0.2312197354161706,0.013397632156419648,380.515,375.417,True,2007-09-25
3638,4.48,373.672,240.22,0.2306872282202872,0.014126161969409079,378.022,372.682,True,2007-09-22
3639,5.29,409.489,268.04,0.22524299195846795,0.014864297037645358,418.856,412.63,True,2007-09-27
3640,5.29,409.307,267.51,0.22523595429460305,0.014888503297285527,418.981,412.743,True,2007-09-27
3641,3.23,339.62,232.91,0.23684696735296815,0.008904097371284503,336.362,333.367,True,2007-09-26
3642,3.23,334.681,228.46,0.20515197120530698,0.00927397429003185,332.867,329.78,True,2007-09-26
3643,3.88,372.295,256.75,0.19993244385084918,0.010720599137029718,368.263,364.315,True,2007-09-28
3644,3.88,372.61,256.65,0.19993887067184934,0.010703733803739457,367.909,363.971,True,2007-09-28
3645,3.88,374.078,257.32,0.20001084835883712,0.010351046087510696,368.755,364.938,True,2007-09-28
3646,3.89,373.958,257.85,0.20301513687763187,0.01135395660350147,367.449,363.277,True,2007-09-28
3647,3.89,367.181,252.39,0.16865382222497416,0.008390013328386736,363.885,360.832,True,2007-09-28
3648,3.86,371.136,267.18,0.16593920965585995,0.009432725604360814,366.172,362.718,True,2007-09-28
3649,3.86,370.573,266.9,0.16577222037463782,0.00943532930693658,365.753,362.302,True,2007-09-28
3650,4.96,384.719,237.67,0.1580693338528023,0.02175278598515684,386.847,378.432,True,2007-09-27
3651,4.95,384.045,236.81,0.15684572774094438,0.022668666893268186,391.289,382.419,True,2007-09-29
3652,4.96,384.28,236.85,0.15677337308134684,0.022822452524642656,390.887,381.966,True,2007-09-29
3653,4.96,385.741,238.33,0.1595310485775064,0.019304244444218632,393.644,386.045,True,2007-09-29
3654,4.95,388.51,241.07,0.15419991873834485,0.015558054639364549,397.479,391.295,True,2007-09-29
3655,4.54,392.482,270.77,0.21685456531577788,0.013521771952979433,389.446,384.18,True,2007-09-29
3656,4.57,389.048,267.02,0.2164098785977228,0.013910498107075231,390.137,384.71,False,
3657,4.57,388.965,266.52,0.21641791079081366,0.013975298518936086,390.26,384.806,False,
3658,4.57,388.241,265.91,0.21961686366182195,0.014044733933324283,388.117,382.666,False,
3659,4.57,388.394,266.53,0.2228623859688835,0.013505869769785739,388.942,383.689,False,
3660,4.57,388.688,266.34,0.222749864137488,0.013424941437839233,388.903,383.682,False,
3661,5.8,380.245,202.45,0.2166228524678322,0.0194585908529048,404.5,396.629,False,
3662,5.8,380.347,202.55,0.2167104446372306,0.019518632657751778,404.639,396.741,False,
3663,5.8,381.899,203.02,0.21665260442596082,0.019031043493524136,404.497,396.799,False,
3664,4.93,379.963,209.71,0.22202355164775003,0.01706885804785585,393.055,386.346,False,
3665,4.93,399.057,244.07,0.21996192147026342,0.017688806755069675,406.924,399.726,True,2007-09-28
3666,4.92,403.114,247.38,0.26101186814218374,0.019856205365759494,414.48,406.25,True,2007-09-28
3667,4.93,402.597,246.24,0.25665200635853525,0.016895864775128278,414.125,407.128,True,2007-09-28
3668,4.94,399.786,244.6,0.20607477677588104,0.011496117910888781,412.922,408.175,True,2007-09-28
3669,3.46,365.859,287.89,0.20068922996144198,0.010773649038223865,364.222,360.298,True,2007-09-29
3670,3.46,365.795,287.82,0.20065407852436437,0.01076287878163551,364.029,360.111,True,2007-09-29
3671,4.1,396.237,312.0,0.19585544907957605,0.010558119459477489,391.547,387.413,False,
3672,4.12,386.6,302.25,0.15944480681185974,0.009149502078599325,381.988,378.493,False,
3673,4.12,387.428,303.23,0.1598654102829537,0.00923667238996606,382.064,378.535,False,
3674,4.11,384.052,299.84,0.16457616764134428,0.010857760424668461,377.518,373.419,False,
3675,4.11,373.008,288.88,0.16549631331147616,0.01015084526775445,366.866,363.142,True,2007-09-28
3676,4.11,371.772,287.86,0.16302125867281428,0.01116576595245744,366.746,362.651,True,2007-09-28
3677,4.11,382.815,298.65,0.19048670208776408,0.00744784161393397,383.064,380.211,True,2007-09-28
3678,4.12,381.177,297.05,0.18293846135340466,0.00701512669560711,380.321,377.653,True,2007-09-28
3679,4.12,381.612,297.23,0.1829250224029988,0.007006267242807618,380.231,377.567,True,2007-09-28
3680,4.19,384.739,269.44,0.18371684289784615,0.006533014033786033,385.427,382.909,True,2007-09-28
3681,5.37,392.431,234.91,0.17867290408385633,0.010380924832429028,401.024,396.861,True,2007-09-27
3682,5.37,397.916,248.77,0.1791243855641599,0.00943530380331059,400.835,397.053,True,2007-09-27
3683,4.52,390.105,262.04,0.20209933929327406,0.00991701107789067,393.667,389.763,True,2007-09-26
3684,5.32,418.75,283.38,0.19810559262243047,0.010258886716449589,424.51,420.155,True,2007-09-28
3685,5.35,415.902,280.14,0.1970372186523201,0.010105637028632541,425.703,421.401,False,
3686,5.32,415.247,280.15,0.1952411284863956,0.010649315721306007,423.877,419.363,False,
3687,5.32,415.494,280.02,0.1953210889027722,0.010682041760932792,423.889,419.361,False,
3688,5.32,415.613,280.18,0.1953618956440063,0.010663454034925524,424.159,419.636,False,
3689,5.31,409.64,268.91,0.19542357047547684,0.011723812890302887,424.35,419.375,False,
3690,5.31,409.629,268.99,0.19545082176460257,0.011682776915266313,424.471,419.512,False,
3691,5.31,408.272,267.43,0.20051965145279138,0.011765738038047702,421.733,416.771,False,
3692,5.33,395.007,254.53,0.1643834097785938,0.020715426900268175,406.219,397.804,False,
3693,5.4,381.245,222.74,0.16786526902302149,0.01669294282913414,395.796,389.189,False,
3694,5.4,392.336,232.33,0.21103361515953245,0.01707048729827465,405.378,398.458,False,
3695,5.39,392.135,232.27,0.21243660539274883,0.018999600786598236,405.798,398.088,False,
3696,4.23,391.72,275.89,0.21949025763905639,0.013274542257163513,386.68,381.547,False,
3697,4.1,397.859,313.75,0.2070406892022276,0.010160261635015044,392.608,388.619,False,
3698,4.12,389.395,304.86,0.1661113301277797,0.008383174181701536,383.387,380.173,False,
3699,4.12,388.921,304.59,0.16594601765335895,0.00835107850742689,384.142,380.934,False,
3700,4.1,395.944,311.91,0.19100721337064544,0.006612649496803291,396.664,394.041,False,
3701,5.32,405.907,266.37,0.1845257098101501,0.009030338037476215,420.693,416.894,False,
3702,5.34,410.25,270.09,0.18571990736535612,0.008725434427146461,420.151,416.485,True,2007-09-28
3703,5.32,407.741,268.53,0.1857026947294405,0.009117874276340254,419.396,415.572,True,2007-09-28
3704,5.32,407.751,268.6,0.18581434206599357,0.009144686080073128,419.916,416.076,True,2007-09-28
3705,5.28,404.561,266.31,0.19181302870518918,0.010187418682225169,415.807,411.571,True,2007-09-28
3706,5.39,396.364,239.5,0.19401662162970867,0.009354395738174315,410.716,406.874,True,2007-09-28
3707,5.39,396.646,239.51,0.19411005153010671,0.009375456715545516,410.54,406.691,True,2007-09-28
3708,5.39,400.434,242.27,0.20248737470090714,0.010686058455054326,414.746,410.314,True,2007-09-28
3709,5.39,400.194,242.22,0.20481218181670133,0.010503498356194019,415.195,410.834,True,2007-09-28
3710,4.53,381.705,232.27,0.20905293476989112,0.010119954375999995,391.899,387.933,True,2007-09-27
3711,4.59,400.483,278.98,0.18920869804762047,0.009701421777296604,400.766,396.878,False,
3712,4.59,400.981,279.06,0.18896936731803274,0.009645180027571865,401.133,397.264,False,
3713,4.53,399.503,291.76,0.18995824886616047,0.009612665393653796,399.577,395.736,False,
3714,4.53,399.226,291.51,0.18999117393561998,0.009625679150698896,399.764,395.916,False,
3715,4.53,398.165,290.65,0.1878706713122485,0.010067915084787105,397.997,393.99,False,
3716,5.8,393.736,234.37,0.17911889175765577,0.014418417584121435,412.736,406.785,False,
3717,5.8,403.886,242.55,0.21316144183965147,0.012337291137579864,426.836,421.57,False,
3718,5.78,411.371,250.61,0.2143852537453415,0.012800242526001537,428.82,423.331,True,2007-09-28
3719,5.77,414.149,253.04,0.2687919245412728,0.019746150741553503,431.122,422.609,True,2007-09-28
3720,5.77,414.138,253.05,0.2688701371441447,0.019706364726650993,431.079,422.584,True,2007-09-28
3721,5.78,415.409,253.82,0.26519795130978996,0.020178807166158386,432.533,423.805,True,2007-09-28
3722,5.77,396.709,215.92,0.26813193988031686,0.020546863408587357,417.874,409.288,True,2007-09-28
3723,5.76,396.227,216.06,0.27248657175055746,0.02357228018597346,417.694,407.848,True,2007-09-28
3724,4.86,386.825,215.68,0.2753039783280255,0.02084301544196898,398.071,389.774,True,2007-09-28
3725,3.78,381.127,300.23,0.19848487087499336,0.009870466805283917,374.653,370.955,False,
3726,3.78,386.609,305.7,0.23050214068792688,0.009667256821495385,384.08,380.367,False,
3727,3.78,387.536,306.33,0.22602977159850063,0.008748050438181165,385.343,381.972,False,
3728,3.78,387.897,306.44,0.2257862006538034,0.008798603412728867,386.084,382.687,False,
3729,3.79,382.211,300.74,0.18033830751385357,0.0056252004875858574,389.675,387.483,True,2007-09-30
3730,3.79,381.749,300.27,0.1803697974759687,0.005605149491913708,391.961,389.764,True,2007-09-30
3731,3.79,381.054,299.51,0.18035032277786206,0.005778694382619021,391.784,389.52,False,
3732,4.91,396.209,260.38,0.1746217592809402,0.009944827315387372,407.448,403.396,True,2007-09-28
3733,4.99,388.252,235.33,0.17775506842734118,0.009340798679310036,402.214,398.457,True,2007-09-28
3734,4.15,369.137,226.77,0.1833490767900431,0.008339463353028487,379.281,376.118,True,2007-09-27
3735,4.09,347.052,204.8,0.18542992099821548,0.007932282942247126,358.787,355.941,True,2007-09-21
3736,4.09,347.209,205.26,0.18700147630895092,0.008054500545950138,359.923,357.024,True,2007-09-21
3737,4.09,349.101,206.44,0.19603933250465622,0.00920213090308375,360.786,357.466,True,2007-09-21
3738,4.09,349.265,206.38,0.1961758970805576,0.009217192806636687,359.22,355.909,True,2007-09-21
3739,5.73,400.746,260.05,0.16722872877531614,0.0274290293596251,411.79,400.495,True,2007-09-28
3740,5.73,400.58,260.06,0.1671742512082196,0.027490034044286626,412.404,401.067,True,2007-09-28
3741,5.75,400.66,260.28,0.1636722545684804,0.026317002797925815,412.091,401.246,True,2007-09-28
3742,5.8,409.279,256.65,0.2053537904421456,0.02037993273011507,422.18,413.576,True,2007-09-28
3743,5.73,418.128,264.55,0.24862967285827806,0.018216037098486626,435.166,427.239,True,2007-09-29
3744,5.73,418.481,264.55,0.25159040357168305,0.017729217723245982,435.383,427.664,True,2007-09-29
3745,5.73,418.589,264.35,0.2516155922933609,0.017784137367130026,435.388,427.645,True,2007-09-29
3746,5.84,401.15,232.02,0.2527070375812135,0.017957672383015155,422.939,415.344,True,2007-09-29
3747,5.84,401.242,231.89,0.2528091255912682,0.01794116603385265,422.715,415.131,True,2007-09-29
3748,4.91,394.223,233.82,0.256787135380939,0.018162524682026615,406.166,398.789,True,2007-09-28
3749,4.91,394.428,233.54,0.253004804785323,0.018511193929016234,407.051,399.516,True,2007-09-28
3750,3.79,382.422,274.78,0.25663832838184425,0.011441635515005433,378.792,374.458,True,2007-09-28
3751,3.83,382.595,262.53,0.2565398566218625,0.011881835019008413,379.571,375.061,True,2007-09-28
3752,3.83,363.774,244.07,0.25843929149709316,0.011853689055726813,358.032,353.788,True,2007-09-24
3753,4.56,392.709,240.0,0.2673321766156925,0.016193274404973756,401.957,395.448,True,2007-09-29
3754,4.56,389.052,237.58,0.23024844887658094,0.016018882452705774,397.406,391.04,True,2007-09-29
3755,4.49,399.356,265.63,0.22762666813118654,0.015884545635246883,407.503,401.03,True,2007-09-29
3756,5.3,411.494,270.7,0.22438718831067425,0.015747586797629887,424.954,418.262,False,
3757,4.09,399.873,315.9,0.2303542303368773,0.011735704939524583,395.119,390.482,False,
3758,4.1,396.652,312.74,0.23081166996336383,0.011877309512317802,391.587,386.936,True,2007-09-29
3759,4.1,396.782,312.87,0.23073312245293642,0.011960519565378247,391.789,387.103,True,2007-09-29
3760,4.1,397.233,313.21,0.2328154173888351,0.011061896245112002,393.061,388.713,True,2007-09-29
3761,4.1,397.234,313.24,0.23285700746822244,0.011069434619084162,392.974,388.624,True,2007-09-29
3762,4.12,392.866,308.66,0.18405694214958618,0.008335221654581337,388.352,385.115,True,2007-09-29
3763,4.12,393.491,308.97,0.18398671644637987,0.008309942859494934,388.691,385.461,True,2007-09-29
3764,4.11,394.517,309.86,0.19077725286346153,0.009182431118977652,390.964,387.374,True,2007-09-29
3765,4.1,393.2,308.66,0.19560696857509408,0.009048148157652314,389.693,386.167,True,2007-09-29
3766,4.17,395.967,294.5,0.19509505291189197,0.009082202101983294,391.535,387.979,True,2007-09-29
3767,4.57,396.145,268.77,0.19119258412157455,0.011368228432007799,393.465,388.992,True,2007-09-28
3768,4.57,396.026,268.72,0.19315184427015458,0.010540522679788888,393.434,389.287,True,2007-09-28
3769,4.57,397.063,269.68,0.193399218309132,0.010559326642794797,393.491,389.336,True,2007-09-28
3770,4.57,394.079,266.89,0.19776953675415138,0.011176347027752609,390.378,386.015,True,2007-09-28
3771,4.6,390.712,263.36,0.19681586525689396,0.011216283319937959,390.682,386.3,False,
3772,4.56,392.322,276.63,0.19696601560667104,0.0107817887046463,389.824,385.621,False,
3773,4.56,392.112,275.9,0.19688100305762554,0.010798415890343582,389.872,385.662,False,
3774,4.47,399.588,296.48,0.19624493328649906,0.010623974311423035,393.638,389.456,False,
3775,4.47,399.997,296.78,0.1965742198570451,0.010642053636966242,393.721,389.531,False,
3776,4.46,401.41,298.33,0.20060971347478185,0.011804845453717072,395.092,390.428,False,
3777,3.78,382.502,286.35,0.2048972610058684,0.011157153985152046,377.426,373.215,False,
3778,3.8,372.591,276.29,0.16898769209704695,0.009402044898035533,374.493,370.972,False,
3779,3.8,382.838,286.28,0.19698424254769598,0.007606742468450944,388.997,386.038,False,
3780,4.9,397.425,252.63,0.19131072549208117,0.01086147349922506,409.705,405.255,True,2007-09-28
3781,3.17,322.109,232.1,0.2276226187979424,0.008470356922003597,315.335,312.664,True,2007-09-14
3782,3.17,316.459,226.99,0.19677830778693012,0.007761833258844608,311.009,308.595,True,2007-09-14
3783,3.83,361.937,264.75,0.18744030392255887,0.00995828781970376,353.374,349.855,True,2007-09-26
3784,3.84,380.8,283.45,0.18551459903422388,0.01034701599449439,373.441,369.577,True,2007-09-30
3785,4.89,398.222,267.49,0.17473812284069368,0.01737544711613237,398.666,391.739,True,2007-09-28
3786,4.89,392.958,256.38,0.17450656814054308,0.018714685721741064,398.564,391.105,True,2007-09-28
3787,4.9,390.788,254.98,0.1698428608017098,0.019066501279403125,397.451,389.873,True,2007-09-28
3788,4.9,392.686,256.72,0.17298893703277038,0.017016891841195814,399.838,393.034,True,2007-09-28
3789,4.9,392.542,256.29,0.1729407816599169,0.016983603934255798,399.974,393.181,True,2007-09-28
3790,4.98,385.614,231.25,0.17734444705906305,0.012949099706290768,393.927,388.826,True,2007-09-28
3791,4.98,385.571,231.14,0.1772689244427396,0.013141706744212112,393.404,388.234,True,2007-09-28
3792,4.98,385.526,231.2,0.1771766051563801,0.013000475100419018,393.601,388.484,True,2007-09-28
3793,4.98,388.071,233.79,0.17384207497114298,0.012381723154654356,396.633,391.722,True,2007-09-28
3794,4.98,396.192,240.39,0.21701122253204694,0.01549654311693971,403.832,397.574,True,2007-09-28
3795,5.74,413.181,259.66,0.2180608437327096,0.01312334743674859,432.283,426.61,False,
3796,5.75,414.148,260.0,0.21805219476955834,0.012835521171206565,432.238,426.69,False,
3797,5.85,413.71,250.18,0.21580423272456434,0.013910733876089876,432.975,426.952,False,
3798,5.72,412.703,259.52,0.22081831301731625,0.013759919549514499,429.581,423.67,False,
3799,5.73,412.652,259.37,0.2208846185235028,0.013699490835978434,429.724,423.837,False,
3800,5.84,413.352,249.83,0.2253044033367597,0.015721151062474514,431.775,424.987,False,
3801,5.87,401.58,240.01,0.18014517076606076,0.014675460701163656,421.043,414.864,False,
3802,4.9,397.616,252.79,0.18730401833573584,0.01123757383662305,409.519,404.917,True,2007-09-28
3803,4.91,383.732,240.69,0.15685171926496458,0.027820416378644297,393.488,382.541,True,2007-09-28
3804,4.94,372.411,214.89,0.16011042861376762,0.0211189435826985,382.879,374.793,True,2007-09-28
3805,4.88,371.315,213.56,0.16075400472899554,0.020207357060361808,376.645,369.034,True,2007-09-27
3806,4.88,371.86,214.06,0.16054063231275725,0.02002069459552691,376.91,369.364,True,2007-09-27
3807,4.88,371.556,214.09,0.16049744408988986,0.020036265693926025,377.216,369.658,True,2007-09-27
3808,3.84,359.711,242.66,0.1670960696969218,0.008659189878492901,359.156,356.046,True,2007-09-27
3809,4.22,381.205,261.65,0.18803678102253685,0.008696385021780384,379.698,376.396,True,2007-09-28
3810,4.22,383.034,262.23,0.18802296958715856,0.008368631487272848,378.915,375.744,True,2007-09-28
3811,4.2,387.03,279.85,0.18607464376563185,0.008281995945327303,382.275,379.109,True,2007-09-28
3812,4.21,394.235,286.8,0.1850175740610966,0.008469497515750546,390.46,387.153,False,
3813,4.2,391.477,284.44,0.1902263846401651,0.008840676916726742,387.64,384.213,False,
3814,4.19,392.505,285.4,0.19218425816469406,0.008339330532061151,387.681,384.448,False,
3815,4.19,393.246,285.64,0.19179895033950548,0.008350881167269786,388.462,385.218,False,
3816,4.21,395.231,287.42,0.19756726332736557,0.009793250756274907,391.392,387.559,False,
3817,4.2,400.039,291.95,0.2279624032510247,0.009344627775239589,400.551,396.808,False,
3818,4.2,400.003,291.71,0.22794195928712876,0.009319974120897356,400.323,396.592,False,
3819,4.19,403.291,295.67,0.27917496643203105,0.012397722521948706,401.848,396.866,False,
3820,4.19,403.385,295.71,0.2791000591879549,0.012418882872840209,401.888,396.897,False,
3821,5.33,413.593,259.59,0.2763758489928086,0.01817323965813089,426.011,418.269,True,2007-09-29
3822,4.52,398.611,253.02,0.27898363986244445,0.017430352813103123,404.18,397.135,True,2007-09-28
3823,5.29,409.14,258.43,0.22577424094865994,0.015911265290346588,419.137,412.468,True,2007-09-28
3824,5.28,407.718,257.54,0.23018487969647516,0.01590620083195038,417.573,410.931,True,2007-09-27
3825,5.29,408.656,258.46,0.23315206723220191,0.01511376530307551,418.625,412.298,True,2007-09-27
3826,5.32,400.584,251.18,0.19007862013853885,0.011201231280384971,409.33,404.745,True,2007-09-27
3827,4.47,368.832,227.73,0.19682800367716802,0.01003003690095794,375.871,372.101,True,2007-09-22
3828,4.5,388.422,247.18,0.19343992763159154,0.009789209535759125,398.5,394.599,True,2007-09-28
3829,4.53,389.84,239.39,0.19318499730559058,0.009893830243492219,399.643,395.689,True,2007-09-28
3830,4.5,380.85,227.03,0.19614990577788532,0.00934067049769527,393.976,390.296,True,2007-09-28
3831,4.5,380.891,226.93,0.19625835223382562,0.00935712564522062,394.245,390.556,True,2007-09-28
3832,4.5,370.068,217.84,0.16586899746956066,0.012019847154703611,378.291,373.744,True,2007-09-28
3833,3.5,356.464,244.42,0.17446371270778,0.006832540108481555,367.067,364.559,True,2007-09-28
3834,3.5,356.672,244.3,0.17448990419059043,0.0068678919910065694,366.488,363.971,True,2007-09-28
3835,3.5,356.589,244.55,0.17454881748726989,0.0068509221870565185,366.52,364.009,True,2007-09-28
3836,3.5,352.417,241.97,0.1667763169443521,0.005695184184115187,376.634,374.489,True,2007-09-28
3837,3.83,369.349,266.0,0.2200609160429248,0.011604548850336238,361.41,357.216,True,2007-09-27
3838,3.83,369.437,266.02,0.22000375864105037,0.01163620669621368,361.458,357.252,True,2007-09-27
3839,4.93,393.214,255.81,0.21433355778085142,0.01463245013640424,391.117,385.394,True,2007-09-26
3840,4.92,393.144,255.81,0.2144095461863095,0.014604883459982232,391.239,385.525,True,2007-09-26
3841,4.94,383.6,246.7,0.16925994776036452,0.013506736390088925,382.846,377.675,True,2007-09-26
3842,4.94,383.608,247.11,0.16927438666691938,0.013470934030045734,382.75,377.594,True,2007-09-26
3843,4.91,382.26,230.67,0.1730259111495147,0.010422067549662017,381.882,377.902,True,2007-09-27
3844,4.98,380.723,228.82,0.1715296397320242,0.010937365820146261,384.279,380.076,True,2007-09-29
3845,4.98,375.86,215.98,0.17081460019893205,0.011520151179270965,385.238,380.8,True,2007-09-29
3846,4.98,376.6,216.86,0.1733232630045202,0.010940505010186286,385.814,381.593,True,2007-09-29
3847,4.13,365.559,215.8,0.18064001121165518,0.009005875389962559,370.869,367.529,True,2007-09-28
3848,4.13,366.778,216.87,0.1859023530583186,0.010299532157757363,371.279,367.455,True,2007-09-28
3849,4.13,370.051,218.61,0.21700083826264957,0.010718717367563801,376.351,372.317,True,2007-09-28
3850,4.13,370.963,219.33,0.2116870512223023,0.010193666405970303,377.195,373.35,True,2007-09-28
3851,5.84,372.896,192.87,0.1603135088107731,0.014054638868924219,393.749,388.215,False,
3852,5.84,373.848,194.05,0.1628752651147001,0.012814735680254374,395.014,389.952,False,
3853,4.61,381.067,248.16,0.17065441775125068,0.008940537261743375,385.771,382.322,False,
3854,4.61,388.37,254.28,0.21462700638486223,0.011810902843820026,391.164,386.544,False,
3855,4.61,388.045,254.3,0.2146523869610385,0.011842566238840946,391.047,386.416,False,
3856,4.61,388.579,254.54,0.21460087662422492,0.011847717474360975,391.299,386.663,False,
3857,4.61,389.128,254.53,0.21800615931424236,0.013226534698927317,392.015,386.83,False,
3858,4.61,387.508,253.82,0.2213578952805511,0.01302587211241868,389.686,384.61,False,
3859,4.58,391.538,258.11,0.22178055756403378,0.012832750842943219,389.706,384.705,True,2007-09-29
3860,4.58,391.198,256.98,0.221778598004945,0.013087991216526373,389.823,384.721,True,2007-09-29
3861,4.5,402.361,294.71,0.2198503883705247,0.012869566092366003,397.527,392.411,True,2007-09-29
3862,4.49,407.369,299.66,0.2584405013947195,0.012828750581614368,406.197,400.986,True,2007-09-29
3863,4.49,407.472,299.74,0.25849722799455155,0.012848387549523332,406.121,400.903,True,2007-09-29
3864,3.76,374.028,273.61,0.26395395970570734,0.011771004875516189,369.807,365.454,True,2007-09-27
3865,5.35,416.982,274.38,0.23436736053870527,0.01211799660441426,424.08,418.941,True,2007-09-28
3866,5.35,417.05,274.04,0.23438133478348236,0.012107879199441673,424.104,418.969,True,2007-09-28
3867,5.34,417.766,274.78,0.2413795949668647,0.01362519175890331,424.361,418.579,True,2007-09-28
3868,5.34,413.465,261.93,0.2413810485129274,0.015347693610813673,425.015,418.492,True,2007-09-28
3869,5.34,413.386,261.79,0.24141760663536405,0.015311826944578444,424.835,418.33,True,2007-09-28
3870,5.38,397.662,227.96,0.2437992243217193,0.01490096001944341,411.45,405.319,True,2007-09-28
3871,4.52,383.95,224.98,0.24685259525796255,0.013210195258876789,390.456,385.298,True,2007-09-28
3872,4.52,382.898,224.26,0.2516508595845081,0.013293784410390197,389.054,383.882,True,2007-09-27
3873,3.54,364.376,251.58,0.2541867926669788,0.009834362779950201,360.064,356.523,True,2007-09-28
3874,3.54,360.529,247.93,0.2220409076376681,0.010408775916729729,356.43,352.72,True,2007-09-27
3875,3.54,360.494,247.96,0.22200696744730855,0.010446389030590697,356.774,353.047,True,2007-09-27
3876,3.54,360.76,248.42,0.22441500537906123,0.010251646586794783,357.406,353.742,True,2007-09-27
3877,3.55,355.295,244.95,0.1858913178734241,0.0067864948478988385,365.579,363.098,True,2007-09-27
3878,3.57,361.721,250.87,0.18457379493365375,0.006898493594255983,369.356,366.808,False,
3879,3.79,387.232,291.05,0.2090514144481334,0.009373487677564518,386.409,382.787,False,
3880,3.85,380.208,261.16,0.21087516429482947,0.00985763527012018,380.923,377.168,True,2007-09-29
3881,3.85,380.038,261.33,0.21086757275764254,0.009799800325784314,380.62,376.89,True,2007-09-29
3882,3.85,375.574,257.06,0.1806361901028912,0.009480069092029031,373.415,369.875,True,2007-09-29
3883,3.85,374.995,256.84,0.18060869575728658,0.009528358337112408,372.677,369.126,True,2007-09-29
3884,3.85,373.386,255.52,0.175633501923317,0.008384238599775662,371.769,368.652,True,2007-09-29
3885,4.6,386.988,260.26,0.16893677263480533,0.011042979617328141,387.486,383.207,False,
3886,4.57,390.179,263.78,0.16983751703778904,0.010916777295165492,387.935,383.7,True,2007-09-28
3887,4.57,391.365,264.89,0.1728427290928103,0.009778398953557699,390.657,386.837,True,2007-09-28
3888,4.57,388.842,262.6,0.17703326476685902,0.011108344615448296,385.566,381.283,True,2007-09-28
3889,4.57,388.995,262.61,0.17701394923775987,0.011104453453897434,385.521,381.24,True,2007-09-28
3890,4.53,390.301,274.99,0.17696734590907262,0.010783022519398333,384.957,380.806,True,2007-09-28
3891,5.81,386.524,220.74,0.16841513006137318,0.020022968991861068,400.54,392.52,True,2007-09-28
3892,5.8,398.311,230.53,0.21159359983204845,0.016742988327037245,411.635,404.743,True,2007-09-28
3893,3.78,364.254,268.43,0.18831343649153703,0.007896986798292316,366.089,363.198,True,2007-09-26
3894,3.78,363.862,268.41,0.18848885213049382,0.00794547299496473,365.617,362.712,True,2007-09-26
3895,4.88,381.821,236.82,0.17973883172536254,0.012794299716938018,389.314,384.333,True,2007-09-26
3896,4.89,377.942,233.85,0.17195938005140804,0.013133159540105743,385.132,380.074,True,2007-09-26
3897,4.89,389.309,244.11,0.20112657138702156,0.00876570480464578,400.196,396.688,True,2007-09-26
3898,4.88,388.345,243.37,0.20108810966935084,0.008921615628932678,400.488,396.915,True,2007-09-26
3899,4.89,389.396,244.42,0.19567137593174946,0.009085449383549382,402.952,399.291,True,2007-09-26
3900,4.88,389.025,244.3,0.19361593513646133,0.009343815544960554,401.442,397.691,True,2007-09-26
3901,4.87,388.08,243.84,0.193843103517284,0.009435114884492113,401.055,397.271,True,2007-09-26
3902,4.87,388.151,243.77,0.1938114785897329,0.009373838559452174,400.903,397.145,True,2007-09-26
3903,4.88,385.947,227.87,0.1965149693042645,0.009900075174637424,400.401,396.437,True,2007-09-27
3904,5.8,400.164,233.33,0.1919128935072656,0.009926208669587822,419.697,415.531,True,2007-09-28
3905,5.85,389.985,222.9,0.19059672954277207,0.009655669731386318,416.025,412.008,False,
3906,5.85,397.446,226.35,0.2392722927232932,0.015026083819487668,421.334,415.003,False,
3907,4.12,364.056,219.09,0.21042370808162006,0.010237822542612629,371.075,367.276,True,2007-09-25
3908,4.11,367.152,221.23,0.2600880149363418,0.01543733734219166,371.178,365.448,True,2007-09-26
3909,4.1,365.105,235.18,0.2595179186734947,0.016016254656281648,369.125,363.213,True,2007-09-22
3910,4.1,365.165,235.18,0.2596809609663026,0.01594802126402839,369.074,363.188,True,2007-09-22
3911,3.14,334.955,259.97,0.26517579824680065,0.010153011460619199,328.08,324.749,True,2007-09-21
3912,3.15,330.807,255.93,0.22854635575500756,0.011488071506059239,323.553,319.836,True,2007-09-21
3913,3.78,377.53,296.19,0.2214826195866951,0.01189919669004047,372.21,367.781,True,2007-09-28
3914,3.78,377.039,295.71,0.21893921622415877,0.012016478201946845,371.157,366.697,True,2007-09-28
3915,3.78,377.789,296.81,0.21884551398116475,0.011613789018858234,371.455,367.141,True,2007-09-28
3916,3.76,377.317,296.47,0.22121326972883115,0.012517689507286378,370.276,365.641,True,2007-09-29
3917,3.76,376.832,296.27,0.22131725874336067,0.01268305333365749,370.179,365.484,True,2007-09-29
3918,3.76,375.679,295.55,0.22453420094356796,0.01235174912937409,368.126,363.579,True,2007-09-29
3919,3.76,375.767,295.66,0.2246595371514799,0.012315083324718867,367.598,363.071,True,2007-09-29
3920,3.76,385.456,305.07,0.22403230854197984,0.012585455161174264,377.976,373.219,False,
3921,5.36,408.658,255.94,0.22418688100121326,0.011638527240866003,417.149,412.294,True,2007-09-27
3922,5.37,410.317,257.01,0.21923388700791804,0.011544607858359424,418.637,413.804,True,2007-09-27
3923,4.19,394.69,286.55,0.22267148784489255,0.00786387897193186,393.826,390.729,True,2007-09-28
3924,4.19,393.749,286.11,0.22279912041598024,0.007808229278698509,393.303,390.232,True,2007-09-28
3925,4.2,392.353,284.5,0.21386312384528286,0.006679759232809612,392.08,389.461,True,2007-09-28
3926,4.15,390.302,293.69,0.21476517623027083,0.006449129380365237,389.665,387.152,True,2007-09-28
3927,4.14,390.057,293.6,0.21485500843512004,0.006455044673945753,389.153,386.641,True,2007-09-28
3928,4.22,386.703,266.13,0.21576668368562416,0.007070391799274045,387.673,384.932,True,2007-09-28
3929,4.22,381.916,262.14,0.18760492950562302,0.008370387685260883,380.747,377.56,True,2007-09-28
3930,4.22,382.324,262.68,0.1877281991875392,0.00835915260368325,381.498,378.309,True,2007-09-28
3931,4.22,382.478,262.63,0.18583195748722664,0.008450275598091195,381.171,377.95,True,2007-09-28
3932,4.21,386.23,265.63,0.23391593274793576,0.011900618842646482,382.165,377.617,True,2007-09-28
3933,4.25,386.391,265.4,0.23294852927314713,0.01173840134153159,384.635,380.12,False,
3934,3.55,366.785,254.72,0.23755973849307466,0.011406907147554879,361.886,357.758,True,2007-09-28
3935,4.9,392.542,237.31,0.22131968715631048,0.011723710317460223,403.2,398.473,True,2007-09-26
3936,3.77,370.076,275.39,0.22732880596491073,0.007873120387266619,369.358,366.45,True,2007-09-26
3937,3.78,365.544,270.88,0.19771316740801734,0.008559232348976042,365.687,362.557,True,2007-09-26
3938,4.49,399.478,298.08,0.19289049767014335,0.009921247879263628,394.91,390.992,True,2007-09-29
3939,4.49,399.824,298.37,0.19275831837502516,0.00996965317553311,395.099,391.16,True,2007-09-29
3940,4.49,400.49,298.59,0.19265876438592994,0.00995745886256838,395.382,391.445,True,2007-09-29
3941,4.49,400.349,298.26,0.19250330311648178,0.009978404567914434,395.454,391.508,True,2007-09-29
3942,4.49,403.015,301.04,0.1870365119743487,0.009152451397197336,398.691,395.042,True,2007-09-29
3943,4.5,403.636,301.74,0.18905187449168914,0.008808059374327604,399.634,396.114,True,2007-09-29
3944,4.57,398.282,269.88,0.1902444388535256,0.009110270351532224,399.11,395.474,True,2007-09-28
3945,4.57,402.174,273.8,0.23637630027476586,0.012630444759263226,400.936,395.872,True,2007-09-28
3946,4.57,402.153,274.16,0.23964487078731775,0.014431461784321531,400.791,395.007,True,2007-09-29
3947,4.52,402.872,287.07,0.23958053408633043,0.013960209403141022,399.994,394.41,True,2007-09-29
3948,4.56,400.648,284.44,0.2394174933007878,0.014288498246104897,400.252,394.533,False,
3949,3.49,364.128,249.32,0.2494856788048418,0.00909246964100796,361.178,357.894,True,2007-09-28
3950,3.44,360.653,269.83,0.24968609448453555,0.008261056055972493,359.034,356.068,True,2007-09-27
3951,3.44,354.538,263.46,0.2021734162191084,0.00549953675316639,370.213,368.177,True,2007-09-27
3952,3.44,355.001,263.74,0.20236142405164745,0.005493552461122264,368.978,366.951,True,2007-09-27
3953,4.49,383.278,241.81,0.19714614961956295,0.009298671182510265,393.282,389.625,True,2007-09-26
3954,4.51,375.076,226.49,0.16921472541030824,0.010630347184839462,382.678,378.61,True,2007-09-26
3955,4.43,350.748,210.45,0.17477620192654528,0.008742436335025805,353.334,350.245,True,2007-09-16
3956,4.43,349.428,209.77,0.17483881956674543,0.008966308672225032,354.661,351.481,True,2007-09-16
3957,4.44,349.882,209.99,0.17493684469192136,0.009059154610891795,353.565,350.362,True,2007-09-16
3958,4.44,349.751,209.56,0.17492508830638615,0.009050080693255413,353.809,350.607,True,2007-09-16
3959,4.43,347.425,207.93,0.18016821289963675,0.01013875281948462,351.128,347.568,True,2007-09-16
3960,4.43,345.9,206.59,0.17754740657050003,0.010664145321184981,349.02,345.298,True,2007-09-16
3961,4.44,349.837,209.45,0.18424581515393232,0.011783399587666499,351.172,347.034,True,2007-09-16
3962,5.29,382.071,234.47,0.17308311323835926,0.018119545934638492,390.076,383.008,True,2007-09-25
3963,3.87,371.067,247.13,0.20150890321033996,0.010725261802551844,367.357,363.417,True,2007-09-28
3964,3.87,371.268,247.12,0.20144544890664554,0.01076055388163133,367.732,363.775,True,2007-09-28
3965,3.87,362.459,240.78,0.16487819006314336,0.007284601170142291,364.742,362.085,True,2007-09-28
3966,3.87,364.595,241.81,0.1597340986981244,0.006897021183902452,367.26,364.727,True,2007-09-28
3967,3.87,364.844,242.23,0.15996885768174143,0.006859741568290945,367.215,364.696,True,2007-09-28
3968,3.87,364.828,241.3,0.16003369210196264,0.007016941017333855,366.684,364.111,True,2007-09-28
3969,3.88,367.178,242.77,0.1658866081074543,0.00800823704381648,367.122,364.182,True,2007-09-28
3970,3.88,366.57,242.41,0.1660181450353887,0.007937481096369714,366.993,364.08,True,2007-09-28
3971,3.87,367.491,243.55,0.16874295744275217,0.007754188428406694,368.575,365.717,True,2007-09-28
3972,4.59,379.728,246.71,0.16168538342719238,0.009813440237193105,383.148,379.388,False,
3973,5.81,371.527,194.69,0.15366149571942117,0.01753001192863124,394.01,387.103,False,
3974,5.72,381.935,205.5,0.15570323148356588,0.016413749605802552,396.375,389.869,True,2007-09-27
3975,5.79,392.132,233.62,0.15236151135724446,0.022475268983281782,401.419,392.397,True,2007-09-27
3976,5.78,406.679,246.43,0.18599787174557084,0.011073982713783015,418.368,413.735,True,2007-09-27
3977,5.73,413.497,259.69,0.22120253814425356,0.013905869375373414,435.14,429.089,False,
3978,5.74,412.637,259.45,0.21246374439300728,0.01147795013250863,434.311,429.326,False,
3979,5.74,412.684,259.35,0.21241884845180498,0.011488402195418024,434.177,429.189,False,
3980,5.76,412.777,259.12,0.21041464599264673,0.012326177411295491,434.279,428.926,False,
3981,5.77,403.275,250.68,0.17748384760034674,0.014637869662087799,420.553,414.397,False,
3982,5.85,387.19,219.03,0.1801830777410803,0.013547770232170464,407.89,402.364,False,
3983,5.85,387.497,219.19,0.1800556374400141,0.013560418872808566,407.952,402.42,False,
3984,5.85,396.035,226.57,0.22785469293824742,0.01764742449455814,418.248,410.867,False,
3985,5.81,405.608,236.62,0.2289944585452327,0.01760408832412408,421.493,414.073,True,2007-09-28
3986,5.81,404.87,235.35,0.2319904822976081,0.01736876246076935,419.316,412.033,True,2007-09-28
3987,4.87,389.872,229.7,0.23686898538520246,0.017495284798189292,397.65,390.693,True,2007-09-27
3988,4.87,391.928,230.47,0.23684854163020988,0.016809934102845814,397.741,391.055,True,2007-09-27
3989,4.87,391.799,230.35,0.23696314760321857,0.016793198226630168,397.661,390.983,True,2007-09-27
3990,3.83,372.979,253.2,0.242318421947835,0.012962851663452124,366.046,361.301,True,2007-09-27
3991,4.42,365.86,199.1,0.27696279208220587,0.015369128965748047,370.548,364.853,True,2007-09-25
3992,3.5,340.489,220.54,0.2804706351708667,0.010881236596607557,334.337,330.699,True,2007-09-22
3993,3.5,340.739,220.9,0.2763007719298658,0.011150459418070469,334.336,330.608,True,2007-09-22
3994,3.47,339.914,232.3,0.2762871142056976,0.011247656738179512,331.269,327.543,True,2007-09-17
3995,3.47,339.807,232.08,0.27631867603966653,0.011218084143176155,331.34,327.623,True,2007-09-17
3996,3.46,363.539,255.72,0.27283922416959816,0.01121825049569658,361.108,357.057,True,2007-09-27
3997,3.47,361.949,253.45,0.2174099281355782,0.006480747166376366,366.933,364.555,True,2007-09-27
3998,3.48,362.558,253.74,0.2157216842235667,0.007096586957831108,365.246,362.654,True,2007-09-27
3999,3.48,362.506,254.04,0.21573223067767003,0.007169321869715417,365.446,362.826,True,2007-09-27
4000,3.48,362.918,254.08,0.21564486131348662,0.007224433411294862,365.565,362.924,True,2007-09-27
4001,3.44,360.6,264.81,0.21604134337720063,0.006967148986633975,364.281,361.743,True,2007-09-27
4002,3.43,360.897,265.41,0.2238919090089462,0.008256390817255377,361.417,358.433,True,2007-09-27
4003,3.44,356.641,261.04,0.1942540807526364,0.008843052523722528,359.152,355.976,True,2007-09-27
4004,4.16,392.171,288.27,0.18920013839626068,0.010167921665553692,390.837,386.863,True,2007-09-29
4005,5.35,407.431,254.78,0.21585334906351922,0.017037316245759437,411.215,404.209,True,2007-09-27
4006,5.34,404.46,254.68,0.21585752064985553,0.018014165441667784,411.565,404.151,True,2007-09-27
4007,5.35,394.566,229.94,0.2177513255257861,0.0175087284381652,404.998,397.907,True,2007-09-28
4008,5.35,394.73,229.92,0.21771718014965483,0.017523407765623555,404.887,397.792,True,2007-09-28
4009,5.34,398.62,231.89,0.2580490597757222,0.02019075268398185,410.584,402.294,True,2007-09-28
4010,4.48,375.159,218.08,0.26169281811402173,0.017521064650759977,380.97,374.295,True,2007-09-27
4011,4.55,382.9,225.58,0.26105394077793165,0.01763442394469905,392.471,385.55,True,2007-09-28
4012,4.56,383.621,225.63,0.25678200391287714,0.015575617315417012,392.344,386.233,True,2007-09-28
4013,4.56,383.407,225.09,0.2567785611658714,0.015637027257110026,392.338,386.203,True,2007-09-28
4014,4.56,382.899,225.16,0.2541926667396946,0.01617641059116315,392.176,385.832,True,2007-09-28
4015,4.56,383.033,224.82,0.25417204093610013,0.016205917684956272,392.079,385.725,True,2007-09-28
4016,3.55,369.103,256.13,0.25744390165461156,0.011418758097074488,365.101,360.932,True,2007-09-28
4017,3.55,366.258,253.99,0.2074814531553061,0.008125885696966706,366.237,363.261,True,2007-09-28
4018,3.55,365.137,253.26,0.21292750391860127,0.008190104237690288,366.662,363.659,True,2007-09-28
4019,3.87,367.278,244.74,0.18498928701670309,0.0074089547703793945,368.608,365.877,True,2007-09-28
4020,3.87,367.45,244.7,0.18508442120159627,0.007405229251869483,370.684,367.939,True,2007-09-28
4021,3.87,368.892,245.11,0.17937660422784946,0.007615363775117401,372.799,369.96,True,2007-09-28
4022,3.87,369.022,246.41,0.17937832069051582,0.007588973240725716,371.46,368.641,True,2007-09-28
4023,3.87,355.284,232.59,0.18016517015647965,0.007373422453081924,361.162,358.499,True,2007-09-26
4024,3.86,361.53,236.88,0.21915132286484038,0.010930187562915972,356.627,352.729,True,2007-09-26
4025,3.86,360.591,236.77,0.2143450417726778,0.009975720320547832,356.265,352.711,True,2007-09-26
4026,3.86,364.444,239.99,0.24532666710368983,0.008634296822645271,361.118,358.0,True,2007-09-26
4027,3.82,364.08,251.42,0.24446999756394716,0.008823995926102168,359.361,356.19,True,2007-09-23
4028,4.87,387.213,229.68,0.24068770472362688,0.01318014738705553,392.029,386.862,True,2007-09-23
4029,4.87,387.35,229.82,0.24288532199715251,0.01265380634041624,392.214,387.251,True,2007-09-23
4030,5.78,414.35,249.13,0.23834105524392535,0.01336812752006633,424.592,418.916,True,2007-09-27
4031,5.78,414.247,249.34,0.2383468265381126,0.013337542047885176,424.516,418.854,True,2007-09-27
4032,5.79,414.224,249.14,0.23839399556841925,0.013335689045936405,424.5,418.839,True,2007-09-27
4033,4.16,379.504,243.16,0.19632065406046864,0.009565274580730088,380.125,376.489,True,2007-09-28
4034,4.12,367.006,230.97,0.1973659823556847,0.00936659303164844,365.768,362.342,True,2007-09-26
4035,4.12,371.215,233.43,0.22618785134360195,0.008545697275066377,371.532,368.357,True,2007-09-26
4036,4.12,369.641,245.76,0.2252974228950138,0.00886095734990533,371.066,367.778,True,2007-09-22
4037,4.1,373.283,249.13,0.27836481884242725,0.014102211360534134,370.722,365.494,True,2007-09-23
4038,4.1,373.286,249.52,0.27834970801755454,0.014057757934634596,370.685,365.474,True,2007-09-23
4039,4.09,372.626,249.22,0.28330907064619637,0.015819913812655906,370.356,364.497,True,2007-09-23
4040,4.09,373.591,249.64,0.2798997385501889,0.01576719861979725,370.96,365.111,True,2007-09-23
4041,4.1,373.627,249.95,0.2770092537214379,0.016126855600539836,370.5,364.525,True,2007-09-23
4042,3.17,338.755,249.21,0.2823110141821385,0.012197450781285535,329.905,325.881,True,2007-09-21
4043,3.17,338.769,249.3,0.28228834882673626,0.0121072643586152,329.802,325.809,True,2007-09-21
4044,3.17,338.788,249.26,0.28226887814055657,0.012147283155686583,329.868,325.861,True,2007-09-21
4045,3.14,335.606,261.23,0.2826023433944885,0.01215021306277364,328.307,324.318,True,2007-09-21
4046,3.78,383.132,302.34,0.27615528358076336,0.012147128026956389,381.654,377.018,True,2007-09-29
4047,5.35,390.374,212.81,0.24182565898269362,0.014509136562926073,407.812,401.895,True,2007-09-29
4048,5.35,390.465,212.5,0.24181105602578598,0.014482839784044743,407.862,401.955,True,2007-09-29
4049,4.22,387.087,256.77,0.24463762753182258,0.010100958005080263,387.785,383.868,True,2007-09-29
4050,4.22,387.537,256.86,0.24675032090049293,0.009734834538708936,388.399,384.618,True,2007-09-29
4051,4.22,383.75,253.66,0.24789051108288954,0.009775921520128295,381.652,377.921,True,2007-09-27
4052,4.22,382.851,252.49,0.2524301235546505,0.009776118227221908,380.826,377.103,True,2007-09-27
4053,3.5,340.432,219.92,0.25731342470458346,0.008743673712414246,335.9,332.963,True,2007-09-22
4054,3.51,335.156,216.4,0.2121250829653023,0.0059421819923040076,346.674,344.614,True,2007-09-22
4055,3.51,335.255,216.36,0.21215838452702723,0.005916954316483314,345.617,343.572,True,2007-09-22
4056,3.51,335.071,216.48,0.2121827967795802,0.00594940115342002,345.581,343.525,True,2007-09-22
4057,3.51,329.735,212.11,0.18717955178964246,0.006038923952465525,344.929,342.846,True,2007-09-22
4058,3.49,329.4,220.96,0.18682225719354809,0.005354420056026266,338.412,336.6,True,2007-09-17
4059,3.47,331.201,223.07,0.19428584867042395,0.007045919649589005,334.236,331.881,True,2007-09-17
4060,3.43,328.876,233.94,0.19479947815253723,0.006905824482213219,333.197,330.896,True,2007-09-17
4061,4.53,395.895,252.25,0.25474893794477027,0.01792406875366581,402.364,395.152,True,2007-09-28
4062,4.53,396.059,252.42,0.25478534438083084,0.017940318243051867,402.334,395.116,True,2007-09-28
4063,4.5,377.057,233.49,0.2573545652624979,0.017937892514779397,379.922,373.107,True,2007-09-23
4064,4.5,375.677,232.22,0.26064736417969253,0.018085776899889994,379.193,372.335,True,2007-09-23
4065,4.51,373.326,230.86,0.2133630797833625,0.012471224313079454,378.792,374.068,True,2007-09-23
4066,4.5,363.181,221.92,0.18000457578955947,0.014382439903714017,363.916,358.682,True,2007-09-23
4067,4.5,363.554,222.42,0.18038037355664602,0.014369786153449637,364.654,359.414,True,2007-09-23
4068,4.5,364.648,223.44,0.18273721341523674,0.013988401727448752,366.089,360.968,True,2007-09-23
4069,3.48,341.589,242.33,0.19140674454242398,0.008651795845621146,342.819,339.853,True,2007-09-22
4070,4.19,382.052,275.0,0.18407916407415237,0.010294835770951916,374.751,370.893,True,2007-09-28
4071,4.18,380.358,273.56,0.1795429458413954,0.009423583645037814,372.682,369.17,True,2007-09-28
4072,4.18,379.483,273.11,0.17979076766776972,0.009231909431692387,372.404,368.966,True,2007-09-28
4073,4.22,377.115,256.89,0.1810790840499388,0.00850154536807235,371.109,367.954,True,2007-09-28
4074,4.22,378.217,257.02,0.18110417938303677,0.008221259946484927,371.111,368.06,True,2007-09-28
4075,4.88,385.318,227.04,0.19318544471561988,0.011099234145298675,397.595,393.182,True,2007-09-27
4076,5.81,397.667,231.04,0.18841360021928794,0.011921558070726479,416.053,411.093,True,2007-09-28
4077,5.81,397.827,231.4,0.18860789252061394,0.011948489589601596,415.45,410.486,True,2007-09-28
4078,4.53,398.128,282.92,0.1929570600850214,0.008994965821632062,399.668,396.073,True,2007-09-28
4079,4.53,396.07,280.69,0.18534855054879237,0.0073457147897083575,396.83,393.915,True,2007-09-28
4080,4.53,396.315,280.8,0.18575376944293384,0.0074065843600615855,395.999,393.066,True,2007-09-28
4081,4.53,396.206,280.37,0.18717611125020506,0.007040054789553718,397.156,394.36,True,2007-09-28
4082,4.47,399.072,296.78,0.18746851765228725,0.00785588445682428,395.627,392.519,True,2007-09-29
4083,4.48,387.604,285.9,0.15814235016785028,0.01694897537877793,382.678,376.192,True,2007-09-29
4084,4.5,390.155,287.48,0.15297904894267636,0.013463656959946668,384.888,379.706,True,2007-09-29
4085,4.5,390.837,289.39,0.15278631694140157,0.013113075921773576,384.883,379.836,True,2007-09-29
4086,4.5,392.361,290.66,0.1522163714205573,0.014061642406017372,388.077,382.62,False,
4087,4.5,391.87,290.29,0.15212851210051373,0.013900422428421821,387.758,382.368,False,
4088,4.49,404.898,302.61,0.19188103051256117,0.010334539738795723,399.534,395.405,False,
4089,4.95,388.88,243.86,0.17364078420458312,0.01586145912323611,396.937,390.641,True,2007-09-28
4090,4.98,374.894,214.78,0.1767694704499283,0.01235985936673556,385.684,380.917,True,2007-09-29
4091,4.98,376.087,216.01,0.18208017898388582,0.013584733741289545,386.316,381.068,True,2007-09-29
4092,4.97,383.38,222.66,0.2214822851258843,0.01721299815066968,393.656,386.88,True,2007-09-29
4093,4.98,387.819,225.67,0.2621908042985492,0.019352666043030875,400.875,393.117,True,2007-09-29
4094,4.97,388.279,226.07,0.2591430620048326,0.01890825836475163,401.835,394.237,True,2007-09-29
4095,4.97,388.224,226.41,0.2561628526963073,0.020320138740076765,401.326,393.171,True,2007-09-29
4096,4.98,388.396,226.48,0.2561743158813265,0.020274513321969945,401.292,393.156,True,2007-09-29
4097,4.98,388.222,226.37,0.2561933379529423,0.020362295367901684,401.33,393.158,True,2007-09-29
4098,4.13,371.572,220.58,0.26030570769867395,0.018159812721954882,376.766,369.924,True,2007-09-28
4099,4.13,371.649,220.94,0.260300146653318,0.018140655770772285,376.778,369.943,True,2007-09-28
4100,4.09,353.948,203.52,0.26194692754335863,0.017978753145093562,357.7,351.269,True,2007-09-25
4101,4.08,358.822,216.43,0.261986360957748,0.016126008400186853,357.373,351.61,True,2007-09-25
4102,3.23,329.315,222.0,0.2667049520295381,0.012282331016325587,319.809,315.881,True,2007-09-21
4103,3.75,360.614,264.52,0.23194932276610308,0.008583257315276094,356.275,353.217,True,2007-09-21
4104,3.75,360.541,264.42,0.23191713289069324,0.008526214887522254,356.782,353.74,True,2007-09-21
4105,3.74,359.016,263.26,0.23685928758850353,0.009307792675245175,355.616,352.306,True,2007-09-21
4106,3.73,361.343,266.22,0.2861995012221271,0.013224070920621611,353.522,348.847,True,2007-09-21
4107,3.74,362.266,267.89,0.28618196679807356,0.01278258016338174,353.528,349.009,True,2007-09-21
4108,3.74,357.831,263.18,0.2478512946809319,0.013145160125384692,346.135,341.585,True,2007-09-21
4109,3.77,380.681,285.66,0.24408547540538197,0.013328032360836128,374.774,369.779,True,2007-09-29
4110,3.77,380.153,285.51,0.24429451778608396,0.013460202063398707,374.14,369.104,True,2007-09-29
4111,3.77,380.175,286.22,0.24711809933241713,0.013152980097113298,374.82,369.89,True,2007-09-29
4112,3.77,380.172,285.86,0.24373698330451637,0.012053936438522594,375.479,370.953,True,2007-09-29
4113,4.87,401.778,255.6,0.2380581575730137,0.015799776628061202,409.183,402.718,True,2007-09-28
4114,4.91,394.827,233.57,0.24040815199567508,0.01639653176037703,403.317,396.704,True,2007-09-28
4115,5.84,401.648,231.15,0.23558310660548668,0.015770866179351306,418.62,412.018,True,2007-09-29
4116,5.84,401.283,230.66,0.23565770418870585,0.015824780689180695,418.584,411.96,True,2007-09-29
4117,3.22,349.622,254.01,0.1716632638572234,0.007320513854997657,359.401,356.77,True,2007-09-29
4118,3.22,345.486,250.12,0.16527566656058054,0.005640327796137767,365.227,363.167,True,2007-09-29
4119,4.14,369.757,232.73,0.15828610406130308,0.011933269903037114,374.164,369.699,True,2007-09-28
4120,4.14,369.37,232.58,0.15856643960869532,0.011736066760904329,374.231,369.839,True,2007-09-28
4121,4.14,379.308,241.24,0.18713278647863896,0.00852182491006892,387.241,383.941,True,2007-09-28
4122,4.14,375.947,241.14,0.18697649543501474,0.008959245884967548,387.421,383.95,True,2007-09-28
4123,4.17,366.486,218.36,0.18988597759473258,0.008618519882472309,377.443,374.19,True,2007-09-28
4124,4.16,371.507,219.8,0.23223835797172265,0.012738179345309297,377.919,373.105,True,2007-09-28
4125,4.16,371.442,219.77,0.23229252562414704,0.012774948302579192,378.162,373.331,True,2007-09-28
4126,4.16,372.677,220.85,0.22746042930420593,0.012166118060706443,378.839,374.23,True,2007-09-29
4127,4.16,373.125,221.01,0.22992710126517737,0.011384649425499327,379.634,375.312,True,2007-09-28
4128,4.16,373.16,220.97,0.2300033455238731,0.011442346154655891,379.992,375.644,True,2007-09-28
4129,4.1,366.332,214.42,0.23057124139815066,0.011441493404632519,371.018,366.773,True,2007-09-27
4130,4.95,390.377,227.22,0.22664227376637802,0.012737471952131707,401.1,395.991,True,2007-09-28
4131,4.91,396.896,264.88,0.19589079424752187,0.0092063769055305,401.135,397.442,True,2007-09-25
4132,4.91,396.438,264.76,0.1959254985749617,0.009310137733220647,401.283,397.547,True,2007-09-25
4133,4.12,354.378,230.88,0.20422611115983996,0.007893776617820314,359.017,356.183,True,2007-09-16
4134,4.13,379.298,255.34,0.19959969388912466,0.008500842834097688,386.197,382.914,True,2007-09-27
4135,4.13,378.08,254.28,0.18983995487890828,0.007549380779670489,385.727,382.815,True,2007-09-27
4136,4.12,376.931,253.85,0.19556119492030072,0.00770000729858511,383.636,380.682,True,2007-09-27
4137,4.15,376.292,240.43,0.19828323921854937,0.007612330198537021,382.8,379.886,True,2007-09-27
4138,4.15,375.592,240.02,0.19823874720552317,0.00763991693126953,382.334,379.413,True,2007-09-27
4139,4.15,375.866,240.05,0.2000537225046835,0.007240618563168599,382.564,379.794,True,2007-09-27
4140,4.14,371.861,227.34,0.19995386510914065,0.007822764428057072,381.323,378.34,True,2007-09-27
4141,4.15,365.109,223.37,0.17401503058650378,0.007626305705911607,376.329,373.459,True,2007-09-27
4142,4.15,365.081,223.32,0.17429321122751573,0.0076179399964418915,376.611,373.742,True,2007-09-27
4143,4.14,373.687,227.64,0.21598202092054716,0.01186864203550253,377.381,372.902,True,2007-09-27
4144,3.2,349.226,246.75,0.21988935865072823,0.008500492406572357,347.274,344.322,True,2007-09-28
4145,4.24,398.43,281.55,0.27152356228664587,0.01181362014358911,398.777,394.066,False,
4146,4.24,398.604,281.62,0.2715024521268746,0.01179119898087122,398.772,394.07,False,
4147,4.24,398.048,281.68,0.26928815837524717,0.012180971564338061,398.162,393.312,False,
4148,4.24,394.599,277.72,0.21497133389367157,0.008828642696968814,396.89,393.386,False,
4149,4.23,395.852,279.35,0.21557802149204816,0.008759607270448777,395.794,392.327,True,2007-09-29
4150,4.1,397.124,312.81,0.2151464273983226,0.008229643852461166,396.858,393.592,True,2007-09-29
4151,4.11,393.051,308.51,0.1855280228164874,0.008893376869018699,390.178,386.708,True,2007-09-29
4152,4.12,395.067,309.96,0.19145319530014782,0.0100533950956182,391.609,387.672,True,2007-09-29
4153,4.1,392.633,308.33,0.19600008171811747,0.009959933376992414,387.854,383.991,True,2007-09-29
4154,3.47,354.327,275.63,0.20137082133527673,0.00958965083979868,354.966,351.562,True,2007-09-26
4155,4.51,381.877,248.13,0.19396221432950073,0.013413463027787342,387.372,382.176,True,2007-09-26
4156,4.51,381.65,248.23,0.1939543205964253,0.013306615089437979,387.251,382.098,True,2007-09-26
4157,4.51,381.719,248.55,0.19398131097952084,0.013549478548808058,387.764,382.51,True,2007-09-26
4158,4.51,387.057,259.23,0.19433277336154556,0.012232392141018344,386.106,381.383,True,2007-09-26
4159,4.42,355.39,193.74,0.17880893357784663,0.010238721876209111,367.038,363.28,True,2007-09-25
4160,4.42,359.108,195.77,0.21751667614107817,0.015289692977065505,366.129,360.531,True,2007-09-25
4161,4.42,359.6,195.88,0.21737855255018196,0.015286697216407297,366.397,360.796,True,2007-09-25
4162,4.42,359.511,195.77,0.21725311916926926,0.015249098656178406,366.12,360.537,True,2007-09-25
4163,4.42,360.037,196.01,0.22023890450288736,0.014982907054724603,366.818,361.322,True,2007-09-25
4164,3.48,339.503,230.78,0.2255041607379874,0.010137988452371238,332.709,329.336,True,2007-09-22
4165,4.18,380.528,262.54,0.2195820721469179,0.011401574300436534,375.913,371.627,True,2007-09-27
4166,4.17,379.893,261.92,0.22392146315392403,0.011443258289163483,375.068,370.776,True,2007-09-27
4167,4.17,379.881,261.96,0.22398576650340882,0.011420899792881078,374.664,370.385,True,2007-09-27
4168,4.18,384.433,266.0,0.25786422829767786,0.010486468013512162,380.395,376.406,True,2007-09-27
4169,4.22,383.574,253.35,0.2576976243779409,0.010973756924199218,381.091,376.909,True,2007-09-27
4170,4.22,387.699,257.08,0.25680059572272024,0.011070871621708611,387.955,383.66,True,2007-09-29
4171,4.19,401.109,283.17,0.2546431638710089,0.011384720020404027,399.922,395.369,True,2007-09-29
4172,4.18,400.247,282.93,0.2483376062055148,0.009691760002601857,399.721,395.847,True,2007-09-29
4173,3.88,386.375,275.28,0.2619422625148486,0.013424012090501036,382.449,377.315,True,2007-09-29
4174,3.88,385.951,275.3,0.2619929887810179,0.013427153443470119,382.434,377.299,True,2007-09-29
4175,3.88,385.815,274.98,0.2580163002726686,0.01136417023808911,383.134,378.78,True,2007-09-29
4176,3.88,381.485,270.82,0.20892011021079784,0.008449602842425463,381.083,377.863,True,2007-09-29
4177,3.2,347.103,245.9,0.21352967225033026,0.007270874952333806,351.402,348.847,True,2007-09-28
4178,3.2,347.139,245.93,0.21349638071787336,0.007306862653149837,351.861,349.29,True,2007-09-28
4179,3.2,348.568,245.96,0.21349020018609646,0.007006490972734647,351.103,348.643,True,2007-09-28
4180,3.2,349.685,247.0,0.20755104802703156,0.006882012535902815,353.385,350.953,True,2007-09-28
4181,3.16,342.918,268.3,0.20760878785986445,0.006324640159612538,350.85,348.631,True,2007-09-26
4182,3.16,342.749,268.16,0.20756346813466495,0.006345590628050846,350.322,348.099,True,2007-09-26
4183,3.16,342.695,267.85,0.20913086375724124,0.005882319412224168,350.882,348.818,True,2007-09-26
4184,3.16,339.013,264.4,0.1817307181952823,0.007101428365315243,346.55,344.089,True,2007-09-26
4185,3.13,313.57,239.19,0.18544441455946636,0.005356014672462717,318.147,316.443,True,2007-09-14
4186,4.11,343.765,215.2,0.17899985926684284,0.009539797159299201,343.718,340.439,True,2007-09-16
4187,5.39,395.91,236.18,0.23397668801330504,0.0176873750994353,412.328,405.035,False,
4188,5.4,386.864,228.74,0.1897505336775114,0.014442682233689053,402.903,397.084,False,
4189,4.24,388.618,273.44,0.19623168428310714,0.010448131749906997,386.672,382.632,False,
4190,4.1,393.801,309.56,0.19582316239584882,0.009890285278868927,388.462,384.62,False,
4191,3.46,371.145,292.64,0.19955446328884377,0.009433430877386795,372.823,369.306,False,
4192,3.46,369.658,290.93,0.19419756815980155,0.00829925523624353,373.407,370.308,False,
4193,3.46,371.274,292.6,0.18884113970401964,0.008398155343176228,374.487,371.342,False,
4194,3.46,371.015,292.36,0.18859308424813392,0.008167850934058252,375.619,372.551,False,
4195,3.46,370.427,292.04,0.18870073377712193,0.008427955520457608,374.824,371.665,False,
4196,3.46,370.995,292.36,0.19055907129092914,0.007948531922157609,374.912,371.932,False,
4197,3.46,371.089,292.65,0.19062629823119168,0.007986053727269238,375.154,372.158,False,
4198,3.46,374.713,296.04,0.21900011914177164,0.006228602397853278,378.255,375.899,False,
4199,3.46,375.391,297.0,0.21894856078264566,0.0060201146386346105,378.232,375.955,False,
4200,3.46,357.24,279.19,0.22034322967919379,0.005553253211769582,361.95,359.94,True,2007-09-26
